:020000040000FA
:10000000F80B0020690600000D07000051570000A2
:100010007157000091570000D1570000B157000000
:10002000000000000000000000000000D5250000D6
:100030000D070000000000000D0700000D07000084
:10004000000000000000000000000000A5300000DB
:10005000000000000D07000000000000000000008C
:100060000D0700000D0700000D0700000D07000040
:10007000000000000D0700000D0700000D07000044
:100080000D0700000D070000000000000000000048
:100090000D0700000D070000000000000000000038
:1000A0000D07000000000000000000000D07000028
:1000B0000D0700000D0700000D0700000D070000F0
:1000C0000D0700000D0700000D0700000D070000E0
:1000D0000D070000000000000D07000000000000F8
:1000E0000D070000000000000D07000000000000E8
:1000F0000D070000000000000000000000000000EC
:10010000000000000D0700000000000000000000DB
:1001100000000000000000000000000000000000DF
:10012000000000000D0700000000000000000000BB
:1001300000000000000000000000000000000000BF
:100140000D07000000015F5F00000000FE0B0000D3
:10015000652600008006000000000000000000008E
:10016000000000000000000000000000401200201D
:100170000000000001015F5F030100001F0100009B
:1001800085040000000000000000000001000000E5
:10019000010000000000000000000000000000005E
:1001A0000000000070000000D45B00008000000030
:1001B000000F000001000000D102000001015F5F9C
:1001C000040100001F010000F30500000000000012
:1001D000000000000000000001000000000000001E
:1001E000000000000000000000000000DF5B0000D5
:1001F000400000000507000001000000DF040000CF
:1002000038B50025054C29462046D4F80024C4F80A
:10021000045405F046FBC4F8005438BD200C0020FF
:1002200013B511460022CDE9002242680346382A60
:10023000046844D194F82820022A19D01AB900F091
:1002400047F902B010BD21482468D0F80404013AEF
:10025000CDE90040082A35D8DFE802F0050A0E1380
:10026000181D22272C006A46184600F02EF9E8E7F0
:10027000184600F018F9E4E76A46184600F016F947
:10028000DFE76A46184600F00BF9DAE76A461846D7
:1002900000F00FF9D5E76A46184600F00DF9D0E7EF
:1002A0006A46184600F00BF9CBE76A46184600F09C
:1002B00009F9C6E76A46184600F00EF9C1E76FF083
:1002C0008000BEE76FF08500BBE700BF200C002078
:1002D0002DE9F04F05680446A1B0002D40F0AA803A
:1002E0002022294602A805F0DCFA12AF2022294676
:1002F0000AA805F0D6FA38222946384605F0D1FA80
:10030000E26904F11C039846B2B10426E26A04F1E2
:100310002C03EAB10425EEB96FF08306304621B014
:10032000BDE8F08F002EF1D053F8041D3246013E97
:100330000029F7D01646E9E70326F5E7002DEAD0B5
:1003400053F8041D2A46013D0029F7D01546E2E77F
:100350000325F5E738233A460021606805F0DEFA08
:100360003828D9D14FF00109CDE90270334F0DF192
:10037000080A04F1100B4E45D7F800141CD10DF1FA
:1003800028094B46002008EB850EC64533D108B13D
:10039000C7F80014A3683146C7F804340AAA2B46EC
:1003A00002A8FFF73DFF00270646BD4209F10809F4
:1003B00038D1FFF725FFB1E75BF8043FC1F5806254
:1003C000D81C20F00300904204D9FFF719FF6FF00A
:1003D0008C06A3E70844CA19C7F8000449466068B8
:1003E000019205F09BFA019ACAF80C0009F1010983
:1003F0004AF8082FBFE758F804CFC1F5806A0CF11E
:10040000030222F00302524503F1080305D87818CD
:1004100043E9020C11440120B7E70028D5D0C7F802
:100420000014D2E7394659E90223606805F08BFAD7
:100430000137BAE76FF0850670E700BF200C002097
:1004400008B528220021024805F02BFA002008BD3B
:100450002810002010B5044C0F222046034905F057
:10046000FBF9204610BD00BF51100020F60500002A
:1004700008B50121024803F0D1F9002008BD00BFF2
:100480005010002008B5FFF7DBFF40B9FFF7E2FF8F
:10049000FFF7EEFF18B9BDE8084003F02DBA08BD1C
:1004A0006FF0850070476FF0850070476FF0850032
:1004B00070476FF0850070476FF0850070476FF0F0
:1004C000850070476FF0850070476FF085007047BA
:1004D000D1E9000103F0F0B96FF085007047F0B585
:1004E00003680546B3F57D7FA7B007D040F2F5322B
:1004F000934207D06FF0850027B0F0BD01F0F8FB04
:100500000020F9E700243C22214607A8CDE9024457
:10051000CDE90444069405F0C4F93C22214617A80D
:10052000169405F0BEF9EA69019405F11C0302B3C3
:100530000426EA6A05F12C033AB30424731E012B46
:1005400052D8012C50D80423002168680DEB030217
:1005500005F0E4F904281AD06FF08000CCE7002EF3
:10056000E7D053F8041D3246013E0029F7D0164665
:10057000DFE70326F5E7002CE0D053F8041D224600
:10058000013C0029F7D01446D8E70324F5E7022EF2
:1005900016D16E69402E29D806AF33463A4601215E
:1005A000686805F0BBF98642D6D1CDE9027602A98A
:1005B00044B92246019801F084FD044620469BE799
:1005C0000021F5E72B6A402BC6D816AACDE90423F3
:1005D000019804AA01F075FDDDE904230446002119
:1005E000686805F0B0F9E9E7012085E76FF0890058
:1005F00082E7002070474D62656420544C532033DD
:100600002E352E3000000000000000000000000029
:1006100000000000000000000000000000000000DA
:10062000D42E000001000000407C0000801000205B
:100630004A000000407C0000200C00200000000068
:10064000407C0000000C002000000000A8110020E9
:10065000C4050000200C002018010000000C002040
:100660000800000002F098BB08B572B61E4A1F4B86
:100670009A601F4B83F309881E4B83F30A8883F328
:100680000B881D4B16A1D1E90001C3E9000100F060
:1006900089F81A4B1A498B4212D30020194B1A4978
:1006A0008B4218D302F02AFF186850F8224058688D
:1006B00040F82240013298688242F5D30C33EAE7D1
:1006C0000022F8E71C6844F8220001325C68A2426C
:1006D000F8D30833E4E70022F8E700BFAFF3008067
:1006E000A5EDF5FEA5EDF5FE0000000000ED00E033
:1006F000F80B002000040020F80B00202806000062
:100700004C0600004C06000064060000EFF3088071
:10071000EFF309812DE9F00F6B46724600F006F900
:1007200008B0FFF79FFFFEE708B5EFF31083012B3A
:100730000C4A07D1126ABFF34F8F511C4A424A41FB
:10074000104608BD01F028FB00B172B6126ABFF373
:100750004F8F531C5A425A4101F01EFB0028EFD024
:1007600062B6EDE70080FF0008B5EFF31083012BC0
:100770000B4A06D1D269BFF34F8F02F00102104637
:1007800008BD01F009FB00B172B6D269BFF34F8F0B
:1007900002F0010201F000FB0028F0D062B6EEE7A3
:1007A0000080FF00584A10B5D2F8D03043F0020361
:1007B000C2F8D03001F0F0FA30B14FF050230022EF
:1007C000C3F81421C3F8182101F0F5FA28B1012269
:1007D0004E4BC3F8382AC3F878254FF47F02D2F87D
:1007E0003031D2F83421BFF34F8FC3F30B03092B01
:1007F00005D1012A1EBF0122444BC3F8782501F020
:10080000DAFA18B10E22424BC3F8E42E01F0C4FA12
:1008100030B100223D4BC3F80C270122C3F810274A
:100820000022D30003F57F03D3F80013BFF34F8FEB
:10083000013108D0D3F800130132D3F80433B2F5F4
:10084000807F0B60EDD1EFF31084FFF78DFF002860
:100850004DD0BFF34F8F2F4BD3F80024012AFBD18B
:10086000C3F80425D3F80024012AFBD1012C03D0BE
:1008700001F092FA00B172B6FFF776FF58B1264A3E
:10088000D36923F00103D361BFF34F8F214AD2F81C
:100890000034012BFBD1FFF747FF68B11E4A136AF2
:1008A00023F0FF0343F020031362BFF34F8F194A75
:1008B000D2F80034012BFBD1012C03D001F06CFAEB
:1008C00000B162B60022134BC3F80425D3F800240C
:1008D000012AFBD1BFF34F8F0B49104BCA6802F4BA
:1008E000E0621343CB60BFF34F8F00BFFDE7FFF71C
:1008F0001BFF0028ADD1044AD2F88C3043F440638A
:10090000C2F88C3010BD00BF00ED00E00040005088
:1009100000A00350009003500080FF000400FA057F
:100920007C22014904F098BFDC18002038B51D4630
:10093000364B374C5B68C3F308032360EFF3038344
:10094000C4E901206365C2F3801302F00C020C2A93
:10095000E16036D10BB9EFF3898120222D48216166
:1009600004F07AFF25B1202229462B4804F074FFB9
:10097000264B9A6AA265D96AE165986B206602F4F3
:1009800000406066586BA06602F08000E0669A62E4
:10099000D962D3F8E42021482267D3F8E8106167D0
:1009A00002F04001A167C3F8E4200E2101F015FA1E
:1009B0002268D31E042B1CD8DFE803F0090F1215A0
:1009C000180013B9EFF38881C7E70146C5E70C218A
:1009D0001348BDE8384001F000BA12211148F8E789
:1009E0000B211148F5E70D211048F2E70E211048C0
:1009F000EFE70F2A98BF1421BDE8384089BF2521B1
:100A00000C480D48103A01F093BB00BF00ED00E028
:100A1000DC180020F01800201019002074310000AC
:100A2000823100008E310000A0310000AB310000A7
:100A3000B8310000C6310000DA3100002DE9F34181
:100A400006460F460C4DD5F82C80C04710F0010427
:100A5000FBD1394630466B69984740B9C047C30758
:100A6000FCD42B6A019302B0BDE8F0411847204640
:100A700002B0BDE8F08100BF0032000010B5094CA3
:100A80000020A3689847236902209847A46A4FF47E
:100A9000E1310120A0472346BDE810400121152087
:100AA000184700BF00320000064B82B018680023D0
:100AB00082B262F30F03000C60F31F43184602B0CA
:100AC000704700BF48320000014B1869704700BFF3
:100AD00084100020014B5869704700BF841000202B
:100AE00010B5044C204600F0B5FE002084F820002C
:100AF00010BD00BF8410002038B50C4D0C4695F891
:100B0000203013B94FF0FF3038BD0A460146284661
:100B100000F02AFF064B984205D00B3B9842F1D1DA
:100B200000206C61F0E76FF00100EDE78410002019
:100B30000B00AD0BF0B51B4E054696F820300C4669
:100B400091B01BB94FF0FF3011B0F0BD00F0604321
:100B5000B3F1005F21D100230A460146304600F080
:100B6000EFFB114B98421AD00B3B9842EAD134610B
:100B700011E0A71B402F28BF4027A9193A46684615
:100B800004F06AFE39466846FFF7D4FF0028DBD13F
:100B90004036B442EDD80020D6E70026F9E76FF0E2
:100BA0000100D1E7841000200B00AD0BC3B2012B74
:100BB00010B540F096804DF6C023994270D028D8E9
:100BC000B1F5615F6FD011D8B1F5965F6DD008D8DF
:100BD000B1F5966F6BD0B1F5166F6BD06FF0070063
:100BE0005DE0B1F5165FF9D1454B33E047F61223CE
:100BF000994262D007D8B1F5964F61D0B1F5E14F77
:100C0000ECD1404B26E0B1F5164FE7D14FF41D0370
:100C100020E03D4B994255D011D8B1F5E13F54D079
:100C200007D8B1F5614F53D0B1F5963FD6D1374BC8
:100C300010E0B1F5613FD1D14FF06C730AE0B1F52E
:100C4000612F48D0324B994248D0B1F5E12FC5D140
:100C50004FF0E86310F4E06F46D110F4404103D048
:100C6000B1F5804F43D1102110F4405203D0B2F5BA
:100C7000805F3FD10E2210F4403003D0B0F5403FEA
:100C80003BD10120234C20766276E361A1760A43B2
:100C900024681043C4F82435C4F86C05002010BD46
:100CA0004FF46503D6E71C4BD4E71C4BD2E74FF457
:100CB0009E23CFE74FF41D23CCE74FF40003C9E791
:100CC000174BC7E74FF08063C4E74FF0EB73C1E702
:100CD0004FF46B03BEE74FF07063BBE74FF08053F8
:100CE000B8E76FF00300DAE76FF00800D7E76FF0BE
:100CF0000A00D4E76FF00900D1E76FF00B00CEE7F0
:100D00000050270000C0750090D0030000903A0109
:100D100040420F008410002000F03A0000B01300A1
:100D200000A04E0010B58EB02422002105A804F0CA
:100D3000B8FD4FF0FF33CDE90133CDE903334FF078
:100D4000EB730B930723104C01A8D4E902128DF822
:100D5000363001F060F801460022204600F03AFAF1
:100D60000A4B98420DD10C9B002023831B0CA376C9
:100D70000B9BC4E90400E361012384F820300EB02A
:100D800010BD6FF00100FAE7841000200000AD0BE9
:100D90007FB500250C46C0F808511646D0F808214A
:100DA000D0F8002222F02002C0F80022104AC0F839
:100DB000082301F080F8A560256104F14C03D3E815
:100DC000EF1F21F47F0121F47041C3E8E21F002AE4
:100DD000F5D110222946684604F063FD04236846D5
:100DE0008DF800300196D4E90013984704B070BD27
:100DF00010020A0000F01F03400909D1074A02EB64
:100E00008303D3F80012064A0A40C3F80022704751
:100E10000022803352F82330FFDE00BF00258450CB
:100E2000F0F8FCFF2DE9F04F804690F804A0502028
:100E3000664F0E4600FB0A70416885B049B113F059
:100E4000020304D0836B002B00F0B28001230093D7
:100E500000E000914FF0500909FB0A73DB6CD906E2
:100E600000F1A6804FF0010BB3180293029BB3422E
:100E700000F0A78006F06043039398F80450D8F878
:100E8000004009FB05739A6B9AB9039BB3F1005FAD
:100E900040F09980019200F0A1FD09FB0572D16C30
:100EA000204601F0010100F0D4FF28B900F09EFDBA
:100EB000E3E701230193EEE7516C33460029BCBF01
:100EC000D4F84C155164019A42B109FB0571307890
:100ED000D1E90E23D054D1E90E3213441BB1C4F82A
:100EE0004435C4F848B50022C4F82021D4F82011B4
:100EF000C4F85821D4F85811C4F85021D4F850211E
:100F00000822C4F80025009AE2B14FF48003C4F827
:100F10000433C4F808B000F069FD502303FB0A72E3
:100F2000516800294BD1D26C120748D503FB0A73D4
:100F30004C33D3E8EF1F21F00801C3E8E21F002A79
:100F400036D0F6E7C4F808B0019300F04FFD09FB76
:100F50000572D16C019B01F001012046019300F064
:100F600078FF8446019BD4F84C05D4F84425BCF1A5
:100F7000000F0DD19342F0D005EB850507EB051569
:100F8000D1B100F02BFD2946204600F0D9FFC2E781
:100F900005EB8505934207EB0515F1D10028EFD14C
:100FA00000F01CFD2946204600F0CAFF00F01EFD9F
:100FB000074805B0BDE8F08FC4F80CB0E1E7013692
:100FC00054E70448F5E70448F3E700BF5819002048
:100FD0000800AD0B0000AD0B0400AD0B430904D1BC
:100FE0000123034A83409360704700239B60FFDE28
:100FF0000025845000F01F0340090BD1084A02EB82
:101000008302D2F80012074B0B4043F00303C2F8EF
:10101000003270470022803352F82330FFDE00BFD9
:1010200000258450F0F8FCFF2DE9F84391F83030AA
:1010300005460C4690F804800F6853BB5023DFF838
:101040005091781C03FB0893DE6C46F00072DA6462
:1010500004D03846FFF7C2FFFFF7CCFF6068411CA1
:1010600001D0FFF7C7FE94F82C30012B11D150238B
:1010700003FB0893E06846F02066421CDE6401D062
:10108000FFF7B8FEA068431C03D0FFF7A7FFFFF7E8
:10109000B1FF94F82F0038B950223D4B02FB0833C2
:1010A000DA6C42F08072DA6494F82CC094F82D1057
:1010B00094F82E202B68D4F828E041EA0C010A436A
:1010C000E668D4E90198C3F824E5C3F86C2550B963
:1010D000BCF1010FC3F80C75C3F8149504BFC3F835
:1010E0000885C3F81065D3F8682503F26458012A0F
:1010F00008BFDA60D3F86425012A13D1082149F624
:101100004046244FC3F8001547F001075A60D8F84D
:1011100000309BBB2B68D3F88024C3F880240022C6
:10112000C3F8002500212B6894F83220C3F8101171
:10113000D3F81001C3F82011D3F82001C3F824110B
:10114000D3F82401C3F84411D3F84401C3F858116B
:10115000D3F8581143F307335201002BD2B212DBFC
:101160000D49C81880F800230122580903F01F0315
:1011700002FA03F341F82030BDE8F8834020B84775
:10118000013EC4D1C6E7054903F00F03CA54F3E793
:10119000581900205032000000E100E014ED00E09A
:1011A00000F01F0340090BD1084A02EB8302D2F87A
:1011B0000012074B0B4043F00203C2F800327047A5
:1011C0000022803352F82330FFDE00BF0025845018
:1011D000F0F8FCFF2DE9F3479046502290F8049078
:1011E000514C02FB09FA04EB0A070D4697F8481028
:1011F0000646002940F0858009EB890004EB0010C9
:1012000004F04FFB2B69AA6944F80A306B69BB6391
:1012100002B1013A502303FB0943DA632A6A042A24
:1012200081BFEA699A610022DA6195F83130B8F13C
:10123000000F37D083F001073F0233B1502303FB87
:101240000943DA6C42F00102DA64502303FB0944DB
:101250000123C4F8048084F848303468D4F84C2161
:1012600012BB29463046FFF7DFFE08220023346810
:101270008DF80730C4F800250DF10702C4F84425A5
:10128000C4F8483501230A25A360E360D4F8583137
:10129000002B38D1254B402043F001039847013DF6
:1012A000F4D128E04746C8E708224FF06409C4F8A3
:1012B000002563601D4B43F0010AD4F84431F3B9B3
:1012C000D4F82431DBB94FF42070D047B9F10109CB
:1012D000F3D14B460022C4F84C21D4F84C11C4F889
:1012E0001021D4F81011C4F84421D4F84411C4F8E2
:1012F0000025002BB5D10E4802B0BDE8F0870123D0
:10130000E8E70C48F8E70023C4F820319845D4F802
:101310002021C4F80035084B08BF00231F43336861
:101320000648C3F80473E7E758190020503200005C
:101330000100AD0B0C00AD0B10020A000000AD0B5C
:101340002DE9F04784460F469E4616460579002A49
:1013500051D04FF0500ADFF8AC80D0F800900AFB73
:10136000058ADAF8044074B96BB9DAF82C50002D0C
:1013700043D1CAF82C20FFF755FD0446CAF82C507B
:101380002046BDE8F0871EF0030F07D073463246B3
:101390003946BDE8F0476046FFF744BD07F06043BB
:1013A000B3F1005F4FF0500414D104FB058400F04A
:1013B00015FBE26A1AB1144C00F018FBE0E7C4E92F
:1013C0000A7605EB8505484608EB051100F0C3FDDC
:1013D0000E4CF1E704FB0584A36B83B100F0FEFA29
:1013E000E36A002BE7D1E36C012243F00203C4E976
:1013F0000A76E364E5E7064CC2E7034CC0E7054C18
:10140000BEE700BF581900200B00AD0B0000AD0B6C
:101410000600AD0B0A00AD0B2DE9F8435023067909
:10142000284D046803FB0653D4F80473DA6AC4F841
:10143000087322B92448C4F80473BDE8F88306EBA6
:10144000860005F14C024FEA001802EB0012D2E8C8
:10145000EFCF4CF0080CC2E8E0CF0028F7D1012212
:10146000E26031B3D96C01EA02094946204600F036
:10147000F0FC0028FAD000F0B1FAB9F1000F1CD14D
:10148000D4F8203153B10123E360D4F85831002B54
:10149000FBD0204605EB080100F052FD00F0A6FA53
:1014A0000023C4F82031D4F82021502202FB065535
:1014B000EB620648C4F80473BFE7D4F85831002B38
:1014C000E7D1EBE7581900200500AD0B0000AD0B8C
:1014D0002DE9F84390F80480484F08EB8806360160
:1014E00006F14C0504683D44D5E8EF3F43F48052D3
:1014F000C5E8E02F0028F7D1DB047BD4480705D5E9
:10150000502303FB08739B69002B75D03C4B3E4472
:10151000C4F808330823C4F800350023C4F8103198
:10152000D4F81021C4F84C31D4F84C21C4F844311B
:101530000A03D4F844318B0303F4804302F40052CD
:101540004903134301F400410B43D5E8EF2F1A433D
:10155000C5E8E12F0029F8D14FF0500909FB0879BF
:10156000D9F80830BBB9D9F8043063B9D5E8EF3FF2
:1015700023F47F0323F47043C5E8E23F002AF5D14A
:101580002048BDE8F8830321304600F06FFCD9F80D
:101590000830002BEAD0D4F80433590713D5502370
:1015A00003FB08735A6872B1DB6C1A030BD5D5E8DC
:1015B000EF3F23F40023C5E8E23F002AF7D10621DC
:1015C000304600F053FC502303FB0873DB6CDB0454
:1015D00001D40D48D5E7D4F84C310BB90123236071
:1015E000502303FB08735B68002BF2D0044BC4F854
:1015F0000433EEE70548C4E70548C2E75819002060
:1016000010020A000200AD0B0000AD0B0B00AD0B89
:101610000800AD0B2DE9F84F056801F06043D5F8DF
:1016200004A3B3F1005F90F804B089461746C5F8EB
:1016300008A37CD15023404E03FB0B639A6852B140
:101640005B68002B5ED1D5F81021002A5AD0C5F86E
:101650001031D5F81031502404FB0B64E269C4E961
:101660000297002A3CD00BEB8B0897424FEA0818F0
:1016700024D24FF0000B3A46A1694846C4E902BBA8
:1016800004F0EAF8E269A069D21BC119E26104F032
:10169000ADF863686BB1B04449463A46404600F045
:1016A000F6FBE36C990404D55A4641462846FFF7F9
:1016B0006FFB2248C5F804A3BDE8F88F4846A1692E
:1016C00004F0CAF8E36963620023E3611C4B9844A9
:1016D000D8E8EF3F43F40023C8E8E23F002AF7D1FF
:1016E000502303FB0B63586ADA689968DB6C121AA3
:1016F0000144C5F83415C5F83825DA04D9D50123D5
:101700002B60D6E7502303FB0B6633698BB9F36C70
:10171000C5F834955B04C6E90497C5F83875C8D593
:10172000D5F8003243F02003C5F80032C1E7054880
:10173000C0E70548BEE700BF581900200000AD0B08
:10174000A41900200A00AD0B0B00AD0B50232DE9AE
:10175000F0413C4D90F80480046803FB0853DB6CB7
:10176000D4F8000203F48223B3F5805F68D1D4F883
:101770000463C4F8086309B9830656D4D4F8003268
:1017800023F02003C4F800324FF4842308EB8801CF
:10179000090101F14C072F44D7E8EF0F1843C7E8C0
:1017A000EC0FBCF1000FF7D12AB9502303FB08530B
:1017B0005B68002B41D1244BC4F8083301236360DC
:1017C000D4F84431002BFBD00023C4F84C31D4F8BA
:1017D0004C21C4F81031D4F81021C4F84431D4F8A5
:1017E0004431502303FB0853DA6C12F400421FD13A
:1017F000DA61204600F05FFB502303FB085500230D
:10180000AB602B61D7E8EF3F23F47F0323F47043F1
:10181000C7E8E23F002AF5D126F4202626F4047614
:101820000A48C4F80463BDE8F0814FF48033ADE7A3
:101830002046294400F051FBDBE701236360EFE71A
:101840000348F0E75819002010020A000000AD0B11
:101850000500AD0B2DE9F8432F4A03680679C3F85C
:10186000082343F30733002B04460DDB01215A09FB
:1018700003F01F03994002F12003284A42F8231085
:10188000BFF34F8FBFF36F8F012220461146FFF742
:101890005DFF01212046FFF7BFFD50212279204D39
:1018A000236801FB0252D46CD3F80C05E201D3F893
:1018B0001495D3F80875D3F8108509D54FF0FF3289
:1018C000C3F80C25C3F81425C3F80825C3F8102560
:1018D000A30116D5411C01D0FFF762FCB9F1FF3F0F
:1018E00002D04846FFF75CFC22010AD5B8F1FF3F61
:1018F00002D04046FFF754FC7B1C02D03846FFF76D
:101900004FFC5023002203FB0653DA6483F848207F
:101910005A60BDE8F88300BF10034A0000E100E010
:101920005819002010B5502402790B4B04FB0233E8
:101930005B686BB90368D3F810211AB9D3F8002596
:10194000082A07D011B1D3F83C350B60034810BD0D
:101950000348FCE70348FAE7581900200000AD0BE4
:101960000800AD0B0B00AD0BF7B505461646FFF7AB
:1019700051FE164B0446984222D1032128462F7966
:10198000FFF7A6FD124B984201D0A0421BD1502276
:10199000104B02FB07335B6893B90C4C284601A936
:1019A000FFF7C0FFA042F9D1019BB34207D3012248
:1019B0002846114603B0BDE8F040FFF7C7BE064C0D
:1019C000204603B0F0BD0446FAE700BF0000AD0BAF
:1019D0000B00AD0B581900200800AD0B72B6024A7F
:1019E0001368013313607047A8190020034A136875
:1019F000013B136003B962B6704700BFA81900200D
:101A0000003A18BF0122003918BF0121036889007C
:101A1000074841EA4201186359605A6842F00102DE
:101A20005A60BFF34F8FBFF36F8F0020704700BF26
:101A300004AAFF000722024BC3F80423704700BF2B
:101A400000300050084BD3F80801D3F800210038CB
:101A500018BF012080000AB140F00100D3F8043122
:101A60000BB140F002007047003000500022074BDD
:101A7000C3F80021D3F80011C3F80421D3F80411EE
:101A8000C3F80821D3F80831704700BF0030005078
:101A900000231720094A03F5C0710133202B42F8B7
:101AA0002100F8D100231720044A03F5E071013327
:101AB000202B42F82100F8D1704700BF00300050C1
:101AC00010B59DF80840C00B43EA0423064CC90B2F
:101AD00043EA0213884200D910BDC2B202F5C072B7
:101AE00044F822300130F5E70030005010B59DF881
:101AF000084000F1604043EA042301F16041074CD3
:101B0000400B490B43EA0213884200D910BDC2B210
:101B100002F5E07244F822300130F5E70030005061
:101B2000C0F30E03C3F50043B3FA83F3C3F11B0301
:101B3000064AC0F3C730DBB240F4807043F48073D0
:101B4000C2F80005C2F80435704700BF00300050ED
:101B50004303014818447047FF1FF81F054BC0F3AB
:101B60000730090241F0300100F5007043F8201001
:101B7000704700BF00300050044BC0F3073009022B
:101B800000F5007043F82010704700BF003000508F
:101B900008B5FFF757FF044B162118600348BDE84E
:101BA000084000F01AB900BFEC1F002056320000B8
:101BB0000C22014903F050BEEC1F002010B501F0CB
:101BC00056FA044690B901F0CDFE044680B90A4A9F
:101BD0002E21D368094823F008031B041B0C43F093
:101BE000BF6343F40033D36000F0F7F8204610BD24
:101BF00045F22354FAE700BF00ED00E06C3200002C
:101C0000024B1860024B002019607047FC1F002037
:101C1000F81F00201FB5274C426923685A62826969
:101C20009A62C269DA62026A1A63426A5A63826A13
:101C30009A63C26ADA63026B1A64426B5A60826BFF
:101C40009A60C26BDA60026C1A61426C5A61826CF3
:101C50009A61C26CDA61026D1A62826D5A65C26D58
:101C60009A65026FDA65026E1A66826E5A66426F74
:101C70009A66EFF388825A64EFF389829A64426825
:101C8000DA64EFF394821A65026801A81A67FFF715
:101C90008FFF2368019ADA6601221A70064B1C68CE
:101CA00064086400204621462246234603F0ADFE28
:101CB00004B010BDFC1F0020F81F002000B5A1B02B
:101CC00001A8FEF72DFE029B63B15B060AD4019BBF
:101CD00023F00203052B05D1044B1B6813B101A8A7
:101CE000FFF798FF21B05DF804FB00BFF81F00204C
:101CF000BFF34F8F0549064BCA6802F4E0621343F5
:101D0000CB60BFF34F8F00BFFDE700BF00ED00E0E9
:101D10000400FA0538B543680C2B30D14B68042B0E
:101D20002DD14FF0FF3304680D6821682B6031B36B
:101D3000A26822B30623012001F0F1F8F8B9616826
:101D4000104B99420DD9A2680F485318834202D90B
:101D5000F438834210D8206803F07EFD002028600C
:101D600038BD0A4B99420AD9A26809488B188342A8
:101D7000F1D90730814202D906488342EBD90220CB
:101D8000EEE700BFFF01FF002C02FF002F01FF0064
:101D90003801FF004C01FF004FF47F03D3F83001FE
:101DA000D3F83431BFF34F8FC0F30B00A0F1090318
:101DB0005842584170474FF47F02D2F83031D2F880
:101DC0003401BFF34F8FC3F30B03092B03D1431E21
:101DD00058425841704700207047FEF72FBE01203F
:101DE00070476FF003007047002382B001930198A1
:101DF00002B070476FF003007047002382B0019378
:101E0000019802B07047022814BF6FF00300002051
:101E10007047FEF78FBE30B501EB8202914200D1D0
:101E200030BD51F8044B04F07F037F2B4FEA14447C
:101E300008BF4FF0FF33032CF0D8DFE804F00204B2
:101E400006080360EAE74360E8E78360E6E7C3600B
:101E5000E4E70346D0F8580130B931B9D3F820018E
:101E6000003818BF012070470120704730B5044684
:101E70000D4685B010220021684603F012FDD4E91A
:101E8000001368468DF80050984705B030BD7FB507
:101E900004460E46154600211022684603F001FD57
:101EA000012368468DF80030CDE90165D4E90013BF
:101EB000984704B070BD10B50446FFF78FFDD4F805
:101EC000583133B1D4F8043313F4800308BFC4F895
:101ED0000035BDE81040FFF789BD70B50D460446DA
:101EE0000522AA21D0F83C65A86903F0DAFC052296
:101EF000AB69C4F83435C4F838250022C4F8102181
:101F0000D4F810110121E162D4F810110029FBD09E
:101F1000C4F84C21D4F84C11C4F81021D4F8102185
:101F2000D4F83C259642EA6109D15A1E043312F8CE
:101F3000011FAA2903D19A42F9D10023EB6170BD98
:101F4000D0F8583133B1CB6CC3F30032DB0458BF47
:101F5000C0F80025704770B5CE6C0D4606F0010143
:101F60000446FFF776FF38B94FF4800346F00406C5
:101F7000EE64C4F8043370BDD5E90A365AB1296C51
:101F8000EA6B761A964228BF164619443246A86B69
:101F900003F062FCAB6B4FF0FF326A641BB1C4F814
:101FA0004435C4F848650023C4F82031D4F8202112
:101FB000C4F85831D4F85821C4F85031D4F850310D
:101FC0000823C4F800354FF48003C4F80433012318
:101FD000A360D0E74B6830B513F01F052DD1026820
:101FE0000C681068C0F30720844226D25068556000
:101FF00094600C7C23F01F0304F001041C438B7CD1
:10200000DB0003F018031C434B7C5B0003F006036A
:102010002343D3608B68013B23F01F04CB685B0034
:1020200003F00E03234343F0010313615060BFF339
:102030004F8FBFF36F8F284630BD0120FCE7036848
:1020400000205A68C9B258609960D86018615A6017
:10205000704770B50546002403681E68C6F307265E
:10206000B44201D1002070BD21462846FFF7E7FFAA
:102070000134F5E7C0037047C00300F5FF407F302F
:102080007047002070471F2070474FF40040704792
:1020900000F57F40C03040037047402070475F200C
:1020A00070474FF4005070470020704708B5FFF7A5
:1020B00005FE72B620BFFDE7002070470020704784
:1020C00070470B4670B5114618B1032806D003209F
:1020D00070BD1846BDE87040FFF71CBE5A68082A5C
:1020E00001D00220F4E74C68042CFAD11D684FF0AF
:1020F000FF330E68296833600029F2D06B68002B2B
:10210000EFD026237422012000F009FF0028E8D137
:10211000224623230120696800F001FF04460028BD
:10212000DFD1D5E90001FFF76BFD30602046CFE736
:1021300030B50C46154685B038B139B1FFF74DFEC4
:10214000041E03DA204605B030BD044640F60D23D8
:10215000ADF80E3009230B4901A805F00F028A5C87
:102160002D091A54013B012BF7D147F630030C21FE
:10217000ADF80430FFF731FE0028B4BF0446241840
:10218000E0E700BF9A32000008B5154B83F30A88D8
:10219000144800F057FF00BBFFF710FDE8B9FFF748
:1021A00083FFD0B9FFF788FF98B9FFF789FF00F0E8
:1021B000B5FE35210C48FFF710FE00F0FBFB212196
:1021C0000A48FFF70AFE00F039FA00F089FE002005
:1021D00008BDFFF773FF0028E7D000F0DDFDEEE754
:1021E00000040020AC190020AA320000DF320000F9
:1021F0002DE9F04F93B00093574B8146D3F800B0D0
:102200000BB2002B0D461646C1F30268C1F3024A19
:1022100004DA6FF0800013B0BDE8F08F8B42C3602A
:1022200001D10020F7E708EB0A03042BF1D8CC0F0B
:1022300064014FEAC80731463A46DBF8080044F02B
:10224000020300F06CFE01460028E2D1202202A821
:1022500003F027FB3A46314602A84FEACA0603F0CC
:10226000FBFA32460099DBF8080044F0060300F060
:1022700056FE07460028CCD1014620220AA803F0CA
:1022800010FB324600990AA802AE03F0E5FA334685
:102290000137B84514D91A46BC460DE0D2F808E01B
:1022A000D16818687144884203D259680844864549
:1022B000AFD30CF1010C0832C445EFD10833E7E786
:1022C00015F0006F18BF202409F1180707EB8808E4
:1022D00044F00203474513D1202C26D1002D02DB08
:1022E000C5F3C0456C0109F128050AAE05EB8A0A61
:1022F00044F0060455451AD1009BC9F87C3090E79C
:102300007268DBF8080056F8081B019300F007FE1E
:1023100000287FF47EAF56F8042C019B47F8042F69
:1023200056F8082C38633A62D4E70024DBE7726879
:10233000234656F8081BDBF8080000F0F0FD0028E3
:102340007FF467AF56F8043C45F8043F56F8083C64
:1023500028642B63CEE700BFB01900202DE9F041BF
:102360001F461A4B0D461646D3F8008000F0CBFEF0
:10237000044608B900F010FDE368002B01DA00F014
:102380000BFD032D01D900F007FD04EB8504E56981
:10239000E36CED1A16D006233A463146D8F8080009
:1023A00000F0BDFD08B100F0F7FCBD4228BF3D467E
:1023B000E36CE16B2A461944304603F04DFAE36CB6
:1023C0002B44E3642846BDE8F08100BFB01900202B
:1023D0002DE9F0411D461A4B0F461646D3F80080F2
:1023E00000F091FE044608B900F0D6FCE368002B2B
:1023F00001DA00F0D1FC032F01D900F0CDFC04EB91
:102400008704E36AE26E9B1AAB4201D200F0C4FC7F
:1024100002232A463146D8F8080000F080FD08B1B2
:1024200000F0BAFCE36EE06D2A463146184403F032
:1024300013FAE36E00202B44E366BDE8F08100BF91
:10244000B01900202DE9F04105464FF001080E4E6D
:102450000E4B37685C681CB928463760BDE8F081D0
:102460002268936813F400700CD1A369012B09D082
:10247000D368346023B19847002801DA00F08CFC5F
:10248000C4F81880246AE6E7B0190020B4190020C7
:1024900038B5044610B96FF0800038BD8368002B52
:1024A000F9D01A68002AF6D05D68002DF3D00B4BE6
:1024B000E861A8691D6020B92B68DB6853B9012366
:1024C000AB61A36804F10C001B681B6998470123EA
:1024D0002360E2E798470028F1DADCE7B019002032
:1024E0004268024B08461A60704700BFB0190020CE
:1024F000002330B505680446AA68C0E9063312F423
:10250000406F85B01CD012F4006202D000F082F956
:102510000246A96A2B6968460B44073123F007037A
:1025200021F00701CDE9021300930023054901932F
:10253000EB6800F05FFA684600F0C8FD024B1C60D3
:1025400005B030BD45240000B019002001F00C0397
:1025500070B50C2B0CBF154605464A060C461ED519
:102560008B0658BF2835AB6913F8026C84F008035A
:10257000C3F3C003C6F38012934201D000F00CFCF9
:1025800016F0A00F1CD176B1032E15D032461C21B7
:102590000D48FFF7CDFD6FF083032B600AE000F0DC
:1025A000FBFB2026E2E700F0FBFA04460146074861
:1025B00000F088FD204670BD284600F001FAF9E7DA
:1025C00032461F210248E4E700330000F80B0020E8
:1025D0001C330000EFF308807146EFF30982EFF33C
:1025E0000B830CB406B4FFF7B1FF8646009900F0E8
:1025F000080001F00801401A02DC12DB04B0704749
:102600001EF020031CBF2DE9F00FBDF1080D0A4C90
:10261000254626462746A046A146A246A34630B4F4
:10262000704704B030BC1EF020031CBF1DF1080D24
:10263000BDE8F00F04B07047A5EDF5FE084BDA6871
:1026400082F07F4282F47F0242F48042DA6000220C
:102650001A765A76DA76DA77602283F82220704783
:1026600000ED00E0009A0A4B9A420FD101229043FC
:10267000014602460346044605460646074680468E
:10268000814682468346844686460447FEE700002C
:10269000A5EDF5FE2DE9F041044618B943F6DA3010
:1026A000BDE8F0810029F9D08368002513F4406F5C
:1026B00014BF01230023134F43F00203DFF84880C7
:1026C0000B6000F13006236AAB4201D80020E7E737
:1026D0001421A369E26906EB830301FB02330C2298
:1026E0006A4399188968090709D59B58BB4201D0EC
:1026F0004345D3D1186810B10121FFF72FFA0135F6
:10270000E1E700BFB4100020AC10002070B5324CDF
:1027100086B03248FFF79DFC236801255A1C0193BF
:102720002F4B2260DA681B694FF440760393002335
:102730002A4801A902920495ADF814608DF816306C
:10274000FFF748FC18B143F6DA3006B070BD2368D5
:102750008DF816005A1C0193224B20480293224BFD
:1027600001A9CDE903352260ADF81460FFF732FC12
:102770000028E8D123688DF816005A1C01931B4BE2
:10278000164802931A4B01A9CDE903352260ADF832
:102790001460FFF71FFC0028D5D123688DF81600C0
:1027A0005A1C0193134B0D480293134B01A9039339
:1027B0000223049340F201132260ADF81430FFF7B6
:1027C00009FC04460028BED12A4629460348FFF7E3
:1027D00017F92046B9E700BFBC190020A810002057
:1027E000AC330000E0330000005C00002006000075
:1027F00020060000000C0020200C0020014B18686F
:10280000704700BFAC330000014B1B68186870476D
:10281000AC330000014B1B6858687047AC330000B4
:1028200008B5FFF7B5F9FFF721F90A4B5A68103AD6
:10283000D3B2120609D401215A0903F01F039940AB
:1028400002F16003044A42F82310BDE8084000F09A
:10285000A3BA00BF00ED00E000E100E00020034B60
:10286000D8765A6A42F470225A62704700ED00E04E
:102870000349044BCA68002092B21343CB607047EF
:1028800000ED00E00800FA0500224FF0FF300D4B8C
:1028900002F1A0010132102A43F82100F8D1D3F847
:1028A0008022002022F00802C3F88022D3F8802280
:1028B000D3F8802222F40072C3F88022D3F8803249
:1028C000704700BF00E100E008B5FFF7B3F8082249
:1028D000024BC3F880211A60002008BD00E100E02F
:1028E000064BD3F8D02022F00102C3F8D020D3F851
:1028F000D02042F00202C3F8D020704700ED00E083
:1029000037B50124FFF7C4F8134D2246052347F6D7
:10291000FF7100200094FFF7D3F8224607234FF001
:1029200000500E490094FFF7E1F8D5E901010723B3
:1029300000220094FFF7C4F8072300220849094841
:102940000094FFF7D3F82969E8680139FFF7E8F840
:10295000002003B030BD00BFAC330000FF7F00207B
:10296000FFFF03200080002038B500240E4D002119
:1029700055F8040B0134FFF7FFF81C2CF7D10020A9
:10298000012240F20111094BC3F88004C3F88424EA
:10299000C3F8C004C3F8C424054AC2F840154FF474
:1029A0008072C3F8402438BD3C3300000030005032
:1029B000009003500122014B1A607047C01900209B
:1029C00010B50446094B228918686168062380689F
:1029D00000F0A5FA28B9064B1B68012B01D100F0C5
:1029E00087F86FF08603236010BD00BFB019002088
:1029F000C01900202DE9F84305461E460068134B18
:102A00009046AA68A0F1080440E902335038904289
:102A10000F4601D200F0C0F9A4F148094822002174
:102A2000484602F03EFF002344E9073344F8143CD3
:102A30004FF0807344F8043C6FF0020344E90367ED
:102A400044F8208CC5E90093BDE8F883A5EDF5FEB8
:102A500030B5094C024661680023084640B105685C
:102A60006D68954205D11BB1826860609A60816093
:102A700030BD03468068F1E7441A002038B50446AB
:102A80002AB10B689B68DB0512D5002038BD0B4BC3
:102A90001D680DB900F080F900222B6899692C336C
:102AA0008A4203D053F8040FA04204D19142ECD1E2
:102AB0006FF0FC00EAE70132F2E700BFB019002036
:102AC00070B504460E461546002130220C3002F047
:102AD000E8FE064B20461B68A6606360656100F057
:102AE00001FA00232061236070BD00BFB0190020EF
:102AF000044B1B681BB11B680BB1586870474FF043
:102B0000FF307047B0190020064B10B51C680CB997
:102B100000F042F923689B6813F4406F14BF012052
:102B2000002010BDB01900202DE9F843904607465B
:102B30000C46FFF7E9FF024624B96FF080042046F7
:102B4000BDE8F8836300F8D5144B04F01F0153F877
:102B50002150002DF1D02B6829465868FFF78EFFD1
:102B6000B0B9C4F30721284600F0BBFA0446002898
:102B7000E3D1EFF3108972B600F0C1F9064689F38C
:102B8000108840B142462946FFF79AFF3E60D6E7DB
:102B90006FF08104D3E76FF08204D0E7C4190020FE
:102BA0002DE9F04100F0AAF90023134E134F736092
:102BB0007B6000F0E5F8DFF84880304600F022F84E
:102BC0000446A8B139468023424600F07FF8054606
:102BD000204600F0CBFA206804F10801FFF75AFD07
:102BE00008B100F0D9F829462046FFF781FCE4E758
:102BF000BDE8F04100F071B9B4190020441A00207A
:102C0000C4190020F8B5054608B900F0C5F82A4EE9
:102C1000346814F1290F4CD8284B196804F12803A3
:102C20008B4246D2236AA26903EB43030C3213445E
:102C3000606AE269024402EB820213449B00E318DB
:102C400001D2994201D200F0A7F823681C4A1B0C5C
:102C50001B04934201D000F09FF82388B3F5817FD5
:102C600001D300F099F86368002B01DA00F094F8C2
:102C7000144A176807F124031360134A1268934239
:102C800001D900F089F8236AA26903EB43030C32EF
:102C9000616A1344E2693C600A4402EB8202134415
:102CA000326802EB83026B6832603B626F603846C9
:102CB000F8BD0027FBE700BFC4100020C8330000A8
:102CC00000005F5FC0100020C43300002DE9F74F03
:102CD0000F4690460646009300B109B900F05CF833
:102CE000D6F800A0DAF818200AF1300303EB820BC3
:102CF000DAF81C40204B1D6854B10C2202FB04542E
:102D00001C601E4B1B689C4201D900F045F82C4604
:102D100025464FF00009DAF81C204A4500D91CB9B5
:102D2000002003B0BDE8F08F142303FB09B2002399
:102D3000C5E900269268AB60930516D5B8F1000F7F
:102D400002D0009B802B03D0019200F025F8019A5D
:102D500012F0E00FD0B202D158F820201AB1019041
:102D600000F01AF8019848F820507A6809F1010932
:102D7000AA607D600C35CEE7BC100020C033000097
:102D800008B5FFF73BFD034B9860FFF73DFD80F36F
:102D9000888808BD00ED02E0FFF788B9823001287D
:102DA00008B506D8FFF7B0FE18B9BDE80840FFF730
:102DB000F3BF08BDF8B506460D4600F0A4F9044679
:102DC00008B9FFF7E9FFA7680FB9FFF7E5FFE36868
:102DD000991C20D05A1C21D1A5B315F1820F13D113
:102DE00002232360EFF3108672B629462046FFF7D0
:102DF00077FB054686F310882368022B24D12046F2
:102E000000F086F82846F8BD15F1830FEAD0FFF7E9
:102E1000C3FF0025E6E702232360FAE7002BF6DB79
:102E2000204600F094F93B689B689B0501D502237E
:102E3000236015F1810FD5D16369002BD2DBFFF739
:102E4000ABFFCFE73546F4E700232360DAE708B5A8
:102E5000FFF72CF96FF0830008BD2DE9F3410E4612
:102E6000174698460546FFF74FFE00F060F92946E1
:102E7000024601A8FFF758FE044660B943463A46A9
:102E800031460198FFF7B4F9044640B16B0002D512
:102E9000019800F03DF8204602B0BDE8F0810198AD
:102EA000FFF7F6FA0446F6E740F20110704770B5F6
:102EB0000546FFF729FE06462846FFF7C9FD0446EA
:102EC00008B9002070BD014632462846FFF7D6FDFE
:102ED0000028F6D12368D868F4E76FF00200704745
:102EE00000DF70474FF480507047B0F5805F03D12A
:102EF000EFF30B8080387047002070477047EFF386
:102F00000B8000F1800383F30B887047002070472B
:102F1000EFF30B83803B83F30B88704770472DE9F9
:102F2000F0410E461546002A4AD0C4074BD480F023
:102F30000204C4F34004A40003F00602062A4AD1A6
:102F400044F0010422462946304602F05DFBB8BB3E
:102F500046E800F205EB0608100E120208F1FF37F2
:102F600047E800F34FEA136166D51B0264D5884237
:102F700062D046E800F547E800F7FFF782F82D0E2B
:102F800085424FEA176734D3FFF77DF8874230D880
:102F90002846FFF771F82246C6F101010144304688
:102FA00002F032FB002847D00135AF4218D838462E
:102FB000FFF760F82246A8EB000102F025FBD8B32A
:102FC0000020BDE8F081EFF39484A40004F0040431
:102FD00044F01204B0E7990731D544F00804B1E792
:102FE0002846FFF747F80646FFF74FF82246014606
:102FF000D5E7FFF752F885421ED3FFF750F8874216
:103000001AD82846FEF7A4FD2246C6F10101014464
:10301000304602F0F9FA78B10135AF4203D83846AC
:10302000FFF736F8C6E72846FFF732F80646FFF7FF
:1030300038F822460146EBE76FF07F00C1E74CF21B
:10304000DA20BEE710B50446FFF74AFCFFF758FC4C
:1030500010B143F6DA3010BDFFF786FC0028F8D136
:10306000FFF754FB0028F4D102232360F3E708B5EF
:10307000FFF7F4FB10B143F6DA3008BDFFF7F8FBB9
:103080000028F8D100F01CF80028F4D162B6FDF752
:10309000F5FCFFF7F9FB0028EDD1FFF715FC002840
:1030A000EBD0E8E7EFF30880EFF309812DE9F00FAB
:1030B0006B467246FDF73AFC08B0FFF7B1FBFEE73E
:1030C0000020704704460D46A5462847036828336C
:1030D00083F30988836883F30B88BFF36F8F40689D
:1030E000704703689A68DB6812F4806F05D18B42E1
:1030F0002CBF00206FF0FA0070478B420CBF0020FD
:103100006FF0FA00704710B5FFF7EFFE0446FFF7C7
:10311000FDFE50B9FFF7ECFCA3685B681B685B68B9
:10312000834218BF0024204610BD0024FBE738B5B9
:10313000054648B100F01BF8B5EBD07F044601D03E
:10314000FFF72AFE204638BDFFF7D2FCF4E7002344
:1031500010B500F1280252F8041F19B1C16F146CA8
:1031600019444C600833202BF5D110BD70474FF047
:10317000FF307047464154414C204552524F523A1D
:103180002000486172644661756C740D0A004D65DB
:103190006D4D616E616765206661756C740D0A0026
:1031A0004275734661756C740D0A005573616765ED
:1031B0004661756C740D0A005365637572654661EE
:1031C000756C740D0A0052657365727665642045EE
:1031D0007863657074696F6E2000506C6174666FFF
:1031E000726D2065787465726E616C20696E7465AD
:1031F000727275707420284952516E293A2000006D
:10320000A90A0000DF1D0000250D0000E10A0000F2
:10321000071E0000131E0000F90A0000E31D000055
:10322000C90A0000D50A0000AD0B0000E91D00002E
:10323000F51D0000FB1D0000010000000E00040051
:10324000000002000F00060003020202000000005E
:103250000338FDD87047506C6174666F726D2045FD
:103260007863657074696F6E3A0D0A00416C6C206A
:1032700070696E732068617665206265656E206393
:103280006F6E66696775726564206173206E6F6E1C
:103290002D7365637572650D0A0030313233343534
:1032A000363738394142434445461B5B313B333462
:1032B0006D5B536563205468726561645D2053657E
:1032C0006375726520696D61676520696E697469EF
:1032D000616C697A696E67211B5B306D0D0A001B9A
:1032E0005B313B33346D426F6F74696E67205446B7
:1032F0002D4D2076322E302E301B5B306D0D0A00A6
:10330000556E6B6E6F776E2053504D205356432091
:103310007265717565737465643A2000556E6B6EE5
:103320006F776E20535643206E756D626572207202
:1033300065717565737465643A2000000040005043
:10334000005000500080005000A0005000B000501D
:1033500000E0005000F0005000000150001001504B
:103360000040015000500150007001500080015099
:1033700000B0015000C0015000D0015000E00150E9
:1033800000F00150000002500010025000200250D6
:103390000030025000400250006002500080025095
:1033A00000A00250009003500025845000800000CF
:1033B00000800000FFFF0F00007C00000080000084
:0C33C0002C12002014120020000200005B
:1033E000009A204B9A4208D110B502F07DFA02F003
:1033F000A9F906BC96460C46744702F0B9FA009A41
:10340000184B9A4208D110B502F07AFA02F09AF9F4
:1034100006BC96460C46744702F0AAFA0CB4029A0F
:10342000104B9A420CD14FF0004319430CBC10B51D
:1034300000F09EF802F086F906BC96460C467447EA
:1034400002F096FA009A074B9A4202D106490868A0
:10345000744702F08DFA009A024B9A4200D17447E9
:1034600002F086FAA5EDF5FE801000200348044B1B
:10347000834202D0034B03B118477047A8110020C4
:10348000A8110020000000000548064B1B1AD90FA8
:1034900001EBA301491002D0034B03B11847704759
:1034A000A8110020A81100200000000010B5064C53
:1034B000237843B9FFF7DAFF044B13B10448AFF3A5
:1034C00000800123237010BDC01800200000000000
:1034D000F45B000008B5044B1BB104490448AFF38A
:1034E0000080BDE80840CFE700000000C4180020BD
:1034F000F45B0000A3F5803A704700BF174B002B28
:1035000008BF134B9D46FFF7F5FF00218B460F4682
:103510001348144A121A02F0C4F90E4B002B00D0C3
:1035200098470D4B002B00D0984700200021040045
:103530000D000D48002802D00C48AFF3008002F0C7
:10354000DBF820002900FEF71FFE02F0C1F800BFE3
:10355000000008000000000000000000F80B002040
:10356000A8110020B8280020000000000000000082
:103570002DE9F84304460D4616461F46EFF3058332
:10358000C3F308030BB1FFF707FCDFF834903B46A9
:10359000204632462946D9F80080FFF75EFCD9F86C
:1035A00000300446984506D0DB6901461869BDE83D
:1035B000F843FFF7FFBBFFF7F1FB2046BDE8F883B8
:1035C000B019002001680E4A0346914215D1C16925
:1035D000A2F11022A2F1EF1291420ED18268012ACB
:1035E0000BD8C26812B101698A4206D0586928B165
:1035F0009B691B1A5842584170470120704700BF11
:1036000055AA00FF0D4B70B59E68A6B13046FFF776
:10361000D9FF044678B9F3686BB935690DB920460E
:1036200070BD2846FFF7CEFF28B9EB68B34202D140
:103630002E462D69F2E70124F1E700BF4C1A002065
:103640002DE9F041394E3468F368D4B1B468C4B19F
:10365000002861D000295FD001FB00F5B5FBF0F038
:10366000884259D1291D57D8AA070DD025F0030249
:1036700004321C4603E0616891424FD2A469002CD9
:10368000F9D12046BDE8F0812A46F2E7891A2329BC
:1036900004F12007D4E9050C1AD80123A360A0B1D6
:1036A000C0F818C0A36903B158610023C4E9053309
:1036B0003369DB0702D5FFF7A5FFA0BB2A4600212F
:1036C00038463C4602F0EDF8DBE7C6F80CC0E9E707
:1036D00002F1200804EB08032039C3E9011E216927
:1036E000DFF84CE0DC60196144F808E0AEF1102E20
:1036F000AEF1EF1EC3F81CE001B1CB60C3E9050CCD
:1037000040B18361996901B14B6101212361C4E931
:103710000121CAE7F360F5E70024B2E7D4F808E036
:10372000BEF1000FB2D0012001F0D2FF4C1A0020F0
:1037300055AA00FFF8B5054600283AD0364E336842
:10374000002B36D0B268002A33D0834203D8726887
:103750001344984202D3012001F0BAFFA0F12004E3
:103760002046FFF72FFF0028F5D155F8183C012B14
:10377000F1D145F8180C55E90570DFB1BB68CBB93C
:1037800055F81C2C7B68203213447B60386100B1F3
:10379000C76020220021204602F083F8386908B172
:1037A00083682BB333699B0703D5FFF72BFF0028F2
:1037B000D1D1F8BD40B3836833BB4268636813441A
:1037C000203363600369D4E90521236192B9B9B953
:1037D000426981696261A161A2B19461A26902B189
:1037E000546103B1DC602022002102F05AF8D9E7CD
:1037F0003C46E2E79161A1690029E9D04A61E7E727
:10380000F160F8E7F460E9E7F36845F8083C03B1D4
:103810005C61F460C6E700BF4C1A002038B50D4665
:10382000142200210446124802F03BF811491248C4
:1038300000F02CF8232D1AD914F003031FBF043D08
:10384000ED18C3F10403E4182A460021204602F0D3
:1038500028F8074B094AC3E900459C602260A2F1A1
:103860001022203DA2F1EF126560E261DC6038BDFC
:103870004C1A0020353700004136000055AA00FFE1
:10388000014B1B68184700BFC8100020024B18608E
:10389000024B002019607047CC100020C810002097
:1038A00010B50A46044619B1024B00211B6898471F
:1038B00010BD00BFD0100020054B0A46197819B181
:1038C0000146181D02F08EB86FF08800704700BFE7
:1038D000601A002010B5074C00F032F8204602F0C4
:1038E00092F8201F0821FFF7DBFFBDE8104002F02F
:1038F00076B800BF641A002070B50C4D2B787BB9E8
:1039000002F06BF8044670B90126281D6E7002F0B3
:1039100067F8044638B900F00BF8044618B92E7061
:103920000024204670BDFFF7D5FFFAE7601A00209B
:103930000122024B002083F880257047681A00207E
:10394000F8B5074C2025264601272046276202F0BD
:1039500033F8013D04F12C04F7D186F88055F8BD09
:10396000681A002010B50C4C236813B10B4B1B6870
:103970002BB900F089FC30B90122084B1A600123F1
:103980002360002010BD0138062801D9044810BD6D
:10399000044B53F8200010BD04200020002000201C
:1039A000FE8FFFFF5C5A0000144B2DE9F043002806
:1039B00014BF04461C46124F236883B0BB4219D083
:1039C00016460D4620464FF4147104F1040900F028
:1039D00047F804F58E78484600F0CEF8404600F0EF
:1039E00019FA2B464A4640460649009600F034FB39
:1039F00008B92760002003B0BDE8F083082000204C
:103A0000A5BCC95AFD3B000070B50D4C1D460028F1
:103A100014BF064626460B4B306882B098420DD143
:103A200006F58E70002633460096144600F03EFBE5
:103A3000002818BF34462C6002B070BD0248FBE776
:103A400008200020A5BCC95AE88FFFFF38B131B16A
:103A5000002201440346013081421A70FAD17047B6
:103A600038B131B1002201440346013088421A7056
:103A7000FAD170472DE9F043202B1D4606468846B3
:103A800091468BB026D8DBB202AF8DF80480B046E9
:103A900058F8041B8DF8053021B9404601F038F97B
:103AA000044640B9012302224046336001A901F0D7
:103AB00043F9044638B138462021FFF7D1FF2046AC
:103AC0000BB0BDE8F0832A464946404601F034F980
:103AD0000446F0E702AF1946104600233A4601F0CB
:103AE000B1FA04460028E6D12023B9461D46CCE7AA
:103AF0002DE9F041D0F8F830A6B0002BD8BF02AEC7
:103B000031DD05460027D0F80C4102AEA4F10108D2
:103B10009022D5F8FC403146D0F8000101AB019766
:103B2000B8FA88F8A0474FEA5818044620B9019B14
:103B300053B9B8F1000F16D030469021FFF790FF2F
:103B4000204626B0BDE8F081014632462846FFF700
:103B500091FF58B9D5F80431019A1344C5F80431DE
:103B6000B8F1000FE8D16FF03C04E5E704462046C9
:103B700026B0BDE8F08100BF70B5002504461422D0
:103B800004F588762946C0F8F850FC3001F089FE2B
:103B900008222946304601F084FE144B30461B684B
:103BA0009847204640F8045B01F098F8104B3046E7
:103BB0001B689847C8B9D4F8F830AB420FDC03EB68
:103BC000830204EB82022021C2F800010120C2E935
:103BD000421008490133C2F8FC10C4F8F830064B13
:103BE0003046BDE870401B68184770BDF0100020DB
:103BF000EC100020E14B0000E81000202DE9F04718
:103C0000202A88B07AD83F4B00F5887904461B6893
:103C100048461746884698470546F8B940F20116C7
:103C2000D4F8F830002B65D02046FFF761FF054639
:103C300038B9D4F8F830002B14DC013EF2D16FF023
:103C40003B056E4620213046FFF70AFF2E4B4846C3
:103C50001B689847002818BF6FF01D05284608B05C
:103C6000BDE8F087D4E94132934203D3D4F80C2164
:103C7000012A02D0013ED7D1E1E71F2BFAD96E46C7
:103C800001462022304604F1040A01F00AFE3146C2
:103C9000504601F07BF805460028D3D1504601F08C
:103CA00031F8504601F01AF82946504601F030F834
:103CB00005460028C6D150462022314601F03CF886
:103CC00005460028BED1034632462021304601F089
:103CD000B9F905460028B5D1D4F8F8303A46002B9A
:103CE000C8BF002340463146C8BFC4F8043101F0C4
:103CF000B3FDA7E76FF03F056E46A3E76FF03B0506
:103D0000ACE700BFEC100020E810002070B590B0C8
:103D100000287AD03E4C0D464022362106462046E9
:103D200001F0BFFD40225C21A01801F0BAFD2B1D5F
:103D3000A34203D904F144039D4252D32B68226865
:103D4000534023602B68226C534023646B68626885
:103D5000534063606B68626C53406364AB68A268F5
:103D60005340A360AB68A26C5340A364EB68E26865
:103D70005340E360EB68E26C5340E3642B692269D3
:103D800053402361226D2B695340236562696B693F
:103D9000534063616B69626D53406365AB69A269AF
:103DA0005340A361AB69A26D5340A365EB69E2691F
:103DB0005340E361EB69E26D5340E3650021304617
:103DC00000F0A6FF044628B940223046104900F012
:103DD000B3FF044640216846FFF742FE204610B07C
:103DE00070BD631E04F13F01013D1F3415F8010F42
:103DF00013F8012F42401A7011F8012F2878A342BE
:103E000082EA00020A70F1D1D8E76FF07304E5E7A7
:103E10005822002010B54FF49A720021044601F098
:103E200040FD42F21072044BC4F8202104F5967054
:103E30001B68BDE810401847F01000202DE9F04F36
:103E400004468846914695B0002900F0A780002AD4
:103E50000CBF0126022600238DF80C30002C00F048
:103E60009F80DFF844A104AF0AF1400B00212046F7
:103E700000F04EFF034648B1384620210193FFF77A
:103E8000EFFD019B184615B0BDE8F08F402251466A
:103E9000204600F051FF03460028EDD104F1F4055F
:103EA00020222946204600F047FF03460028E3D1A0
:103EB0000122204603A900F03FFF03460028DBD182
:103EC000022E62D020460CA900F060FF03460028B5
:103ED000D2D10146204600F01BFF03460028CBD17B
:103EE00040225946204600F027FF03460028C3D150
:103EF000202220460CA900F01FFF03460028BBD15A
:103F00003946204600F042FF03460028B4D1394626
:103F10002046FFF7FBFE03460028ADD120222946AC
:103F2000204600F009FF03460028A5D120460CA931
:103F300000F02CFF034600289ED10146204600F0E9
:103F4000E7FE0346002897D140225946204600F05C
:103F5000F3FE034600288FD1202220460CA900F052
:103F6000EBFE0346002887D12946204600F00EFFCD
:103F70000346002880D19DF80C200132D2B2B24213
:103F80008DF80C20FFF472AF76E74A464146204692
:103F900000F0D2FE0346002894D06DE701265AE7D0
:103FA0006FF0730304AF67E7582200202DE9F0415A
:103FB0000446884615461F46D0F81801E0B013B1F4
:103FC00000EB40004008B5F5807F3ED82844B0F5AE
:103FD000C07F3AD84FF4C0720021684601F061FCFE
:103FE0006946D4F82431D4F81821D4F82801984728
:103FF00070BBD4F8186157B1D4E9493072080DEBA1
:104000000601984720BBD4F8183106EB5306B8F1E7
:10401000000F00D08DB9324669462046FFF70EFFEB
:10402000054610B90123C4F8143131466846FFF73C
:1040300017FD284660B0BDE8F0810DEB0600414653
:104040002A462E4401F008FCE5E76FF00405F0E78E
:104050006FF00805EDE700BF2DE9F047044604F1D5
:10406000F4050F4691461E46DDF8208000F036FE2E
:1040700029462046FFF74AFE08B1BDE8F0872846EA
:104080002022012101F00DFCD4F81831C4F824716C
:10409000C4F8289113B92023C4F818314246314698
:1040A0002046BDE8F0470123FFF780BFB2F5806FDF
:1040B00000F295802DE9F04F89B09A46129BB3F536
:1040C000807F00F29080D0F82431164604460F46D7
:1040D0004BB3D0F81C31012B05D0D0F81421D0F807
:1040E00020319A421FDD514600232046129AFFF7E5
:1040F0005DFF014698B900231293002E5ED0DFF8D1
:10410000EC9009F1400B0021204600F001FE202E2A
:104110003546014628BF202504F1F40890B1084631
:1041200009B0BDE8F08FBAF1000FE6D0129B002B6A
:10413000E1D051461A462046FFF780FE014600288E
:10414000DBD0ECE749464022204600F0F5FD014671
:104150000028E4D141462022204600F0EDFD014632
:104160000028DCD16946204600F010FE01460028F8
:10417000D5D1204600F0CCFD01460028CFD15946CC
:104180004022204600F0D8FD01460028C7D16946EC
:104190002022204600F0D0FD01460028BFD1414634
:1041A000204600F0F3FD01460028B8D138462A46E3
:1041B000414601F051FB761B2F44A4D151462046C5
:1041C000129AFFF73BFE01460028A8D10846D4F812
:1041D00014310133C4F8143109B0BDE8F08F6FF029
:1041E0000201084670476FF0040198E7582200204A
:1041F000002130B58DB0282202A8019101F051FBB9
:1042000002A800F047FF044610B120460DB030BDB3
:10421000174D4FF0FF31286800F042F9044620B1F5
:10422000144800F0D3F9012C18D0002000F068F9F0
:10423000D0B9114A02A901A800F0C4FC044601202B
:1042400000F05EF960B9286800F032F90028DCD08F
:104250000A4800F0BBF920460DB030BD0524F2E756
:10426000074800F0B3F9EEE7064800F0AFF9E0E7E1
:10427000D4100020785A0000D8220020D05A000024
:10428000B05A0000905A000030B583B000F05CF8DE
:1042900028B100F0ABF80324204603B030BD00F095
:1042A00077F8D8B900F02CF9E0B9224CD4F82839C5
:1042B0001B0EF02B0AD1D4F8242A1F4B9A4231D07E
:1042C00000F044F8072400F091F8E5E7062400F038
:1042D0003DF800F08BF8204603B030BD04242046A2
:1042E00003B030BD00F032F800F080F8FFF780FF37
:1042F000044698B9114D2B68002BCDD102460146DA
:10430000FFF752FB50B968220D4901ABFFF77CFB68
:1043100020B920460B4B2B6003B030BD052420464E
:1043200003B030BD012000F0EBF80028DAD1C4F86A
:104330000C0ADBE7001084500000E020F824002085
:10434000FC2400205AEA5A5A002070470020704787
:10435000430504D54FF0FF32034BC3F80821024B4D
:10436000C3F8080A704700BF00108450014BC3F81F
:10437000040A70470010845008B100F06BB84FF485
:104380007500704708B100F04FB84FF475007047E2
:1043900010B5114800F070F800B110BD0F4800F0E2
:1043A0006BF80028F9D10E4C204600F065F8002883
:1043B000F3D10C4B0C481C6000F05EF8014600285D
:1043C000EBD100F02DF8044608B1204610BD00F0F6
:1043D00079F82046FAE700BFE4100020E010002042
:1043E000DC100020D4100020D810002008B50848A8
:1043F00000F04CF8074800F049F8074800F046F88C
:10440000064800F043F8BDE8084000F00BB800BFD4
:10441000E4100020E0100020DC100020D810002064
:1044200000207047704700BF024610B4084CD4F813
:10443000003A1342FBD021B1D4F804310B60C4F828
:104440000831034B0020C3F8082A10BC704700BF96
:1044500000108450044AD2F8003A1842FBD0C2F847
:10446000080A0020704700BF0010845001F0BEB958
:104470000A46002101F015BA08B5034B02681B6813
:1044800010689847002008BD1011002008B5034BA4
:1044900002685B6810689847002008BD1011002072
:1044A000024B02689B681068184700BF101100207B
:1044B00008B5034B0268DB6810689847002008BD08
:1044C0001011002070B5094C094D2069AB68984760
:1044D00018B1084B08485B6898470021074AEB6809
:1044E00011602069BDE87040184700BFFC10002033
:1044F00010110020F4100020E85A0000642500206C
:10450000F8B51A4D1A4E0446B26828699047E8B9C2
:10451000184F3B684CB1A3B1012B19D0013B3B6054
:104520002869F36898470020F8BD43B90121124A71
:10453000C2F800151149D1F81029002AFBD1013326
:104540003B60F368286998470020F8BD0C48F8BD27
:104550000A4AD2F81039002BFBD1074A6FF07E408F
:10456000C2F80035FFF702FF3B68D7E7FC100020D8
:104570001011002064250020000084500010845099
:10458000E98FFFFF014B1B68184700BF1011002087
:10459000014B9B68184700BF10110020014BDB68DE
:1045A000184700BF10110020BFF34F8F0549064B7D
:1045B000CA6802F4E0621343CB60BFF34F8F00BFC1
:1045C000FDE700BF00ED00E00400FA0530B44FF055
:1045D000FE320025074B084C08494968C3F80024FF
:1045E000C3F80424C3F80824C3F80C24C4F8005505
:1045F00030BC08470010845000008450F4100020A4
:1046000010B5044650B1636813F0685F05D0064AE0
:10461000934202D000236260236010BD034B044824
:104620005B689847EFE700BF2C5F5CA9F41000209F
:10463000085B0000C8B143680D4A934213D013F0E1
:10464000685F0ED0012350E8002F194640E8001C97
:104650009CF0000FF7D1012AF5D0BFF35F8F002047
:10466000704704487047044870476FF4E040704753
:104670002C5F5CA9E98FFFFFEA8FFFFF034680B143
:10468000426809498A420AD012F0685F05D0BFF338
:104690005F8F002210461A60704704487047044834
:1046A00070476FF4E04070472C5F5CA9E98FFFFF13
:1046B000EA8FFFFF10B5044620B10023034A2360B0
:1046C000626010BD0248FFF781FFF6E73A00003A4A
:1046D000305B00002DE9F047002878D00C46002917
:1046E00075D01D46002B72D007461AB10122002357
:1046F0002A6003602B68002B64D02946204600F016
:10470000B7FD804600285FD12146286800F096FD5D
:104710008046002858D12B68082B6CD0042B6DD014
:10472000A3F10209B9FA89F94FEA59190121354E65
:10473000C6F8C411C6F84011C6F8C411636AC6F8B9
:104740003031D6F830219342F6D14FF0000A4FF0C5
:10475000FF30C6F82CA1FFF7FBFD6FF01B0350469E
:10476000C6F80031FFF702FEC6F80C91D6F8040A2D
:1047700040F48060FFF7FAFD0A23C6F83831089B41
:10478000012B29D02369204AA2FB03231B09626A5B
:10479000404602FB03F303EB43031A4ADB039B0986
:1047A000C2F8D8310123C2F82C313B682A6823F0C3
:1047B0007F4343EA02633B602A6843EA02233B608B
:1047C000BDE8F087DFF844804046BDE8F087DFF8B9
:1047D00040804046BDE8F0874FF47F03D3F80C2CAF
:1047E000013206D0D3F80C3C074AA2FB03231B0975
:1047F000CDE71623CBE74FF0030997E74FF0020907
:1048000094E700BF00108450ABAAAAAA310CF100B3
:10481000350CF10058B34B1EB3F5047F27D230B5E9
:104820004FF0000ECD00744671464B0901F01F0C8D
:1048300050F82330BCF11F0F23FA0CF306D003F01D
:10484000010319B901211C468E46EEE79C4201F195
:10485000010106D01C464FF0010EA942E5D100200F
:1048600030BD0EF1010E9645F7D1024830BD01482A
:10487000704700BF360CF100C0B32DE9F0434C1E69
:10488000B4F5047F1DD2E3B1DAB100252E46A84667
:104890002C46CF0003F1FF394FEA541C04F01F0EE1
:1048A00050F82C10BEF11F0F21FA0EFC0CD00CF0AA
:1048B000010C4CB90126E04634463546ECE79642F9
:1048C00016D90C48BDE8F083AB420BD0C44508BFF5
:1048D0000136A945F3D001350134BC42DCD10020BA
:1048E000BDE8F0830125E0462E46F5E70148704714
:1048F0001D46F1E7370CF1002DE9F04F91B08346EA
:10490000DDE91B460D46002E6ED10F691C600023A9
:104910001A990B60002A00F02F819D4B6A6AD3F828
:104920003811D3F830319A4269D10A2967D19BF8FE
:104930000330089304F10803079304230593954B70
:10494000934CA3FB07239B0803EB4303A7EB430311
:10495000039306971A9B069E1E60002E00F0EA80C5
:1049600000F096FC00230993BBF1000F00F0D58006
:1049700098464FF0010ADDF81C90002D00F0CD8024
:10498000089B002B3DD0284608A900F071FC0028A8
:1049900039D0814B984220D0089B082B00F0E4804E
:1049A00000225B000893294608AB58460092FFF7A7
:1049B00091FE7A4B984200F0D38070B9DBF800206A
:1049C000130A03F47F03134323F07F43CBF8003033
:1049D000059B013B0593BDD10020039000F058FCDE
:1049E000039811B0BDE8F08F4FF47F01D1F80C0CA3
:1049F00001300CBF4FF40477D1F80C7C86E768488F
:104A0000EBE76648C5E72946089800F017FC002840
:104A1000BFD1089B082B00F0A980042B00F0A980CF
:104A2000A3F10203B3FA83F35B090493C4F8C4A1AE
:104A3000C4F840A1C4F8C4A16B6AC4F83031D4F8FA
:104A400030219342F6D100234FF0FF30C4F82C31CF
:104A5000FFF77EFC002318466FF01B03C4F80031FB
:104A6000FFF784FC049B4B4FC4F80C31D4F8040AC4
:104A700040F48060FFF77AFC0A23C4F838312B69D0
:104A800009A8A7FB03236A6A1B0902FB03F303EBD4
:104A90004303DB039B09C4F8D831C4F82CA1DBF82D
:104AA0000030089923F07F420B0243EA016313436D
:104AB000CBF8003000F0B2FB099B03F01A0303436C
:104AC0007FF46AAFA7FB0637D4F81431B8EB970F21
:104AD0000A93D4F818310B93D4F81C310C93D4F802
:104AE00020310D93D4F824310E93D4F828310F934C
:104AF00001D1039B9BB9484618220AA9183EFFF72B
:104B0000B5FC09F1180908F101089EB100F0C0FBDD
:104B100000230993002D7FF433AF224839E748463C
:104B20001A46F61A0AA9994408F10108FFF79EFCF3
:104B3000002EEBD1069F079E6A6939463046FFF783
:104B400069FEAA6940B94FF4806339463046FFF7E1
:104B500093FE00283FF440AF00231A9A136018E731
:104B60002B6A002B3FF439AF0F4836E70323049339
:104B70005CE70223049359E7012229465846009630
:104B800008ABFFF7A7FD00283FF4D4AE25E700BF30
:104B900000108450ABAAAAAA020CF100310CF1005B
:104BA000300CF100350CF100320CF10010B4DDE9ED
:104BB000013401940024DDF80CC0CDE902C410BC1E
:104BC000FFF79ABE30B51546012487B005AB0093B8
:104BD0000022CDE9015404ABFFF78EFE07B030BDD3
:104BE000F0B587B0002966D01E46002B63D014466E
:104BF000002A60D0314F0D4638684FF0FF31FFF783
:104C00004FFC00284DD10020FFF77AFC002844D14A
:104C10002B4800F03FFAD8B101204FF0FF35FFF7E5
:104C20006FFC002835D14FF408712648FEF70EFFBF
:104C300004212548FEF70AFF21482821FEF706FF38
:104C40003868FFF735FC00282FD1284607B0F0BDA3
:104C50001C4A0346029205AA019204AA03900092FC
:104C6000174902461848FFF7A1FF03460028D3D191
:104C700028461D46059B22469C4228BF1A46049999
:104C800032600831FFF7F2FB0120FFF739FC002802
:104C9000C9D00E48FFF79AFCC5E70D48FFF796FC10
:104CA000B6E70C48FFF792FCADE70B48FFF78EFC28
:104CB000284607B0F0BD4FF0FF35C6E7D4100020FE
:104CC0007C250020A425002078250020B05A000073
:104CD000905A0000785A0000545B000010B504465A
:104CE00028B12046BDE81040F421FFF7C1BB0448BD
:104CF000FFF76CFC2046BDE81040F421FFF7B8BB7D
:104D00006C5B000010B1F421FEF7A0BE704700BF3D
:104D100008B521B1012908D06FF0360008BD012186
:104D200000F058F80028F7D108BD022100F052F831
:104D30000028F9D0F0E700BF30B505468818B0F577
:104D4000801F0B461446A1B001D8802A0CD9B3F5B8
:104D5000801F17D922461946284600F07DF80446E0
:104D600084B9204621B030BD6846FFF77FFB22465C
:104D70006946284600F070F8802104466846FFF72F
:104D800077FBEDE76FF03604EBE700BF70B5E8B1F5
:104D90000E46D9B1044600F031F80546B0B9236893
:104DA000012B0BD0022B01D0284670BD1C223046AF
:104DB00004F10801FFF75AFB284670BD2022304657
:104DC00004F10801FFF752FB284670BD6FF036056D
:104DD000EAE700BF78B138B50D46F0210446FFF789
:104DE00047FB402320462560E36500F091FA003838
:104DF00018BF012038BD0120704700BFF0B5056E17
:104E0000A5B0044604AEE5B900230127019330465E
:104E10006760294602AA009300F046FA10B101200B
:104E200025B0F0BD2A46204602A900F099FA0028D4
:104E3000F5D1204600F0AAFB0028F0D1206625B06D
:104E4000F0BD802D2A46304628BF802204F164013F
:104E5000FFF70CFB256ED7E7002800F0AE802DE9A8
:104E6000F04F1446A5B0002A3DD00F46002949D086
:104E7000B2F5803F0546006E20D34FF6FF7805F16E
:104E8000640AEB6D1A1AB2FBF3F103FB1122002A3C
:104E900065D18342B9464FF6FF7672D0B6FBF3FB7D
:104EA00003FB0BFBBBF1000F30D1002E45D1A4F565
:104EB0007F44FF3CB4F5803F4744E2D2EA6D161AC6
:104EC000B6FBF2F302FB1366A64228BF2646002E6D
:104ED00075D1824200F08D80B4FBF2F602FB06F63B
:104EE0002EB9002C79D1002025B0BDE8F08F002329
:104EF00031463846CDE9003302AA00F0D5F9002842
:104F000000F09580012025B0BDE8F08F00235946C0
:104F10004846CDE9003302AA00F0C6F90028F1D1D5
:104F20005A46284602A900F01BFA0028EAD1A6EB4F
:104F30000B06286ED944002EB9D0193049463246A6
:104F400005EB8000FFF792FAA4F57F44286EFF3C42
:104F50003044B4F5803F4744286692D2AEE74245DC
:104F600028BF4246164639465044FFF77FFA286E5E
:104F7000EB6D3044834207EB06092866A8EB060672
:104F80008CD1802B28BF802351461A4604A8FFF7F6
:104F90006DFA0023E96D02AACDE9003304A800F000
:104FA00083F90028AED12846EA6D02A900F0D8F9AD
:104FB0000028A7D1EB6D286670E70120704705F146
:104FC0006403394632461844FFF750FA286EEA6DFA
:104FD0003044A41B374428667BE72B6E22461933E6
:104FE00005EB83003946FFF741FA2B6E23442B660D
:104FF00079E7802A28BF802205F1640104A8FFF721
:1050000035FA0023E96D04A8CDE9003302AA00F0C7
:105010004BF900287FF476AF2846EA6D02A900F02C
:105020009FF900287FF46EAFEA6D286654E7324698
:10503000284602A900F094F900287FF463AF3744B2
:10504000A41B4EE7F8B51C460546114816460F4608
:10505000FFF744FE21460E48FFF75AFE044620B1F2
:105060000B48FFF74FFE2046F8BD3A462946084850
:10507000FFF762FE04460028F2D131460448FFF7EC
:1050800085FE04460248FFF73DFE2046F8BD00BFFE
:10509000C42700201C2370B582B001A905460193E6
:1050A00000F032F8044638B9019B1C2B07D0144C91
:1050B0001C212846FFF7DCF9204602B070BDD5E977
:1050C0000112131E18BF0123003918BF0121012648
:1050D00028689B00EA6843EA4103002818BF43F0B0
:1050E0000103EE612AB9C5E90834002BE4D1054C6F
:1050F000DEE7204643F00803C5E9083402B070BD7E
:10510000370CF0000E0CF0000346002866D0002992
:1051100064D00A681C2A61D14FF47F023B49D2F85F
:10512000100C88425CD0D2F8101C013158D0D2F853
:10513000101C4FF47F021960D2F8140C34498842D5
:1051400060D0D2F8141C01315CD0D2F8141C4FF49A
:105150007F025960D2F8181C11F5947F4FD0D2F815
:10516000181C01314BD0D2F8181C4FF47F02996003
:10517000D2F81C0C274988423ED0D2F81C1C0131C1
:105180003AD0D2F81C1C4FF47F02D960D2F8001C30
:1051900070312FD0D2F8001C01312BD0D2F8001C76
:1051A0004FF47F021961D2F8041CAF3120D0D2F83D
:1051B000041C01311CD0D2F8041C4FF47F02596149
:1051C000D2F8080C144988420DD0D2F8081C0131DD
:1051D00009D0D2F8082C00209A617047012070474E
:1051E00040F6FC01A5E740F2373200209A61704793
:1051F0005121E2E79021D3E742F60411C3E740F6DC
:10520000D861B2E742F2D001A1E700BFFCF8FFFF8E
:10521000D020FFFF0429FFFF37F3FFFF014608B549
:105220004FF48060FFF7AEF80022034BC3F8C821AB
:10523000C3F82C2108BD00BF001084500138072896
:1052400005D8DFE800F0100E040A0404040607483D
:105250007047CB6800204B6270478B6800204B6220
:1052600070474B68F6E70B68F4E700BF310CF100BC
:105270000B6802E0082B0B6006D8026A13424FEA63
:105280004303F7D00020704700487047310CF1000D
:105290000022044B4FF48060C3F82C21C3F8C421D2
:1052A000FFF756B800108450F0B5002483B0B0F179
:1052B000005F8DF8074025D38C468444BCF1804FB5
:1052C00004461FD817461D4601220DF1070300F0C2
:1052D00097F90646B0B99DF80730099A3C603B71D2
:1052E00092B14DB10246089928460DF1070300F02E
:1052F00087F938B99DF807303046099A156013715F
:1053000003B0F0BD4FF47506304603B0F0BD00BFEA
:10531000D8B108B50368012B04D0022B0FD043B1DC
:105320000B4808BD20220B490830FFF79FF80020EA
:1053300008BD142208490830FFF798F8F7E7202243
:1053400006490830FFF792F8F1E74FF47300704711
:105350000100F3007C5B0000BC5B00009C5B000074
:105360002DE9F843002900F0F9800446002800F0F8
:10537000F98003680F469046002B00F0C380013B84
:10538000012B00F2D7804FF0FF3178484FF002092F
:10539000FFF786F8002840F0BF800020FFF7B0F844
:1053A0000646002840F0C280714AD2F81C39002B12
:1053B000FBD16F4DD5F8203C002BFBD14FF0FF30D7
:1053C000FEF7C6FFD5F8040A20F04000FEF7CEFF36
:1053D00001230722C5F81838C5F80029C5F8C437D5
:1053E000A36CC5F8CC37E36CC5F8D037C5F8C097C7
:1053F00023685BB1013B012B18D8636AC5F85C36A2
:10540000236AC5F85836E369C5F85436A269584B83
:10541000C3F850266269C3F84C262269C3F84826AF
:10542000E268C3F84426A268C3F84026504AD2F87E
:105430001039002BFBD1B8F1000F5FD0636840201A
:10544000012B08BFC2F884363A68494BC3F8282CB0
:10545000C3F82C8CFEF790FF0646454AD2F8103967
:10546000002BFBD1424AD2F8203C002BFBD1236811
:105470005BB1013B012B18D8D2F85C366362D2F8DD
:1054800058362362D2F85436E361394BD3F85026AC
:10549000A261D3F84C266261D3F848262261D3F882
:1054A0004426E260D3F84036A36000230121304A4D
:1054B000D2F8CC07A064D2F8D007E064C2F8C417D1
:1054C000C2F88436C2F8C837D2F81039002BFBD1A5
:1054D000C2F81838002E3BD1254BD3F8040A40F00F
:1054E0004000FEF743FF0120FFF70AF860BB1F48AA
:1054F000FEF7DEFF10BB3046BDE8F8830423C2F898
:10550000C837AAE74FF0FF3118484FF00109FEF7FE
:10551000C7FF00283FF441AF1648FFF757F80020B7
:10552000FEF7EEFF064600283FF43EAF1248FFF7B5
:105530004DF839E7114E3046BDE8F8831048FFF7C3
:1055400045F83046BDE8F8830E48FFF73FF8CEE750
:10555000102104F10800FEF78BFFBDE70A4E30462C
:10556000BDE8F8834FF47306C5E700BFE4100020E0
:1055700000108450785A0000905A00000100F30097
:10558000D05A0000B05A00000300F300A0B3034655
:1055900070B4D0E90240D3E9041226BA05BA0CBAB5
:1055A00010BAC3E90440D3E90612986A09BAC3E9FC
:1055B000026512BA996100BAD3E9084125BA0CBA5A
:1055C000C3E90725D3E90B12C3E9094009BAD86B2F
:1055D00012BAD962D3E90D4125BAC3E90C250CBA38
:1055E00000BAD3E9101209BA12BAC3E90E4019641D
:1055F00000205A6470BC70474FF47300704700BFBE
:1056000000201870704700BF431810B501D21F2A40
:1056100001D9002010BD013902F014030144102B00
:1056200080EA01043CD009DC8BB1042BF1D11F2CA2
:1056300040E840F315D941E840F10EE0142BE8D1E1
:105640001F2C40E8C0F30CD941E8C0F105E01F2C45
:1056500040E800F305D941E800F11C460B468C42B6
:10566000D7D122F01402013A0A2AD2D801A151F866
:1056700022F000BFC3560000BD560000AF56000028
:105680001356000013560000135600001356000076
:10569000C9560000C3560000B7560000AF560000C0
:1056A0001F2C40E880F3DCD941E880F1D5E713F402
:1056B000001FAFD1ADE713F4801FFAE75B02A9D555
:1056C000A7E713F4002FF4E713F4802FF1E700BFEE
:1056D00008B5074B044613B10021AFF30080054B1A
:1056E0001868836A03B19847204600F029F800BF84
:1056F00000000000D05B000070B50D4D00260D4C81
:10570000641BA410A64209D10B4D00260B4C00F0DF
:1057100099F9641BA410A64205D170BD55F8043B4D
:1057200001369847EEE755F8043B01369847F2E713
:10573000A0110020A0110020A0110020A411002021
:10574000FEE700BF002383F300887047FDF724BB0A
:10575000EFF30880EFF309812DE9F00F6B467246F5
:10576000FBF7E4F808B0FFF7F1FFFEE7FDF714BB25
:10577000EFF30880EFF309812DE9F00F6B467246D5
:10578000FBF7D4F808B0FFF7F1FFFEE7FDF704BB25
:10579000EFF30880EFF309812DE9F00F6B467246B5
:1057A000FBF7C4F808B0FFF7F1FFFEE7FDF7F4BA26
:1057B000EFF30880EFF309812DE9F00F6B46724695
:1057C000FBF7B4F808B0FFF7F1FFFEE7FDF7E4BA26
:1057D000EFF30880EFF309812DE9F00F6B46724675
:1057E000FBF7A4F808B0FFF7F1FFFEE7814270B4C1
:1057F0000546144602D370BC00F02EB8821821442E
:105800003CB141EA020313F003030FD1E01803286F
:1058100012D86FF00300A3084343002019441A4430
:105820002344984210D1284670BC704711F8013DBE
:10583000013C02F8013DE3E7581850F8046C981851
:1058400040F8046C043BE1E70C1A14F8016C141ADC
:1058500004F8016C0130E4E770B504463AB141EA5E
:10586000040313F003030CD1D518032D0FD822F035
:1058700003031C441944002302F0030293420CD199
:1058800070BD11F8013B013A04F8013BE6E7CD1A7F
:105890002E68E51A2E60043BE6E75D5CE5540133B3
:1058A000ECE7F0B5044662B922F00303234402F0AA
:1058B00003021A44934214D1F0BD04F8011B013ACB
:1058C000F1E7A307F9D115460B0443EA01630B4343
:1058D00043EA01231619032DE6D9771B3B60043DEB
:1058E000F9E703F8011BE5E708B5EFF30583C3F318
:1058F00008030BB1FDF750FABDE80840FDF7D4BA34
:1059000010B50446EFF30583C3F308030BB1FDF7AD
:1059100043FA2046BDE81040FDF7C9BA2DE9F04131
:1059200004460D4616461F46EFF30583C3F30803EE
:105930000BB1FDF731FA3B46324629462046BDE819
:10594000F041FCF70BBD2DE9F04104460D4616462B
:105950001F46EFF30583C3F308030BB1FDF71CFAF1
:105960003B46324629462046BDE8F041FCF730BDB3
:1059700008B5EFF30583C3F308030BB1FDF70CFA89
:10598000BDE80840FDF763BA00207047704710B5C6
:10599000044608B1FDF784FF2046BDE81040FDF73E
:1059A0006FBF10B50446406A10B1A16AFFF7EFFF60
:1059B0000020C4E9090010BD38B50446FFF7F1FF27
:1059C000236A2C22012B0CBF05466FF0960500219F
:1059D0002046FFF766FF284638BD00207047704715
:1059E0000020704713B5002001AB1446FEF70CF8F9
:1059F00030B9019BA34218BF6FF0930002B010BDF5
:105A00006FF09200FAE7002070472DE9E04F27463B
:105A1000A046A146A246A346A446A2B02DEC000A89
:105A200084F3008825462646A447EFF3148515F035
:105A3000080F18BFB0EE400A3DEC000A22B0BDE8E6
:105A4000E08F0000F8B500BFF8BC08BC9E46704768
:105A5000F8B500BFF8BC08BC9E467047FF8FFFFF3B
:105A6000FF8FFFFFFE8FFFFFFE8FFFFFFD8FFFFF0A
:105A7000FC8FFFFFFC8FFFFF4661696C20746F2075
:105A800061637175697265206D757465780A0000CF
:105A90004661696C20746F20696E6372656173651D
:105AA00020504D20636F756E7465720A000000000F
:105AB0004661696C20746F2064656372656173650B
:105AC00020504D20636F756E7465720A00000000EF
:105AD0004661696C20746F2072656C656173652026
:105AE0006D757465780A0000436F756C64206E6F85
:105AF00074206C6F636B20706F77657220736176B2
:105B000065206D75746578006D757465785F667273
:105B100065652063616C6C65642077697468204EEC
:105B2000554C4C20706172616D65746572000000A7
:105B300043616E277420696E697469616C697A6566
:105B4000206D757465782C20776173204E554C4C10
:105B50000D0A00004661696C20746F20756E6C6FD1
:105B6000636B206D757465780A0000000A637478B1
:105B7000206973204E554C4C0A00000067E6096A04
:105B800085AE67BB72F36E3C3AF54FA57F520E515E
:105B90008C68059BABD9831F19CDE05BD89E05C1EE
:105BA00007D57C3617DD703039590EF7310BC0FF41
:105BB00011155868A78FF964A44FFABE01234567F1
:105BC00089ABCDEFFEDCBA9876543210F0E1D2C347
:105BD0004011002054464D5F43525950544F0054D9
:105BE000464D5F504C4154464F524D5F53455256BF
:105BF00049434500000000000000000000000000D4
:107C00007FE97FE9FBF7ECBB7FE97FE9FBF7F7BB97
:107C10007FE97FE9FBF71FBC7FE97FE9FBF712BC37
:107C20007FE97FE9FBF7FABB0000000000000000DD
:107C30000000000000000000000000000000000044
:107C40007AFFFFFF00900050000000003832000073
:107C50000400000000000000000000000000000020
:107C6000000000000000000090ED00E000A00350C4
:107C70007FA60350009000506F9500501412002012
:107C8000A8110020440100008D590000895900000E
:107C9000A3580000DC1000200C110020041100206B
:107CA00000110020FC1000209D45000091450000BF
:107CB0008545000000000000A945000038110020A3
:107CC00030110020281100200000000020110020A9
:107CD000B546000001460000354600007D46000024
:107CE000682500203A00003A6C2500203A00003A4E
:107CF000702500203A00003A742500203A00003A2E
:107D00000000000000000000000000000000000073
:107D10000000000000000000000000000000000063
:107D20000000000000000000000000000000000053
:107D30000000000000000000000000000000000043
:107D40000000000000000000000000000000000033
:107D50000000000000000000000000000000000023
:087D6000D5340000AD34000031
:10800000B00A012061920000F93101004D92000098
:108010004D9200004D9200004D9200004D920000E4
:108020000000000000000000000000002594000097
:108030004D92000000000000DD9300004D92000012
:10804000E9950000E9950000E9950000E995000038
:10805000E9950000E9950000E9950000E995000028
:10806000E9950000E9950000E9950000E995000018
:10807000E9950000E9950000E9950000E995000008
:10808000E9950000E9950000E9950000E9950000F8
:10809000E9950000E9950000E9950000E9950000E8
:1080A000E9950000E9950000E9950000E9950000D8
:1080B000E9950000E9950000E9950000E9950000C8
:1080C000E9950000E9950000E9950000E9950000B8
:1080D000E9950000E9950000E9950000E9950000A8
:1080E000E9950000E9950000E9950000E995000098
:1080F000E9950000E9950000E9950000E995000088
:10810000E9950000E9950000E9950000E995000077
:10811000E9950000E9950000E9950000E995000067
:10812000E9950000E9950000E9950000E995000057
:10813000E9950000E9950000E9950000E995000047
:10814000E995000053B94AB9002908BF00281CBFAF
:108150004FF0FF314FF0FF3000F00CB8ADF1080CDC
:108160006DE904CE00F008F8DDF804E0DDE9022353
:1081700004B07047704700BF2DE9F04786468C4633
:108180000846089E154674461946002B40F0C180EB
:108190008542B2FA82F245D94AB1C2F1200300FA0F
:1081A00002FC954094402EFA03F343EA0C0C4FEA8C
:1081B000154EA8B2230CBCFBFEF80EFB18CC08FB36
:1081C00000F943EA0C43994528D9EB1808F1FF3729
:1081D00004D2994502D9A8F102072B44A3EB090365
:1081E000A4B2B3FBFEFC0EFB1C330CFB00F044EA14
:1081F0000344A04214D92C190CF1FF3304D2A0423D
:1082000002D9ACF102032C44241A43EA07401EB100
:10821000D440002334607360BDE8F0874746DDE753
:108220006346F1E792BB431B01214FEA154EAFB203
:10823000200CB3FBFEFC0EFB1C330CFB07F840EAE2
:108240000343984561D9EB180CF1FF3004D29845EF
:1082500002D9ACF102002B44A3EB0803A4B2B3FB98
:10826000FEFC0EFB1C330CFB07F744EA0344A74259
:108270004DD92C190CF1FF3304D2A74202D9ACF12D
:1082800002032C44E41B43EA0040C0E7C2F1200390
:108290009540944020FA03F12EFA03F34FEA154E6D
:1082A0009040AFB20343B1FBFEFC0EFB1C10190C57
:1082B0000CFB07F841EA0041884522D969180CF106
:1082C000FF3004D2884502D9ACF102002944A1EB69
:1082D00008019BB2B1FBFEFC0EFB1C110CFB07F767
:1082E00043EA01439F420ED9EB180CF1FF3104D24F
:1082F0009F4202D9ACF102012B44DB1B41EA004151
:1083000093E76046E3E76146F7E76046A4E7634624
:10831000B8E7834206D916B9002108467CE7C6E9CA
:1083200000E0F9E7B3FA83F78FB9834201D37245CE
:1083300008D8BEEB020460EB030301209C461EB983
:10834000002169E73846FAE7C6E9004CF8E7C7F1CB
:10835000200CBB400EFA07F522FA0CF42EFA0CF1B1
:10836000BA401C4320FA0CF3B8404FEA14490143C9
:108370001FFA84FEB3FBF9F809FB18300B0C08FB5D
:108380000EFA43EA00439A4540D9E31808F1FF305A
:1083900004D29A4502D9A8F102002344A3EB0A03B0
:1083A00089B2B3FBF9F809FB183308FB0EFE41EA6A
:1083B00003418E452CD9611808F1FF3304D28E4554
:1083C00002D9A8F10203214443EA0040A1EB0E01C7
:1083D000A0FB02984145CE46434602D306D14D4507
:1083E00004D20138B9EB020E68EB0403002EA7D0CB
:1083F000B5EB0E0261EB030101FA0CFC22FA07F364
:10840000F9404CEA0303C6E9003199E74046C5E765
:108410004346D9E7034611F8012B03F8012B002A44
:10842000F9D17047034613F8012B002AFBD1181A23
:108430000138704708B5002002F06EF900230449A6
:108440004B60CB6001238B60BDE8084000F058BC56
:10845000B0D1002008B509480AF020FE03F058F812
:10846000014620B106480AF019FE002008BDFFF7BA
:10847000E1FF04480AF012FEF7E700BF4E5A010080
:108480006A5A01009A5A0100F8B50F4600293BD0FC
:108490000668012230460AF066FC01460446304672
:1084A0000AF029FCC3070DD4AF23184A184919480C
:1084B0000AF021FE394618480AF01DFEAF21134884
:1084C0000AF010FE214630460AF02BFC25182946FA
:1084D000002230460AF00FFC2D1AAC420BD0B72315
:1084E0000A4A0E490B480AF006FE39460C480AF0C3
:1084F00002FEB721E3E7214630460AF018FC214688
:10850000BDE8F8400AF054BDF8BD00BFA15A010013
:10851000C45A0100D55A0100F25A01002A5B010039
:10852000505B01002DE9F8430F4606681446B26817
:108530004B1EB2F5004F34BF042108213B4010D040
:10854000C7F1000909EA0709494503F1FF3028BFCF
:10855000494618420CD11F46DCB900252846BDE823
:10856000F8838F4213D82146BDE8F8430AF062BD74
:108570002E494FF4A2732E4A2E480AF0BCFD2E4815
:108580000AF0B9FD4FF4A27129480AF0ABFD9946F3
:10859000E2E7B2EBD40FE0D9E319591A10460AF01A
:1085A000ECFB014630460AF042FC80460028D4D05D
:1085B000B36809EBC005B3F5004F34BF04230823AB
:1085C0001D4435447B1E1D44B5FBF7F57D43A5EBEB
:1085D0000905294630460AF0C6FB2C44073424F02E
:1085E0000704A41B804507464FEAE40408D202466C
:1085F000414630460AF055FC414630460AF096FCAA
:10860000394630460AF08DFB3844844208D2394658
:10861000304622460AF045FC214630460AF086FCE8
:108620000122394630460AF082FB97E78C5B010055
:10863000A15A0100D55A0100A75B0100B2F5802FB5
:108640002DE9F04110D2042A28D843494FF4F97398
:10865000424A43480AF04FFD42480AF04CFD4FF4AD
:10866000F9713E480AF03EFD0823D21ACC1D114490
:1086700024F0070421F00701091B17294FEAD1064E
:108680000ED8394940F2FB13344A35480AF033FD1D
:1086900034480AF030FD40F2FB11E2E70423E4E73E
:1086A0000027046031463046A660E7600AF06EFBA2
:1086B0000121421D804630460AF05FFB9200D51D25
:1086C000ED082844B0423AD8B8F1FF3F3946A2F14C
:1086D000100204F11000B8BF3A460CF08FFD2A4694
:1086E000394620460AF03BFB3B463A46394620468F
:1086F0000AF00CFBA6EB05082046394601220AF0D9
:1087000016FB424629460AF02AFB2B463A462946E2
:1087100020460AF0FBFA314620460AF020FB434689
:108720003A46314620460AF0F1FA31462046012207
:108730000AF0FDFA2946BDE8F0410AF0F7BB0B4903
:108740004FF40373054A06480AF0D5FC05480AF0C1
:10875000D2FC4FF4037184E7C45B0100A15A01000D
:10876000D55A0100E55B0100FE5B0100275C0100BA
:10877000014B1B68184700BF80C5002030B585B08D
:1087800004460D461022002168460CF037FD0223F6
:108790008DF80230044B2A462146684601930AF0C0
:1087A00027F805B030BD00BF71870000014B18608D
:1087B000704700BF80C5002080B505460E461746AD
:1087C000984609F03DF903460CF028FD0446DFF811
:1087D0001890424649F8003039463046A84754F8C8
:1087E000090000F0A5FD00BF0800000000B516223A
:1087F0000CF014FD024B1A504FF0FF305DF804FBF3
:108800000C0000002823434330B50D4908330B44C6
:10881000D3E8AF2F92B1541ED3E8EF5F954204D155
:10882000C3E8EC4FBCF1000FF6D1F1D1012A05D11C
:108830002823584300230A180B50536030BD00BF53
:1088400084C5002070B500254FF0FF334FF0FF3294
:10885000174807F00BFB174BD3E8AF2F82B1013558
:10886000102D03F12803F7D10CF0D8FC17224FF09C
:10887000FF35114B1A500E480AF030FC284670BDE7
:1088800028246C43D3E8EF0F0130C3E8E10F00293F
:10889000F8D10A4E331932515A6004F10C003044B9
:1088A0000CF094FA04F1200030440CF0DFFAE2E717
:1088B000D4C900208CC500200C00000084C5002015
:1088C00010B40446104628225443084B1A19195173
:1088D000506040B1C26832B10C34234440F20512FA
:1088E00010BC0AF0EABB10BC704700BF84C5002072
:1088F0002DE9F84F0446A38B08461907154612D4F4
:10890000022803F0070165D120460AF001FC88B176
:108910000138042800F23781DFE810F05C003501EF
:108920008200D400040101280CBF43F0100143F081
:108930002001A1831434204609F04CFA002840F0AD
:108940009D819A4940F23113994A9A480AF0D3FB23
:108950002146B1E003F00702501F01281ED8002075
:10896000062A2768C4E9000014D13A4603E0E08BE8
:108970000130E0831268002AF9D123F0070343F0A5
:1089800002022046A2830AF0C3FB90B342F0200209
:10899000A2832EE023F007039AB2F2E7042A33D130
:1089A00023F007039AB22046A2830AF0B1FB10B16C
:1089B00042F02002A283A38B03F00709894540F00F
:1089C000EC80A18BCA0640F1508121F01003A383F3
:1089D00001F00701D4F81880A38BB8F1000FB9DAC1
:1089E0000022276823F00703C4E9002243F00103B3
:1089F000A383A38B03F00709894540F0CF80002FA4
:108A0000DFD00026B24644E06B4940F21B136B4AAC
:108A100068480AF070FB40F21B1168480AF062FBDC
:108A200049B167494FF4AB73644A62480AF063FB8B
:108A30004FF4AB71F1E723684BB9624940F2571329
:108A40005E4A5C480AF057FB40F25711E5E723699C
:108A50001E684EB95C494FF4AD73584A55480AF048
:108A60004AFB4FF4AD71D8E70F4688464FF0060930
:108A7000A38B23F0070343F006039BB2A383A268F2
:108A8000002A40F08D80002F40F08D80002E98D07D
:108A9000BA4643F0080304F1140B5846A38309F0C7
:108AA00099F9002840F09A80404940F23113404A39
:108AB00040480AF020FB594644480AF01CFB40F2AB
:108AC0003111ADE0022909D0414940F25D133B4A22
:108AD00038480AF010FB40F25D119EE7E78B4FB17A
:108AE0003C494FF4AF73354A32480AF004FB4FF467
:108AF000AF7192E723695E684EB9334940F2611362
:108B00002E4A2C480AF0F7FA40F2611185E7A38B50
:108B1000B84623F0070343F004039BB24FF0040967
:108B2000A383ACE7012909D02B494FF4B273234A40
:108B300020480AF0E0FA4FF4B2716EE723684BB9AF
:108B4000204940F265131D4A1A480AF0D4FA40F24F
:108B5000651162E723699E684EB91B494FF4B473EF
:108B6000164A14480AF0C7FA4FF4B47155E70027C3
:108B7000A38BB84623F0070343F005039BB24FF0E5
:108B80000509A3837BE70C4940F26B130B4A0948A4
:108B90000AF0B1FA40F26B113FE7002700266EE7BA
:108BA0004FF0010A75E7924673E700BF255D0100AB
:108BB000F85C0100D55A0100687A0100525C01009E
:108BC000775C0100835C0100A65C01003C5D010054
:108BD000BD5C0100D35C0100E25C010085F31188FB
:108BE000BFF36F8FBAF1000F1CD177BB16B12046CF
:108BF0002549B047EFF31185202383F31288BFF393
:108C00006F8F584609F0D8F838BB88231F4A20498F
:108C100020480AF070FA59461F480AF06CFA882179
:108C20001A48FBE6A1680029DFD00D680029DCD0D6
:108C300043464A462046D1F804A0D0471DB12B68D0
:108C400029461D46F2E72B46FAE7394643464A468F
:108C500020463F680AF088FAC7E7584609F0D0F87E
:108C6000A38B23F00803A383ABE68B067FF562AEEC
:108C700021F02003A38301F0070145E685F3118865
:108C8000BFF36F8FBDE8F88F9D8C0000F85C01008A
:108C9000515D0100D55A0100665D0100F8B504463A
:108CA0000D4600F11406EFF31187202383F3128899
:108CB000BFF36F8F304609F07FF868B988230C4AFC
:108CC0000C490D480AF017FA31460C480AF013FA1D
:108CD000882107480AF006FA304609F091F8A561A4
:108CE0003A462046BDE8F8400121FFF701BE00BF2B
:108CF000F85C0100515D0100D55A0100665D01007C
:108D00002DE9F04704460F460AF01EFA051E68DBFF
:108D100004F11409EFF3118A202383F31288BFF3BF
:108D20006F8F484609F048F8804660B98823384A72
:108D3000384939480AF0DFF9494638480AF0DBF982
:108D40008821334842E0484609F05AF84FF6FF724E
:108D5000E38BA68B934206F0070645D0022E15D171
:108D600035460133E383484609F034F8002841D101
:108D700040F23113264A2A4927480AF0BCF94946ED
:108D800028480AF0B8F940F23111DAE7062E13D874
:108D9000DFE806F0092D1212090409006FF08505BD
:108DA0004FF00008DFE700233B60636883B9C4E944
:108DB000007786B13546F3E71B4917484FF4E47353
:108DC0001A4A0AF098F94FF4E47118480AF08AF93F
:108DD0001F606760EDE7524602212046FFF788FDDD
:108DE00035462846BDE8F0876FF00A05D8E76FF0F2
:108DF0000405D5E78AF31188BFF36F8FB8F1000F30
:108E0000EFD000233246394620460AF0ADF9E8E7B4
:108E1000F85C0100515D0100D55A0100665D01005A
:108E2000255D01003C5D0100E25C0100525C010037
:108E300008B54268034602F00302022A81600AD0A4
:108E4000032A4FF0000103D0012A0AD1596006E03D
:108E50001868596008BD186800225A6058B9002087
:108E6000F8E7064906484523064A0AF044F9452131
:108E700004480AF037F909F0CFFAF0E7687A010000
:108E8000D55A01007C5D0100014B03600020704752
:108E9000B855010008B504480AF000F9BDE80840DB
:108EA00002480AF0FBB800BFA25D0100D85D0100D6
:108EB00030BFFFF7FDBF00BF2DE9F04105460B4E67
:108EC000DFF82C80324606EB0807CC1B2046094908
:108ED0000CF087F9A01942460021083C0CF08EF9ED
:108EE0006C6707F10800BDE8F08100BF00000000DA
:108EF000080000005C550100074A936893F90E10C2
:108F0000002907DB526993421FBF044A536843F0AC
:108F100080535360704700BF5CDA002000ED00E032
:108F2000154B9A6A12F0007F9A6A14BF1E201D200A
:108F300012F0807F9A6A18BF1F2012F4801F9A6A6D
:108F400018BF022012F4002F9A6A18BF212012F4D1
:108F5000802F9A6A18BF222012F4003F9A6A18BF25
:108F6000232012F4803F9A6A18BF24206FEA02423D
:108F70006FEA12429A62704700ED00E010B5194B9B
:108F80000246986A9C6A10F4805F14BF172016206E
:108F900014F4006F9C6A18BF1820A40509D5986BBB
:108FA000986A000404D51AB19A6A22F400429A62BF
:108FB00019200C4B9A6A12F4806F9A6A18BF1A2013
:108FC000D2050CD49B6A13F4005F18BF1C20054A1D
:108FD000936A43F47F43936200230B7010BD1B2000
:108FE000F5E700BF00ED00E010B5264B0246986A99
:108FF0009C6A10F0100F14BF1120102014F0080FFD
:109000009C6A18BF1220A40709D5586B986A0006FD
:1090100004D51AB19A6A22F080029A621320194B81
:109020009A6A12F0010F9A6A18BF142012F0200FEA
:109030009A6A18BF1520D20602D49B6A9B0712D5E4
:10904000104B9B6ADC060ED50F4940F263130F4AA2
:109050000F480AF050F80F480AF04DF840F263113B
:109060000A480AF03FF8074B9A6A920642BF5A6ACA
:1090700022F400525A629A6A42F0FF029A62002376
:109080000B7010BD00ED00E0385E0100065E0100CF
:10909000D55A0100825E0100F0B55E4B04465D6862
:1090A0008BB00023C5F3080583F31188BFF36F8FDE
:1090B00002F07F43B3F17F4F0DD112F001030AD1CB
:1090C000560603D4100703D4012603E0520700D547
:1090D0000C46002674B950494FF48B634F4A5048F0
:1090E0000AF009F84F480AF006F84FF48B614B4834
:1090F00009F0F8FF00228DF80720EA1E032A30D875
:10910000DFE802F002797D5C424AD16A11F0020187
:1091100027D1D36A002B76DBD36A5B005ED5536917
:10912000A16943F480735361BFF34F8FBFF36F8F17
:10913000536931F8021C23F480735361BFF34F8FDE
:10914000BFF36F8F4DF60273994209D0936ADBB279
:1091500033B301200DF10701FFF746FF034600E09E
:1091600023689DF80720CAB902AD04F120072A46FA
:1091700020686168083403C2BC421546F7D1099AD9
:10918000002E42D0C2F3080121B96FEA52226FEAE1
:1091900042220992184602A90AF024F80BB0F0BD49
:1091A000936A13F47F4F05D001200DF10701FFF7FB
:1091B000E5FED3E7936AB3F5803F02D3FFF7B0FE35
:1091C000CCE7194940F22A33144A154809F093FFB5
:1091D000164809F090FF40F22A3188E7124940F220
:1091E0002E330E4A0E4809F086FF114809F083FF1E
:1091F00040F22E317BE700200DF10701ACE70020A3
:109200000DF10701D3E70B46ABE722F4FF7222F022
:109210000102BEE700ED00E0E65E0100065E01002F
:10922000D55A0100F95E0100687A0100375F01003C
:109230005B5F0100044B5A6942F010025A615A699F
:1092400042F480625A61704700ED00E0EFF308805D
:10925000EFF3098101B57246FFF71EFF01BD00BFA4
:10926000002080F31488BFF36F8F002080F30A88FA
:1092700080F30B880AF043FB00200E490860BFF31F
:109280004F8F0D4880F3088800F02CF8202080F3E1
:1092900011880A484FF40061401880F30988EFF301
:1092A00014800221084380F31488BFF36F8F00F00D
:1092B0002BF9000094ED00E0B00A012070F50020C9
:1092C000002318460649D1F89020C2F307229342A2
:1092D00000DB7047C1F89830C1F8A0000133F6E711
:1092E00000ED00E010B572B6002484F31388FFF798
:1092F000E7FF23464FF0FF300C4A03F12001013312
:10930000102B42F82100F8D100234FF0FF30074A1C
:1093100003F160010133102B42F82100F8D162B64D
:10932000BFF34F8FBFF36F8F10BD00BF00E100E0B0
:10933000084B9B6883420BD1EFF3058343B1064B87
:109340005A6842F080525A605A6A22F400425A62C5
:1093500008F07CBB5CDA002000ED00E06FF00A0151
:10936000084A9368D967084998674B6843F0805367
:109370004B60002383F31188BFF36F8F9368D86F1E
:10938000704700BF5CDA002000ED00E0104A9368EF
:1093900083F88100EFF31183202383F31288BFF356
:1093A0006F8F4FF00061536920F0FF009360094A0E
:1093B0005160596F084A1160002193F881201043D1
:1093C0009A6F996782F31188BFF36F8F704700BF60
:1093D0005CDA002000ED00E0C0D1002010498A686E
:1093E00082F881E04FF030001044EFF3098C80E800
:1093F000F01F74467046FFF7C9FFA64608498A6801
:10940000864602F1300090E8F01F8CF3098802F1E3
:10941000000004B509F0FDFEBDE8044070470000FF
:109420005CDA00201EF0040F0CBFEFF30880EFF3AE
:109430000980816911F8021C0229FFD001B509F0E9
:10944000D7FE01BD40B2002807DB01234109034AD2
:1094500000F01F00834042F82130704700E100E037
:1094600040B200280CDB01220649430900F01F002E
:109470008240203341F82320BFF34F8FBFF36F8F1B
:10948000704700BF00E100E0054B420953F822207D
:10949000012300F01F0003FA00F01040704700BFE6
:1094A00000E100E038B54B1C072B04460D460FD9F0
:1094B0005823104A1049114809F01DFE294610484A
:1094C0000723224609F017FE58210A4809F00AFE30
:1094D00040B20028ACBF00F160400A4A4FEA431393
:1094E000DBB2ABBF00F5614000F00F0080F8003345
:1094F000135438BD8B5F0100C25F0100D55A0100D3
:10950000DD5F010014ED00E00B4A08B50B4B22F0C3
:109510007F029A60BFF34F8FBFF36F8FD3F888201D
:1095200022F47002C3F8882006F08AFA08F070FC72
:1095300000F04EF806F0C4FA0080000000ED00E0F4
:1095400042F8203C009B0D4942F81C3C019B21F055
:10955000010142F8183C029B42F8081C42F8143CF6
:109560004FF0807342F8043C002383674FF43C4380
:10957000203A0265C0F88030704700BFB98700000C
:109580000C4B15469860426F0B4B0E461A60436EAB
:1095900083F30B882C4686F309884FF00000074BB5
:1095A000984720464FF000014FF000024FF00003B3
:1095B000034C20475CDA0020C0D100201B320100A0
:1095C000B98700001022014B1A61704700ED00E0DE
:1095D000002320210348C2180133412B82F80013D5
:1095E000F9D1704700E100E008B5EFF30583064AC2
:1095F000103B02EBC30152F8330049688847BDE8CD
:109600000840FFF779BC00BF445301001FB5094C67
:10961000094A23460121094800F0FAF80023039380
:10962000074B0121E41A01A80193029400F014F9F8
:1096300004B010BD0000042080C50020B855010012
:10964000C8CA002010B50C7A0B6804F01F0223F082
:109650001F031A43CB68640923F01F03054943EA3B
:10966000440343F00103C1F89800C1F89C20C1F8FD
:10967000A03010BD00ED00E010B5074BD3F89030DE
:10968000C3F30723013B984202D8FFF7DBFF10BD6D
:109690006FF01500FBE700BF00ED00E02DE9F04F93
:1096A0000F46144606464FF000084D4D85B0B845AC
:1096B00080F29280D6F80490B9F1000F36D0B9F15B
:1096C0001F0F40F2878019F01F0F40F08380D6F8FB
:1096D00000A01AF01F0F7DD1504609F0C1FD83464E
:1096E00009EB0A00013809F0BBFD834572D11BF17B
:1096F000160F6FD05C456DDDC5F898B0D5F89C109D
:10970000C5F898B0D5F8A03021F01F0143F01F0A2A
:10971000D6E900321A44994202F1FF391ED1CA45F6
:1097200008D131465FFA8BF009F0A3FD08F101087A
:109730000C36BCE73146C5F898B0D5F89C3022F01D
:109740001F0203F01F031343C5F89C30E0B209F079
:1097500090FD10F1160F3DD0441CE7E7C5F898B016
:10976000D5F8A020013B23F01F0302F01F02134392
:10977000CA453146E0B2C5F8A030E8D009F079FD1D
:1097800010F1160F26D0C5F898B0D5F89C209DF89A
:1097900008300AF1FF3A62F304038DF80830D5F877
:1097A000A0309DF808205B0863F347128DF808206D
:1097B000D6E900321344009323F01F035344A3EB74
:1097C0000903013023F01F036946C0B20393FFF77A
:1097D00053FFBEE76FF01504204605B0BDE8F08FDB
:1097E00000ED00E00522044BC3F89420BFF34F8F37
:1097F000BFF36F8F704700BF00ED00E0BFF35F8FD6
:109800000022024BC3F89420704700BF00ED00E037
:1098100038B50C4D0C462A78FFF740FF28701630FB
:109820000FD140F26913084A0849094809F063FC5E
:109830002146084809F05FFC40F26911024809F02E
:1098400051FC38BDB2DA00201D600100687A0100C9
:10985000D55A01004C6001002DE9F74F314E894681
:1098600005464FF00008B3462F4FC84502DB03B052
:10987000BDE8F08FD5F804A0BAF1000F4CD02968EC
:109880000846019109F0ECFC019904460AEB01003D
:10989000013809F0E5FC84424FF01402234B15D047
:1098A00002FB08F36FF015024BF8032040F2791326
:1098B0001F4A2049204809F01EFC49461F4809F06C
:1098C0001AFC40F279111A4809F00CFC14F1160F39
:1098D0003460EBD01978A142E8DD02FB08B0C7F88C
:1098E0009840C7F89840D7F89C4000F10801007BE9
:1098F00064F304000871D7F8A0000C79400860F305
:1099000047140C71D7F89C1021F01F017160D7F833
:10991000A01021F01F01316108F1010814360C3547
:10992000A3E700BFC4D1002000ED00E0B2DA0020C0
:109930001D600100687A0100D55A010078600100BD
:10994000F0B5564C564ED4F890303568C3F3072323
:109950009D4287B013D94FF4D073524A52495348AD
:1099600009F0C9FBD4F8902029465148C2F30722D8
:1099700009F0C1FB4FF4D0714A4809F0B3FB002055
:10998000FFF73CFF4B4BC4F8C030854217D14A4C1F
:1099900001A82570FFF778FA00250646474FAE422A
:1099A00014D1002023783D49D1F89020C2F307223A
:1099B00093426DDB0020FFF715FF07B0F0BD716823
:1099C00001EB0011FFF73EFE0130DEE7019A2901AD
:1099D00002EB0513D3F80CC00CEA0700B0F5001F2A
:1099E0001FD0B0F5800F39D0B0F5801F43D1586833
:1099F00052589B68CDE902022122013B20F01F0151
:109A00000B4423F01F038DF810200593207802A942
:109A1000FFF732FE00282EDB237801350133237057
:109A2000BDE7586852589B68CDE902024122013BCC
:109A300020F01F010B4423F01F031CF0010F8DF8D1
:109A400010200593E2D01E496C23164A174809F0EE
:109A500052FB1C4809F04FFB6C218DE758689B684E
:109A60005258013B20F01F010B44CDE9020223F0C4
:109A70001F030622C7E70C494FF4E573094A0B4858
:109A800009F039FB104809F036FB4FF4E57173E734
:109A9000C1F89830C1F8A000013385E700ED00E07F
:109AA000C45501001D600100687A0100D55A01000B
:109AB000A7600100AAFF4400B2DA00200000F0FF16
:109AC000DB600100016101003061010008B5024B5B
:109AD0001B689847002008BDD8D10020034B044ADA
:109AE0001860937843F0020393707047D8D1002038
:109AF00004C8002008B50649064821F00701C1F155
:109B0000005202F58022FEF799FD002008BD00BF3B
:109B1000B74E0120DCD1002038B50025104C20467E
:109B20000BF054F948B10F49CD230F4A0F4809F003
:109B3000E2FACD210C4809F0D5FA04F114000BF03B
:109B400095F938B10749CF23074A084809F0D3FAF5
:109B5000CF21EFE70135052D04F12404DFD138BD15
:109B6000E8D100209861010069610100D55A010027
:109B700038B500240A4D28460BF078F948B1094958
:109B80000948DB23094A09F0B6FADB21074809F046
:109B9000A9FA0134052C05F10805ECD138BD00BF48
:109BA0009CD2002098610100D55A0100A1610100FA
:109BB00038B500240B4D28460BF008F958B10A4976
:109BC0000A484FF4C3730A4A09F095FA4FF4C37177
:109BD000074809F087FA0134052C05F11405EAD18C
:109BE00038BD00BFC4D2002098610100D55A0100E1
:109BF000D6610100002230B51546094B09494C6871
:109C0000013203F19000052AC3E92414206003F116
:109C1000C00303F8085C4860F1D1002030BD00BFEC
:109C2000C8CA002014C800200122024B0020C3F83B
:109C3000402570470090034020B1034B800143F062
:109C400001031847704700BFA05501002DE9F041FE
:109C500005460E4617461D4CDFF8748044452BD947
:109C60001C49DB231C4A1D4809F045FA1C4809F031
:109C700042FADB210FE02368AB4200D0D3B9A368DE
:109C800063B91849E323144A144809F034FA164812
:109C900009F031FAE321104809F024FA3A46314636
:109CA0002846984730B13A4631462846E368BDE831
:109CB000F04118471034D1E7DDD30BF0AFFA6A2238
:109CC0000A4B1A504FF0FF30BDE8F0814C550100AF
:109CD0005C5501009062010042620100D55A01000A
:109CE000BD620100766201003F6201000C000000CD
:109CF00008B548B90B4913230B4A0C4809F0FBF986
:109D00001321094809F0EEF9094B1A683AB10949DB
:109D10001423054A054809F0EEF91421F1E718600B
:109D200008BD00BF17630100DC620100D55A0100C5
:109D300028D300201B63010010B570B913494FF4FC
:109D40006B73134A134809F0D6F9134809F0D3F995
:109D50004FF46B710E4809F0C5F9036863B90F49F8
:109D600040F2AD330A4A0B4809F0C5F90A4809F038
:109D7000C2F940F2AD31EDE71B689B6823B15B6827
:109D800013B1BDE810401847002010BD6563010005
:109D900036630100D55A01003F6201006B63010088
:109DA00008B570B9114940F2F533114A114809F06C
:109DB000A2F9114809F09FF940F2F5310C4809F079
:109DC00091F9036863B90D4940F2F633084A09482E
:109DD00009F091F9084809F08EF940F2F631EDE703
:109DE000D869003818BF012008BD00BF65630100B5
:109DF00036630100D55A01003F6201006B63010028
:109E000008B570B90F4940F232430F4A0F4809F0C4
:109E100072F90F4809F06FF940F232410A4809F02F
:109E200061F9006860B90B4940F23343064A0748BC
:109E300009F061F9064809F05EF940F23341EDE7B7
:109E4000103008BD6563010036630100D55A01007A
:109E50003F6201006B63010008B570B90F494FF410
:109E60006B730F4A0F4809F046F90F4809F043F9A0
:109E70004FF46B710A4809F035F9036863B90B496F
:109E800040F2AD33064A074809F035F9064809F0B3
:109E900032F940F2AD31EDE7186808BD65630100A5
:109EA00036630100D55A01003F6201006B63010077
:109EB00008B570B9124940F24233124A124809F00B
:109EC0001AF9124809F017F940F242310D4809F029
:109ED00009F9036863B90E4940F24333094A0A4855
:109EE00009F009F9094809F006F940F24331EDE7B4
:109EF0000C33D3E8AF0F084100F0010008BD00BFEC
:109F00006563010036630100D55A01003F6201001C
:109F10006B63010008B570B914494FF44073144ADB
:109F2000144809F0E8F8144809F0E5F84FF44071D6
:109F30000F4809F0D7F8036863B9104940F20133BC
:109F40000B4A0C4809F0D7F80B4809F0D4F840F256
:109F50000131EDE701220C3302FA01F1D3E8EF0FF2
:109F60000843C3E8E20F002AF8D108BD6563010089
:109F700036630100D55A01003F6201006B630100A6
:109F800008B570B915494FF44873154A154809F0DA
:109F9000B2F8154809F0AFF84FF44871104809F0CD
:109FA000A1F8036863B9114940F221330C4A0D4806
:109FB00009F0A1F80C4809F09EF840F22131EDE7D4
:109FC000012202FA01F1C9430C33D3E8EF0F084034
:109FD000C3E8E20F002AF8D108BD00BF65630100A5
:109FE00036630100D55A01003F6201006B63010036
:109FF00010B570B90B494FF434730B4A0B4809F094
:10A000007AF80B4809F077F84FF43471064809F0F4
:10A0100069F84FF0FF32BDE810404FF0FF331030C9
:10A0200009F051B96563010036630100D55A01009A
:10A030003F62010008B570B9094940F2D723094AC7
:10A04000094809F058F8094809F055F840F2D721B5
:10A05000044809F047F81030BDE8084009F041B95C
:10A060006563010036630100D55A01003F620100BB
:10A0700038B503680021044693F82050FFF718FF15
:10A0800088B90220236823BB2D494FF456732D4A0B
:10A090002D4809F030F82D4809F02DF84FF456718D
:10A0A000284809F01FF82046FFF7D6FE0AF02CFEDC
:10A0B00068B109212046FFF7FBFE0028E1D00A2104
:10A0C0002046FFF7F5FEC0F10600C0B2DAE7032034
:10A0D000D8E783F82000236893F8203098422ED1E7
:10A0E000062825D1062D2AD02046FFF759FE90B923
:10A0F0002046FFF785FE03686BB9154941F2BE3370
:10A10000144A114808F0F7FF104808F0F4FF41F234
:10A11000BE311048C5E708212046FFF7FBFE204668
:10A12000FFF73EFE58B92046BDE8384009F0CDB8EB
:10A13000062D04D108212046FFF722FFEFE738BDA6
:10A140006B63010036630100D55A01003F620100D4
:10A15000A36301007963010038B50546FFF748FFA6
:10A1600000212846FFF7A4FE88BB284609F0A6F880
:10A17000044600B38468F4B12846FFF76DFE70B959
:10A18000164941F26743164A164808F0B4FF1648CC
:10A1900008F0B1FF41F26741114808F0A3FF0AF04F
:10A1A000B3FDB8B1284609F089F801218368284633
:10A1B0009847041E06DB28460021FFF7ABFE284621
:10A1C000FFF756FF2846FFF735FF204638BD6FF0F2
:10A1D0007704F7E76FF00504F4E700BF756301004B
:10A1E00079630100D55A01003F6201002DE9F8436F
:10A1F0000C46054678B371B30846FEF713F90828F4
:10A2000006462BD8184FDFF8648000F10109474556
:10A2100018D9174941F2E853164A174808F06BFF5E
:10A22000164808F068FF41F2E851124808F05AFF5A
:10A23000AF4205D04A462146381D0AF010FF80B1D2
:10A240003C37E4E7F4D32146721C281D0AF0C9FF0D
:10A250000020BDE8F8836FF01500FAE76FF05A00B0
:10A26000F7E76FF07700F4E754CA002090CA0020A7
:10A27000EE63010079630100D55A0100BD6201005F
:10A280002DE9FF47404C4FF0FF324FF0FF333F487E
:10A2900009F019F80026A0463D4D3E4FDFF8F89032
:10A2A000AC4254D93D4941F265633D4A3D4808F00E
:10A2B00022FF3D4808F01FFF41F26561384808F071
:10A2C00011FF00222046C4E901222273FFF7C4FDDA
:10A2D000D0F808A0BAF1000F14D0DAF800308BB132
:10A2E00004F110000AF072FD04F124000AF06EFD82
:10A2F000DAF800302046984794F8383023F003030A
:10A3000084F838302379FBB92046CDE901338DF844
:10A310000C3008F0E8FF40B1244A01A81368591C2A
:10A3200011600821224A08F05BF99DF804303BB91E
:10A330003B6808215A1C3A6001A84A4608F050F9C7
:10A34000204601A9FFF752FF01363C34A8E7B8D3F5
:10A350009EB13C23A5EB0805B5FBF3F5AE420CD04E
:10A36000144941F285630E4A0E4808F0C4FE1248B3
:10A3700008F0C1FE41F28561A0E7044804B0BDE8E1
:10A38000F04708F0AEBF00BF54CA0020FCC900204F
:10A3900090CA00202CD3002015640100D463010072
:10A3A00079630100D55A0100BD62010030D300205D
:10A3B0000E6401001B6401003F62010038B50F4CC0
:10A3C0000F4DAC4218D90F4941F29D630E4A0F4818
:10A3D00008F091FE0E4808F08EFE41F29D610A4899
:10A3E00008F080FE03212046FFF762FD10B92046E9
:10A3F000FFF7B2FE3C34E4E7F4D338BD54CA002082
:10A4000090CA0020D463010079630100D55A01008D
:10A41000BD62010037B540230C460A490093411A3A
:10A42000491105462346084A084808F06CFF011EFA
:10A4300005DA2846234603B0BDE83040184703B08C
:10A4400030BD00BF48D3002071330100F452010039
:10A45000C9B2012908B509D9084909487A23094A26
:10A4600008F049FE7A21074808F03CFE0C220369F7
:10A4700001FB0233986C00F0070008BD6D64010019
:10A48000D55A01003064010070B5C9B201290369D1
:10A490000BD91949194840F25D13194A08F02BFEEF
:10A4A00040F25D11164808F01DFEEFF311852024DF
:10A4B00084F31288BFF36F8F0C2606FB0134A46C63
:10A4C00014F0C00408D0A24206D085F31188BFF36F
:10A4D0006F8F4FF0FF3070BD012206FB01339A648D
:10A4E00085F31188BFF36F8F436803EBC1035B688B
:10A4F00098470020EFE700BF6D640100D55A0100C6
:10A500003064010070B50D4606490446411A4911F0
:10A5100040220548FFF7B8FF2B4601462046BDE81C
:10A520007040184748D30020F452010070B5002253
:10A53000012104460520FEF7B5FF0F4802F01CFC80
:10A540000E4B984215D102F027FC26690C49304683
:10A5500008F020FE00280BDB0125B56424690849BA
:10A5600004F1200008F016FE002801DB00206565DC
:10A5700070BD6FF00400FBE741A600000000AD0BCA
:10A58000EC5501007FB500220123CDE9022304AB85
:10A59000CDE90433094A6B46CDF800D0CDF804D09C
:10A5A00008F0DFFE002805DB4FF4804200236846F8
:10A5B00005F004FF07B05DF804FB00BF893301001C
:10A5C00010B5EFF31184202383F31288BFF36F8F4C
:10A5D000074A136823F00201DB07116002D401204F
:10A5E00002F07CFC84F31188BFF36F8F10BD00BFB5
:10A5F000A0D300200C22104B014602FB00330020A8
:10A6000030B4D3E910521864EFF31180202484F39E
:10A610001288BFF36F8F9C6C04F0C00444F00204F6
:10A620009C6480F31188BFF36F8F1DB12B4630BC43
:10A630000248184730BC704748D30020F45201004C
:10A64000012808B506D0042808D098B90F4B9B6C98
:10A650005B0719D1BDE80840FFF7CCBF0C4940F2B9
:10A660006E230C4A0C4808F046FD40F26E21094862
:10A6700008F038FD064940F27223064A064808F001
:10A680003AFD40F27221F2E708BD00BF48D3002036
:10A69000687A010030640100D55A010010B4EFF36C
:10A6A0001182202383F31288BFF36F8F174801684C
:10A6B00041F002040460C80707D482F31188BFF395
:10A6C0006F8F012010BC02F08FBB1149D1F80C0430
:10A6D000D1F80C14C907F0D5EFF3118083F3128879
:10A6E000BFF36F8F0B498B6C03F0C00343F0020381
:10A6F0008B6480F31188BFF36F8F82F31188BFF3EF
:10A700006F8F002010BCFFF775BF00BFA0D30020E3
:10A710000050004048D30020024BC0B203EB401071
:10A72000704700BF48D300202DE9F04101220646C2
:10A730004149D1E8EF3FC1E8E02F0028F9D1A3B9A2
:10A740003E493F484B60CB608A60FEF7D9FA00284B
:10A750000BDA3C494FF40C733B4A3C4808F0CBFC05
:10A760004FF40C71384808F0BDFC5EB3731E012B2A
:10A7700057D8012E06D1364BD3F81C3403F003030F
:10A78000022B1FD00AF076FB0546E8B9314B1B7847
:10A79000D3B1022207462E4BC3F808232C4CDFF816
:10A7A000B880D4F81824D4F81834D20315D503F09F
:10A7B0000303022B01D0012E0FD16DB387F3118853
:10A7C000BFF36F8FBDE8F081EFF31187202383F390
:10A7D0001288BFF36F8F0125E0E7C5B1384608F056
:10A7E00030FDD4F81835DBB2012BDAD1D4F80421CE
:10A7F000002AD6D00022C4F80421D4F80421022271
:10A80000C4F818252022C8F88021A360C9E70021D8
:10A81000212007F0DFF8E4E702220D4BC3F8042300
:10A82000D0E70E4940F24223074A084808F063FC8B
:10A8300040F2422196E700BF44D3002034D30020E9
:10A8400068D300209164010030640100D55A0100F2
:10A850000050004068EF002000E100E0687A01004D
:10A8600008B507480AF050FA38B10648FFF736F93C
:10A870000448FDF79BFF002008BD6FF01200FBE7C6
:10A880003053010089A800000A2838B50446074D56
:10A8900004D1AB680D2128465B689847AB68034834
:10A8A0005B68E1B29847204638BD00BF30530100D5
:10A8B00010B5036961B920493A23204A204808F0BD
:10A8C0001AFC204808F017FC3A211C4808F00AFC42
:10A8D000486850B91C493B23184A194808F00BFC3A
:10A8E0001A4808F008FC3B21EFE75868F8B18842A5
:10A8F00019D19C680868A142586000D19860002076
:10A9000008602AB15A680A609A68596002B9996069
:10A91000002010E0814206D10868206098688142DA
:10A92000EDD19C60EBE7044600680028F2D1002AD4
:10A93000E8D16FF0150010BDE9640100AD640100BD
:10A94000D55A0100F26401000165010013650100A0
:10A9500038B545682B69B3B11035284602F034FF8D
:10A96000044680B90146284602F0D2FE084B9842C0
:10A970000BD122462846074902F08EFE22460521C9
:10A980003120FEF78FFD002038BD6FF00400FBE79B
:10A990000000AD0BBDAA000008B50268530904D140
:10A9A0004FF0FF33D340DB070BD40749074840F291
:10A9B0006933074A08F09FFB40F26931044808F008
:10A9C00091FB044808BD00BF5D650100D55A010038
:10A9D0002A65010000258440F0B5406801F01F049D
:10A9E000057B87B044EA45140569002D5BD0B2F5BC
:10A9F000001F00F1100506D12146284609F048F84D
:10AA0000002007B0F0BD0027B2F5800F01AE01971E
:10AA1000776033D1B3F1007F14BF052304238DF891
:10AA200004300023CDE9046303938368CB40D90746
:10AA300016D4B2F1A07F13D168460094FFF7ACFFA3
:10AA400004F1800350F82330DB0709D46A4621461D
:10AA5000284602F02FFE174B98421AD0CDF808D0A6
:10AA60002146284603AA02F097FC134B98421DD1B9
:10AA700001222146284602F0CDFEC1E7B3F1C06FA6
:10AA800005D0B3F1007F14BF01230223C7E70323DE
:10AA9000C5E76946284602F0B1FE074B9842DDD073
:10AAA0006FF00B00ADE76FF08500AAE76FF01500BF
:10AAB000A7E700BF0400AD0B0000AD0B430970B564
:10AAC00007D1124B596821B101250C68104E854001
:10AAD00001B970BD8A682A4010D04B6863B90D492E
:10AAE0005D230D4A0D4808F006FB0D4808F003FBF6
:10AAF0005D21094808F0F6FA304698471CB12368F2
:10AB000021461C46E4E72346FAE700BFA4D3002011
:10AB10000853010080650100AD640100D55A0100B1
:10AB2000136501002DE9F043466840F20635337B9A
:10AB3000D00601F01F0747EA431748BF032302EA84
:10AB4000050558BFC2F3401387B0B5F5837F14469F
:10AB50008DF8033042D00FD8062D18D007D8B5B1E4
:10AB6000022D3DD06FF0150007B0BDE8F083B5F5BC
:10AB7000807FF7D101250AE040F20222954231D0D0
:10AB8000B5F5407F30D0B5F5007FEBD1022522032B
:10AB90002CD5012372688B40936033696BBB03A88B
:10ABA0000397FFF7F9FE84F4803300EB8700C3F3CB
:10ABB0000043C4F34044D0F8002244EA43049DF823
:10ABC000033022F4E16244EA830422F0070244EAFB
:10ABD00005231343C0F800320020C5E70725D6E758
:10ABE0000425D4E70525D2E70325D0E7630341BF59
:10ABF000012372688B40D360CFE710363946304668
:10AC00000DF1020202F056FD14F4403F804617D1C8
:10AC10003946304608F03AFF244B9845DCD130469F
:10AC20009DF8021002F0DEFD4045D5D020492148B4
:10AC3000AB23214A08F05FFAAB211F4808F052FA13
:10AC40004FF0000901AB3946304603AACDE904397B
:10AC5000CDE90199CDF80C9002F09EFB134B984280
:10AC600080D114F4003315D09DF8033084F480347F
:10AC7000C4F300448DF80E3039464B46304603AAE3
:10AC80008DF80C508DF80D4002F076FC074B984281
:10AC9000C2D067E7CDE9043339460DF103033046EE
:10ACA00003AA039302F078FBF0E700BF0000AD0BAE
:10ACB000B8650100D55A01008C65010008B502682D
:10ACC000530904D14FF0FF33D340DB070BD40749BE
:10ACD000074840F26933074A08F00DFA40F269313B
:10ACE000044808F0FFF9044808BD00BF5D65010095
:10ACF000D55A01002A650100002584402DE9F04F56
:10AD00001546824640F2FF19DFF848B185B000EBE6
:10AD10008108D04503D1002005B0BDE8F08FDAF8F6
:10AD200000305A04C3F3C321C3F3080400F18C803C
:10AD3000494A5B0C4C4508BF4FF0FF34575C192B58
:10AD400000F28580DFE803F00D141A1D20261D8314
:10AD50008383833460838383838383838383637761
:10AD60007A7DC5F80C45631C5BD10AF1040AD0E773
:10AD7000C5F81445661CF8D000265AE0C5F8084509
:10AD8000F1E7C5F81045F5E7601CC5F80845ECD0BB
:10AD9000002604E0611CC5F80C45E6D0012603A896
:10ADA0000394FFF78BFF012101FA04F3C36008E06D
:10ADB000C5F80845002FDDD1631CD6D00026062734
:10ADC0003146DAF80030039403F40040002818BF3D
:10ADD000002103A818BF012601930091FFF76EFF21
:10ADE000019B00EB8400D0F80042C3F3412C009992
:10ADF0003B0243EA8C030B4304EA0B04234343EA7C
:10AE00004603C0F80032B0E7C5F80C45D2E7C5F8F4
:10AE10006045621CDAF80030A7D0C3F30043002B72
:10AE2000BCD0012603A80394FFF748FF06FA04F3F9
:10AE300083603146C5E7C5F86445EAE7C5F868456B
:10AE4000E7E7C5F86C45E4E76FF0150064E76FF0DD
:10AE5000850061E7F0F8FCFFD86501002DE9F743B4
:10AE600006464FF00008002201210820FEF71AFBD9
:10AE70000820FEF7E7FA776835693C684146C4F870
:10AE800000852E60D7F80C9001AA484608F0B8FA61
:10AE9000002839DB019BD9F8002019791868FFF7E1
:10AEA0002DFF002830DB6B7AD6F810C0012B03D0C1
:10AEB000032B27D14FF01008AB7A032B22D1E97A6C
:10AEC00009B101291ED12A7A12B1022A1AD10E2201
:10AED0006B687068B3F5164F006800F0B28034D824
:10AEE000B3F5165F00F0B0801AD8B3F5966F00F096
:10AEF000AD800CD8B3F5967F00F0AB80B3F5167F2C
:10AF000000F0AA806FF0850003B0BDE8F083B3F5D0
:10AF1000166F00F0A480B3F5965FF3D15C4B43E06D
:10AF2000B3F5E14F00F09E8008D8B3F5615F00F003
:10AF30009B80B3F5964FE5D1564B35E047F6122E80
:10AF40007345DFD14FF400032EE0B3F5613F00F00D
:10AF50008D8015D8B3F5963F00F08B800AD84DF65A
:10AF6000C02E734500F08780B3F5614FCAD14FF40E
:10AF70006B0319E0B3F5E13FC4D14FF0EB7313E07D
:10AF8000B3F5612F7AD009D8DFF80CE1734578D09A
:10AF9000B3F5E12FB6D14FF0E86305E0DFF8FCE050
:10AFA0007345AFD14FF08053C0F82435736841EA40
:10AFB00008011B680A43C3F86C250CF10403D5E9AA
:10AFC000010183E803007B68990712D505F11C0095
:10AFD00001F0D2FF324B984256D1287F04F10C0287
:10AFE00004F5907108F08FFC01202B7F984001F050
:10AFF0001BFE0823C4F800353B7A53B9C4F810315E
:10B00000D4F81031AB69C4F834350123C4F83835AD
:10B0100023607B6800209A075CBF4FF48073C4F8FC
:10B0200004337B68DB0644BF4FF48003C4F8043369
:10B030006B69C4F844350123C4F84805A360E36094
:10B0400062E74FF41D03AFE7164BADE74FF49E23C5
:10B05000AAE74FF4A033A7E74FF41C33A4E74FF45B
:10B060001D23A1E7104B9FE7104B9DE74FF06C733A
:10B070009AE70F4B98E74FF4650395E74FF070633D
:10B0800092E74FF080638FE76FF004003CE700BF6A
:10B0900000B0130000A04E0090D0030040420F000B
:10B0A0000000AD0B0050270000C0750000F03A0012
:10B0B00000903A012DE9F04104460D46076909F078
:10B0C000D9FE4FF02008B0B91F4B1B789BB1642606
:10B0D000606808F06EFAF0B9012008F012FC013E39
:10B0E000F6D10021212006F075FCF0E781F31188EC
:10B0F000BFF36F8FF5E7EFF311810E4688F31288E7
:10B10000BFF36F8F606808F054FA80B981F311883B
:10B11000BFF36F8FEFE7EFF311810E4688F31288CC
:10B12000BFF36F8F606808F044FA0028DED07B69B7
:10B1300001221D702046796908F07CF986F3118898
:10B14000BFF36F8FBDE8F08168EF002070B40E4947
:10B1500022F07F46D1E90034D01AC31844F100042C
:10B16000C1E90034A6F50013B3F5400F09D2074B2F
:10B170001B681A0A1B069C19054B42F10005C3E91E
:10B18000004570BC06F0B8BF98CE0020B8D30020B0
:10B19000A0CE00200D4B1868010A0006BFF35F8F98
:10B1A0000B4BD3F80435181841F10001B3F5801F9B
:10B1B0000AD2084BD3E90023904271EB030303D278
:10B1C00010F1807041F10001704700BFB8D300203A
:10B1D00000500140A0CE00202DE9F7432E4BD3F8BC
:10B1E000042390070BD5D3F8042142B10022C3F801
:10B1F00004212A4AD3F80431136801331360264A24
:10B20000D2F80433D90326D5254BD3E8EF1F21F01C
:10B210000100C3E8E40F002CF7D1CB0702D4D2F829
:10B220004031C3B100251C4CC4F84051D4F8403122
:10B23000FFF7B0FFEFF31182202383F31288BFF3EF
:10B240006F8F184BD3E90267B042B94106D282F33F
:10B250001188BFF36F8F03B0BDE8F0834FF0FF3864
:10B26000D3E900104FF0FF391D60C3E902894FF4A4
:10B270008033C4F84833C4F84051D4F8403182F3E5
:10B280001188BFF36F8F0029E5D0009032463B460E
:10B2900028468847DFE700BF00500140B8D30020B0
:10B2A000B0D3002088CE00202DE9F84F04460D468B
:10B2B000434FD7E8EF8F28F00103C7E8E23F002AA9
:10B2C000F7D14FF480393F4EC6F80893BFF35F8F34
:10B2D000BFF36F8FFFF75EFFA04271EB050308F02D
:10B2E000010840D2384B201A65EB0101984271F1F8
:10B2F000000148D2354BD3E902239D4208BF944256
:10B300003AD04FF0000C24F07F40834603216FF0C9
:10B31000020EC6F84893C6F840C1D6F84031DFF8AF
:10B32000B0A02BF07F43C6F84035C6F84493D6F85A
:10B330000425AEEB02035B4423F07F4353451BD946
:10B34000D6F840315BB1D6F80425131A23F07F43B9
:10B35000B3F5000F10D9C6F840C1D6F8403101EB63
:10B36000020B0131DDE71B4BD3E8EF1F41F0010178
:10B37000C3E8E21F002AF7D1144B174AC3E902457C
:10B380001A6000225A60B8F1000F16D0D7E8EF3FDC
:10B3900043F00103C7E8E23F002AF7D14FF48032BF
:10B3A000084BC3F804230B4BD3E8AF3FDB0742BF86
:10B3B0004FF40012094BC3F80021BDE8F88F00BF1D
:10B3C000B4D30020005001400100800088CE00204E
:10B3D000FDFF7F00B0D300204DB1000000E100E090
:10B3E00070B54FF0FF3000254FF0FF31164C174B72
:10B3F0000226C4F80833C4F84833154BC4F808557E
:10B40000C3E902014FF480334FF40012C4F804334F
:10B41000104B0121C4F804631520C3F880212A468B
:10B42000FEF740F81520FEF70DF801230A4AA36045
:10B430000021236009481360FFF736FF3046FFF70D
:10B4400073F9284670BD00BF0050014003000F0093
:10B4500088CE002000E100E0B4D30020FFFF7F0091
:10B46000431C10B50F4C05D08442A8BF0446012CE4
:10B47000B8BF0124FFF78EFE0B4AD2E90031C01A93
:10B48000B0F5000F074A0AD22044904228BF104668
:10B49000BDE81040C01841F10001FFF705BF10469C
:10B4A000F6E700BFFFFF7F0098CE002008B5FFF74A
:10B4B00071FE024B1B68C01A08BD00BF98CE002069
:10B4C00070B505460C4C0D4EB44212D90C497A2386
:10B4D0000C4A0D4807F00FFE0C4807F00CFE7A21CD
:10B4E000084807F0FFFDD4E90031284698470834A2
:10B4F000EAE7F8D370BD00BFA87A0100A87A01007E
:10B500001C660100EA650100D55A0100BD62010018
:10B5100070B5002201212A20FDF7C4FF0E4804F077
:10B520009DF805460D4C0E4EB44212D90D499A2392
:10B530000D4A0E4807F0DFFD0D4807F0DCFD9A21AB
:10B54000094807F0CFFDD4E9003128469847083470
:10B55000EAE7F8D3284670BDE0560100A87A01005A
:10B56000B87A010040660100EA650100D55A010081
:10B57000BD620100F0B50F4B01461A680E4B0B255A
:10B58000002618461F46B84201D3013D04D1184693
:10B59000013A19605A60F0BD04688C42FBD03CB19E
:10B5A0004468141BA642BCBF034626460830EAE79F
:10B5B0000346ECE778D4002084D400200020054B1B
:10B5C000C3E90000044BD3E8EF2FC3E8E10F0029E3
:10B5D000F9D170477CD4002078D400202DE9F04FB9
:10B5E00089B005460E4609F089FB20B96FF06D0061
:10B5F00009B0BDE8F08F09F090FC33680446002BD9
:10B600000F4604D106F0A2F86FF00A00F0E7BCBFC5
:10B610004FF0FF3333600122002101A809F0F4FB51
:10B62000E8460795EFF3118B202383F31288BFF3CD
:10B630006F8F09F0F3FDDFF828A1DFF828915AF8A1
:10B640000000FFF797FFD9F8003042689A426ED1A8
:10B650000023454D00936B68002B6FD1C5E900882E
:10B660008BF31188BFF36F8F33685A1C6BD04FF484
:10B67000004E40F2E730002123EAE37C4FF47A7277
:10B680000023CCFB0E01FCF75DFD02460B4601A832
:10B6900004F094FEEFF3118B202383F31288BFF3A1
:10B6A0006F8F00222B685BB1434556D10099002A69
:10B6B0004DD16A6829609A4200D1696000230093E5
:10B6C00009F0ACFD5AF80000FFF754FFD9F800303C
:10B6D00043608BF31188BFF36F8F09F00FFB0028D5
:10B6E00084D035686B1C27D009F017FC4FF47A7EA4
:10B6F000A0FB0E320EFB0121A4FB0E420EFB072223
:10B70000DB0BE40B43EA414344EA42441B1B4FEA90
:10B71000D1314FEAE57C61EBD231ED1A6CEB010CD3
:10B72000BCF1000FB8BF002535602DB96CE7436050
:10B730008BF31188BFF36F8F002059E7C3F80080A7
:10B74000C5F804808CE74FF0FF3213469FE7116085
:10B750006968994208BF6A60B0E71A461B68A2E7A9
:10B760000800000078D400207CD4002010B5041E0E
:10B770000DDCEB23084A0949094807F0BCFC2146C7
:10B78000084807F0B8FCEB21034807F0ABFC09F0D0
:10B7900045FD054B1C5010BD656601009666010015
:10B7A000D55A0100A36601000C00000070B50368C3
:10B7B000124C2BB1A34203D304F1A805AB4217D31B
:10B7C0000F4D2B78062B0CD90E49FF230E4A0F483C
:10B7D00007F091FC0E4807F08EFCFF210A4807F0A5
:10B7E00081FC5E1C03EB430304EBC3042E70046076
:10B7F0000068BDE8704009F007BB00BFD0D300204F
:10B80000D6DA0020CA66010065660100D55A01003B
:10B81000D366010008B528B10C4A904202D3A83281
:10B8200090420ED30A494FF487730A4A0A4807F038
:10B8300062FC0A4807F05FFC4FF48771054807F087
:10B8400051FCBDE8084004F077BD00BFD0D3002014
:10B85000F966010065660100D55A01007F680100A4
:10B8600070B5054628B1194B984202D3A8339842C7
:10B870000ED317494FF48C73164A174807F03BFC58
:10B88000164807F038FC4FF48C71124807F02AFC78
:10B890004B1C17D021EAE1744FF4004640F2E73028
:10B8A00000214FF47A720023C4FB0601FCF74AFC26
:10B8B00002460B46284604F081FD002818BF6FF0B1
:10B8C0000A0070BD4FF0FF321346F3E7D0D30020DB
:10B8D000F966010065660100D55A01007F68010024
:10B8E00008B50268104B2AB19A4203D303F1140140
:10B8F0008A4214D30D4A117871B10D494FF49973EE
:10B900000C4A0D4807F0F7FB0C4807F0F4FB4FF426
:10B910009971084807F0E6FB012103601170006887
:10B92000BDE8084009F052BABCD30020D5DA0020A7
:10B930009968010065660100D55A0100A2680100FE
:10B9400008B528B10C4A904202D3143290420ED36B
:10B950000A4940F241130A4A0A4807F0CCFB0A4858
:10B9600007F0C9FB40F24111054807F0BBFBBDE8F9
:10B97000084004F04BBB00BFBCD30020C5680100E9
:10B9800065660100D55A0100696A010070B5054677
:10B9900028B1194B984202D3143398420ED3174959
:10B9A00040F24B13164A174807F0A5FB164807F05C
:10B9B000A2FB40F24B11124807F094FB4B1C17D02E
:10B9C00021EAE1744FF4004640F2E73000214FF4E1
:10B9D0007A720023C4FB0601FCF7B4FB02460B4657
:10B9E000284604F043FA002818BF6FF00A0070BD23
:10B9F0004FF0FF321346F3E7BCD30020C5680100C7
:10BA000065660100D55A0100696A010038B505462E
:10BA10000A4BD3E8EF1F0131C3E8E21F002AF8D137
:10BA2000074B1C6804B938BDE369AB4201D005B1CE
:10BA300013B9201D04F080FC2468F3E778D40020BB
:10BA40007CD40020014600220023014809F096B969
:10BA5000D4D400200146014804F068B9D4D40020B1
:10BA6000014600220023014809F088B9ECD40020E7
:10BA70000146014804F05AB9ECD4002008B54FF44F
:10BA800080620649064809F071F9BDE808404FF4A4
:10BA900002520449044809F069B900BFD7DA00200E
:10BAA000D4D40020E8840020ECD4002010B5044B4E
:10BAB0001C6804B910BD201D04F03EFC2468F8E7A2
:10BAC0007CD40020014802F0D7BB00BFD1BA0000EF
:10BAD00070B505460C4C0D4EB44212D90C491323D7
:10BAE0000C4A0D4807F007FB0C4807F004FB132134
:10BAF000084807F0F7FAD4E9003128469847083497
:10BB0000EAE7F8D370BD00BFA87A0100A87A010067
:10BB1000AE6A01007F6A0100D55A0100BD620100D2
:10BB2000292800F099800ADC01284FD0062800F06F
:10BB30009580002800F08E804FF0FF307047B0F500
:10BB40008D7F04D0B0F5007FF6D11E2948E04B1E52
:10BB5000142BF1D801A050F823F000BFB3BB0000B4
:10BB6000B3BB0000B3BB0000B3BB0000B3BB00001D
:10BB7000B3BB000039BB000039BB000039BB00007B
:10BB800039BB000039BB0000B3BB0000B3BB0000F1
:10BB9000B9BB0000BDBB000039BB000039BB0000D1
:10BBA000B1BB0000C1BB0000C5BB0000C9BB0000A9
:10BBB0000E210020116070470F21FAE71021F8E7ED
:10BBC0001121F6E71221F4E71321F2E736293FDCD1
:10BBD000202907DC1429ECD038DC0229E9D004291B
:10BBE000E7D0A9E7A1F12103152BA5D801A050F8B2
:10BBF00023F000BFB3BB0000B3BB000039BB0000A3
:10BC000039BB000039BB000039BB000039BB000064
:10BC1000B3BB000039BB000039BB000039BB0000DA
:10BC200039BB000039BB000039BB000039BB000044
:10BC300039BB000039BB0000B3BB0000B3BB000040
:10BC4000B3BB0000B3BB0000B3BB00001529C7E7BE
:10BC50003D29C5E71F29C3E72029C1E73729BFE7E9
:10BC60004FF0FF32064B00201A609A611A639A6403
:10BC70001A669A67C3F89020C3F8A820704700BFDF
:10BC800008D500202DE9F0411446002286B0012994
:10BC90000D461E46CDE90422DDF83080076803D149
:10BCA000192C12D15F2307E02146284603AAFFF78B
:10BCB00037FF002824DA6D2309F0B0FA144A135034
:10BCC0004FF0FF3006B0BDE8F0812146284603AAB8
:10BCD000FFF726FF0028EEDB143C012C07D836B115
:10BCE0004FF008083268B3680492059304AE3346F7
:10BCF00029463846039ACDF8008003F06FF8E1E753
:10BD0000B5F58D7FF3D10C2C08BF4FF00408EEE79A
:10BD10000C0000002DE9F0411C46002386B00F46C0
:10BD20001546CDE9043308230668294638460DEB4D
:10BD30000302DDF830800393FFF7F2FE00280ADAF1
:10BD400009F06CFA6D224FF0FF361A4B1A5030464C
:10BD500006B0BDE8F081012F1DD1A5F11403012B20
:10BD600019D803AA04AB304600923946029A03F070
:10BD700063F906460028EAD1012FE8D1042D0DD140
:10BD800020680028E3D0FFF7F1FC09F047FA094BDF
:10BD90001B582360DBE742462346E4E7143D012DB0
:10BDA000D5D8049BC4E90030059BA3601023C8F8D4
:10BDB0000030CCE70C0000000B490346087880B93E
:10BDC0000A49097839B1A2F5807102290AD9A2F588
:10BDD0008872012A06D9013B022B8CBF002001206A
:10BDE00070470020704700BF58DF002057DF002059
:10BDF00070B4002318250168084C05FB03F2A6580F
:10BE0000B14206D1B0F906100832A01870BC06F095
:10BE100003BB0133082BF0D170BC704708D500205C
:10BE20002DE9F04389B00546D0E900900E4617464B
:10BE30009846109C08B107F079FCA4B9CDE90044FC
:10BE400043463A463146484608F0D3FA0446686805
:10BE500028B14FF0FF324FF0FF3307F065FC20466A
:10BE600009B0BDE8F0832388012B0BD1ADF8083071
:10BE70006368628803930823ADF80A2001936B443A
:10BE80000093DDE7022B18D16288ADF80830ADF8D9
:10BE90000A20231D0DF10C0C04F1140E62461868E3
:10BEA0005968083303C273459446F7D1237D8DF852
:10BEB0001C301623019302ABE2E709F0AFF96A22C6
:10BEC000024B4FF0FF341A50C1E700BF0C000000D6
:10BED0002DE9F347074690460C4679B300231A46EE
:10BEE000C868834235D1802A72D800254FF0FF32CE
:10BEF0004FF0FF33394807F017FCA946384EE36886
:10BF0000AB422DD800263546DFF8D4A0B14511DD6F
:10BF100085B96368384601932368A9EB060200934C
:10BF20000AEB06014346FFF77BFF051EEEDD2E44BC
:10BF3000B145EEDC294807F0F9FB06E009F06EF99F
:10BF400016224FF0FF35274B1A50284602B0BDE8A5
:10BF5000F087A16801EBC301496801330A44C0E7D7
:10BF6000A36806EB090003EBC50253F835105268CD
:10BF700009F037F9A3684FEAC50A53445B680135F5
:10BF80009944BCE7A3684FEAC60A03EBC6035B68A3
:10BF90003BB14FF00009A36803EB0A0252689145D8
:10BFA00004D30136E368B342ECD8CEE753F80A1065
:10BFB000636849440193236838460093A2EB090261
:10BFC0004346FFF72DFF011E05DB89440D44E2E7E0
:10BFD00000263546E6E70D46B7E700BF10CA002049
:10BFE000D7DE00200C0000004FF0FF324FF0FF338F
:10BFF00070B505460B4807F097FB002318200A4A46
:10C0000000FB03F156588C18013605D155500548F0
:10C0100007F08CFB204670BD0133082BF0D10024C3
:10C02000F5E700BFC0C9002008D5002038B5094D8C
:10C0300004464FF0FF3228464FF0FF3307F074FB01
:10C0400000234FF0FF32C4E900232846BDE8384002
:10C0500007F06CBBC0C9002010B50446114B124A52
:10C06000186003681148DA61FDF742FE236873B96E
:10C070000F4940F201330F4A0F4807F03CF80F48D0
:10C0800007F039F840F201310A4807F02BF80C3379
:10C09000D3E8EF1F41F00801C3E8E21F002AF7D1FF
:10C0A00010BD00BF04D50020D5C100000C57010011
:10C0B0006B63010036630100D55A01003F62010045
:10C0C000F0B5A1F58173046887B0032B58D8DFE879
:10C0D00003F002417A540127D2E9016113683B4A17
:10C0E000B3F904300492ADF814308DF8167033684B
:10C0F000994205D109F092F80C22354B1A5014E000
:10C1000000F10805284608F095FF2B460022394625
:10C11000306806F0EDF80823204600933C223946AB
:10C1200004AB02F05BFE044610B14FF0FF340EE0AA
:10C13000336814333360CDE90200284602AA03A90C
:10C1400008F07DFF039B002B18BF6FF0770420469B
:10C1500007B0F0BDD2E90042136814331360002326
:10C16000CDE9033303AA04A9083008F068FF049B53
:10C170000BB1039BE3800024E9E713684360FAE70F
:10C18000032913D0042919D1126832F4804304D052
:10C1900009F044F816210E4B195004212046C2F331
:10C1A000803207B0BDE8F04008F08DBB2046002289
:10C1B00008F089FB840304F48044C8E709F02EF8F2
:10C1C0001622034B9AE76FF05E04C0E7F1BD000052
:10C1D0000C0000002DE9F0410D1E0746904612DAD2
:10C1E00005F0C2F91C4E012333704246384625F053
:10C1F0004041FDF72BFD00233370044605F022FA81
:10C200002046BDE8F0816B0003D505F0ADF9134E73
:10C21000E9E7FCF717FB041E09DB294642463846CE
:10C2200007F0D0FE051E05DA204606F059FF4FF054
:10C23000FF34E5E7FFF7D8FE014640B908F0EEFF0E
:10C240000C22074B1A50284602F096FDECE72046D8
:10C25000044AFCF735FBD3E758DF002057DF002006
:10C260000C000000145701002DE9F04F14460E4653
:10C2700000218BB00546202202A81F46019108F03C
:10C28000BDFF5CB163680293E3680493A368039302
:10C2900023690593236A03B1089302AC4FF0FF3280
:10C2A0004FF0FF333B4807F03FFA3146224628461D
:10C2B00001AB02F075FA064648B9804681464FF058
:10C2C000180A019D38604DB9019807F05DFE3148AC
:10C2D00007F02CFA30460BB0BDE8F08F542008F080
:10C2E000BAFE044600284FD0C0F80090C0F8209055
:10C2F0002B684360AB68C3606B688360EB68036165
:10C30000D5F804B0BBF1010F15D1082008F0A3FE49
:10C31000E061002835D00823A3616B695A88A0F832
:10C3200000B042805B684360B8F1000F2FD13C60E1
:10C33000A046ED69C7E7BBF1020F09D008F084FE03
:10C340006FF00506386807F0E2F900233B60BBE7B1
:10C35000182008F080FEE06198B1C4F818A06A695E
:10C360005388111D4380034602F1140C23F804BBCB
:10C3700051F804EB614543F804EBF9D1137D0375E3
:10C38000D2E7204608F060FE6FF00906DAE7C8F849
:10C390000040CDE7E8C900202DE9F04389B0074609
:10C3A0000C461546FCF74EFA0646002E38681EDB92
:10C3B00004B315B32B6801AA082B18BF16230DF17F
:10C3C00008090193494607F077FFB0F100080BDB3D
:10C3D000FFF70AFE074698B908F020FF0C22274B0A
:10C3E0001A50404602F0C8FC304606F079FE4FF085
:10C3F000FF3618E02246A146E4E72A46A946E1E7CF
:10C4000064B15DB1B9F80020012A10D108232B6076
:10C41000BDF80A3022806380039B63603946304652
:10C42000174AFCF74DFA304609B0BDE8F083022AFE
:10C4300017D118232B60BDF80A3003AD6380234663
:10C440000DF11C0C23F8042B2A4603CA6245186020
:10C450005960154603F10803F6D19DF81C30237589
:10C46000DCE708F0DBFE8622044B1A50404602F05F
:10C4700083FC3846FFF7DAFDB6E700BF0C0000008A
:10C4800014570100F0B50A880B46012A066887B0E8
:10C490000DD1ADF80020082249885B68ADF8021084
:10C4A00001936946304607F08DFE07B0F0BD022AC1
:10C4B00015D14988ADF80020ADF802101A1D01AD64
:10C4C00003F114072C4610685168083203C4BA42BD
:10C4D0002546F7D11B7D16228DF81430E1E708F0D0
:10C4E0009DFE6A22024B1A504FF0FF30DDE700BF7D
:10C4F0000C00000008B5024801F0B8FE002008BD9D
:10C5000095C500002DE9F8431A4E1B4FDFF86C80EB
:10C5100000220023304603F0A3FE0546F8B9BDE82B
:10C52000F883237ADA070AD49B0708D4216819B163
:10C53000484608F0EAFD10B14846636898470C3455
:10C54000BC4210D90E4960230E4A0F4806F0D3FDB5
:10C550000E4806F0D0FD60210A4806F0C3FD0C4CE1
:10C5600005F10409ECE7DCD32946404603F0DEFB85
:10C57000CEE700BF38CA002084C90020A8C9002027
:10C580000F6B0100E36A0100D55A0100BD62010092
:10C5900078C900202DE9F041044638BB2A493623EA
:10C5A0002A4A2B4806F0A7FD3621284806F09AFDB6
:10C5B0002F7AFA070AD4296819B1204608F0A5FD98
:10C5C00020B1BB0710D520466B6898470C35454510
:10C5D00011D9204939231D4A1D4806F08CFD1E48FB
:10C5E00006F089FD3921E0E70126EFE700261B4D23
:10C5F000DFF86C80EBE7DBD31EB32046FBF712FFBE
:10C600000022411D0023174808F0B8FB054658B921
:10C610004F230E4A14490E4806F06DFD214613487B
:10C6200006F069FD4F21C0E721460430FBF7F2FE1A
:10C6300029460F4808F0DDFBBDE8F0410D4804F045
:10C640003FB9BDE8F08100BF2F6B0100E36A010034
:10C65000D55A01000F6B0100BD62010078C90020AE
:10C6600084C90020A8C90020446B01004D6B010063
:10C6700038CA00206CC80020024883681B6A03B1D6
:10C68000184770473053010038B5054D441E14F863
:10C69000011F01B938BDAB6801485B689847F6E7F0
:10C6A0003053010010B5094C4FF480512346084A1D
:10C6B000204601F04BFE2046FFF7E6FF0022054B27
:10C6C0001A70BDE81040FFF7D7BF00BF5ADF002047
:10C6D0007B6B01005AEF00200322F0B52B4B85B095
:10C6E0001A702B4808F010FB002845D008F015FC04
:10C6F0004FF47A72A0FB020302FB0133244DC00BFE
:10C70000AE6840EA4344B368B3B128469847074649
:10C7100090B9336C002B34D11E491F4804F040F807
:10C7200000234FF4806200931C490A231C4804F044
:10C73000CDF8FFF7A1FF21E008F0EFFB4FF47A728C
:10C74000A0FB020302FB0131C30B43EA41431B1B65
:10C75000B3F5FA7F10D8AF683B69002BFCD00122FB
:10C7600028460DF10F0198470028F5D100214FF41C
:10C77000A47005F02FF9C6E76FF00D07384605B035
:10C78000F0BD0246074902489847C5E75BEF002025
:10C7900030530100A5C60000CCD5002070F1002068
:10C7A000A8CE0020A9C70000F7B504468368DB6B5C
:10C7B00003B19847A368DB6AC3B9454E454D33784A
:10C7C000C3B9A3681B692BB1012220460DF10701F3
:10C7D000984778B19DF80730082B01D07F2B0BD1FB
:10C7E0002B68002BEBD0013B2B60E8E720469847F5
:10C7F0000028E2D103B0F0BD37480278002A48D1C2
:10C800000A2B24D00D2B14D0002B42D1334B1B7894
:10C81000002BD4D100222F49314B0F680A601946F2
:10C82000DA55027013F8012B202A42D8002AF9D1D8
:10C83000C5E72A4A1278012AECD0264A1068411C22
:10C84000B1F5805FBBD2264F11603B54B7E7234A56
:10C850001778022FDED01F49032F0A6813D1204F0B
:10C860006AB107EB020C1CF801CCBCF10D0FD1D062
:10C87000501CB0F5805FA2D2BB5408609FE73B70AC
:10C8800001230B609BE7501CB0F5805F97D2144FDB
:10C89000F2E72F68791CB1F5805F90D2DFF840C0D5
:10C8A000222B0CF80730296089D182F00102027036
:10C8B00085E70B78002B82D00A4883685B6A03B156
:10C8C0009847012308490948337008F0BFFA76E712
:10C8D0005AEF0020C8D5002059DF00205BEF002070
:10C8E0005ADF002030530100CCD50020A8CE002014
:10C8F0000378014613B1024801F0C4BC704700BF81
:10C900007B6B010008B5B0B90B48FFF7F1FF0B488E
:10C91000FFF7EEFF0A48FFF7EBFF0948FFF7E8FFD4
:10C920000748FFF7E5FF0648FFF7E2FFBDE80840CC
:10C930000348FFF7DDBF08BD7E6B01009D6B010062
:10C94000416201000149024806F0AEBF11CA000071
:10C95000DCD500202C4A00F00800136F072B2BD0E9
:10C96000132B1CD0052B3AD1526D12F4805F14BFEB
:10C970001723162312F4006F18BF182312F4007F38
:10C980001EBF224B9B6B192312F4806F18BF1A2312
:10C9900012F4807F25D112F4005F18BF1C23CA69EE
:10C9A00068BBC2F3080020B96FEA52226FEA422244
:10C9B000CA61184606F016BCD36DDA0713D49A077D
:10C9C00013D45A0713D41A0713D4DA0613D49A06C9
:10C9D00013D413F0800F14BF2C232523DFE700238B
:10C9E000DDE71B23DBE72623D9E72723D7E7282327
:10C9F000D5E72923D3E72A23D1E72B23CFE722F456
:10CA0000FF7222F00102D3E7DCD5002000ED00E048
:10CA100000B5184B89B01A7872B917494FF4927360
:10CA2000164A174806F067FB164806F064FB4FF4F9
:10CA30009271124806F056FB5A6AD86C00929A6AB4
:10CA400020F005000192DA6A694602921A6B03929D
:10CA50005A6B04929A6B0592DA6B06921A6C1B6DF4
:10CA600007929B0748BF40F00400FFF773FF09B02F
:10CA70005DF804FBDCD50020E86B0100B56B01001C
:10CA8000D55A0100F86B01002DE9F0411F46164B05
:10CA9000044693F800800D461646A2B0B8F1000F88
:10CAA00015D1684606F0AFFB3A4631462846289B2A
:10CAB000A0470446684606F0A7FBB8F1000F02D075
:10CAC0000A4803F0A3FA204622B0BDE8F0814FF0F7
:10CAD000FF324FF0FF33054803F0C8F90028E0D0DB
:10CAE0006FF08304EFE700BF68EF002024CA002046
:10CAF000002300B589B0CDE9063303AB04930423CA
:10CB000003900593A9B10B6806934B680793022322
:10CB1000111E18BF01210848CDE9002140F2F5316E
:10CB200004AA00F02BF80028B8BF012009B05DF876
:10CB300004FB0123ECE700BF0501004070B5382677
:10CB400094B006AB05460C4632460021184608F064
:10CB500055FBCDE90454CDE9020654B1012304AAE2
:10CB6000009200210448019302AA00F007F814B0D3
:10CB700070BD2046FBE700BF0001004010B4B1F5D6
:10CB8000004F029C0ED2042B0CD8042C0AD824048B
:10CB900044EA0364134644EA0102014610BC034818
:10CBA000FFF772BF6FF0800010BC7047217C00005F
:10CBB00030B50468ACB1B4FA84F30122C3F11F03A9
:10CBC000DBB29A4024EA0202D0E8EF5FA54204D12A
:10CBD000C0E8EC2FBCF1000FF6D1EAD102480B708F
:10CBE00030BD0248FCE700BF0000AD0B0200AD0BFA
:10CBF00010B50368CB40DB0710D401238B400268DB
:10CC000043EA0201D0E8EF4F944204D1C0E8EC1FA0
:10CC1000BCF1000FF6D1F2D1014810BD0148FCE78C
:10CC20000000AD0B0400AD0B014BC3F804057047C9
:10CC30000070014008B549B9074908484423084A2B
:10CC400006F059FA4421064806F04CFA40F000403C
:10CC5000C1F8800008BD00BFC16C0100D55A0100B9
:10CC6000846C010008B549B9074908484A23084AB5
:10CC700006F041FA4A21064806F034FA40F0004036
:10CC8000C1F8800008BD00BFC56C0100D55A010085
:10CC9000846C0100F7B5334B044658B1012827D006
:10CCA00031493248DC23324A06F025FADC2130488B
:10CCB00006F018FA0222C3F8082301220646DA60B9
:10CCC000C3F80401D3F80431012342F21075254F53
:10CCD0008DF8073074B3012C1BD0234923484FF43F
:10CCE0007473244A06F007FA4FF474712148DFE7A1
:10CCF0000022C3F808035860C3F80021D3F80031BC
:10CD00000DF10706E0E70BB3012006F0FAFD013D47
:10CD10001CD0D7F80C3403F48033002EF3D0D7F8AE
:10CD20000C2402F001020FE083B1012006F0E9FDBE
:10CD3000013D0BD0D7F8183403F48033002EF3D024
:10CD4000D7F8182402F0030232700BB903B0F0BD1B
:10CD50009DF807000128F9D106F0D3FD013DB9D1B6
:10CD6000F4E700BF00500040687A0100D55A010086
:10CD7000C96C0100066D0100044B1A7922B9012229
:10CD800018601A71024870470248704750D6002058
:10CD90000000AD0B0C00AD0B08B50E4B1A795AB95B
:10CDA0000D490E484FF498730D4A06F0A4F94FF45C
:10CDB00098710B4806F096F91B6833B10520FCF713
:10CDC00063FB10B90520FCF73DFB0122054BC3F8BE
:10CDD000182508BD50D600203A6D0100D55A010033
:10CDE000C96C01000050004038B5364C23795BB95E
:10CDF00035494FF4BD73354A354806F07CF94FF498
:10CE0000BD71324806F06EF958B101284FD0314952
:10CE10004FF4DF732D4A2E4806F06DF94FF4DF71A1
:10CE2000EFE72D4BD3F81814D3F81824C90323D5F2
:10CE300002F00303022B05D0012B02D00020FFF7E4
:10CE400029FF0123244A0220C2F8183508224FF492
:10CE50008273002103F1804303F5A04319601D682C
:10CE6000012502F1804202F5A0421560226812B34A
:10CE7000194BC3F804030FE0D3F81424D207E0D50C
:10CE8000D3F81C2402F00302013A012AD6D8226802
:10CE90001AB10222C3F8042338BDD3F80421002AB2
:10CEA000FBD00022C3F80421D3F80431F4E70022B8
:10CEB0004FF48073CDE71A68002AFCD019601B6814
:10CEC000EAE700BF50D600203A6D0100C96C0100AE
:10CED000D55A0100687A01000050004008B5094B9E
:10CEE0001B795BB9084909484FF4EC73084A06F00E
:10CEF00002F94FF4EC71064806F0F4F8BDE808407A
:10CF0000FFF7C8BE50D600203A6D0100D55A010087
:10CF1000C96C010010B5164BD3F8002152B10020A6
:10CF2000C3F80001D3F800210122C3F80823114BF4
:10CF30001B6898470E4BD3F8042182B10022C3F836
:10CF40000421D3F80421D3F81824D3F8182402219B
:10CF500002F00302012A03D1C3F818159A6010BD2C
:10CF6000C3F80813034B0120BDE810401B681847A5
:10CF70000050004050D6002001460148FFF718BE7F
:10CF80007CC8002070B5322402791E4B624352FAED
:10CF900081F2083233F81240E10526D5C4F343216B
:10CFA00024F4F85423F8124064240026027904FB88
:10CFB00002340E3434F8025F15F4807F03D0C5F3D9
:10CFC0004325A94211D00136202EF3D16424002537
:10CFD000624302EBC1029D50027904FB02305830DB
:10CFE000FFF706FE084B984200D170BD074908487C
:10CFF0004FF4DC73074A06F07EF84FF4DC71054805
:10D0000006F070F880C800200000AD0BB865010084
:10D01000D55A0100976D010008B502680146104617
:10D0200006F07CFC58B90E4940F269330D4A0E48AF
:10D0300006F061F840F269310A4806F053F802F050
:10D040001F0352090B6009D0084940F27233054AA8
:10D05000054806F050F840F27231EDE7044808BD8B
:10D060005D6501002A650100D55A0100687A01005A
:10D0700000258440072808B50BD90849084840F224
:10D08000AA33084A06F037F840F2AA31054806F0FC
:10D0900029F8800000F5807008BD00BF8D6D01008B
:10D0A000D55A0100586D010032235843034B50FA02
:10D0B00081F1083133F81100400B704780C800201F
:10D0C00032235843044B50FA81F1083133F81100F0
:10D0D000C0F34000704700BF80C80020322358438F
:10D0E000054B50FA81F1083133F8110010F01C00A3
:10D0F00018BF0120704700BF80C80020322358436A
:10D10000044B50FA81F1083133F81100C0F340109C
:10D11000704700BF80C80020024611F0010004D013
:10D1200003490B6A13600B6203B90020704700BF0C
:10D13000002584402DE9F843002407460E46254685
:10D140004FF00108A146B5420DD1124BD3F87C2116
:10D1500032B10022C3F87C21D3F87C3144F0004482
:10D160002046BDE8F883E8B2FFF784FFA0F580729F
:10D17000920808FA02F2174209D000F1804303F541
:10D180004433196819B1C3F800901B681443013582
:10D19000D9E700BF001003402DE9F74F0546554B76
:10D1A000296DD3F80403C0B240F00040FFF7C2FF7E
:10D1B000061E18DA00236846E96D00934FF0010857
:10D1C000FFF7AAFF95F85C30DB0759D4296D4FF0C3
:10D1D0000040FFF7AFFF6846E96DFFF79DFF0028AD
:10D1E000F0D126F000460124002E69D103B0BDE83D
:10D1F000F08F94FAA4F4B4FA84F4E10804F108037B
:10D2000035F8139004F007021DF8013008FA02F215
:10D2100023EA020301A80DF801300194FFF7FCFE98
:10D22000019B4FEA990B803350F82370C9F3820AAF
:10D230001BF0040FD146C7F3014725D052462146C3
:10D24000284606F075FB01A80194FFF7E5FE019B57
:10D25000FFB2803350F82330C3F301439F4207D11C
:10D260000021204606F0CEFB3946204606F0CAFBD8
:10D2700001A80194FFF7D0FE019B08FA03F30362B3
:10D28000009C002CB5D1A1E7022F0DD1032120462F
:10D2900006F0B8FB0AF00503012BE9D14A46214606
:10D2A000284606F045FBE3E70221204606F0AAFBEC
:10D2B000BAF1030FF2D0032FDAD1BAF1020FECE783
:10D2C00096FAA6F3B3FA83F304FA03F29B0003F190
:10D2D000804303F54433D3F8101526EA0206D3F849
:10D2E00010252846C2F30142C1F3042106F020FBB9
:10D2F0007AE700BF0010034032222DE9F3410379A1
:10D30000214F534353FA81F3083337F8133005465E
:10D31000DB070C46CEB234D506F091FB95F80480BD
:10D3200021464046FFF7EAFE60B121464046FFF73E
:10D33000BBFE2A6800B202EB80030022C3F810256E
:10D34000C3F8102521462846FFF71CFE32222B7910
:10D3500001A802FB03660023083627F81630019463
:10D36000FFF75AFE019B00EB8300D0F80022074B29
:10D37000134043F00203C0F80032054802B0BDE894
:10D38000F0810448FAE700BF80C80020F0F8FCFFF5
:10D390000000AD0B0400AD0B2DE9FF4116680446FB
:10D3A0000D46174646B306F03CFBA0BB3346CDE91D
:10D3B00000008DF80E008DF80F000DF10F022846C9
:10D3C0000DF10E0106F0D1FA32202379674A43436A
:10D3D00053FA85F3083332F8131021F0020122F8D2
:10D3E00013102379434353FA85F3083332F81310AB
:10D3F00041F0010122F813107B68002B47D02679F9
:10D40000294630461A78D3F80480FFF759FE20B138
:10D41000B8F1000F23D056483CE04FF0320E0EFB1F
:10D4200006F6DFF848C156FA85F608363CF816309D
:10D43000E8B223F4604323F020032CF81630B8F14F
:10D44000000F0CD0032AE6D87B6821685B681E7841
:10D4500001EB86010ABBC1F81025C1F81025322660
:10D4600023794249734353FA85F3083331F81300A3
:10D4700020F01C0021F813002379734353FA85F33D
:10D48000083331F8130040EA820221F81320BB6808
:10D4900063BB384804B0BDE8F081D1F8108528F0AE
:10D4A0000308C1F81085216801EB8603D3F8101535
:10D4B00021F4473121F44071C3F810152902D3F843
:10D4C000108501F4F85141EA024141EA0801C3F82C
:10D4D000101523790EFB030008303CF8103043EAA6
:10D4E000463343F020032CF81030B8E72946D3E93F
:10D4F00000872046FFF746FDB8F1000FC9D064232E
:10D5000020791A4E4343F218F358984504D15368D2
:10D510009F4201D100210CE0642303FB00600DF168
:10D520000F015830FFF744FB124B9842B2D19DF8DF
:10D530000F1064222379534303EBC10346F80380A1
:10D5400023795343322203EBC10333445F602379D1
:10D55000534353FA85F3083336F8132042EA412245
:10D5600042F4807226F8132093E700BF80C80020A1
:10D570000400AD0B0000AD0B2DE9FF4105460C4644
:10D580001E465AB307793846FFF79AFD20B921465F
:10D590003846FFF7B3FD40BB21463846FFF79EFDF6
:10D5A00010B15378012B20D001238DF80F300023C8
:10D5B0000DF10F01CDE900232046931C013206F046
:10D5C000D4F932222B793149534353FA84F3083387
:10D5D00031F8132042F0030221F81320002E53D01B
:10D5E00021462879FFF76CFD18B9294804B0BDE839
:10D5F000F08196F800C0322761468B0000212A682E
:10D60000224802EB8C02C2F81015C2F810152A79D4
:10D61000E1B27A4352FA84F2083230F812E02EF482
:10D62000604E2EF0200E20F812E096F801E0BEF1D8
:10D63000000F29D02A68B6781A44D2F810354FEA7C
:10D640000E4E23F4981323F4F853C2F81035230236
:10D6500003F4F8530EF4403E3605D2F8108543EA41
:10D660000E0306F48016334343EA0803C2F810356C
:10D670002B7907FB0311083130F8113043EA4C33A2
:10D6800043F0200320F811300248AFE780C80020A3
:10D690000400AD0B0000AD0B30B564250479044BDC
:10D6A00005FB0434A160017905FB0133DA6030BD6C
:10D6B00080C8002038B50C465AB90F490F4840F2CF
:10D6C0000D330F4A05F017FD40F20D310C4805F0FF
:10D6D00009FD05792846FFF711FD58B132235D4356
:10D6E000084B55FA84F4083433F8143006485B0BC1
:10D6F000137038BD0548FCE7356E0100D55A0100AE
:10D70000976D010080C800200000AD0B0400AD0B38
:10D710002DE9F843254B026806469A420BD024496E
:10D72000244840F21E33244A05F0E5FC40F21E3145
:10D73000214805F0D7FC07796420204D00FB0758ED
:10D7400098F860407CBB4046A146402221461030FC
:10D7500007F054FD3668D8F85080A04516D1002354
:10D7600046F30730C6F87C31D6F87C31FBF76AFE09
:10D770004FF00043C6F80433642303FB075501232D
:10D780000F4885F86030AB65BDE8F883E0B2FFF77D
:10D7900071FCA0F580739B081F2B04BF46F8009016
:10D7A00033580134D9E70748EEE700BF00100340C3
:10D7B0003F6E0100D55A0100976D010080C800201E
:10D7C0000000AD0B0C00AD0B64210279044B01FB92
:10D7D000023393F86000003818BF0120704700BF83
:10D7E00080C8002064235422007913FB00230248E0
:10D7F0001844FFF7FDB900BF80C8002064235422FD
:10D80000007913FB002302481844FFF7D1B900BF89
:10D8100080C800202DE9F3410479064620460D46D4
:10D820001746FFF75BFC58B9304940F2FA33304AEB
:10D83000304805F060FC40F2FA312D4805F052FC0A
:10D8400029462046FFF75AFC18B329462046FFF721
:10D8500037FC8046E8B929462046FFF725FC0446F8
:10D86000FFF708FC356822B245F800802B58336872
:10D8700003EB8203D3F8102542F00102C3F8102510
:10D8800027B101233268A340C2F8043302B0BDE8D7
:10D89000F0814FB9184940F20943154A154805F07F
:10D8A0002AFC40F20941C8E732235C43134B54FA87
:10D8B00085F4083433F81430C3F38203042B11D0F9
:10D8C000052B11D001A80195FFF7A6FB019A03696A
:10D8D000D34003F00103991C284602B0BDE8F04193
:10D8E00006F090B80321F7E70221F5E7146E010076
:10D8F000976D0100D55A0100766E010080C80020A6
:10D900000148FFF749BC00BFE4C8002070B51646C7
:10D910000D4649B90B490C4837230C4A05F0EBFB7F
:10D9200037210A4805F0DEFB094C237943B92A2048
:10D93000FBF788FD0123074823712560A66070BDB1
:10D940000548FCE784650100D55A0100816E01009D
:10D9500058D600200000AD0B0C00AD0B38B548B90F
:10D9600018494A23184A194805F0C5FB4A211648A8
:10D9700005F0B8FB164B1B79012B07D015494B233B
:10D98000114A124805F0B7FB4B21F0E70023124A79
:10D9900050F8234003F5A2710133082B42F82140CF
:10D9A000F6D100230C4A00F11C0103F5B27451F8C2
:10D9B000045F0133082B42F82450F6D1036CC2F8FF
:10D9C000043338BDBC6E0100816E0100D55A0100E0
:10D9D00058D60020C56E010000A0024070B51C4E54
:10D9E0003379012B09D01B491B485F231B4A05F0E3
:10D9F00082FB5F21194805F075FB0024184D2A2091
:10DA0000C5F81045C5F81445C5F81845C5F81C45B6
:10DA1000C5F82045C5F82445C5F82845C5F82C4566
:10DA2000C5F89045C5F89445C5F89845C5F89C4596
:10DA3000C5F8A045C5F8A445C5F8A845C5F8AC4546
:10DA4000FBF70EFD4FF0FF33C5F80833347170BD9E
:10DA500058D60020C56E0100D55A0100816E010024
:10DA600000A0024008B5094B1B79012B09D00849D9
:10DA700008487A23084A05F03EFB7A21064805F05B
:10DA800031FB064A8340C2F8043308BD58D6002053
:10DA9000C56E0100D55A0100816E010000A0024050
:10DAA00008B5094B1B79012B09D008490848822386
:10DAB000084A05F020FB8221064805F013FB064AC0
:10DAC0008340C2F8083308BD58D60020C56E010057
:10DAD000D55A0100816E010000A00240F8B5012670
:10DAE0000027124B124DD3F80C4304B9F8BD94FA39
:10DAF000A4F0B0FA80F006FA00F3072824EA030441
:10DB00000BDD0C490C4840F2F3130C4A05F0F3FA14
:10DB100040F2F311094805F0E5FA094B82009F50E5
:10DB20002B68002BE1D0A9689847DEE700A00240EF
:10DB300058D600208D6D0100D55A0100EE6E01000F
:10DB400000A1024070B503680446033BDBB2052B1D
:10DB500003D8094A52F823502DB9A06858B1BDE83E
:10DB6000704000F01DB805F0E0FF21682B46BDE8CD
:10DB70007040090C184770BD58570100014B5B6994
:10DB8000184700BF48C90020014B1B68184700BF59
:10DB900048C90020014B5B68184700BF48C90020F6
:10DBA000014B1B69184700BF48C90020014B9B6807
:10DBB000184700BF48C90020014B1B6A184700BF27
:10DBC00048C90020014B5B6A184700BF48C90020C4
:10DBD000014B1B68D868704764D60020002230B51E
:10DBE0000B4B19680C6894420FD001EBC2039D687F
:10DBF000A8420BD14FF003020433D3E8CF1F002912
:10DC000003D1C3E8C02F0028F7D130BD0132EAE7C5
:10DC10007CD600202DE9F041002406460F46204620
:10DC2000DFF854803368A34201D8BDE8F08106EBE9
:10DC3000C4056B68DBB2012B16D16A68B8F80030F6
:10DC4000B3EB124F10D1022FA8680FD1FFF77AFF64
:10DC500001206B6823F0FF0343F003036B60B8F807
:10DC600000300133A8F800300134DBE70168090C0B
:10DC700005F010FFECE700BFACDA002010B5074C50
:10DC800002216068FFF7C6FF0028F9D10121206852
:10DC9000FFF7C0FF0028F3D110BD00BF84D60020DD
:10DCA00070B5072860D8DFE800F00B5F475F435F7F
:10DCB0003C0401F075FD0320BDE87040FDF7A6BEF1
:10DCC00003202A4BD3F81446D3F81866284B1D7846
:10DCD0001870EDB201F03AFD012D10D1254B264A06
:10DCE0009C4212D0230C1B04B3F1886F0DD0A4F515
:10DCF0008033203B022B0FD96FF0040313603146B1
:10DD0000C4F30B0001F016FD00E014601B4B186813
:10DD1000FDF780FD0020CFE7194931F9133013607A
:10DD2000F4E70024124B20461C7001F00FFDEDE7D4
:10DD3000FFF7A4FF0220BFE70D4B1A78012AD0B2EB
:10DD40000ED1104A1168104A8C68546049681160FD
:10DD500002221A7001F0FAFC084B1868FDF75AFD10
:10DD6000FFF78CFF0120A7E770BD00BF00A00240B5
:10DD70005DEF00200100500580D600206CD6002009
:10DD8000485A010068D6002084D600200A23F7B53F
:10DD90004FF47A750C4E0D4F01933168386805F0D9
:10DDA0009FFE044640B905F0ABFC40B9012001A933
:10DDB000FDF714FC6E30F0D1204603B0F0BD0198A1
:10DDC000684305F09BFCE8E770D6002078D6002079
:10DDD000054B1B782BB9054B1968054B186805F0E6
:10DDE0007FBE0020704700BF5CEF002074D600208B
:10DDF0007CD6002070B5164B42681B6822F0FF02EB
:10DE000042F00202C31A42601248134A0168C3F387
:10DE10008913D2E8DF4F651CC2E8D65F002EF8D127
:10DE200001EBC3014A6892B242EA04424A600268C6
:10DE3000032002EBC302536823F0FF0343F0010306
:10DE4000536005F05BFC0122044BDA6070BD00BF3B
:10DE500074D600207CD60020AEDA002000A002405C
:10DE60002DE9F04F95B038220021064603A807F0AF
:10DE7000C5F902230493082306932023089304235F
:10DE80000D93102340250F9380230122CDE91153D8
:10DE9000D523002157480B921393FDF787FC0546C5
:10DEA000002840F0A380024653493079FFF72EFD49
:10DEB00003A8FFF753FD34686268B2F59D6F40F028
:10DEC00092806169E3680B44E16903F59D630B444B
:10DED000B3F5003F00F287802068294607F08EF9ED
:10DEE00033681C68D3F81C9004F53A72019204F16F
:10DEF0006007424A04F1A40804F1200BB9F1000FB5
:10DF00005BD1C2F800B000254FF0010A25706570A2
:10DF100084F802A0E570336840461B69636033688B
:10DF20005B69C4F814B0A360354BC4F81890C3F80B
:10DF30000080344BE7601F600823C4F8108084F829
:10DF4000A43088F8015088F8025088F8035084F80B
:10DF500060307D70BD70FD7005F0AAFD384605F09B
:10DF6000A7FD294B04F53A721A60284B04F1E80228
:10DF700031681A60264B274E1960274B2749C3F892
:10DF80001046C3F81456264B264C1D80264B86F8A7
:10DF900000A01D80254B029525601D611B69029321
:10DFA000029B144B1868FDF75BFC98B103236FF0DC
:10DFB00073043370FFF712FD11E09B6904F140090F
:10DFC000636433684846DB69C2F800B0236401F03B
:10DFD000CBFB98E72468002CECD1154B1C70204635
:10DFE00015B0BDE8F08F6FF01504E3E76FF02D0476
:10DFF000F5E700BF6CD60020A1DC000068D6002049
:10E000007CD6002078D6002074D6002070D6002060
:10E0100064D600205DEF002000A00240F04902001D
:10E02000AEDA002080D60020ACDA00200056004096
:10E030005CEF002070B5164B42681B6822F0FF02AF
:10E0400042F00102C31A42601248134A0168C3F346
:10E050008913D2E8DF4F651CC2E8D65F002EF8D1E5
:10E0600001EBC3014A6892B242EA04424A60026884
:10E07000032002EBC302536823F0FF0343F00103C4
:10E08000536005F03BFB0122044B5A6070BD00BF9A
:10E0900070D6002078D60020AEDA002000A0024022
:10E0A00010B5FFF773FE0124002203210470817074
:10E0B0004270C270FFF7BEFF054B1C7005F00BFDF0
:10E0C000BDE81040034B47F230511868FDF7C8BB5C
:10E0D0005CEF00206CD6002038B50A4B04461B7854
:10E0E000022BDDB20DD1FFF751FE50B1002201210C
:10E0F0008460017042708570C270BDE83840FFF7DF
:10E1000099BF38BD5DEF0020034A126812B10028A4
:10E1100000DB1047704700BF98D600202DE9F74379
:10E12000002581460F461048294690461E46019319
:10E1300004F0B8FD041E11DB0134204605F01EFD7D
:10E14000C9F8000068B1334642462146019604F002
:10E15000A9FD28463C6003B0BDE8F0836FF01500D0
:10E16000F9E76FF00B00F6E79055010010B50E4B84
:10E1700004461B68A3B1FAF755F9082810D9237A89
:10E180003F2B0DD009490822204606F085FF0146A5
:10E1900030B904F108000A22BDE8104004F0C2BA08
:10E1A0004FF0FF3010BD00BF98D60020206F010057
:10E1B0002DE9F34105460020174688461E4605F026
:10E1C000B6FC024640B915B1284605F0D9FC6FF0FF
:10E1D0000B0002B0BDE8F0816FF058030024037318
:10E1E000042305600E4D037244738473C473447238
:10E1F0008472C472C0F80480394603202C7005F084
:10E20000B2FC4FF0FF3301932B78B34201D10020D1
:10E21000DFE7022001A9FDF7E1F90028F4D0D8E7F3
:10E220005EEF0020F8B5054600240F4F57F8046B49
:10E230002846314606F069FF28B90134042CF5D18F
:10E240004FF480300DE06CB1A31E012BF8D830469E
:10E25000FAF7E8F80A220021284404F0EDF940EA30
:10E260000440F8BD2046FCE770570100014B1860E0
:10E27000002070479CD60020014B1860704700BFFB
:10E2800098D600200FB42DE9FF410A9C01F064FAF2
:10E2900000284AD0002C4BD0284E294F31683868CE
:10E2A000FDF774FB002846D1264D31682868FDF73C
:10E2B000D7FA002836D122460BAB03A902A8019356
:10E2C000FFF72CFF044658B12868FDF7A3FA386819
:10E2D000FDF736FB204604B0BDE8F04104B07047BE
:10E2E000029C2046FFF742FF0223064601222046F9
:10E2F0000399FFF75DFF04460028E5D1DFF8488069
:10E30000D8F80000FFF78EFF0446D8F8000005F0AB
:10E3100031FC2868FDF77EFA002CD8D13046FFF793
:10E32000F3FED4E76FF00A04D1E74FF0FF34D1E7F2
:10E330006FF00D04CEE76FF00A04CBE7B0D60020F3
:10E34000A8D60020ACD60020A0D600200CB42DE921
:10E35000F04F87B007460E46109C01F0FDF90028EB
:10E3600000F09B80002F00F09B80002C00F0988034
:10E37000002E00F09880DFF83C81DFF83CA1D8F84F
:10E380000010DAF80000FDF701FB002840F08E8055
:10E390004A4DD8F800102868FDF762FA002879D1B4
:10E3A000224611AB05A904A80393FFF7B7FE044664
:10E3B00018B12868FDF72EFA52E0414BDDF81080C5
:10E3C000D3F80090B9F1000F14D03E4BD3F800B051
:10E3D0005C450FD059F8341008460191FAF722F83D
:10E3E00001990246404606F057FE38BB09EBC404CB
:10E3F00064682CBB4046FFF7B9FE02238146012228
:10E4000040460599FFF7D4FE04460028D1D1DFF835
:10E41000B8803846D8E9004BB3455A46214628BF54
:10E42000324606F0DEFEB345204623D905F0A2FBB6
:10E430002868FDF7EFF96FF0060411E00134C7E733
:10E440002868FDF7E7F9424631463846A0470446BA
:10E4500018B93846FFF7E6FE0446404605F090FB43
:10E46000DAF80000FDF76CFA204607B0BDE8F04F7F
:10E4700002B07047FFF7D6FE0446D8F8000005F05A
:10E4800079FB2868FDF7C6F9002CE9D14846FFF76B
:10E490003BFEE5E76FF00A04E2E74FF0FF34E3E705
:10E4A0006FF00D04E0E76FF01504DDE76FF00A048C
:10E4B000DAE700BFB0D60020A8D60020ACD60020F6
:10E4C00090D600208CD60020A0D6002038B5C36896
:10E4D0000446A72B01D0206810E0032907D00429A7
:10E4E00026D0022902D10122154B1A7038BD144BD7
:10E4F00000681A78022A05D10028F7D0BDE8384014
:10E5000005F038BB0F4D2A6862B12B68984700238D
:10E5100020682B6005F02EFB0B4B1868BDE83840D7
:10E52000FDF778B9094A1060616851600222DCE7A2
:10E53000074B1B68002BCED000689847CBE700BF85
:10E540005EEF002094D60020ACD60020A0D600209C
:10E550009CD60020012210B511460B48FDF726F984
:10E5600070B90A48FDF7BCF9014648B94FF0FF32CF
:10E57000074B1A60BDE8104001230522FFF718BEC3
:10E580006FF02D0010BD00BFACD60020A8D6002033
:10E59000B0D6002010B400F11C03D3E8EF2F511EB9
:10E5A000C3E8E41F002CF8D1012A0CDC074BD0E8AB
:10E5B000EF2FC0E8E13F0029F9D16422002110BC0F
:10E5C000043006F01BBE10BC704700BF1EF10100F6
:10E5D00010B500240A4B4FF45072214609481C70B4
:10E5E00006F00CFE21462246064B07480131082959
:10E5F000C3E900029A6003F16803F7D110BD00BFC0
:10E600005FEF0020B4D600201EF10100164830B59F
:10E61000002203464FF0FF34144DD0E8EF1FA9420B
:10E6200004D1C0E8EC4FBCF1000FF6D10CBF0121C2
:10E63000002112D1682101FB023301220C49DA6169
:10E64000097893F8202061F3451283F820200222F4
:10E65000A3F8482083F84A2030BD0132082A00F18F
:10E660006800DAD10846F7E7B4D600201EF10100B1
:10E670005FEF002030B5024600236825054905FB01
:10E6800003F460180C59944203D00133082BF6D1DF
:10E69000002030BDB4D6002010B50446043005F08B
:10E6A00063FC606C08B1FDF7D5F9064BD4E8EF2F99
:10E6B000C4E8E13F0029F9D12046BDE81040FFF74A
:10E6C00069BF00BF1EF1ADDE70B50825064C074ED0
:10E6D0002368B34202D02046FFF7DEFF013D04F17C
:10E6E0006804F5D170BD00BFB4D600201EF1010052
:10E6F0002DE9F8430F4C06460025A0464FF0680967
:10E700000D4B0E4F18702368BB420CD009FB0583DC
:10E7100093F8202066F3451283F82020A36B13B1F1
:10E72000204605F08FFA0135082D04F16804EAD17E
:10E73000BDE8F883B4D600205FEF00201EF1010091
:10E74000112806DC00280DDB084BC34003F0010054
:10E750007047B0F5817F07D040F21113C31A5842B9
:10E760005841704700207047012070474100020067
:10E77000034B02685A6082699A6042691A60704766
:10E78000F4D90020012208B511460448FDF70EF81F
:10E79000002818BF6FF02D0008BD00BF00DA002070
:10E7A0002DE9F04F85B082460F4616461D4600F013
:10E7B000D3FF28B90120FCF7D9FF6FF00A041CE051
:10E7C0005AEA070300F051811EB3336823F4A053C3
:10E7D00023F00203002B40F04B81706838B9B06819
:10E7E00078B105F064FB60B96FF0060405E005F050
:10E7F00058FB0028F3D16FF00504204605B0BDE8B2
:10E80000F08FF06828B1B16805F065FB08B96B209E
:10E81000D1E79A4B4FF47A611868FDF721F8044666
:10E82000002840F02881002F64D0F6B1336803F44B
:10E83000A053B3F5805F18D13368DB0445D44FF0A3
:10E84000FF37706808B100F093FD8D4B8D4A18605A
:10E85000B368002B08BF01231360F3688A4A002BBA
:10E8600008BF0623136033681CE00A2200213846E3
:10E8700003F058FF4FF6FE73421E9A4200F2F280F8
:10E88000824A030243EA10231380002ED4D10023CE
:10E8900001217B4A4FF0FF3713607A4A116006214D
:10E8A000794A1160DFF8E8815046C8F80030BAF1C3
:10E8B000000F65D105F03BF9064600BB6FF0090477
:10E8C0006E4B1868FCF7A6FF97E73A21384606F02A
:10E8D000D6FB00B1471C38466E4906F016FC0A22EA
:10E8E00028B10021033003F0A7FE0746A9E701463F
:10E8F0003846F8E7654B1880002EC8D09FE70761BF
:10E900005F4BDFF880B11B68DFF87CA1B361DBF8F7
:10E9100000303246F361DAF8003047F20D0133621D
:10E92000D8F800300420736105F01DF94FF0FF3373
:10E93000594F5A4E03933E603868B04231D0002898
:10E9400040F08C802020D7F80490FDF77BF82860F9
:10E9500070B109F118034D4A019318461288B9F8AD
:10E96000141005F015F9064638BB2868FDF772F853
:10E970006FF0090478680028A2D005F0FBF89FE743
:10E98000F9F750FD05F0D3F80646002896D0076148
:10E990005046F9F747FD51460246306806F021FC23
:10E9A000AEE7022003A9FCF719FE0028C4D06E20B0
:10E9B000FCF7DCFE6FF00A0482E7D9F808102A6839
:10E9C00001290AD002291FD01046FDF743F830462E
:10E9D000FDF740F86FF00504CCE708211161D8F885
:10E9E000001011F0020137D00192B9F81600013081
:10E9F000FDF728F8019A90612A68906930B91046AD
:10EA0000FDF728F83046B1E71621E7E7B9F814100A
:10EA100009F118030B441946B9F8162006F0E1FB7A
:10EA200000202968B9F81620896988542A6801925B
:10EA3000D9F8080005F060FF019A2B685060DBF8F8
:10EA400000205E619A60DAF80020DA60D8F80020D1
:10EA50001A600022DA618DE79161E7E705F092FF25
:10EA6000044687E76FF007042AE76FF00104C4E665
:10EA70004FF0FF34C1E66FF00204BEE600DA00207A
:10EA80000CDA002008DA002004DA0020B0DA0020D6
:10EA900010DA00204E6F0100F4D90020EEC100BC56
:10EAA000F8B548F20F03994205460E4640D022D8E9
:10EAB00048F20D03994233D048F20E03994233D005
:10EAC0000069FFF7D7FD044610B3B6F5004F1FD914
:10EAD000A6F50046013E0B2E1AD8DFE816F0AE0070
:10EAE000E800B600B600B6003A013A01B600C4002C
:10EAF000190019000B0149F2040399421CD0B1F529
:10EB0000104F3FD9C068FFF7B5FD0446002848D133
:10EB10002868002800F02D81BDE8F84005F02AB8EB
:10EB2000BDE8F840FFF724BEBDE8F84005F03DBA67
:10EB3000BDE8F84005F026BA0369082B00F21981F8
:10EB4000DFE813F01000160009000E001600170190
:10EB5000170118001E000020BDE8F840FFF7C8BDEF
:10EB60000120F9E70021E868BDE8F84005F05DB94B
:10EB70000121F8E70021E868BDE8F84005F061B937
:10EB80000121F8E70069FFF775FD04460028BFD0B2
:10EB900048F281039E42BBD10146284600F038FB73
:10EBA00056E049F202039E4200F0CD8037D805F0CE
:10EBB000C4F80746E0B91020FCF744FF0646B8B198
:10EBC0003946102206F01AFB2B6873606B6833819C
:10EBD000698A002900F0C8802A8A05F1140004F02F
:10EBE000D7FFF060002840F0BF803046FCF732FFCE
:10EBF000286804F0BFFF204605F061F858B12046B0
:10EC000005F09BF838B994F8203043F0800384F87D
:10EC100020300C23A361204605F056F818E049F295
:10EC200003039E423DD049F282039E427FF470AFBF
:10EC30000146284600F004FB0AE06B692BB9284620
:10EC400005F0BAFEAA6943681A60284605F0B6FEC8
:10EC5000204605F082F8002800F08B802046BDE8B1
:10EC6000F84004F0EFBF90F8203043F0010380F843
:10EC7000203005F049F818B13E4B1868FCF7CAFD82
:10EC800094F82030204623F00A0384F8203005F061
:10EC900064F810B1204604F0D5FF2046FFF7FCFCD5
:10ECA000D3E7286969280BD16823A361D0E790F8DE
:10ECB0002030EE686FF3410380F82030686918B1A6
:10ECC00000F06AFBA061C3E7204605F007F828B909
:10ECD00094F8203043F0040384F82030204604F0F8
:10ECE000FDFF0028B4D0002EB2D00021204600F055
:10ECF000C5FAADE76B69F3B9284605F05DFEAA6970
:10ED000043681A60426892F8203043F0040382F8A6
:10ED10002030436822691A61436862695A618368D6
:10ED20004BB105F1180205F1300152F8040B8A428B
:10ED300043F8040BF9D194F82230002B85D0013B25
:10ED400084F8223081E790F82230013380F82230B5
:10ED50007EE7284605F030FE6B6913B9AB69436066
:10ED600073E74FF0FF33FAE73146204604F087FFA0
:10ED70006EE7F8BD14DA002030B585B00546FFF720
:10ED800079FC044628B90920FCF7F0FC4FF0FF306D
:10ED90000EE000F0E1FC68B9204604F0B5FF18B1C0
:10EDA0000D4B1868FCF736FD2046FFF775FC002078
:10EDB00005B030BD002004F0BAFE014608B9692054
:10EDC000E2E7056101AA47F2090000F0FDFA002818
:10EDD000EDD01628EBD0D7E714DA00202DE9F04368
:10EDE00085B08146884615461C460C9FFFF742FCBD
:10EDF00040B90920FCF7BAFC4FF0FF33184605B0C4
:10EE0000BDE8F08314B90FB11620F3E7B8F1290F6C
:10EE100000F0ED800CDCB8F1010F12D0B8F1060F54
:10EE200000F0E180B8F1000F00F0DF806D20E1E735
:10EE3000B8F58D7F00F08880B8F5007FF6D11E2DE3
:10EE400008E03D2DF2DC202D0EDC142D4ED0152DCA
:10EE500053D0022DEAD1384604F069FE0646002858
:10EE600040F0C7806920C5E7A5F121031C2BDDD840
:10EE700001A252F823F000BF57EE000057EE000049
:10EE80002DEE00002DEE00002DEE00002DEE000016
:10EE90002DEE000057EE00002DEE00002DEE0000DC
:10EEA0002DEE00002DEE00002DEE00002DEE0000F6
:10EEB0002DEE00002DEE00002DEE000017EF0000FB
:10EEC0001FEF000023EF000027EF000037EF0000E6
:10EED0002DEE00002DEE00002DEE00002DEE0000C6
:10EEE0002DEE000009EF00003BEF00003A462146FE
:10EEF00005B0BDE8F04305F065BD3A46214605B0D2
:10EF0000BDE8F04305F06CBD3A46214605B0BDE8CA
:10EF1000F04305F073BD01230422019305E00223B1
:10EF2000FAE70323F8E7042201920DEB020105F052
:10EF300085FD034662E70523EEE73A46214605B024
:10EF4000BDE8F04305F07ABD6B1E112B3FF66EAFA6
:10EF500001A252F823F000BFAFEF0000D9EF00008C
:10EF600057EE00002DEE0000CBEF0000A1EF0000F7
:10EF70002DEE00002DEE00002DEE00002DEE000025
:10EF80002DEE0000BDEF000057EE000057EE000030
:10EF900057EE00002DEE000057EE000057EE000087
:10EFA0003A46214605B0BDE8F04305F06ABD3A4651
:10EFB000214605B0BDE8F04305F077BD3A4621464D
:10EFC00005B0BDE8F04305F085BD3A46214605B0E1
:10EFD000BDE8F04305F090BD3A46214605B0BDE8D6
:10EFE000F04305F098BD372D34E71F2D32E7202D73
:10EFF00030E700230822437202728372C372C0F8A2
:10F000001090404605F0A1FC7061284600F0B8F968
:10F01000B06124B13A462146306806F0E2F8314644
:10F0200047F20300776001AA00F0CEF903460028FA
:10F030003FF4E4AEDEE600BF2DE9F04385B0814643
:10F04000884617461D460C9EFFF714FB40B9092061
:10F05000FCF78CFB4FF0FF37384605B0BDE8F08376
:10F0600005B10EB90E20F3E7B8F1290F00F08F803B
:10F070000CDCB8F1010F11D0B8F1060F00F083805D
:10F08000B8F1000F00F081806D20E1E7B8F58D7FC9
:10F090002AD0B8F5007FF7D11E2F0EE0152F1CD017
:10F0A0000ADC042F12D0142FEED13246294605B0C7
:10F0B000BDE8F04305F066BD212FE5D1306804F0CE
:10F0C00036FD0446002864D16920C1E7324629464E
:10F0D00005B0BDE8F04305F045BD3246294605B010
:10F0E000BDE8F04305F05DBD7A1E122ACCD801A11F
:10F0F00051F822F06BF1000079F10000BDF0000042
:10F10000BDF000005DF1000041F1000089F0000059
:10F1100089F0000089F0000089F0000089F000000B
:10F120004FF1000089F00000BDF00000BDF00000CC
:10F13000BDF0000089F0000089F00000BDF0000083
:10F140003246294605B0BDE8F04305F039BD3246E8
:10F15000294605B0BDE8F04305F044BD32462946D6
:10F1600005B0BDE8F04305F04FBD3246294605B075
:10F17000BDE8F04305F05ABD3246294605B0BDE86A
:10F18000F04305F065BD372F97E71F2F95E7202F38
:10F1900093E700230822437202728372C372C0F89D
:10F1A0001090404605F0D1FB6061384600F0E8F869
:10F1B0002146A06101AA47F20400D4F8008000F0C3
:10F1C00003F9074620B1404604F0DAFC38463FE731
:10F1D0006268336841469A4228BF1A462846326020
:10F1E00005F0FFFF404604F0CBFC35E708B5FFF71C
:10F1F000EFF9FFF7C7FA40B9012204481146FCF7BE
:10F20000D5FA002818BF6FF02D0008BD14DA0020D1
:10F2100010B543690C467BB191F820306FF3C303FE
:10F2200081F82030406900F0B7F8044BA061BDE8D8
:10F2300010401868FCF7EEBA10BD00BF14DA0020C9
:10F2400010B591F820300C466FF3C30381F82030DD
:10F25000006960B9DBB223F0140343F0140381F8B2
:10F260002030054BBDE810401868FCF7D3BA00F019
:10F2700093F8A061F5E700BF14DA00202DE9F3410F
:10F28000DFF8E8800546D8F800000191FCF7E8FABD
:10F29000074650B1019B002B65D11023AB614FF0A5
:10F2A000FF37384602B0BDE8F081686CA8B1F9F7C5
:10F2B000B9F8461C304604F03AFC044678B92846B2
:10F2C00004F027FD08B16923AB61D8F80000FCF712
:10F2D000A1FA6920FCF74AFAE1E73E46EAE72B6823
:10F2E000042203610023027243728372C37295F891
:10F2F0004B2005F14801013292008260143005F084
:10F3000070FFF6B13246696C206805F0E2FE666077
:10F3100095F82030042043F00803224647F281018B
:10F3200085F8203004F01FFC284604F0F2FC002889
:10F33000B7D1284604F0E8FC40B9A8690028B0D04D
:10F34000C8E726706670A670E670E0E7022001A9A3
:10F35000FCF744F910F10B0F05D00028E9D0002884
:10F36000B8BF4042B6E77420B4E700BF14DA00200B
:10F3700003289CBF014B1856704700BF526F010015
:10F38000023835289ABF034B53F820004FF0FF3066
:10F39000704700BF5859010070289ABF024B53F8BC
:10F3A00020000248704700BF94570100ADBAADBAC3
:10F3B000013804289ABF034B53F820004FF0FF3068
:10F3C000704700BF805701004FF0FF3337B50D4D38
:10F3D000CA60144615600A4601460420019304F0F1
:10F3E000C2FB2068A84202D0FFF7D6FF08E0022047
:10F3F00001A9FCF7F3F80028F3D00028B8BF404279
:10F4000003B030BDEEC100BC2DE9F04105680746F0
:10F410000C463DB101F47043B3F5005F04D1404B9D
:10F42000C3E90015BDE8F0813E4E336863B144F294
:10F430000402914264D00CD844F2020399424ED0A7
:10F4400044F20303994253D03868BDE8F04104F018
:10F4500091BB44F2012221F4807393420FD044F215
:10F4600003139942F0D1304C206808B104F082FBBC
:10F4700001222E4B1A7025600420336826E0DFF845
:10F48000B080D8F8000008B104F074FB44F20133F6
:10F490009C420CBF0322022295F85170254B264C4A
:10F4A0001A70C8F8005017F008053368227810D099
:10F4B0001AB9052098470123237007F04107012F4F
:10F4C00002D102203368984701203368BDE8F0413B
:10F4D0001847002AF1D0062098472570EDE7174C11
:10F4E000206808B104F046FB032033682560EDE78F
:10F4F0000D4C206808B104F03DFB00220B4BB9E72E
:10F500002A78032AA0D8DFE802F0020507090720BD
:10F51000984799E70820FBE70920F9E70A20F7E771
:10F5200028DA002018DA00201CDA002060EF002022
:10F5300024DA002061EF002062EF002020DA0020B2
:10F5400008B50023094A0A4813700A4A13700A4A88
:10F5500013700A4A13700A4A136001221146FCF71D
:10F5600025F9002818BF6FF02D0008BD62EF0020BC
:10F5700030DA002064EF002063EF002061EF00200C
:10F5800018DA002010B50B4C206818B104F0F2FA1C
:10F5900000232360084C206818B104F0EBFA002324
:10F5A0002360064C206818B104F0E4FA00232360BD
:10F5B000002010BD24DA002020DA00201CDA002010
:10F5C00030B4074B1C6844B143688589A44602687F
:10F5D000C1899BB2E8B230BC604730BC704700BF05
:10F5E00034DA002037B50125074C4FF4FA70656115
:10F5F00004F084F80023636101932561236901937A
:10F60000019B03B030BD00BF0056004030B50D4D2A
:10F6100089B0036A03AC01908DF808300FCD0FC498
:10F620002B6801A8236004F041FA40B9044603ADF9
:10F6300055F8043B984710B90134052CF8D109B0AE
:10F6400030BD00BF60550100034BD3E8EF2FC3E886
:10F65000E10F0029F9D1704738DA002038B50546A6
:10F66000002850D0436A002B50D0836A002B4DD025
:10F670000124294BD3E8EF2F002A03D1C3E8E14F3F
:10F680000029F7D145D1686A00F04EF8FCF7F6F989
:10F69000224BC8209C6604F031F82846FFF7B6FFDD
:10F6A000044640B901221D4B0220DA66FFF7CCFF69
:10F6B0000024204638BDFFF795FF002C11DBAB6A14
:10F6C00020469847164B9C421AD013DCA4F188645C
:10F6D000033C012C11D82846FFF798FF0446002868
:10F6E000E0D001220D4BDA66FCF7E0F90020FFF7CD
:10F6F000ABFFDEE70B4B9C42EDD06FF00404F0E76C
:10F700006FF00A04EDE76FF00D04D2E76FF0150417
:10F71000CFE74FF0FF34CCE738DA0020005000404C
:10F720000500400401005005014B1860704700BF00
:10F730003CDA002007B5044BCDE900011B686846A0
:10F74000984703B05DF804FB3CDA0020014B1870C9
:10F75000704700BF65EF0020024B1878431E5842E7
:10F760005841704765EF00200021074B01221970B6
:10F77000064B1970064B1960064B1960064B186052
:10F780000648FCF713B800BF66EF002067EF0020C3
:10F7900044DA002048DA002058DA002040DA00205D
:10F7A00070B42D4B1B68196958691A7C00221A74B1
:10F7B0005C7C5A749C7C9A74DC7CDA741C7D1A75AF
:10F7C0005C7D5A759C7D03299A75DC7DDA7529D09C
:10F7D000042933D001292FD18568204E954210D1BC
:10F7E00001211A7A00221972597A5A72997A9A72F8
:10F7F000DA7A6FF05F02DA72194B70BC1868FCF7A6
:10F8000009B8911C00EB81014C682178622907D06E
:10F81000633918BF0121490046F821400132DDE774
:10F820000121F9E7187A1972597A5A72997A9A72FB
:10F83000DA7A6FF05F02DA7270BC7047187A197268
:10F84000597A5A72997A9A72DA7A6FF05F02DA729A
:10F850000122044B1A70EFE758DA00204CDA00203E
:10F8600040DA002067EF002008B50A4A0A4B9342AD
:10F870000ED90A4917230A4A0A4803F03CFC0A48F1
:10F8800003F039FC1721064803F02CFC1433EEE793
:10F89000FCD308BD44530100E0520100796F010020
:10F8A000566F0100D55A0100BD62010070B50446D3
:10F8B000EFF31186202383F31288BFF36F8F0E4B73
:10F8C0009D6805F034FA042C0CD10C4986230C4AAF
:10F8D0000C4803F010FC0C4803F00DFC862108488E
:10F8E00003F000FC86F31188BFF36F8F2846BDE854
:10F8F0007040F9F71DBD00BF5CDA0020B36F010056
:10F90000916F0100D55A0100D06F010038B5094B45
:10F9100053F82040013053F82050A54200D838BD9C
:10F92000636823B1204605F005FA0834F5E723683B
:10F930009847FAE7305A0100012270B5374B03208F
:10F9400086B01A70FFF7E2FFF9F7A4FA0420FFF778
:10F95000DDFF334C334DAC42264628D93249432390
:10F96000324A334803F0C7FB324803F0C4FB43215B
:10F970002E4803F0B7FB54F80C3C059354F8103CA8
:10F98000049354F8143C039354F8183C029354F82D
:10F990001C3C019354F8203C009354E90A2354E999
:10F9A0000C0101F001F854F8303C5E65D3E7AE423B
:10F9B00004F13004DFD301F0D7FD194C1E4EAC42E8
:10F9C0001FD919496723194A194803F094FB1948AC
:10F9D00003F091FB6721CBE7D4E90A23B3F1FF3FA2
:10F9E00008BFB2F1FF3F05D052EA0301206803D1FE
:10F9F00005F049FA3034E2E73146183002F068FA8F
:10FA0000F8E7E9D301F01EFEF8F724FD0B4A137B5B
:10FA100023F00103137306B070BD00BF68EF002030
:10FA20004C5501004C550100267001000570010085
:10FA3000D55A0100BD620100EB4E0100D8CF002075
:10FA400008B50348034A0021121A05F08BF908BDD6
:10FA5000C8CA00206CEF0020882370B5134E012225
:10FA600003FB0066002386B0CDE904230F22019337
:10FA7000CDE9023214234FF4A0720D4D0D4903FB62
:10FA80000055044602FB00110B4B3046009500F078
:10FA90008BFF737B2C7423F004037373074B0134C7
:10FAA00003EBC423EE606B6006B070BD50CF002046
:10FAB0005CDA002070FD002025FE000070F50020BB
:10FAC000BFB50020FFF722FF2D4B03F5006282F344
:10FAD000088883F30A880024E0232A4D2A4E85F8FB
:10FAE0002230EC772C766C76AC7685F820406B6A09
:10FAF000264F43F4E0236B6285F82340F9F79AFB25
:10FB0000F9F760FD4FF0FF33AB62EB62F9F718FFD6
:10FB1000F9F77CFD40F201131D4D2846AB81C5E984
:10FB2000194402F03FFDB560FFF79EFE0120FFF78C
:10FB3000EDFE0220174DFFF7E9FE01F0FFFD164B29
:10FB400075610593012315494FF44062CDE90343E4
:10FB500028463B46CDE90144009400F025FF0646C7
:10FB60006A7B284622F004026A7301F0ABF9204652
:10FB7000FFF772FF3A4631462846F9F701FD00BF0C
:10FB800070F5002000ED00E05CDA002039F900009B
:10FB900008D10020D8CF002053700100B0FE002013
:10FBA00038B50D4C0D4DAC4213D90D4919230D4AF2
:10FBB0000D4803F0A0FA0D4803F09DFA19210948F9
:10FBC00003F090FA2046D4E9011205F0CFF818347A
:10FBD000E9E7F7D3002038BD90C90020C0C9002054
:10FBE0007A70010058700100D55A0100BD62010011
:10FBF0002DE9F04F064689B09046DDE9122306A8AC
:10FC000099461746059105F08AF9DDE90634CDE9F4
:10FC1000023406F11404EFF31185202383F31288D4
:10FC2000BFF36F8F204602F0C7F860B98823364AC9
:10FC30003649374803F05FFA2146364803F05BFA4D
:10FC40008821314833E0204602F0DAF8EFF30583EB
:10FC5000FBB94FF0200B06F10C0A424630460599DD
:10FC6000F8F760FC034620B32046029302F0B2F896
:10FC7000029B00283FD140F23113234A26492448F1
:10FC800003F039FA2146254803F035FA40F23111E4
:10FC9000D7E757EA0903DCD021494B23214A1C4806
:10FCA00003F029FA204803F026FA4B211D4803F0FF
:10FCB00019FA57EA0907D7D0DDE9022306A805F0AB
:10FCC00052F9DDE906232946CDE9002317462046EF
:10FCD0005246994601F0E4F9EFF311858BF312884F
:10FCE000BFF36F8F204602F067F800289ED02046B1
:10FCF00002F086F8B1E785F31188BFF36F8F1846DD
:10FD000009B0BDE8F08F00BFF85C0100515D010053
:10FD1000D55A0100665D0100255D01003C5D0100D2
:10FD200093700100587001003F620100F8B505466C
:10FD30000E4600F11404EFF31187202383F3128899
:10FD4000BFF36F8F204602F037F868B988231B4A4B
:10FD50001B491C4803F0CFF921461B4803F0CBF99F
:10FD60008821164803F0BEF9204602F049F82846DB
:10FD70003146F8F789FB05F10C0005F0BAF828B117
:10FD800039462046BDE8F84001F042BB204602F06B
:10FD900021F868B940F23113084A0C49094803F0C8
:10FDA000AAF921460A4803F0A6F940F23111D8E732
:10FDB00087F31188BFF36F8FF8BD00BFF85C0100B7
:10FDC000515D0100D55A0100665D0100255D01000D
:10FDD0003C5D0100002038B50C4C0D4DAC4213D9F0
:10FDE0000C4995230C4A0D4803F085F90C4803F0A3
:10FDF00082F99521084803F075F9204604F0C8FF00
:10FE0000002802DB2034E9E7F7D338BD8EC9002093
:10FE10008EC90020FE700100D9700100D55A010082
:10FE2000BD62010008B50D4B9B6893F90E30002BA5
:10FE300009DB2024EFF3118384F31288BFF36F8F63
:10FE400003F0F2F9F6E7064906482A23064A03F0CA
:10FE500052F92A21044803F045F900BF5CDA00207A
:10FE60003C710100D55A01001B7101002DE9F341DD
:10FE7000044617461E46EFF3058565B158496F23C2
:10FE8000584A594803F037F9584803F034F96F21BC
:10FE9000544803F027F9EFF31188202383F31288E5
:10FEA000BFF36F8F524801F087FF60B98823514A32
:10FEB00051494D4803F01FF94D49504803F01BF9D3
:10FEC00088214C48E5E74A4801F09AFFE3684C4A2C
:10FED0009BB1A0689168884229D057EA06032ED1C9
:10FEE000434801F077FFA0B188F31188BFF36F8F0B
:10FEF0006FF00F0002B0BDE8F081916891F90E102B
:10FF00000133E36093683A482161A36001F062FF26
:10FF100078B940F23113374A3A49334803F0EBF8E5
:10FF20003349394803F0E7F840F23111C9E7216954
:10FF3000E6E788F31188BFF36F8F0020DAE791F9C5
:10FF40000E1090F90E306FF07E029942A8BF19464C
:10FF50009142B8BF11468B4202DD04F02FFF0546E7
:10FF600022464146CDE90076214801F099F8002863
:10FF7000E3D0EFF31186202383F31288BFF36F8F52
:10FF80001B4801F019FF002890D0194801F038FFF4
:10FF9000A068C0B1236821699C420AD04BB193F993
:10FFA0000E309942A8BF19466FF07E039942B8BF40
:10FFB000194604F003FF30B131460D4801F028FA2C
:10FFC0006FF00A0096E7002DF6D1094801F002FF14
:10FFD00000289ED086F31188BFF36F8FF0E700BF33
:10FFE0008671010064710100D55A01009871010009
:10FFF0007CDA0020F85C0100515D0100665D0100C3
:020000040001F9
:100000005CDA0020255D01003C5D010070B504460E
:10001000EFF3058666B13849D723384A384803F0EC
:100020006AF8384803F067F8D721344803F05AF8E3
:100030008368002B5AD0344A9268934259D1C368DE
:100040003BB93249EF232D4A2D4803F054F8EF21F4
:10005000EBE7012B03D0013BC360002070BDEFF341
:100060001185202383F31288BFF36F8F284801F096
:10007000A3FE60B98823274A2749214803F03BF8AB
:100080002349264803F037F888212248CEE7204844
:1000900001F0B6FE2169A06804F090FE204601F050
:1000A00085F8A06050B190F90E202261C66700F07B
:1000B00009FF2946164801F0ABF9CEE7E060144885
:1000C00001F088FE68B940F23113124A14490C4815
:1000D00003F011F80E49134803F00DF840F2311106
:1000E000D3E785F31188BFF36F8FB6E76FF0150084
:1000F000B4E74FF0FF30B1E7867101006471010091
:10010000D55A0100987101005CDA0020BD71010030
:100110007CDA0020F85C0100515D0100665D0100A1
:10012000255D01003C5D01002DE9F04704460E46C7
:10013000904699469DF820A000F10805EFF311873D
:10014000202383F31288BFF36F8F284601F034FE1B
:1001500068B988233C4A3D493D4802F0CCFF294616
:100160003C4802F0C8FF8821374802F0BBFF284610
:1001700001F046FEBAF1000F00D0666804F10C00F1
:1001800001F014F858B10023C0F81480C36700F0E0
:1001900099FE2846394601F03BF900201EE0B9F1EE
:1001A000000F2DD0082102F003FAC8B9284601F04B
:1001B00011FE68B940F23113234A2749244802F05E
:1001C0009AFF2946254802F096FF40F23111CBE70D
:1001D00087F31188BFF36F8F6FF00B00BDE8F087D6
:1001E0000122C0F804800260016801F003015EB9D9
:1001F00022680A430260626820606AB960600BE0AE
:100200004046C8F80090EFE73268032A10D8016032
:10021000616839B9C4E90000042104F1140002F056
:10022000A9F8B6E70A6802F0030202430A60E5E7AC
:1002300022F003020A430260326802F0030240EA3D
:1002400002033360E8E700BFF85C0100515D010084
:10025000D55A0100665D0100255D01003C5D01008D
:100260002DE9F743064690461F4600F10805EFF3D7
:100270001189202383F31288BFF36F8F284601F082
:100280009BFD68B98823254A2549264802F033FF9B
:100290002946254802F02FFF8821204802F022FF3E
:1002A000284601F0ADFD3468FCB12368726823F084
:1002B0000303944220464FF00101336008BF73608E
:1002C00004F08BFD0446284601F084FDE8B940F2B5
:1002D0003113124A1549134802F00DFF29461448FC
:1002E00002F009FF40F23111D7E758EA0703EAD0DC
:1002F00049462846CDE9008706F10C0200F0D0FE01
:1003000038B90C4B9B685C6903E089F31188BFF333
:100310006F8F204603B0BDE8F08300BFF85C01009A
:10032000515D0100D55A0100665D0100255D0100A7
:100330003C5D01005CDA002038B50446EFF311851E
:10034000202383F31288BFF36F8F174801F034FD29
:1003500068B98823154A1649164802F0CCFE12499E
:10036000154802F0C8FE8821104802F0BBFE0E4876
:1003700001F046FD204600F019FF48B10022C26797
:1003800000F0A0FD2946BDE83840074801F040B81C
:10039000D4E902329A4218BF01330221A36004F16A
:1003A000100001F0E7FFEDE780DA0020F85C0100C3
:1003B000515D0100D55A0100665D0100F7B50446A4
:1003C00016461D46EFF305837BB152EA05030CD0B8
:1003D0002D4988232D4A2E4802F08DFE2D4802F02B
:1003E0008AFE8821294802F07DFEEFF31187202341
:1003F00083F31288BFF36F8F274801F0DDFC60B9EB
:100400008823264A2649224802F075FE22492548BB
:1004100002F071FE88212148E5E71F4801F0F0FC59
:10042000A368D3B1013B1C48A36001F0D3FC68B9B9
:1004300040F23113194A1C49154802F05CFE164976
:100440001A4802F058FE40F23111E4E787F31188B0
:10045000BFF36F8F002003B0F0BD56EA05030BD148
:100460000D4801F0B7FC0028E2D087F31188BFF3F4
:100470006F8F6FF00F00EEE722463946CDE9006539
:10048000054800F00DFEE6E7F4710100D4710100AB
:10049000D55A01003F62010080DA0020F85C0100BB
:1004A000515D0100665D0100255D01003C5D0100BC
:1004B0001FB5094A02AB92E803004FF4806283E85B
:1004C0000300009305494FF0FF33054800F0FEF9A3
:1004D000002005B05DF804FB88550100B00A01203A
:1004E00060D000202DE9F04305466D4E6D4F85B07C
:1004F000EFF31188202383F31288BFF36F8F304608
:1005000001F05AFC68B98823674A6849684802F0D4
:10051000F2FD6349674802F0EEFD8821624802F06F
:10052000E1FD304601F06CFCD5F88840ACB9022101
:1005300005F1A00004F078FC002837D100234FF02B
:10054000FF3202934FF0FF334146CDE9002330469E
:1005500005F1900201F046FBCAE7D5F88C2023682C
:10056000944208BFC5F88C30C5F88830D5F8A03063
:10057000304643F00203C5F8A030E368D4F8049095
:1005800023F0040343F00103E36001F023FCB8B956
:1005900040F23113444A4849454802F0ACFD404915
:1005A000464802F0A8FD40F23111B7E705F1980482
:1005B00000220121204601F0B7FA0028F8D1BDE75A
:1005C00088F31188BFF36F8FB9F1000F0AD13C494E
:1005D000374840F2AF233B4A02F08DFD40F2AF2195
:1005E00038489CE72046C847EFF31188202383F35F
:1005F0001288BFF36F8F304601F0DEFB002882D0F7
:10060000304601F0FDFBE368D90623F0010231D446
:10061000E260E3689A0716D5386823F00203E360C6
:1006200088B10021036870B14268944230D10368F8
:1006300041BB7A683B60824200D17B60002340F876
:10064000083BFFF779FED5F8A030304623F00203CF
:10065000C5F8A030C3F3002401F0BCFB002897D0FC
:1006600088F31188BFF36F8F002C7FF441AF01F046
:100670006DF83DE723F01103E36004F11000FFF78C
:100680005BFEC6E70B607B68834208BF7960D5E7F5
:1006900023B11A68014618461346C4E71A46F9E71B
:1006A0008CDA002084DA0020F85C0100515D010042
:1006B000D55A0100665D0100255D01003C5D010029
:1006C000A17201004B720100F8B5C36804469A0795
:1006D0000F46C3F3400639D45B0725D40B680BB92A
:1006E00083680B60E368DD0721D5A3685BB92849FF
:1006F00028484FF4AF73284A02F0FDFC4FF4AF7165
:10070000254802F0EFFC02263B603D68002D3CD0FE
:10071000224B9B68AB420CD0D5F8A030D807C3F36E
:10072000800216D46FF0120600233B6027E00126FA
:10073000EBE704F09FFBD5F8A0300028EED1D907F5
:10074000C3F3C002EED552B15B0708D46FF00F06B9
:10075000EAE7002AFAD1C3F3C003002BF6D1002345
:100760002360D5F88C3063B9C5E92244284604F0EB
:1007700066FBE36843F00403E3603B68A360304634
:10078000F8BD1C60C5F88C40F0E76FF01506CBE7AC
:100790006C720100D55A01004B7201005CDA002036
:1007A00038B50D46044648B90C4999230C4A0D4802
:1007B00002F0A1FC99210A4802F094FC39B90A49D7
:1007C0009A23074A074802F096FC9A21F3E7102281
:1007D000002104F013FD656038BD00BF8772010081
:1007E0004B720100D55A0100A172010037B50C46C9
:1007F000019059B928494FF4C273284A284802F099
:100800007AFC4FF4C271254802F06CFC4B684BB97E
:10081000244940F28513214A214802F06CFC40F241
:100820008511F0E7EFF31185202383F31288BFF3DE
:100830006F8F1D4801F0C0FA60B988231B4A1C491C
:10084000174802F058FC18491A4802F054FC882155
:100850001648D9E7144801F0D3FA204601A9FFF75A
:1008600033FF0446104801F0B5FA68B940F231137D
:100870000E4A11490A4802F03EFC0B490F4802F0AB
:100880003AFC40F23111E3E785F31188BFF36F8F33
:10089000204603B030BD00BF877201004B720100DB
:1008A000D55A01009B7201008CDA0020F85C01002F
:1008B000515D0100665D0100255D01003C5D0100A8
:1008C0000146014804F0C2BA60D00020F0B589B0FA
:1008D00004460E9D58B92E4940F2DF232D4A2E487A
:1008E00002F009FC40F2DF212A4802F0FBFB49B983
:1008F0002A494FF43873274A274802F0FCFB4FF48B
:100900003871F1E7D0F8A00010F0010009D02449B7
:1009100040F2E1231F4A204802F0EDFB40F2E121C2
:10092000E2E7C4E9220004F19000C4E9240004F1E4
:100930009800C4E926004DB32879002840F2011040
:1009400008BF0120C4F8A00000204FF0FF364FF090
:10095000FF37CDE90330CDE90100CDE90667204638
:10096000104B009400F084F855B1296811B120466D
:1009700004F086FA6B791BB1237B43F001032373E8
:10098000204609B0BDE8F04004F07DBA0120D9E767
:10099000B87201004B720100D55A0100BE7201000D
:1009A000C4720100E50401002DE9F04385B00F9DFC
:1009B00004460F2D0E46984637D1274B984538D11F
:1009C00004F15803C4E91633109B00272373042352
:1009D0000732A57322F0070506EB05094946637344
:1009E0002046C4E90677A760E773F8F765FA0E9B1F
:1009F000073020F00700E066C4E9196502930D9BFB
:100A0000A9EB000901930C9B4A46009331464346EB
:100A10002046F8F795FD114B67659B6803B11B6F86
:100A20004846236705B0BDE8F08305F110031E2B8F
:100A3000C6D94FF403730A4A0A490B4802F05BFB1C
:100A400029460A486FF00F030E2202F054FB4FF4C0
:100A50000371034802F046FB25FE00005CDA00202B
:100A6000F87201001B730100D55A01009B7301004D
:100A7000F0B587B00446DDE91276EFF3058575B170
:100A8000194940F29623194A194802F034FB1948D3
:100A900002F031FB40F29621144802F023FB059549
:100AA000109D04950F9D03950E9D02950D9D01953A
:100AB0000C9D0095FFF778FFB6F1FF3F08BFB7F137
:100AC000FF3F05D056EA070305D1204600F0E6FCBB
:100AD000204607B0F0BD3A463346074904F11800F6
:100AE00001F0F6F9F4E700BF86710100F872010029
:100AF000D55A0100CC730100EB4E010038B5144DFE
:100B00002B4653F8184F9C4200D004B9EC68AB68F0
:100B1000A8B963B90F49C8230F4A104802F0EBFA8D
:100B20000F4802F0E8FAC8210B4802F0DBFA5A7BC2
:100B3000D20604D1A26912B9DA897F2A05D89C426B
:100B400002D0204601F0ACF823466B6138BD00BFEF
:100B50005CDA00201D740100F1730100D55A010018
:100B60003F62010008B590F90D200146002A437B41
:100B700011DA03F07F0343730B4B984209D10B4901
:100B80000B4880230B4A02F0B6FA8021094802F094
:100B9000A9FA04F07AF9084B9868431A5842584168
:100BA000BDE80840FFF7AABF50CF002066740100DF
:100BB000D55A0100447401005CDA002008B583684E
:100BC0005BB90A490A4840F22E230A4A02F093FA16
:100BD00040F22E21074802F085FA04F056F9437BD3
:100BE00023F0020343730023836008BD8774010070
:100BF000D55A01004474010070B590F90D30427B64
:100C0000002B38DBD30636D18369002B33D162F059
:100C10007F024273184A904209D118491848792333
:100C2000184A02F068FA7921164802F05BFA164970
:100C30000A4652F8184F944218BF2346CC6923B98C
:100C4000C0E900242060C8610CE090F90E5093F9CF
:100C50000E60B5420BD0AE4209DD5A68C0E90032E1
:100C6000106058600020BDE87040FFF747BFA34206
:100C7000E6D01B68E3E770BD50CF0020667401002A
:100C8000D55A0100447401005CDA00202DE9F843D4
:100C9000171E0E4614BF08211021427B0446114244
:100CA0000FD141EA0203D20928D14373082937D072
:100CB0000120FFF723FFBFF35F8F637B23F0600307
:100CC0006373484B9B68A34273D1EFF30583002BFA
:100CD0006FD1454801F07EF8002859D140F26B13DE
:100CE000424A4349434802F006FA3F49424802F06B
:100CF00002FA40F26B113D4802F0F4F903F07F0371
:100D000043733E4B984208D13D4980233D4A3948C0
:100D100002F0F1F980213B48EEE704F0B6F8C5E7B0
:100D2000A36813B12046FFF749FF04F1180001F052
:100D300095F94FF0000904F15808A56D454500D01C
:100D4000CDB9DFF8A080D8F808309C42B0D1EFF3DD
:100D50000583002BACD00120FFF7D0FE40F2011339
:100D6000294DAB8100232846C5E9193301F01AFC4F
:100D7000C8F808509FE72846FFF720FF05F1180044
:100D800001F06CF92846C5F87C90FFF735FFD4E7F1
:100D90003046F8F7E3FA17B31C4940F2E513194A55
:100DA000144802F0A8F91A4802F0A5F940F2E5113A
:100DB000B1E70D4801F00EF868B940F231130B4A63
:100DC0000B490C4802F097F907490B4802F093F9D8
:100DD00040F231118FE786F31188BFF36F8FBDE8C2
:100DE000F88300BF5CDA002090DA0020F85C010094
:100DF000255D0100D55A01003C5D010050CF002067
:100E0000667401004474010008D100209E74010042
:100E1000A974010070B590F90D200146002A437BAA
:100E2000234C10DA03F07F03A042437309D1214918
:100E30008023214A214802F05EF980211E4802F0F9
:100E400051F904F022F84B7BA14263F07F034B730E
:100E500007D118497923184A184802F04CF979212A
:100E6000ECE7174A104650F8183FD469834208BF90
:100E7000002323B9C1E900042160D1610CE091F99C
:100E80000E5093F90E60B5420ED0AE420CDD58689C
:100E9000C1E90030016059609068BDE87040431AB4
:100EA00058425841FFF72ABE9C42E3D01B68E0E756
:100EB00050CF00206674010044740100D55A01002F
:100EC0005CDA002038B50446EFF31185202383F364
:100ED0001288BFF36F8F174800F06EFF68B9882340
:100EE000154A1649164802F006F91249154802F04B
:100EF00002F98821104802F0F5F80E4800F080FF52
:100F00002046FFF779FE0B4800F064FF68B940F215
:100F10003113094A0C490A4802F0EDF805490B481B
:100F200002F0E9F840F23111E4E785F31188BFF3EC
:100F30006F8F38BD90DA0020F85C0100515D010030
:100F4000D55A0100665D0100255D01003C5D010090
:100F500038B50446183001F081F8EFF311852023ED
:100F600083F31288BFF36F8F1A4800F025FF68B92A
:100F70008823194A19491A4802F0BDF81549194839
:100F800002F0B9F88821144802F0ACF8114800F0DA
:100F900037FF627B12F0100216D00E4800F01AFFE5
:100FA00068B940F231130C4A0F490D4802F0A3F81A
:100FB00008490E4802F09FF840F23111E3E785F34B
:100FC0001188BFF36F8F38BD29462046BDE83840F1
:100FD000FFF75CBE90DA0020F85C0100515D010073
:100FE000D55A0100665D0100255D01003C5D0100F0
:100FF00070B504460D46EFF31186202383F3128863
:10100000BFF36F8F1F4800F0D7FE68B988231E4AD0
:101010001E491F4802F06FF81A491E4802F06BF88B
:101020008821194802F05EF8164800F0E9FE637B5B
:1010300013F0280F0CD1A36813B12046FFF7BEFDB3
:10104000637BBDB903F0FB0320466373FFF7D4FD58
:101050000C4800F0BFFE80B940F231130A4A0E4935
:101060000B4802F048F807490C4802F044F840F2F7
:101070003111D6E703F0EB03E6E786F31188BFF3FF
:101080006F8F70BD90DA0020F85C0100515D0100A7
:10109000D55A0100665D0100255D01003C5D01003F
:1010A0002DE9F047DFF8D4A0354D1746DDE9089863
:1010B000DAF80820334BA84204460E461A600BD1DA
:1010C0003149324840F2A323314A02F014F840F289
:1010D000A3212F4802F006F8EFF31183202383F3B6
:1010E0001288BFF36F8F284600F066FE60B9882330
:1010F000284A2949254801F0FEFF2946274801F0E2
:10110000FAFF88212348E5E7284600F079FEDAF85F
:1011100008503946284603F0C0FEB8F1FF3F08BF2B
:10112000B9F1FF3F06D04A4643461D4905F1180074
:1011300000F0CEFE204600F04DFE68B9194940F29D
:101140006B13144A114801F0D6FF2146164801F0EE
:10115000D2FF40F26B11D5E7094800F03BFE40B9E1
:10116000104940F26B130B4A084801F0C4FF0449D0
:10117000ECE73046BDE8F047F8F7F0B85CDA00205D
:1011800090DA002094DA0020CB740100D55A0100D7
:1011900044740100F85C0100515D0100665D0100CE
:1011A000EB4E0100255D01003C5D010070B5054678
:1011B000EFF31186202383F31288BFF36F8F1D484E
:1011C00000F0FAFD68B988231B4A1C491C4801F04D
:1011D00092FF18491B4801F08EFF8821164801F044
:1011E00081FF144800F00CFE2C68A54219D034B1E0
:1011F0002046FFF7E3FC04F1180000F02FFF0D4834
:1012000000F0E8FD78B940F231130B4A0E490C4862
:1012100001F071FF07490D4801F06DFF40F23111F7
:10122000DCE70024EBE786F31188BFF36F8F2046DD
:1012300070BD00BF90DA0020F85C0100515D010034
:10124000D55A0100665D0100255D01003C5D01008D
:1012500038B50446EFF31185202383F31288BFF3DA
:101260006F8F1B4800F0A8FD68B98823194A1A49F6
:101270001A4801F040FF1649194801F03CFF882147
:10128000144801F02FFF124800F0BAFDA36813B113
:101290002046FFF793FC0E4800F09CFD68B940F231
:1012A00031130C4A0F490D4801F025FF08490E483B
:1012B00001F021FF40F23111E2E785F31188BFF31D
:1012C0006F8F04F11800BDE8384000F0C7BE00BFC2
:1012D00090DA0020F85C0100515D0100D55A010050
:1012E000665D0100255D01003C5D01002DE9F041D6
:1012F00004460E46EFF31188202383F31288BFF3D0
:101300006F8F384800F058FD074660B98823364A89
:101310003649374801F0EFFE3249364801F0EBFE1E
:101320008821314815E02F4800F06AFD637BDA061A
:1013300011D1A5697DB903F07F0363732E4B9C42E5
:101340001ED12E492A4880232D4A01F0D4FE802147
:101350002B4801F0C7FE0027A673224800F03AFD93
:10136000002837D140F231131F4A2649204801F0A6
:10137000C2FE1C49244801F0BEFE40F23111D0E704
:10138000204603F082FD637B204A63F07F03637392
:10139000134671B2A17353F8180F984218BF05464F
:1013A000D06925B9C4E900300460D4610AE095F938
:1013B0000E60B1420AD08E4208DD6B68C4E900536A
:1013C0001C606C600120FFF799FBC6E7A842E9D0DA
:1013D0002D68E6E788F31188BFF36F8F3846BDE8C4
:1013E000F08100BF90DA0020F85C0100515D01003F
:1013F000D55A0100665D010050CF002066740100DF
:1014000044740100255D01003C5D01005CDA0020B0
:1014100070B504460D46F9B9EFF30586E6B91A4BE7
:101420005A699B689A4217D000F0D4FC78B940F210
:101430006B13164A1649174801F05DFE21461648FF
:1014400001F059FE40F26B11104801F04BFE30469E
:10145000BDE87040F7F782BF204600F0BBFC68B9DA
:1014600040F23113094A0A490A4801F044FE214674
:10147000094801F040FE40F23111E5E785F311889B
:10148000BFF36F8F70BD00BF5CDA0020F85C010015
:10149000255D0100D55A01003C5D010038B50446C8
:1014A000EFF31185202383F31288BFF36F8F1D485C
:1014B00000F082FC68B988231B4A1C491C4801F0D3
:1014C0001AFE18491B4801F016FE8821164801F043
:1014D00009FE144800F094FC637B5A0716D41148A7
:1014E00000F078FC68B940F231130F4A12491048F5
:1014F00001F001FE0B49114801F0FDFD40F23111F0
:10150000E4E785F31188BFF36F8F38BD23F0040340
:1015100020466373FFF770FB2946BDE83840014859
:10152000FFF776BF90DA0020F85C0100515D010002
:10153000D55A0100665D0100255D01003C5D01009A
:10154000034648B9EFF3058232B9064A51699268F9
:10155000914201D0F7F702BF83F31188BFF36F8F79
:10156000704700BF5CDA002010B5EFF31184202330
:1015700083F31288BFF36F8F264800F01DFC60B91B
:101580008823254A2549264801F0B5FD21492548EB
:1015900001F0B1FD8821204810E01E4800F030FC29
:1015A000EFF3058363B120498B23204A1C4801F0E7
:1015B000A2FD1F4801F09FFD8B211C4801F092FD08
:1015C0001C4B9A68D37B012B0AD11B498C23174AE9
:1015D000134801F090FD164801F08DFD8C21ECE7D9
:1015E000013BD3730B4800F0F5FB68B940F23113AF
:1015F000094A12490A4801F07EFD0649104801F0E7
:101600007AFD40F23111C6E784F31188BFF36F8F82
:1016100010BD00BF90DA0020F85C0100515D0100B0
:10162000D55A0100665D0100867101000475010054
:101630003F6201005CDA00202F750100255D01008A
:101640003C5D010038B5EFF31185202484F3128846
:10165000BFF36F8F2D4800F0AFFB60B988232C4A91
:101660002C492D4801F047FD28492C4801F043FD45
:101670008821274813E0254800F0C2FB284B9A68D0
:10168000D37B73B9274940F23133274A224801F00E
:1016900032FD264801F02FFD40F23131224801F0A1
:1016A00021FDEFF3058060B1214940F232331E4A3B
:1016B000194801F020FD1D4801F01DFD40F23231B6
:1016C000ECE70133D373FFF719FA104800F082FBFF
:1016D00068B940F231130E4A16490F4801F00BFD6C
:1016E0000A49154801F007FD40F23111C1E785F3C1
:1016F0001188BFF36F8FEFF3118084F31288BFF36B
:101700006F8FBDE83840FFF71BBF00BF90DA0020A5
:10171000F85C0100515D0100D55A0100665D0100D1
:101720005CDA002060750100447401003F62010032
:1017300086710100255D01003C5D0100024B03F153
:101740001802C3E9062270475CDA0020F8B5EFF30F
:1017500005836BB1414940F23643414A414801F0AB
:10176000CAFC414801F0C7FC40F236413C4816E053
:10177000EFF31185202383F31288BFF36F8F3B486B
:1017800000F01AFB68B98823394A3A49354801F014
:10179000B2FC3649384801F0AEFC8821344801F0EB
:1017A000A1FC324800F02CFB3449354C8868437B5F
:1017B000A04203F07F03437307D132498023284AB4
:1017C000284801F098FC8021D0E703F05EFB8B688D
:1017D0005A7BA34262F07F025A7307D129497923C9
:1017E0001F4A204801F087FC7921BFE7084650F8DE
:1017F000182FCC69824208BF002222B9C3E9000435
:101800002360CB610CE093F90E6092F90E70BE423A
:101810001BD0B74219DD5168C3E900210B6053604A
:101820000120FFF76BF9114800F0D4FA88B940F2B3
:101830006B130F4A14490B4801F05DFC0B49134828
:1018400001F059FC40F26B11A8E7A242D6D0126811
:10185000D3E72846BDE8F840F7F780BD8671010060
:1018600044740100D55A01003F62010090DA002063
:10187000F85C0100515D0100665D01005CDA00204A
:1018800050CF002066740100255D01003C5D010021
:101890002DE9F04105460E46EFF305836BB13F4954
:1018A00040F251433E4A3F4801F025FC3E4801F0DA
:1018B00022FC40F251413A4824E050EA010303D1AE
:1018C000FFF744FF002067E0821C71F1FF331BDB50
:1018D00003F01FFB2C18EFF31188202383F31288E9
:1018E000BFF36F8F314800F067FA88B98823304A18
:1018F00030492C4801F0FFFB2C492F4801F0FBFB3D
:1019000088212B4801F0EEFB6FF00104241AE2E776
:101910002A4F264800F074FAB868294B1860FFF780
:1019200021F9B8682A4633461830264900F0D0FA23
:10193000BA681E48537B43F01003537300F04AFA11
:1019400068B940F26B131A4A1F49164801F0D3FBDD
:1019500016491E4801F0CFFB40F26B11D1E740461B
:10196000F7F7FCFCBB685B7BDB060CD5184940F243
:101970006D430B4A0B4801F0BEFB0B4801F0BBFB6B
:1019800040F26D4197E703F0C4FA201A63EB0303BA
:10199000012873F1000395DBBDE8F0818671010039
:1019A00044740100D55A01003F62010090DA002022
:1019B000F85C0100515D0100665D01005CDA002009
:1019C00094DA0020EB4E0100255D01003C5D010032
:1019D0009175010010B5EFF3058474B1134940F21D
:1019E0007B43134A134801F086FB134801F083FB45
:1019F00040F27B410E4801F075FBB1F1FF3F08BF9B
:101A0000B0F1FF3F06D10D4B9868FFF7A1FA4FF0F8
:101A1000FF3010BDFFF73CFF4FF47A7247F6FF73BB
:101A2000C0FB0234D80B40EA4440F2E78671010063
:101A300044740100D55A01003F6201005CDA0020C5
:101A4000014B9868704700BF5CDA002038B5044647
:101A5000EFF31185202383F31288BFF36F8F28489B
:101A600000F0AAF968B98823264A2749274801F0D7
:101A700042FB2349264801F03EFB8821214801F022
:101A800031FB1F4800F0BCF9237BDA0724D51C4842
:101A900000F0A0F968B940F231131A4A1D491B48F9
:101AA00001F029FB16491C4801F025FB40F23111D9
:101AB000E4E785F31188BFF36F8F4FF4AE63174AE5
:101AC0001749124801F017FB2146164801F013FB95
:101AD0004FF4AE611148D2E7637B1B0709D5084874
:101AE00000F078F90028D6D085F31188BFF36F8F06
:101AF00038BD29462046BDE838400122FFF7C6B868
:101B000090DA0020F85C0100515D0100D55A010017
:101B1000665D0100255D01003C5D0100447401002B
:101B2000687A0100D17501002DE9F8430646884620
:101B30001746EFF31189202383F31288BFF36F8FC9
:101B4000214800F039F9054668B988231F4A204921
:101B5000204801F0D0FA1C491F4801F0CCFA882136
:101B60001A4801F0BFFA184800F04AF93468A64252
:101B70001FD004B32046C4F87C806761FFF71EF8CD
:101B800004F1180000F06AFA2046FFF735F80E4815
:101B900000F020F988B940F231130C4A0F490D4882
:101BA00001F0A9FA08490E4801F0A5FA40F23111F6
:101BB000D6E70025EBE72546E9E789F31188BFF36F
:101BC0006F8F2846BDE8F88390DA0020F85C0100AA
:101BD000515D0100D55A0100665D0100255D0100DF
:101BE0003C5D0100D3B5DDE90667089CCDE90067DF
:101BF000FFF756FA1CB1034B9B685B69236002B088
:101C0000D0BD00BF5CDA002008B568B10F4B984228
:101C10000AD303F11802904206D21822C01AB0FB70
:101C2000F2F302FB13034BB109490A4838230A4A6D
:101C300001F061FA3821084801F054FA0122074BFB
:101C4000C0105843064B1A5408BD00BF90D1002065
:101C500018760100D55A0100F0750100ABAAAAAAB6
:101C600069EF0020C3897F2B12D80A4B1B6863B130
:101C7000094B90F90E201B689A4209DB437BDB0677
:101C800006D1064BC31A18BF012303F001007047A9
:101C90000023FAE79CDA002098DA002050CF0020D9
:101CA00070B50E4B0E4C1E7C054606EB460304EB4E
:101CB000C304204600F0D2F900220A4B28469A5568
:101CC000FFF7D0FF48B1084B2046BDE870401A68C6
:101CD0000649013AD31700F0FBB870BD5CDA00206A
:101CE00090D1002069EF00209CDA0020091C01003F
:101CF00038B5EFF31185202383F31288BFF36F8F7C
:101D0000234800F059F868B98823224A2249234819
:101D100001F0F1F91E49224801F0EDF988211D4832
:101D200001F0E0F91A4800F06BF81E4B1E4A9C685F
:101D30001068A04213D1FFF7B3FF154800F04AF82E
:101D400008BB40F23113134A1849144801F0D3F983
:101D50000F49174801F0CFF940F23111DFE70021B8
:101D60001B7C1160134AD35C002BE6D02046FFF7A2
:101D700079FF0028E1D0637BDB0602D12046FFF724
:101D800049F82046D7E785F31188BFF36F8F38BD38
:101D900090DA0020F85C0100515D0100D55A010085
:101DA000665D01005CDA002094DA0020255D010008
:101DB0003C5D010069EF0020006838B1044B00F081
:101DC00003001B7CC01A18BF012070470120704718
:101DD0005CDA0020002302680360EFF30581074B03
:101DE00019B19968497BC90706D4197C98680843DA
:101DF000831A584258417047012070475CDA00202E
:101E0000024B1A7C9B681343036070475CDA002026
:101E100008B50648064A0749121A02F0A5FFBDE8B0
:101E20000840054A0549064802F09EBF80C50020CB
:101E3000C4CA0020D07A010000000000B87A010076
:101E400080C50020034B1B680BB9F9F72FBB00209E
:101E5000704700BFA0DA002030B570B10B4B5B6853
:101E600098420AD0036843B1D3E90421D0E904457C
:101E7000121941EB0501C3E90421D0E900321360D6
:101E80005A600023C0E9003330BD00BF70C9002094
:101E900010B50E4B1C689C4204D1FFF7D3FF6FF0C6
:101EA000004010BDFFF7CEFF002CF8D0D4E904327B
:101EB0001B1A62EBE072B3F1004F72F10001EEDA2F
:101EC000002AACBF18460020EBE700BF70C9002015
:101ED000B3F1FF3F08BFB2F1FF3F2DE9F0470446E1
:101EE00092461D4600F09D80066866B14E496E23FD
:101EF0004E4A4F4801F0FFF84E4801F0FCF86E21C1
:101F00004A4801F0EFF88160EFF31187202383F353
:101F10001288BFF36F8F4848FFF74EFF60B98823E0
:101F2000464A4749424801F0E6F84349454801F02E
:101F3000E2F888214148E4E73F48FFF761FFBAF142
:101F4000FF3F75F1FF3323DA6FF001033E49D1E91A
:101F500000209B1A4FF0FF3262EB0000B3EB0A0344
:101F600060EB0500012B70F1000201DA012330461D
:101F7000C4E90430354B1A68D3F804C09A4218BF3C
:101F8000164686B9C4E9003CCCF800405C601CE011
:101F9000FFF758FF1AF1010845F1000518EB00039F
:101FA00045EBE070E4E7D6E90415D4E904208A4261
:101FB00070EB050E28DA891A726865EB0005C6E930
:101FC0000415C4E90062146074601A689A4209D06A
:101FD000944207D11E4B1C6824B9FFF759FF2146D4
:101FE000F9F73EFA1448FFF7F5FEB0B940F23113A5
:101FF000124A18490E4801F07EF80F49164801F0C0
:102000007AF840F2311195E7521A60EB0500664507
:10201000C4E90420B6D03668B3E787F31188BFF36C
:102020006F8FBDE8F08700BFED770100C977010031
:10203000D55A01003F620100A4DA0020F85C0100DB
:10204000515D0100665D0100A8D1002070C900202B
:10205000A0DA0020255D01003C5D010038B5044692
:10206000EFF31185202383F31288BFF36F8F1B4892
:10207000FFF7A2FE68B98823194A1A491A4801F0E5
:102080003AF81649194801F036F88821144801F049
:1020900029F81248FFF7B4FE2368ABB12046FFF7DA
:1020A000DBFE00240D48FFF795FE80B940F23113A6
:1020B0000B4A0F490C4801F01EF808490D4801F081
:1020C0001AF840F23111E1E76FF01504EAE785F301
:1020D0001188BFF36F8F204638BD00BFA4DA0020FF
:1020E000F85C0100515D0100D55A0100665D0100F8
:1020F000255D01003C5D01002DE9F84F0446EFF33A
:102100001188202383F31288BFF36F8F4748FFF7AE
:1021100053FE68B98823464A4649474800F0EBFF1A
:102120004249464800F0E7FF8821414800F0DAFFC5
:10213000DFF80C91DFF80CB13C48FFF761FECBF8FB
:102140000040D9F8004000264C4508BF0024002775
:10215000DFF8F4A0DBF80030DAE90021002C4AD0E7
:10216000D4E904504FEAE37CAB427CEB000E05DA85
:10217000ED1A60EB0C00C4E904503CE0AA1841EBF6
:10218000E5712046C4E90467CAE90021FFF764FE4F
:102190002648FFF71FFE68B940F23113244A2B4945
:1021A000254800F0A8FF2149294800F0A4FF40F28B
:1021B0003111BAE788F31188BFF36F8F2046A36807
:1021C0009847EFF31188202383F31288BFF36F8FB2
:1021D0001648FFF7F1FD00289CD01448FFF710FEC9
:1021E000DBF80030D9F800405B1B4C45CBF80030E1
:1021F000B0D1DAE9002100249A1841EBE371CAE971
:102200000021CBF80040FFF743FE2146F9F728F9FB
:102210000648FFF7DFFD0028BED088F31188BFF322
:102220006F8FBDE8F84FFFF763BD00BFA4DA002051
:10223000F85C0100515D0100D55A0100665D0100A6
:1022400070C90020A0DA0020A8D10020255D01007F
:102250003C5D010070B5EFF31186202383F31288F3
:10226000BFF36F8F1A48FFF7A7FD68B98823194A93
:1022700019491A4800F03FFF1549194800F03BFF83
:102280008821144800F02EFF1148FFF7B9FDFFF731
:10229000D9FD144AD2E90045041945EBE0750C4814
:1022A000FFF798FD68B940F231130A4A0E490B480E
:1022B00000F021FF06490D4800F01DFF40F23111EA
:1022C000DFE786F31188BFF36F8F2046294670BD84
:1022D000A4DA0020F85C0100515D0100D55A01002C
:1022E000665D0100A8D10020255D01003C5D010074
:1022F00008B562B117492E23174A184800F0FBFEB3
:10230000174800F0F8FE2E21134800F0EBFE3F299D
:102310000AD914493023104A104800F0ECFE124844
:1023200000F0E9FE3021EFE753B9104931230A4AA2
:102330000A4800F0E0FE0E4800F0DDFE3121E3E740
:1023400082600902027B01F47C511143C0E903134E
:1023500008BD00BF087901000D780100D55A0100C1
:10236000287901004E79010072790100827901001B
:102370009579010070B504460D46EFF311862023D0
:1023800083F31288BFF36F8F1C48FFF715FD68B900
:1023900088231B4A1B491C4800F0ADFE17491B4807
:1023A00000F0A9FE8821164800F09CFE1348FFF7B4
:1023B00027FD2068844209D0D0E9003213605A60BA
:1023C00000232946C0E9003302F0EEFD0B48FFF779
:1023D00001FD68B940F23113094A0D490A4800F07D
:1023E0008AFE06490B4800F086FE40F23111DAE71A
:1023F00086F31188BFF36F8F70BD00BFA8DA00208D
:10240000F85C0100515D0100D55A0100665D0100D4
:10241000255D01003C5D010070B504460D46EFF3FB
:102420001186202383F31288BFF36F8F2148FFF7B3
:10243000C3FC68B98823204A2049214800F05BFE8C
:102440001C49204800F057FE88211B4800F04AFE36
:102450001848FFF7D5FC01212068E5608442A1609F
:1024600011D11448FFF7B6FCE8B940F23113124A13
:102470001549134800F03FFE0E49144800F03BFE9A
:1024800040F23111E1E7D0E9003213605A600023D5
:10249000C0E9003302F088FD314604460548FEF7E6
:1024A000B7FF204670BD86F31188BFF36F8F0024FD
:1024B000F7E700BFA8DA0020F85C0100515D0100D9
:1024C000D55A0100665D0100255D01003C5D0100FB
:1024D00004322DE9734306460D4620D24FF0000822
:1024E0004FF0000941F00401CDE90089FDF780FBC0
:1024F0000446A0B144F8046B95B16B1E1C420FD08A
:102500002523094A09490A4800F0F5FD21460948F2
:102510002A4600F0F0FD2521034800F0E3FD0024E9
:10252000204602B0BDE87083AF790100D379010085
:10253000D55A0100057A010003280A4608B501D9D9
:1025400083070CD010494223104A114800F0D3FDF4
:10255000104800F0D0FD42210C4800F0C3FD431E9E
:1025600003420AD00C494623084A094800F0C3FD3B
:102570000A4800F0C0FD4621EEE70146BDE80840EC
:102580000748FFF7A5BF00BF2D7A0100AF79010012
:10259000D55A01006A7A01008C5B0100A75B01003B
:1025A00090C90020014B0367704700BF90C900200D
:1025B00038B504460D4602F05DFC20B9064B9B6819
:1025C0001B6F0BB938BD054B2A4621461846BDE89E
:1025D0003840FFF77DBF00BF5CDA002090C90020C3
:1025E0000CB430B589B005460C461C22002101A868
:1025F00002F004FE022305958DF806300D4B029380
:1026000023462CB1B4F1004F28BF4FF00043013BEB
:102610001D440DAA0C9901A80695009200F0E8F857
:1026200014B1059B00221A7009B0BDE8304002B019
:10263000704700BF0D520100242A2DE9F0410446E5
:1026400001D8012A4CD1364B162202F0E7FD1A5070
:1026500001B10C6000273846BDE8F08135462E46B2
:1026600016F8010B2028F9D0A0F109070346042F22
:10267000F4D92B2836D02D2837D14FF0010CAE1CC1
:102680006B78302B38D1307840F0200078282FD16B
:1026900032F010002CD173783446102202360CF13F
:1026A000004000270138B0FBF2FE02FB1E08392B68
:1026B00082BF03F1FF3343F02003263B303B9A42B5
:1026C0001ED9774502DC03D1984501D24CF0020CAB
:1026D000354607FB0237344615F8013B2E46E6E740
:1026E0000546BCE74FF0000CC9E74FF0000CC8E707
:1026F000002A08BF0822D2E7002A08BF0A22CEE734
:1027000001B10C601CF0010F18BF7F421CF0020FDA
:10271000A1D0034B2222074602F080FD1A509AE70F
:102720000C000000242AF0B5044601D8012A40D14B
:102730002E4B162202F072FD1A5001B10C600020DF
:10274000F0BD2F463D4615F8010B2028F9D0A0F129
:1027500009060346042EF4D92B282CD02D282CD181
:102760000126BD1C7B78302B2DD1287840F020002D
:10277000782824D132F0100021D16B782C46102219
:1027800002350020392B82BF03F1FF3343F02003D1
:10279000263B303B9A421AD9A0FB02040CB9C01860
:1027A00001D346F002062F462C4617F8013B3D4662
:1027B000E8E70746C6E70026D3E70026D3E7002A66
:1027C00008BF0822DDE7002A08BF0A22D9E701B1C5
:1027D0000C60F20748BF4042B307B1D5034B222239
:1027E00002F01CFD1A504FF0FF30A9E70C0000006A
:1027F0002DE9F04F43688DB01546804602938378EB
:102800009A0740F10D8100240E78002E00F00A8115
:10281000252E0BD04B1C0393013441463046029BBE
:1028200098470028C0F2F6800399EDE74E788B1C9C
:10283000252E0393F0D00027B946BB46BBF11F0FEE
:1028400038D8A6F12003102B0AD8DFE803F02A09B4
:1028500009300909092109090928092D09091F0059
:10286000A6F13003092B33D92A2E37D11BF0400FA4
:1028700055F8043B40F08280002BA7BF4BF0200BA3
:102880009946C3F100094BF0280B01E04BF0010B16
:10289000039B13F8016B0393002ECFD130E04BF074
:1028A000020B4BF0040BF3E74BF0080BF0E74BF097
:1028B000100BEDE7BBF17F0F19D8A6F13003092B00
:1028C000D2D81BF0400F03D00A2101FB0737DFE706
:1028D0000A214BF0200B01FB0939D9E72E2E06D136
:1028E0001BF0400F40F09E804BF0400BD0E76C2E69
:1028F00031D02BD8682E36D06A2E3CD04C2E3AD010
:10290000002F46F02003B8BF2BF04002A3F1650171
:10291000BCBF00271FFA82FB022901D9612B2FD1EE
:1029200007350727DFF8ACA225F0070508351BF0AF
:10293000080F66D00AEB070B56465E4563D1A4EB41
:102940000A0AA9EB070906EB0A026FE1742E9FD071
:102950007A2E9DD0D4E71BF0800F18BF4BF4007B7C
:102960004BF0800B94E71BF4807F18BF4BF4007B87
:102970004BF4807B8CE74BF4207B89E71F4687E78D
:10298000A6F16301122900F2F080DFE811F01300D4
:102990004F00EE00EE00EE00EE004F00EE00EE0005
:1029A000EE00EE00EE00FE00E900EE00EE001B007F
:1029B000EE00AF0055F8043B01270DF1180A8DF821
:1029C0001830B4E755F804AB834BBAF1000F08BFD9
:1029D0009A461BF0400F504614BF39464FF0FF3166
:1029E00002F087FB0746A2E741462020029B98475A
:1029F00000280FDB013EB742F6D34C44B146A41B7E
:102A000098E74E46F7E7414616F8010B029B9847B8
:102A1000002892DA98F8023043F0040388F8023074
:102A20004FF0FF3420460DB0BDE8F08F1BF0800F53
:102A300034D01BF4007F2CD0073525F00705AA46BB
:102A400069685AF8080B2BF010050029ADB237DA87
:102A5000404245F4806561EB41010DF1180B0A23FA
:102A60005A4602F068FBA0EB0B0301936B0662D59C
:102A7000019B25F001019F4289B240F3A180002E05
:102A800000F0998015F0100240F09C80BB460D4686
:102A900023E0AA465AF8040BC117D4E7AA461BF450
:102AA000807F5AF8041B01D10846F5E71BF4007F2C
:102AB00019BF48B241F3C01108B241F3C031C2E7B7
:102AC00050EA0103C9D11BF0400FC6D0002FC4D17A
:102AD0002BF01102BB46019795B240F2064115EA70
:102AE00001021CBF0BF1010B00222CE02BF01002A5
:102AF0000A231FFA82FB1BF0800C49D01BF40071E3
:102B000015BF0735AA4625F007055AF8040B1EBF66
:102B1000AA4669685AF8080B50EA010545D12BF01E
:102B200016051BF0400FADB242D0002F40D12BF064
:102B30001702019795B215F0100248D0019B002EA4
:102B400042D103F1010B29075AD4EB0706D5D94529
:102B50006FDDA9EB0B030199CB465F185B4649E09B
:102B60004BF0100B10237826C5E7782B04D1C6F163
:102B7000780343F01003BEE741462520029B9847A7
:102B80000028FFF647AF023447E608230026B2E7E5
:102B9000AA461BF480715AF8040BBDD01BF40071D7
:102BA0001ABFC0B2614680B2B6E72BF0060295B2FA
:102BB0000DF1180B54E725F01105BB46ADB28CE7BB
:102BC0000D46B8E73B460D4603F1020BBBE7DDF8C7
:102BD00004B082E79E7A0100977A0100CDE90432C1
:102BE00041462020029B98470028FFF613AF049B24
:102BF000059A01339945F1DCA4EB0B019B46CC18F7
:102C00000AB341463020029B98470028FFF602AFE6
:102C10008EB901342744391B019B994224DC1D469F
:102C200055BB019AA9EB0B09554622441446914421
:102C300033E0019F92E7023441463046029B9847B9
:102C40000028E7DAE6E640F206410D42E2D015F050
:102C5000020F04F10104414614BF2B20202015F47B
:102C6000806F18BF2D20E9E741463020029B0134D8
:102C700098470028CFDACDE606AB013D4146585DC6
:102C8000029B98470028CBDAC4E641462020029BED
:102C9000013498470028FFF6BDAEA9EB0403002BD2
:102CA000F3DCC1E5F0B589B005460C4616460021B7
:102CB0001C2201A81F4602F0A1FA02232046059516
:102CC0008DF806300A4B02932CB1B4F1004F28BFA7
:102CD0004FF00040013805443A46314601A80695B8
:102CE000FFF786FD14B1059B00221A7009B0F0BDF4
:102CF0000D5201007047836800EBC101B3F5004F2E
:102D00002CBF51F8220031F81200704700EBC101CE
:102D10008068B0F5004F2CBF41F8223021F8123006
:102D20007047012208B5FFF7E6FFD04008BD836871
:102D300000EBC101B3F5004F08D34B681AB143F063
:102D400001034B60704723F00103FAE74B881AB187
:102D500043F001034B80704723F00103FAE753006F
:102D60000122FFF7D3BF8368B3F5004F34BF0423BC
:102D70000823C91A081AC0087047B0F5004F34BFBD
:102D8000042308230731C818C00870470A4608B54D
:102D90000121FFF7F2FF0132121AB2FA82F0C0F1FC
:102DA0001F0008BD2DE9F041174603220E460446D8
:102DB000FFF7A1FF8642054607F104080AD1012268
:102DC000E368BA4023EA0203E360002344F82830B2
:102DD000BDE8F081314602222046FFF78CFF06460F
:102DE0002B4601460322204644F82850FFF78EFF69
:102DF000334629462046BDE8F0410222FFF786BF50
:102E000070B50D4686680446FFF78BFFB6F5004F98
:102E1000014601D3012809D03046FFF7B7FF294604
:102E200002462046BDE87040FFF7BCBF70BD2DE9EB
:102E3000F047054680688846FFF7A8FF05EB800A43
:102E4000DAF810900646B9F1000F1BD00327DAF824
:102E5000104028462146FFF764FF404507D332461D
:102E600021462846FFF79EFF2046BDE8F087032253
:102E700021462846FFF73FFF013FCAF8100001D066
:102E80008145E4D14FF0FF34EB680136B4401C407B
:102E9000EAD094FAA4F2B2FA82F2131D55F8234054
:102EA000DEE72DE9F04114460E460546FFF739FFEF
:102EB000A4EB0608371B0744424631462846FFF775
:102EC0004EFF3A4621462846FFF749FF4346002277
:102ED00021462846FFF71AFF21462846FFF721FF23
:102EE0003B46211800222846BDE8F041FFF70EBFFF
:102EF0002DE9F041164604460F46FFF712FF314612
:102F000005462046FFF70DFF05442A463946204670
:102F1000FFF725FF31462046FFF703FF2B46311808
:102F200000222046BDE8F041FFF7F0BE2DE9F04158
:102F30000D4686680446FFF7F4FEB6F5004F0146DD
:102F400001D3012832D03046FFF720FF04EB800187
:102F50000E6996B90122E36882401343E3600222BE
:102F60000D612B4629462046FFF7D0FE0322294655
:102F70002046BDE8F041FFF7C9BE02223146204697
:102F8000FFF7B9FE0746034629462046FFF7BEFE77
:102F90000322334629462046FFF7B8FE39462B4622
:102FA0002046FFF7B3FE02223146E1E7BDE8F0819B
:102FB000F8B50C460546FFF7B4FE26180122314647
:102FC0002846FFF798FEC3070CD431462846FFF782
:102FD00017FF21462846FFF7A4FE2146221828465F
:102FE000FFF786FF002221462846FFF784FE271AB6
:102FF000012239462846FFF77EFE10EA020613D169
:1030000039462846FFF7FCFE214632462846FFF7A0
:1030100072FE2246211A2846FFF76AFF21463246F1
:103020002846FFF768FE241A21462846BDE8F840E6
:10303000FFF77CBF70B5066809B9002070BDB068A5
:10304000B0EBD10FF9D9FFF798FE0146054630469F
:10305000FFF7EDFE04460028EFD001463046FFF7AB
:1030600060FEA84209D92544214630462A46FFF78A
:1030700018FF29463046FFF759FF30460122214606
:10308000FFF755FEB368B3F5004F34BF04230823A0
:1030900003EBC4031844D1E7002070470FB407B511
:1030A00004A951F8040B0191F5F768FB03B05DF832
:1030B00004EB04B07047002070470CB4034607B51A
:1030C00004AA084652F8041BDB680192984703B033
:1030D0005DF804EB02B0704700207047FCF796BF24
:1030E000F5F790BB002383F31188BFF36F8F0423A0
:1030F000184602DF70470FB407B504A951F8040B56
:103100000191F5F73BFB03B05DF804EB04B07047A9
:10311000838B13F0070305D10368002B0CBF00203D
:1031200003207047022B05D1C08BB0FA80F0400914
:1031300080007047012B05D10368002B0CBF0020D5
:10314000052070470020704710B50C4600B111B93A
:103150006FF0150010BD081D00F02FF80028F9D100
:10316000A368032BF6D9F3E72DE9F0410D46074696
:103170001946281D90461E46F5F75AFE044638B1FA
:103180003346424629463846A446BDE8F0416047EA
:10319000BDE8F08138B50C46054658B151B10B6811
:1031A00043B14B6833B12022002102F027F8002000
:1031B0002C6138BD6FF01500FBE7034640B1426853
:1031C00002F00302022A06D0032A04D0012A05D005
:1031D0006FF0150070471A68002AF9D00020986037
:1031E00070477047012801D1EFF30583FCF75EBB00
:1031F00001460068FFF7F6BF08B5F5F759FEBDE8D0
:103200000840F5F779BE7047704700210120FFF7AD
:10321000E9BF436E83F30B88704761B662B680F3F3
:103220001188BFF36F8F704772B6002383F3118844
:10323000BFF36F8FBFF34F8F30BF62B6BFF36F8F97
:10324000704772B6002383F31188BFF36F8FBFF30B
:103250004F8F20BF80F31188BFF36F8F62B6704726
:1032600040E800F313F4803FD8B208BF6FF01500B8
:10327000704730B50C684B6885B00A894D89009459
:10328000013B24F01F04234402F01F0242EA4512CE
:1032900023F01F0369468DF808200393F6F7ECF935
:1032A00005B030BD08B5F6F711FC002008BD08B523
:1032B000F6F7E6FFF7F782F8002008BD10B10068C6
:1032C00000B140687047FCF7D1BD10B50346FFF769
:1032D000F5FF28B1C2681AB1BDE810401846104782
:1032E00010BDFCF793BE10B50446F6F759FD48B182
:1032F0002046F6F7B1FD8368986818B18047C31E71
:103300005842584110BDF8B5069F0469C9B2EFF3A1
:103310001186202585F31288BFF36F8F0C2505FBDE
:103320000144A56C05F0070CBCF1010F0CD1A7649A
:1033300086F31188BFF36F8FC4E91023436853F8F5
:10334000313098470020F8BD05F0C005AF4286F344
:103350001188BFF36F8F0CBF6FF077004FF0FF3015
:10336000F1E713B580240094FFF7CDFF02B010BD44
:103370000069CBB200EB4310002110470020F9F7A1
:1033800033BD0020F9F7AABD1046FCF7D5BF802257
:10339000F7F77AB8084608B51146F9F7CFFB0028C9
:1033A00018BF6FF0040008BD08B500F0A6FA0028A9
:1033B00018BF6FF0040008BD436800205B681B69FC
:1033C0000B607047436802EA01005B6821EA020172
:1033D00098600020D9607047436800205B6899605E
:1033E0007047436800205B68D960704743685A683B
:1033F000536821EA03000B4090600020D3607047BF
:1034000030B543681360057A446804EBC504A342F1
:1034100002D36FF0010030BD5C798C4201D00833DB
:10342000F0E70020F7E743681B68D3F88004C3F88F
:103430008004704710B544682368C3F84415C3F886
:1034400048250022C3F82021D3F82011C3F85821C1
:10345000D3F858216268D20608D50821426812685C
:10346000C2F800154FF48002C3F8042301229A60C9
:1034700010BD436802691B68D3F8100150B10020E9
:10348000926912780A70C3F81001D3F81021012252
:103490001A6070474FF0FF307047002A10B504469D
:1034A00010DD43681B68D3F8100150B10020226979
:1034B000C3F81001D3F810010120926912780A7044
:1034C000186010BD0020FCE7436801691A68EFF33B
:1034D0001183202080F31288BFF36F8F0020C9680A
:1034E00088734FF48001C2F8041383F31188BFF38B
:1034F0006F8F704701220369DB689A737047036915
:10350000DB689A7B02F0FF0162B942681268D2F868
:10351000580140B1D2F8040310F4800003D0012018
:10352000196170470020704743681B68D3F8100189
:10353000003818BF01207047102243681B68C3F889
:1035400004237047102243681B68C3F808237047A0
:103550004FF4007243681B68C3F8042370474FF4AC
:10356000007243681B68C3F80823704738B5436886
:1035700004461D68D5F804335B0205D4D5F804036E
:1035800010F0100006D138BDFFF7B9FF0028F5D0C4
:103590000120F8E72046FFF7C7FF003818BF0120D9
:1035A000F1E7012070470369D8680160DB685A6061
:1035B000704702680346D2F8580140B95B689B0720
:1035C00006D4D2F82001003818BF0120704701202E
:1035D0007047F8B506690546F3689C891033944234
:1035E000A8BF14460122D3E8EF0F002803D1C3E897
:1035F000E72F002FF7D10CBF134600231ED1F3682D
:103600002246986801F0EDFDEFF31187202383F344
:103610001288BFF36F8F6868FFF7CBFFF36838B984
:103620000446186187F31188BFF36F8F2046F8BDF9
:10363000224628469968FFF7FDFEF3E71C46F5E7AA
:1036400010B442681368D3F80413C90517D5D3F82A
:103650002011A1B1EFF31181202484F31288BFF36C
:103660006F8FD3F8204134B10024C3F82041D3F840
:1036700020410124DC6081F31188BFF36F8F526811
:10368000D20619D5EFF31181202282F31288BFF3FD
:103690006F8FD3F8582112B10022C3F800250269B8
:1036A000D2680AB112691AB94FF48002C3F808232C
:1036B00081F31188BFF36F8F0269D4686CB1D3F8BE
:1036C000581161B100212161D468A47B3CB14FF451
:1036D0008000C3F80803D368997310BC7047D3F80F
:1036E000241121B10021C3F82411D3F82431D26868
:1036F0001368002BF1D0516810BC184701F000BBD3
:1037000001F0B8BB00207047006800F0A7BD38B5D5
:10371000044604B938BDE069256801F095FC2046EF
:1037200001F092FC2C46F4E7FCF7A0BBFCF76EBC62
:10373000002307B5CDE90033F8F772FB03B05DF85D
:1037400004FB2DE9F04F064640688BB00C46DDE9DE
:1037500014579046994608B1FFF7E8FFD6F800A045
:1037600005B1AFB900232146CDE9003342464B46AF
:10377000504600F07FFF0446706828B14FF0FF32DA
:103780004FF0FF33FFF7D0FF20460BB0BDE8F08FBE
:103790004FF0160B04AB5A460021184601F02EFDDF
:1037A00003AACDE9000221464B4642465046CDF8D9
:1037B0000CB000F05FFF041EDEDBBDF81020012A14
:1037C0000AD1039B082BD7D1BDF812102A80059A85
:1037D00069806A603B60CFE7022ACDD1039B162B3C
:1037E000CAD1BDF812300DF1140C6B802B460DF1CF
:1037F000240E23F8042B624603CA724518605960F0
:10380000944603F10803F6D19DF824302B75182354
:10381000E0E7002307B5CDE90033FFF792FF03B0DF
:103820005DF804FB38B505460068FBF7A5FA0446C9
:1038300010B92846F8F7FAFB204638BDF0B5056800
:1038400008880B46012887B00DD14A884B68ADF82F
:1038500002200822ADF8000001936946284600F0D6
:103860000FFC07B0F0BD022815D14A88ADF8000062
:10387000ADF8022001AE0A1D01F1140734461068AC
:103880005168083203C4BA422646F7D11B7D16227E
:103890008DF81430E1E7284607B0BDE8F04000F0AD
:1038A000EFBB7047F8F7F0BE00B589B006AB0293E6
:1038B0000823039301AB049304230791CDE905305A
:1038C00004AA032002A9F9F713F90228019B09D0E1
:1038D00003280AD060B9181E18BF0120404209B061
:1038E0005DF804FB6FF01500F9E76FF08500F6E76F
:1038F0004FF0FF30F3E7002070470020704770471B
:10390000004701F0FDB938B504461546F9F792F9BC
:1039100029462046BDE83840F9F7A4B9430903BF5A
:103920004FF0FF3323FA00F000F001000020704751
:1039300070B501F1080330F813301646DA05044675
:103940000D4609D5C3F3432300EBC302314650F8BB
:103950003330526828469847A3682BB13146284631
:10396000E268BDE87040184770BD2DE9F341174685
:10397000DDE90858019001A80C461E46F9F74CFBFA
:10398000019B391E18BF012100EB8300231E18BFC5
:103990000123002E43EA410314BF0C210021002D16
:1039A00043EA010314BF4FF4E0610021B8F1000FB6
:1039B00043EA010314BF4FF440310021D0F8002244
:1039C0000B4322EA030304B124780FB13F787F0050
:1039D0001C430EB13678B6003C438DB129780902FC
:1039E0003443B8F1000F03D098F800804FEA08483C
:1039F000214341EA0801C0F8001202B0BDE8F0819D
:103A00002946EDE71FB50DF10F03019300238DF853
:103A10000F101A4619460093FFF7A7FF05B05DF88F
:103A200004FB10B504790A462046F9F749FB18B1A2
:103A300011462046F9F762FB00F0010010BD38B5D1
:103A40000579044628460A46F9F758FBC0B11146E5
:103A50002846F9F735FB98B911462846F9F724FBB3
:103A6000012322688340C2F80833226803B202EBC4
:103A70008303D3F8102522F00302C3F8102538BDC4
:103A80000021BDE838401046FFF7BCBFF9F734BC51
:103A9000FFF7D5BF022904D0042906D0012900D19F
:103AA0007047806808B1F7F7E3BF7047FAF766B868
:103AB000002210B50468944200D110BD00EBC20191
:103AC0004B68013223F0FF0343F003034B60F2E73E
:103AD0000420F9F7C7BF0420F9F7E2BFF9F77EBF6A
:103AE00038B504460025031D2268AA4201D80023E8
:103AF00019E04FF00002D3E8CF0F032804D1C3E848
:103B0000CC2FBCF1000FF6D102D008330135EBE722
:103B100001EB851318464022002101F06FFB03469C
:103B200004EBC504A060184638BD0830704738B5AE
:103B3000054620B9FAF728F880B9002038BDF7F714
:103B40008FFF04460028F8D0FAF71EF838B920464F
:103B5000F7F78EFF0120F7F759FFEEE72C46C56017
:103B600040F8084FEAE740EA0141104640F8081DD6
:103B7000FAF71CB8FAF714B8FAF70CB8F7F770BFF1
:103B800008B5F7F775FFBDE808400120F7F73EBF1D
:103B90000429F8B50546174603D0102910D0002493
:103BA0000CE00820F7F74EFF04460028F7D000236A
:103BB00043600123478003802B6843602046F8BDA3
:103BC0001620F7F73FFF04460028E8D0061D122212
:103BD0000021304601F012FB022323802B46678030
:103BE00005F1100253F8041B934246F8041BF9D167
:103BF000E4E7134609B9116070470A88012A02D028
:103C0000022A07D070471A68082A28BF08221A60BB
:103C100001F0E7BA1A68162A28BF1622F7E708B596
:103C2000FAF728FD40B100F11C03D3E8EF1F013182
:103C3000C3E8E21F002AF8D108BD006808B1FAF70E
:103C4000A9BC704737B50025036804460093838FED
:103C50006846ADF80650ADF8043000F0EBFD38B121
:103C6000A36B6846984794F83E300BB1A563E563B3
:103C700003B030BD4068003818BF012070470023F2
:103C80000B60836813B9C0E9011170471960816046
:103C9000704738B505460C46F9F78EFFAA682368C9
:103CA00094426B6008BFAB6000232046236000F0A5
:103CB0004DF9BDE83840F9F785BF406870470069A5
:103CC000431E5842584170470069831E584258416C
:103CD00070470069C31E5842584170474069B0F5AB
:103CE000817F05D040F21113C31A584258417047E2
:103CF0000120704790F82000C0F34000704790F812
:103D00002000C0F38000704790F82000C0F3C0008E
:103D10007047006C00F00100704790F8200000F040
:103D2000010070470369012B05D18069A0F1800370
:103D30005842584170470020704790F82000C00951
:103D40007047836933F0800314BF0120002070475F
:103D500090F82000C0F340107047806B003818BF07
:103D60000120704790F83400431E58425841704774
:103D700008B590F82030014613F001020BD1FFF78F
:103D8000E0FF28B90846FFF7CDFF80F00100C2B27E
:103D900002F0010008BD0022FAE770B504460D46A6
:103DA00016462046FFF7E4FF70B155B1284600F0F3
:103DB000BCF848B931460220F7F710FC0028F0D0D3
:103DC00070BD6368002BF5D00020F9E7406800382B
:103DD00018BF0120704790F82200003818BF01205A
:103DE000704710B50446FFF7ACFF94F82010C1F3FC
:103DF000401340EA0302236982F00102012B14BF41
:103E00000123C1F38003D2B220461A40FFF766FFB8
:103E100048B1C1F300112046FFF784FF0A4080F04B
:103E20000100104010BD0121F5E710B50C46FAF76E
:103E300021FC28B190F8203064F3861380F82030FC
:103E400010BD10B50C46FAF715FC28B190F82130DA
:103E500064F3000380F8213010BDD0E9092353EA50
:103E6000020109D04FF47A71B3FBF1F001FB0200BB
:103E70000128B8BF012070474FF0FF307047D0E9EC
:103E80000B2353EA020109D04FF47A71B3FBF1F02E
:103E900001FB02000128B8BF012070474FF0FF303E
:103EA0007047013802288CBF00200120704701387C
:103EB00002288CBF0020012070470388012B03D00B
:103EC000022B06D001207047082914BF00200120D2
:103ED00070471629F9E7032915D011280CD004DC06
:103EE00088B106280AD000207047B0F5817F05D040
:103EF00040F211139842F6D1022900E0012914BFC3
:103F000000200120704701207047C368012B03D0B7
:103F1000022B07D0012070470888012814BF002019
:103F20000120704708880228F8E700B100680038CF
:103F300018BF0120704700B100687047438940688E
:103F40001844704702894089101A704710B504461A
:103F50004068FFF70FFEE06808B1F7F77BFD2046E9
:103F6000BDE81040F7F776BD10B50446206800B9EB
:103F700010BD626803689042236008BF6360FFF76A
:103F8000E5FFF3E700F01ABD10B5044660B14069E3
:103F900008B1F7F75FFDA06908B1F7F75BFD2046B0
:103FA000BDE81040F7F756BD10BD10B5044600F04F
:103FB00003FD23684360A36983602046BDE8104089
:103FC00000F0FCBC2DE9FF4180460F461646FFF786
:103FD00068FF38B96A20F7F7C9FB4FF0FF3004B02B
:103FE000BDE8F0813046FAF7ABFB08B97B20F2E779
:103FF0003846FFF75CFF08B96B20ECE739463046DE
:10400000FFF769FF0028F7D0FAF700FB054608B96B
:104010001720E0E70020FFF78AFD044620B9284674
:10402000FAF73AFB6920D6E74FF0FF330C2203740E
:1040300043748374C3740023027243728372C37225
:104040004046FBF795F96061384600F05DFC01469B
:10405000A061304600F059FC2146E06101AA47F218
:1040600001000295FBF7B0F9044620B12846FAF7A3
:1040700013FB2046AFE7C5E9038728686E61AEE70A
:1040800073B506460C461546FFF7C9FD019050B9B9
:104090000920F7F76BFB4FF0FF3401A8FFF7CDFDC8
:1040A000204602B070BDFFF74CFE10B1019B98692D
:1040B000EFE70198FFF723FE08B17F20E9E70198B9
:1040C000FFF718FE08B17820E3E70CB90E20E0E70F
:1040D00021460198FFF719FF08B96A20D9E7294658
:1040E0002046FFF7EAFE08B91620D2E70198FFF74D
:1040F00010FE054620B1019B5D69113D18BF0125E9
:104100000020FFF714FD024608B96920C1E700232B
:1041100014210661017243728372C37221880129DE
:1041200011D0022917D00199042091F8203043F0D2
:10413000020381F8203047F20201D560FFF713FD3A
:10414000CDB17720A5E76188C3758182042181758F
:1041500063688361E7E76188C37581821021231D4D
:104160008175143400F1180153F8040BA34241F88F
:10417000040BF9D1D7E70198FFF781FE0090019871
:10418000FFF7B8FD20B90198846984B1204680E723
:1041900069460220F7F722FA10F10B0F05D000282C
:1041A000EDD00028B8BF404273E7742071E7FFF7F5
:1041B00095FD00283FF471AFDDE90010FBF75EF8D4
:1041C00004466AE730B585B005460C46FAF752FA60
:1041D00038B90920F7F7CAFA4FF0FF33184605B08F
:1041E00030BD0CB90E20F5E72146FFF78EFE08B969
:1041F0006A20EFE70020FFF79AFC014608B9692022
:10420000E8E7002314220561027243728372C372CD
:104210002288012A0AD0022A10D047F2050001AAFA
:10422000FBF7D2F803460028D8D0D3E76288C375DD
:1042300082820422827563688361EEE76288C375B7
:1042400082821022231D8275143400F1180253F863
:10425000040BA34242F8040BF9D1DEE730B585B078
:1042600005460C46FAF706FA38B90920F7F77EFA40
:104270004FF0FF33184605B030BDFFF720FD08B9F9
:104280005F20F3E70020FFF752FC014608B96920E0
:10429000ECE70023042224EAE4740272437283727E
:1042A000C372056144616A4447F20800FBF78CF869
:1042B00003460028DED0D9E7F0B593B007460D4697
:1042C0001446FFF7ACFC029050B90920F7F74EFAFC
:1042D0004FF0FF3402A8FFF7B0FC204613B0F0BD4A
:1042E00015B11CB90E20F1E7002CFBD1FFF7E7FC5C
:1042F00008B95F20EAE70298FFF70BFD28B10298A2
:10430000FFF769FD08B90B20E0E70298FFF7A5FD6C
:1043100001900298FFF701FD50B10298FFF75BFD95
:104320000028D2D0FAF772F9064680B91720CDE7F7
:104330000298FFF750FD0028EFD1022001A9F7F7FE
:104340004DF90028E5D00028B8BF4042BEE7002064
:10435000FFF7EDFB014620B93046FAF79DF96920D9
:10436000B4E70761049675B17CB10CAB47F20C0061
:1043700003AA0593FBF728F8074640B13046FAF741
:104380008BF93846A2E72B46F0E72346EEE73DB12E
:1043900034B1BDF83630042B04D0102B15D0276073
:1043A000346897E701232768ADF81830082F28BF35
:1043B0000827BDF83430ADF81A300E9B07933A4603
:1043C000284606A900F00DFFE9E70223ADF81830F2
:1043D000BDF8343007AFADF81A3012ABADF82C0091
:1043E00013E90F0087E80F002768162F28BF16274C
:1043F000E5E72DE9F04F87B0894616461D46109F28
:10440000009003F0400803F4007AFAF733F9044609
:1044100038B90920F7F7AAF94FF0FF3007B0BDE827
:10442000F08F35F4107305D1B8F1000F11D0BAF147
:10443000000F01D05F20EDE7FFF721FD029020463D
:10444000FFF767FCA8B9B8F1000818BF4FF00108E2
:1044500005E0FFF714FD0290BAF1000FEFD02046FF
:10446000FFF780FC40B12046FFF76BFC68B1A06904
:10447000D0E74FF00108F2E72046FFF762FC002882
:10448000F5D12046FFF74EFCF0E72046D7B1FFF705
:1044900016FC00BB39462046FFF737FD08B96A20F5
:1044A000B8E738461199FFF708FD08B91620B1E7BB
:1044B0002046FFF709FC70B12046FFF70FFC50B112
:1044C0007F20A7E7FFF700FC28B12046FFF717FC85
:1044D00008B979209EE72046FFF7F1FB40B120465E
:1044E000FFF7FCFB20B1B6F5006F28BF4FF4006664
:1044F000FFF742FBB04206D22046FFF7E0FBC8B10F
:10450000FFF73AFB064600252046FFF721FC18B1CD
:104510002046FFF72DFC78B93046FFF708FB8346AD
:10452000C8B9012002A9F7F759F880B9B8F1000F0E
:10453000F2D004E07A206DE7B8F1000F01D00B2033
:1045400068E7022002A9F7F749F80028DCD0002824
:10455000B8BF40425EE7009B0361B9F1000F04D091
:1045600032464946006800F03CFE94F834000028CA
:104570003CD0FAF71DFF0021024684F83410BAF14E
:10458000000F0ED0029D42F040026B1C30D04FF461
:104590007A7195FBF1F5ADB2B5F5167F28BF4FF4F2
:1045A0001675002F47D020460192FFF788FB019A2D
:1045B000002840D11A218BF809008BF808108BF8DD
:1045C0000A008BF80B00CBF81420ABF82C503A887B
:1045D000012A10D0022A1AD047F20700594603AA2E
:1045E000FAF7F2FE0346B8BB049817E70246C6E79F
:1045F0004FF41675D5E77A888BF81B00ABF81820B6
:1046000004228BF81A207A68CBF81C20E4E77A8819
:104610000BF11C01ABF8182010228BF81B008BF853
:104620001A2007F114003A1D52F804CB824241F8D7
:1046300004CBF9D1D0E7002106208BF809108BF8C4
:1046400008008BF80A1047F206008BF80B10CBF825
:104650001420ABF81850C1E70C2806DC0A2807DD47
:10466000B8F1000F3FF450AF69E78C283FF4D2AEA9
:104670001846CFE62DE9F74F8946DDE90C7A154655
:104680001E4603F48078FFF7CAFA019058B9092052
:10469000F7F76CF84FF0FF3701A8FFF7CEFA38466E
:1046A00003B0BDE8F08F36F4A17301D05F20EFE7CF
:1046B00027B1BAF1000F04D10E20E9E7BAF1000FDB
:1046C000FAD1FFF7FCFA28B10198FFF718FB08B9F7
:1046D0008020DDE70198B8F1000F16D1FFF719FB34
:1046E00008B9730611D50198FFF7C4FA68B90198A3
:1046F000FFF727FB48B90198FFF714FB28B9019889
:10470000FFF70BFB08B90B20C2E70198FFF7A5FBE9
:104710006A46009000210198FFF73FFB18B100287E
:10472000B8BF4042B4E70198FFF7A4FA88B90198EE
:10473000FFF7F8FA002876D10198FFF7EEFA002883
:10474000A5D10198FFF7FDFA0028A3D0019B986935
:104750009EE70198FFF7B1FA044627B1C1685246B7
:104760003846FFF746FA002706F0020A2046FFF710
:10477000E9FBA8421DD82046FFF7E4FB0646002EC1
:104780008AD02046FFF7DAFB09EB070B01463246D9
:10479000584600F026FD01983744FFF795FA50B1CE
:1047A000BAF1000F7FF478AF21460198FFF771FA54
:1047B00072E72E46E3E70198FFF78BFA0028EFD166
:1047C000BAF1000F14D0B5423FF466AFB8F1000F54
:1047D00004D06A4621460198FFF7DFFA2046AD1B58
:1047E000FFF7A9FB04460028C0D1002F9FD053E754
:1047F0006389204633446381FFF7A4FB18B921463F
:104800000198FFF746FAB5423FF446AFAD1BB8F149
:10481000000F04D06A4600210198FFF7BEFA019804
:10482000FFF74BFADEE7002736E708B5F9F74CFF4C
:10483000002008BD38B504460068F9F71BFF05469F
:1048400028B90120E38843F02003E38038BDFFF757
:1048500064FA0028F5D12846FFF773FAF8B1E38827
:1048600043F00803E380A388DA0707D52846FFF75B
:10487000ADFAE8B1E38843F00103E380A3885B0766
:1048800007D52846FFF7ADFA18B1E38843F00403D3
:10489000E380B4F90600003818BF0120D6E72846A7
:1048A000FFF740FA0028DED0E38843F01003D9E791
:1048B0002846FFF790FA0028DCD12846FFF732FAA5
:1048C0000028D7D1DAE738B50D461446F9F7D2FEFD
:1048D00028B90920F6F74AFF4FF0FF3006E0032D14
:1048E00003D0042D03D01620F4E7006C38BD012C52
:1048F000F9D804640020F9E7431F002B03D8DFE850
:1049000003F00100032070477047292815D005DC0B
:10491000062814D0112814D048B17047B0F5817F13
:104920000DD040F2111398420BD0FF280CD1012971
:1049300009D0022908BF02207047062070470120D5
:1049400070470220704708467047292811D00ADCBA
:10495000012810D0062810D0002808BF042018BF56
:104960004FF0FF307047B0F58D7F08D0B0F5007F75
:10497000F5E70620704708207047012070474FF484
:104980008070704708B5031F092B0FD8DFE803F0CC
:104990000811050E0E0E0E0E0E056FF0010008BD7B
:1049A0007320F6F7E3FE6FF00A00F8E7FAF7F4FC7D
:1049B000F7E76FF06300F2E7C06870474269C368C9
:1049C0001A60704708B5034624301AB95A6242602B
:1049D000002008BD082A28BF082200F002FCF7E7E3
:1049E00008B503462C301AB9DA624260002008BDCF
:1049F000082A28BF082200F0F4FBF7E738B5044680
:104A00000D4639B1082A0BD01620F6F7AFFE4FF04D
:104A1000FF3038BD002AF7D18263C2630020F8E777
:104A2000F9F7CAF895E8030004F1380383E80300B6
:104A30002046FFF707F9F9F7C5F8EFE773B5044625
:104A400008680D461646FAF7B3FC002801DB042E71
:104A500006D01620F6F78AFE4FF0FF3002B070BD88
:104A60002B68204684F83430FFF77CF900230028B7
:104A7000F4D0CDE900331A4619462068FFF7B9FC97
:104A8000ECE708B509B1042A05D01620F6F76EFE4A
:104A90004FF0FF3006E00B782BB1012BF5D180F8F9
:104AA0004830002008BD0223F9E710B5541E1B2C26
:104AB00002D812F0030405D01620F6F757FE4FF087
:104AC000FF3010BD930880F84B304C3000F089FB6C
:104AD0002046F6E708B509B1042A05D01620F6F7F6
:104AE00045FE4FF0FF3008BD0B78003B18BF012397
:104AF00080F849300020F6E708B509B1042A05D04E
:104B00001620F6F733FE4FF0FF3008BD0B6880F833
:104B10004A300020F9E770B5054614460E4631B913
:104B200092B11620F6F722FE4FF0FF3070BD002A3A
:104B3000F7D0406C08B1F6F78DFF601CF6F782FFE6
:104B4000686438B96920EDE7406C08B1F6F782FF78
:104B50000020EBE72246314600F043FB00226B6C5D
:104B60001A55F5E710B5134612680446042A28BF03
:104B7000042208461A6004F1180100F032FB0020FC
:104B8000A06110BD10B5134612680446082A28BF5C
:104B9000082208461A6004F1240100F022FB0020DC
:104BA00010BD10B5134612680446082A28BF082213
:104BB00008461A6004F12C0100F013FB002010BD20
:104BC00013B50446134694F84820084601921A6823
:104BD00001A9042A28BF04221A6000F002FB002069
:104BE00002B010BD13B50446134694F84920084698
:104BF00001921A6801A9042A28BF04221A6000F051
:104C0000F0FA002002B010BD13B50446134694F824
:104C10004A20084601921A6801A9042A28BF0422E2
:104C20001A6000F0DEFA002002B010BD10B5044694
:104C30000846114694F84B309A000B689A4228BFF8
:104C40001A460A6004F14C0100F0CBFA002010BDB6
:104C5000F8B5456C0E461446176875B12846F3F74B
:104C6000E1FB0130B842024628BF3A4629463046A9
:104C7000226000F0B6FA0020F8BD3A4629463046D8
:104C800000F0BCFA2560F6E770B504460E4600F069
:104C900025F80546206808B1FEF76CFF48F20203CC
:104CA0009E4218D048F209039E4214D048F20103F4
:104CB0009E420BD16B684BB104F1140204F1380130
:104CC00052F8040B8A4243F8040BF9D12046BDE8A0
:104CD000704000F005B863696B60F7E7C068704723
:104CE0000269C3681A60704700207047002070474F
:104CF000002070470020704700207047FAF72CBD55
:104D000008B1F4F799BF704740B1C368587810F004
:104D100001001EBF1878B0FA80F040097047EFF329
:104D20001183202383F31288BFF36F8FFEE708B54A
:104D3000FFF7F5FF10B5D0E9003433B90020E26881
:104D4000537843F00103537010BD20469847002864
:104D5000F4D00028B8BF4042FF28A8BFFF20E36876
:104D60001870ECE700F04ABA00F03BBA10B400F15A
:104D70000C04C0E9034410BCF3F760BC07B5CDE9EF
:104D800000230A460421FAF733FF03B05DF804FB61
:104D9000C2688369134313F003030CD103614169B3
:104DA000994201D80020704701690133116081697F
:104DB00002610A44F3E76FF01500704790F90E3076
:104DC0008B4201D0FCF792BA0020704703460020C6
:104DD000C3E90033C3E90200704710B5044630B19F
:104DE0000268930703D0446809B100F02DF920460A
:104DF00010BD012307B5009300230A461946FBF7AF
:104E000093F903B05DF804FB5AB18A4209D300F16B
:104E10001003C0E90212C0E90000C0E90433002019
:104E200070476FF015007047012302688B4022EA3B
:104E30000303036022FA01F000F00100704720B183
:104E4000002290301146FCF76FBE704710B5FBF79B
:104E5000CDFC041E08DDEFF31180202383F31288BC
:104E6000BFF36F8FFCF76CFB204610BDC0E900005C
:104E700000207047EFF30580003818BF012070470D
:104E80006FF057007047FCF709BBD0E900321360A0
:104E90005A600023C0E90033704738B504460D4618
:104EA000FBF760FE637B43F002036373E5B1A5602B
:104EB0002B689D4209D16B68C4E900531C606C608B
:104EC00012E06A689A42F6D01B68002BF3D094F97E
:104ED0000E2093F90E108A42F3D09142F1DD5A6808
:104EE000C4E9003214605C6038BD01211838FCF759
:104EF0007FB838B5054600202C68A54200D004B91B
:104F000038BD2046FCF7A4F92046FBF7DBFF012063
:104F1000F2E708B5FDF79EF908BDFDF79BB9B3F1BF
:104F2000FF3F08BFB2F1FF3F70B504461D4616466D
:104F300013D01A4315D06FF001024FF0FF33921BCC
:104F400063EB0501002904DAFDF784F9821941EBCE
:104F50000501C4E90021204670BD4FF0FF32114623
:104F6000F7E70022FBE7B3F1FF3F08BFB2F1FF3FD5
:104F7000F8B5074616461C4610D054EA020311D075
:104F8000FDF768F9B0420A46A14103460AD2F31A76
:104F900064EB0204C7E900343846F8BD4FF0FF3334
:104FA0001C46F7E70023FBE72DE9F041846805463E
:104FB0000E46ECB16378012B25D114F8533C9A07C7
:104FC00014D5A4F160073846FCF742F9082E0CBF4F
:104FD0006FF003030023E36114F8533CDB0605D1B3
:104FE00054F8483C13B93846FBF76CFF0023237094
:104FF0000020EB68A860C3F38632164366F394334F
:10500000EB60BDE8F081022BF0D12378002BEDD0CE
:1050100054F8048CB8F1000FE8D004F11400FDF747
:105020001DF80023A4F1140739464046E362FBF75C
:10503000DDFBDBE70023C0E9000083607047836885
:105040000B60C3681360704720B1011F50F8040C57
:10505000FAF76CBE704701460420FDF76DBA0139BE
:10506000024410B5904201D1002005E0037811F808
:10507000014FA34201D0181B10BD0130F2E7C9B2A5
:105080000346184613F8012B12B18A42F9D1704732
:10509000002918BF0020704730B50A4405469142E8
:1050A00001D100200FE015F8013B11F8014BA3F1ED
:1050B00041001928A4F1410098BF2033192803D8D2
:1050C0002034181BEBD030BD181BFCD1002CE6D1CE
:1050D000F9E710B50139044632B111F8013F013A40
:1050E00000F8013B002BF7D1002100F087F82046A3
:1050F00010BD0246014410B58A42134603D01C7805
:105100000132002CF8D1181A10BD0A7870B56AB9AE
:1051100070BD9A4209D10C46054614F8013F002B98
:10512000F6D015F8016F9E42F7D001300378002BBE
:10513000EFD11846ECE7F0B5C3F13707044603F0AA
:105140001F031046FFB2082BE6B232D0102B3DD021
:105150006508A40845EAC17544EA81748A082D19D6
:1051600042EB5102290941EA02716D1842EB121219
:10517000290A41EA02616D1842EB1222290C41EA28
:1051800002416D1842EB1242AD1842F10002EC08E8
:1051900044EA4274D10804EB8402A6EB4205EDB266
:1051A000092D0CD90134A5F10A0541F10001EDB238
:1051B00012E0E40806F0070544EA4174C9083035F6
:1051C00054EA010200F8015BBDD1F0BD240906F0EC
:1051D0000F0544EA01740909092D84BFED19EDB2E8
:1051E000EDE70A44431E914200D1704710B511F813
:1051F000014B914203F8014FF9D110BD024403461F
:10520000934200D1704703F8011BF9E7D1E904325A
:1052100093421EBF5A1C0A6118707047014800680B
:1052200070470000C0D10020502FFF7F0100000018
:10523000199B000000000000719B000000000000AE
:10524000B19B000000000000F59B00000000000082
:10525000299C00000000000045C90000000000007B
:105260002DA50000F4520100A1FB00000000000089
:10527000D5FD00000000000051A900000853010006
:10528000A93301001C5301005DAE00003053010042
:1052900061A8000000000000E1B300000000000071
:1052A000BDB500000000000061BC0000E05201003C
:1052B000F59A000000000000F7380100000000002F
:1052C000B104010000000000AF3201000000000046
:1052D000F5C4000000000000D9C600000000000076
:1052E000D66A01000000000060C800208CC90020C0
:1052F00004D500209A640100F85501000856010009
:1053000084C9002048D30020CC6501002C56010040
:105310004456010088C90020A4D30020A5640100E0
:10532000000000002456010086C900200000000093
:10533000E0650100685601009C5601008AC9002002
:105340002CC80020000000000B320100000000000B
:105350000B320100000000000B32010000000000D1
:105360000B320100000000000B32010015CF0000DD
:1053700001390100000000000B32010000000000B4
:105380000B320100305301004136010000000000E3
:105390000B320100000000000B3201000000000091
:1053A0000B320100000000000B3201000000000081
:1053B0000B320100000000000B3201000000000071
:1053C0000B320100000000000B3201000000000061
:1053D0000B320100000000000B3201000000000051
:1053E0000B320100000000000B3201000000000041
:1053F000D9B10000000000000B32010000000000E5
:105400000B320100000000000B3201000000000020
:105410000B320100000000000B3201000000000010
:105420000B320100000000000B3201000000000000
:105430000B320100000000000B32010000000000F0
:105440000B320100000000000B32010000000000E0
:105450000B320100000000000B32010000000000D0
:105460000B320100000000000B32010000000000C0
:105470000B320100000000000B32010000000000B0
:105480000B320100000000000B32010000000000A0
:105490000B320100DDDA00000139010000000000DC
:1054A0000B320100000000000B3201000000000080
:1054B0000B320100000000000B3201000000000070
:1054C0000B320100000000000B32010001D9000086
:1054D00001390100000000000B3201000000000053
:1054E0000B320100000000000B3201000000000040
:1054F0000B320100000000000B3201000000000030
:105500000B320100000000000B320100000000001F
:105510000B320100000000000B320100000000000F
:105520000B320100000000000B32010000000000FF
:105530000B320100000000000B32010000000000EF
:105540000B320100000000000B32010000000000DF
:1055500001000000B9BD0000D5C10000FFFFFFFF42
:1055600055E50000EDF1000041F50000F14C0100AF
:10557000F94C0100E94C01002B48010085F50000C1
:10558000F54C0100ED4C01004272010000010000E9
:10559000000000000000000000000000000000000B
:1055A0000338FDD870470000B7300100D930010042
:1055B00000000000ED87000080C500200000000012
:1055C0000600010002000000CC55010000000000B0
:1055D0005A61010006000000E0FF0F0068C50020CE
:1055E0006261010021000000E0FF032015A400001B
:1055F00005A50000000000009DA60000C1A5000058
:105600007D3301008333010085A500008F33010045
:10561000633301000000000051A4000000000000FE
:10562000000000009533010000000000FFFFFFFFB5
:10563000002584400000000000000000001003402E
:105640000100000025AB0000B9330100C5330100A3
:10565000D9330100E3330100ED330100D9A9000083
:10566000B1A800000000000000800040020000001F
:1056700000000000785601000080004084560100C0
:10568000010000008C560100040000001D00000015
:105690001B0004001C0602001A06060073340100F9
:1056A000B5B0000027340100D33501009B34010060
:1056B000C9340100F5340100FF340100393501001F
:1056C00045350100FF340100293501005135010045
:1056D0005F3501006D350100A3350100A7350100DC
:1056E00000800020E8040000E88400200020000082
:1056F00068A500200020000000000000000000005D
:1057000001000000A3380100C1B4000069C200001C
:105710000F3701001338010031370100253801002F
:10572000C1C000000000000085C400003D38010039
:105730000937010099C3000021BE00004337010072
:1057400015BD000085BC0000D1BE000000000000B7
:105750000000000000000000CDE40000A1EA00000D
:1057600000000000894C010009F40000C1F50000B0
:10577000296F01002E6F0100366F0100426F01009A
:10578000000000020000000100000004000000080A
:1057900000000010000000000C0000006900000084
:1057A0000B000000720000008000000016000000E6
:1057B00070000000780000007F0000008000000002
:1057C0007100000068000000160000007400000076
:1057D0007300000073000000710000008C000000E6
:1057E0007A0000000D0000000B0000000B0000001C
:1057F00076000000ADBAADBAADBAADBAADBAADBAC9
:10580000ADBAADBAADBAADBAADBAADBAADBAADBA60
:10581000ADBAADBAADBAADBAADBAADBAADBAADBA50
:10582000ADBAADBAADBAADBAADBAADBAADBAADBA40
:10583000ADBAADBAADBAADBAADBAADBAADBAADBA30
:10584000ADBAADBAADBAADBAADBAADBAADBAADBA20
:10585000ADBAADBAADBAADBAADBAADBAADBAADBA10
:10586000ADBAADBAADBAADBAADBAADBAADBAADBA00
:10587000ADBAADBAADBAADBAADBAADBAADBAADBAF0
:10588000ADBAADBAADBAADBAADBAADBAADBAADBAE0
:10589000ADBAADBAADBAADBAADBAADBAADBAADBAD0
:1058A000ADBAADBAADBAADBAADBAADBAADBAADBAC0
:1058B000ADBAADBAADBAADBAADBAADBAADBAADBAB0
:1058C000ADBAADBAADBAADBAADBAADBAADBAADBAA0
:1058D000ADBAADBAADBAADBAADBAADBAADBAADBA90
:1058E000ADBAADBAADBAADBAADBAADBAADBAADBA80
:1058F000ADBAADBAADBAADBAADBAADBAADBAADBA70
:10590000ADBAADBAADBAADBAADBAADBAADBAADBA5F
:10591000ADBAADBAADBAADBAADBAADBAADBAADBA4F
:10592000ADBAADBA6F0000006F0000006F0000005C
:105930006F0000006F0000006F0000006F000000AB
:105940000B0000007A000000470000000B00000080
:105950000B0000005F000000041000000170000058
:1059600004700000FFFFFFFFFFFFFFFFFFFFFFFFCF
:10597000FFFFFFFFFFFFFFFFFFFFFFFFFFFFFFFF37
:10598000FFFFFFFF037000000270000005700000C1
:105990000670000008700000097000000A70000026
:1059A000FFFFFFFFFFFFFFFFFFFFFFFFFFFFFFFF07
:1059B000FFFFFFFFFFFFFFFFFFFFFFFFFFFFFFFFF7
:1059C000FFFFFFFFFFFFFFFF01800000104000000E
:1059D000106000001130000012300000FFFFFFFFD8
:1059E000FFFFFFFFFFFFFFFFFFFFFFFFFFFFFFFFC7
:1059F00010300000FFFFFFFFFFFFFFFFFFFFFFFF73
:105A0000FFFFFFFFFFFFFFFFFFFFFFFFFFFFFFFFA6
:105A1000FFFFFFFFFFFFFFFFFFFFFFFFFFFFFFFF96
:105A2000FFFFFFFFFFFFFFFFFFFFFFFF065000002C
:105A3000305201003052010098520100A052010082
:105A4000D0520100E0520100EAFF7AFFF4FF5468EF
:105A50006520415420686F73742073616D706C65AC
:105A600020737461727465640A004D6F64656D2003
:105A70006C69627261727920696E697469616C69BE
:105A80007A6174696F6E206661696C65642C20654B
:105A900072726F723A2025640A0052656164790A55
:105AA00000574553545F544F504449522F7A657004
:105AB0006879722F6C69622F686561702F68656103
:105AC000702E63006368756E6B5F7573656428681C
:105AD0002C20632900415353455254494F4E2046D0
:105AE00041494C205B25735D20402025733A256495
:105AF0000A0009756E657870656374656420686571
:105B000061702073746174652028646F75626C65C0
:105B10002D667265653F2920666F72206D656D6F19
:105B200072792061742025700A006C6566745F6369
:105B300068756E6B28682C2072696768745F63688B
:105B4000756E6B28682C20632929203D3D20630059
:105B500009636F7272757074656420686561702086
:105B6000626F756E64732028627566666572206F59
:105B7000766572666C6F773F2920666F72206D655F
:105B80006D6F72792061742025700A0028616C693C
:105B9000676E20262028616C69676E202D203129D0
:105BA00029203D3D20300009616C69676E206D75CC
:105BB0007374206265206120706F776572206F6654
:105BC00020320A006279746573203E206865617036
:105BD0005F666F6F7465725F62797465732862794E
:105BE000746573290009686561702073697A65209E
:105BF000697320746F6F20736D616C6C0A00686547
:105C000061705F737A203E206368756E6B737A28CB
:105C100073697A656F6628737472756374207A5F2E
:105C2000686561702929006368756E6B305F736900
:105C30007A65202B206D696E5F6368756E6B5F738C
:105C4000697A65286829203C3D20686561705F732A
:105C50007A00574553545F544F504449522F7A6548
:105C6000706879722F6C69622F7574696C732F6F0D
:105C70006E6F66662E63007374617465203D3D200F
:105C8000305500217379735F736C6973745F697346
:105C90005F656D70747928266D67722D3E636C693F
:105CA000656E747329007472616E73697420213D8E
:105CB000202828766F6964202A29302900737461AE
:105CC0007465203D3D202831554C203C3C20283136
:105CD0002929006D67722D3E72656673203D3D2057
:105CE00030007374617465203D3D202831554C208F
:105CF0003C3C202830292900574553545F544F50CD
:105D00004449522F7A65706879722F696E636C7599
:105D100064652F7A65706879722F7370696E6C6F25
:105D2000636B2E68007A5F7370696E5F756E6C6F5F
:105D3000636B5F76616C6964286C2900094E6F742F
:105D4000206D79207370696E6C6F636B2025700A0B
:105D5000007A5F7370696E5F6C6F636B5F76616C06
:105D60006964286C290009496E76616C6964207346
:105D700070696E6C6F636B2025700A005745535431
:105D80005F544F504449522F7A65706879722F6C76
:105D900069622F7574696C732F6E6F746966792EE2
:105DA00063002A2A2A20426F6F74696E67206E5240
:105DB0004620436F6E6E6563742053444B207632E9
:105DC0002E362E39392D61636131313137633135EA
:105DD0003465202A2A2A0A002A2A2A205573696E45
:105DE00067205A6570687972204F532076332E36BB
:105DF0002E39392D636364336432376465336361EC
:105E0000202A2A2A0A00574553545F544F504449C8
:105E1000522F7A65706879722F617263682F617290
:105E20006D2F636F72652F636F727465785F6D2F6E
:105E30006661756C742E6300212828285343425FE5
:105E400054797065202A2920282830784530303050
:105E500045303030554C29202B20307830443030BC
:105E6000554C2920292D3E434653522026202831C7
:105E7000554C203C3C20283055202B2034552929D6
:105E8000290009537461636B696E67206F72204447
:105E9000617461204163636573732056696F6C613F
:105EA00074696F6E206572726F7220776974686FA3
:105EB000757420737461636B2067756172642C2044
:105EC000757365722D6D6F6465206F72206E756CD1
:105ED0006C2D706F696E746572206465746563748F
:105EE000696F6E0A0A0065736620213D20282876B6
:105EF0006F6964202A293029000945534620636FC1
:105F0000756C64206E6F74206265207265747269AE
:105F100065766564207375636365737366756C6C11
:105F2000792E205368616C6C206E65766572206FE7
:105F3000636375722E0A00094661756C742065737F
:105F400063616C6174696F6E20776974686F7574D2
:105F50002046535220696E666F0A000948617264D8
:105F60004661756C7420776974686F757420484653
:105F7000535220696E666F205368616C6C206E65A9
:105F8000766572206F636375720A00574553545FDC
:105F9000544F504449522F7A65706879722F61725C
:105FA00063682F61726D2F636F72652F636F7274F8
:105FB00065785F6D2F6972715F6D616E6167652EC7
:105FC00063007072696F203C3D20282831554C20B9
:105FD0003C3C2028332929202D2031290009696ED5
:105FE00076616C6964207072696F726974792025BA
:105FF0006420666F722025642069727121207661A9
:106000006C756573206D757374206265206C6573A3
:1060100073207468616E20256C750A0A0057455319
:10602000545F544F504449522F7A65706879722FEB
:10603000617263682F61726D2F636F72652F6D706F
:10604000752F61726D5F6D70752E630009436F6E01
:106050006669677572696E6720257520737461744F
:106060006963204D505520726567696F6E732066B5
:1060700061696C65640A0A00094D61726B696E673B
:1060800020257520617265617320666F72206479C6
:106090006E616D696320726567696F6E73206661FA
:1060A000696C65640A0A000952657175657374202C
:1060B000746F20636F6E6669677572653A20257527
:1060C00020726567696F6E732028737570706F72C8
:1060D0007465643A202575290A0A002128726567CB
:1060E000696F6E5B6964785D2E64745F617474724D
:1060F0002026202831554C203C3C202830292929B5
:10610000000952414D5F4E4F434143484520776956
:1061100074682044545F4D454D5F434143484541B9
:10612000424C45206174747269627574650A0A0094
:10613000094661696C656420746F20616C6C6F63E3
:10614000617465204D505520726567696F6E7320CC
:1061500066726F6D2044540A0A00464C4153485FF2
:1061600030005352414D5F3000574553545F544FF8
:10617000504449522F7A65706879722F6C69622F8A
:10618000706F7369782F6F7074696F6E732F6261AF
:1061900072726965722E6300657272203D3D203017
:1061A00000574553545F544F504449522F7A6570FD
:1061B0006879722F6C69622F706F7369782F6F70B6
:1061C00074696F6E732F636F6E642E6300726574F3
:1061D000203D3D203000574553545F544F504449B3
:1061E000522F7A65706879722F6C69622F706F73A5
:1061F00069782F6F7074696F6E732F6D7574657821
:106200002E6300574553545F544F504449522F7AE0
:1062100065706879722F696E636C7564652F7A6535
:10622000706879722F6E65742F6E65745F636F6E20
:10623000746578742E6800636F6E746578740009F5
:106240000A00574553545F544F504449522F7A65C2
:10625000706879722F7375627379732F6E65742FFE
:106260006C69622F736F636B6574732F736F636BED
:106270006574732E6300736F636B5F66616D696C29
:10628000792D3E69735F737570706F727465640009
:10629000736F636B5F66616D696C79203C3D205F55
:1062A0006E65745F736F636B65745F726567697346
:1062B0007465725F6C6973745F656E640009756EF6
:1062C0006578706563746564206C69737420656EAD
:1062D00064206C6F636174696F6E0A005745535494
:1062E0005F544F504449522F7A65706879722F730A
:1062F00075627379732F6E65742F6C69622F736F7B
:10630000636B6574732F736F636B65745F6F666621
:106310006C6F61642E63006F707300646E735F6FE7
:1063200066666C6F6164203D3D202828766F696445
:10633000202A29302900574553545F544F5044496F
:10634000522F7A65706879722F696E636C75646517
:106350002F7A65706879722F6E65742F6E65745F21
:1063600069662E68006966616365006966616365D8
:106370002D3E69665F64657600574553545F544F00
:10638000504449522F7A65706879722F7375627321
:1063900079732F6E65742F69702F6E65745F6966EF
:1063A0002E63006E65745F69665F6765745F6C6914
:1063B0006E6B5F61646472286966616365292D3E56
:1063C0006164647220213D202828766F6964202A48
:1063D000293029006966616365203C3D205F6E6558
:1063E000745F69665F6C6973745F656E640069668B
:1063F0006163655F636865636B203C3D205F6E652C
:10640000745F69665F6C6973745F656E6400776C56
:10641000616E2564006E6574256400636F756E742B
:106420005F6966203D3D2069665F636F756E74002D
:10643000574553545F544F504449522F7A65706802
:1064400079722F647269766572732F636C6F636BF8
:106450005F636F6E74726F6C2F636C6F636B5F63DF
:106460006F6E74726F6C5F6E72662E6300747970FB
:1064700065203C20434C4F434B5F434F4E54524F9B
:106480004C5F4E52465F545950455F434F554E54F2
:1064900000657272203E3D203000636C6F636B407C
:1064A00035303030007073612D726E670057455380
:1064B000545F544F504449522F7A65706879722F57
:1064C000696E636C7564652F7A65706879722F6484
:1064D0007269766572732F6770696F2F6770696F65
:1064E0005F7574696C732E680063616C6C626163C4
:1064F0006B00094E6F2063616C6C6261636B210AF3
:106500000063616C6C6261636B2D3E68616E646CEC
:10651000657200094E6F2063616C6C6261636B2071
:1065200068616E646C6572210A00574553545F546C
:106530004F504449522F6D6F64756C65732F6861BD
:106540006C2F6E6F726469632F6E7266782F68614C
:106550006C2F6E72665F6770696F2E68006E726670
:106560005F6770696F5F70696E5F70726573656E8B
:10657000745F636865636B282A705F70696E2900B9
:1065800063622D3E68616E646C65720057455354BA
:106590005F544F504449522F7A65706879722F6466
:1065A0007269766572732F6770696F2F6770696F94
:1065B0005F6E7266782E6300657272203D3D204EDC
:1065C0005246585F53554343455353006770696FB4
:1065D000403834323530300000010203040506072C
:1065E00075617274403830303000574553545F54F1
:1065F0004F504449522F6E72662F6C69622F6E7233
:10660000665F6D6F64656D5F6C69622F6E72665F49
:106610006D6F64656D5F6C69622E630065203C3D43
:10662000205F6E72665F6D6F64656D5F6C69625F3F
:106630006466755F63625F6C6973745F656E640046
:1066400065203C3D205F6E72665F6D6F64656D5FB7
:106650006C69625F696E69745F63625F6C697374B1
:106660005F656E6400574553545F544F5044495220
:106670002F6E72662F6C69622F6E72665F6D6F642B
:10668000656D5F6C69622F6E72665F6D6F64656DBC
:106690005F6F732E63006572725F636F6465203E87
:1066A00020300009547269656420746F207365742A
:1066B000206E65676174697665206572726F7220FD
:1066C000636F64652C2025640A0075736564203C43
:1066D000203700094E6F7420656E6F7567682073F0
:1066E000656D6170686F72657320696E20676C7587
:1066F00065206C617965720A0028282873747275A8
:106700006374206B5F73656D202A2973656D292082
:10671000262620282875696E747074725F7429208B
:10672000286E72665F6D6F64656D5F6F735F736512
:106730006D732929203C3D20282875696E7470747A
:10674000725F7429202828737472756374206B5FDC
:1067500073656D202A2973656D2929202626202836
:106760002875696E747074725F7429202828737498
:1067700072756374206B5F73656D202A2973656D74
:106780002929203C20282875696E747074725F7402
:1067900029202826286E72665F6D6F64656D5F6FB5
:1067A000735F73656D73295B282873697A655F74FD
:1067B0002920282828696E74292073697A656F66F4
:1067C00028636861725B31202D2032202A20212825
:1067D000215F5F6275696C74696E5F74797065734F
:1067E0005F636F6D70617469626C655F70285F5F75
:1067F000747970656F665F5F286E72665F6D6F6437
:10680000656D5F6F735F73656D73292C205F5F74B7
:106810007970656F665F5F2826286E72665F6D6FA0
:1068200064656D5F6F735F73656D73295B305D29A0
:1068300029295D29202D203129202B202873697AD0
:10684000656F66286E72665F6D6F64656D5F6F73EE
:106850005F73656D7329202F2073697A656F6628D1
:10686000286E72665F6D6F64656D5F6F735F7365D1
:106870006D73295B305D292929295D2929290009A2
:10688000556E696E697469616C69736564207365BE
:106890006D6170686F72650A0075736564203C20D5
:1068A0003100094E6F7420656E6F756768206D75D5
:1068B000746578657320696E20676C7565206C61FE
:1068C0007965720A00282828737472756374206BC6
:1068D0005F6D75746578202A296D75746578292037
:1068E000262620282875696E747074725F742920BA
:1068F000286E72665F6D6F64656D5F6F735F6D7537
:1069000074657865732929203C3D20282875696EB7
:10691000747074725F74292028287374727563749C
:10692000206B5F6D75746578202A296D75746578A4
:10693000292920262620282875696E747074725FB4
:106940007429202828737472756374206B5F6D75C9
:10695000746578202A296D757465782929203C2072
:10696000282875696E747074725F7429202826282F
:106970006E72665F6D6F64656D5F6F735F6D75746A
:1069800065786573295B282873697A655F742920A7
:10699000282828696E74292073697A656F662863D0
:1069A0006861725B31202D2032202A202128215F4E
:1069B0005F6275696C74696E5F74797065735F632B
:1069C0006F6D70617469626C655F70285F5F747968
:1069D00070656F665F5F286E72665F6D6F64656D70
:1069E0005F6F735F6D757465786573292C205F5FC9
:1069F000747970656F665F5F2826286E72665F6DBA
:106A00006F64656D5F6F735F6D757465786573290D
:106A10005B305D2929295D29202D203129202B205B
:106A20002873697A656F66286E72665F6D6F64653C
:106A30006D5F6F735F6D75746578657329202F20A6
:106A400073697A656F6628286E72665F6D6F64651C
:106A50006D5F6F735F6D757465786573295B305D0D
:106A6000292929295D2929290009556E696E69742A
:106A700069616C69736564206D757465780A005787
:106A80004553545F544F504449522F6E72662F6CD9
:106A900069622F6E72665F6D6F64656D5F6C6962AF
:106AA0002F6366756E5F686F6F6B732E6300652072
:106AB0003C3D205F6E72665F6D6F64656D5F6C69F3
:106AC000625F61745F6366756E5F63625F6C69735A
:106AD000745F656E64006E726639315F736F636BED
:106AE000657400574553545F544F504449522F6EBC
:106AF00072662F6C69622F61745F6D6F6E69746F5F
:106B0000722F61745F6D6F6E69746F722E630065B2
:106B1000203C3D205F61745F6D6F6E69746F725FC2
:106B2000656E7472795F6C6973745F656E64006E14
:106B30006F74696620213D202828766F6964202AB9
:106B40002930290061745F6E6F74696600094E6FA9
:106B5000206865617020737061636520666F7220C4
:106B6000696E636F6D696E67206E6F7469666963C5
:106B70006174696F6E3A2025730A002573004154D1
:106B800025584D414750494F3D312C302C302C3148
:106B90002C312C313537342C3135373700415425E1
:106BA00058434F4558303D312C312C313536352C3A
:106BB0003135383600574553545F544F504449528D
:106BC0002F6E72662F6D6F64756C65732F7472759E
:106BD000737465642D6669726D776172652D6D2FB2
:106BE0006661756C742E6300675F636F6E746578A1
:106BF000742E76616C696400094E6F6E2D73656347
:106C00007572652063616C6C6261636B2077697477
:106C1000686F75742076616C696420636F6E74654B
:106C200078740A00574553545F544F504449522FCB
:106C30006D6F64756C65732F68616C2F6E6F726415
:106C400069632F6E7266782F68616C2F6E72665F53
:106C5000647070692E68006368616E6E656C203CBC
:106C6000206E72665F647070695F6368616E6E65E6
:106C70006C5F6E756D6265725F67657428705F72B8
:106C800065672900574553545F544F504449522F6C
:106C90006D6F64756C65732F68616C2F6E6F7264B5
:106CA00069632F6E7266782F68656C706572732FDA
:106CB0006E7266785F677070695F647070692E636A
:106CC000006565700074657000574553545F544FFC
:106CD000504449522F6D6F64756C65732F68616CF9
:106CE0002F6E6F726469632F6E7266782F6472699B
:106CF000766572732F7372632F6E7266785F636C42
:106D00006F636B2E6300574553545F544F50444993
:106D1000522F6D6F64756C65732F68616C2F6E6F89
:106D2000726469632F6E7266782F68616C2F6E7261
:106D3000665F636C6F636B2E68006D5F636C6F637F
:106D40006B5F63622E6D6F64756C655F696E6974ED
:106D500069616C697A656400574553545F544F50BC
:106D60004449522F6D6F64756C65732F68616C2F89
:106D70006E6F726469632F6E7266782F68616C2F14
:106D80006E72665F6770696F74652E6800696E6405
:106D90006578203C203800574553545F544F504489
:106DA00049522F6D6F64756C65732F68616C2F6E1F
:106DB0006F726469632F6E7266782F64726976658C
:106DC00072732F7372632F6E7266785F6770696F6C
:106DD00074652E63006E7266795F6770696F5F70AD
:106DE000696E5F70726573656E745F636865636B0F
:106DF0002870696E290070696E5F69735F696E70D3
:106E0000757428705F696E7374616E63652C207091
:106E1000696E290070696E5F6861735F747269677B
:106E200067657228705F696E7374616E63652C208C
:106E300070696E2900705F6368616E6E656C0070CA
:106E40005F696E7374616E63652D3E705F72656716
:106E5000203D3D2028284E52465F4750494F54451B
:106E60005F547970652A29203078343030333130DE
:106E70003030554C2900696E745F656E61626C65D7
:106E800000574553545F544F504449522F6D6F641F
:106E9000756C65732F68616C2F6E6F726469632FF8
:106EA0006E7266782F647269766572732F7372637F
:106EB0002F6E7266785F6970632E6300705F636F18
:106EC0006E666967006D5F63622E7374617465201E
:106ED0003D3D204E5246585F4452565F53544154F4
:106EE000455F494E495449414C495A45440057452C
:106EF00053545F544F504449522F6D6F64756C6505
:106F0000732F68616C2F6E6F726469632F6E726687
:106F1000782F68616C2F6E72665F6970632E6800EF
:106F200041542B4346554E3D004F4B0D0A004552F0
:106F3000524F520D0A002B434D45204552524F529D
:106F40003A002B434D53204552524F523A00706441
:106F50006E0000010205574553545F544F50444999
:106F6000522F7A65706879722F6B65726E656C2F1F
:106F70006465766963652E6300646576203C3D2018
:106F80005F6465766963655F6C6973745F656E6481
:106F900000574553545F544F504449522F7A6570FF
:106FA0006879722F6B65726E656C2F666174616CA7
:106FB0002E6300726561736F6E20213D204B5F452B
:106FC00052525F4B45524E454C5F50414E49430033
:106FD00009417474656D7074656420746F20726506
:106FE000636F7665722066726F6D2061206B6572CB
:106FF0006E656C2070616E696320636F6E64697486
:10700000696F6E0A00574553545F544F50444952BC
:107010002F7A65706879722F6B65726E656C2F6957
:107020006E69742E63007468726561645F64617474
:1070300061203C3D205F5F7374617469635F7468B5
:10704000726561645F646174615F6C6973745F65CC
:107050006E64006D61696E00574553545F544F5024
:107060004449522F7A65706879722F6B65726E652C
:107070006C2F6B686561702E630068656170203CE1
:107080003D205F6B5F686561705F6C6973745F65FD
:107090006E640021617263685F69735F696E5F6926
:1070A00073722829207C7C20282874696D656F758F
:1070B00074292E7469636B73203D3D202828286B4A
:1070C0005F74696D656F75745F7429207B307D29ED
:1070D000292E7469636B732900574553545F544FCD
:1070E000504449522F7A65706879722F6B65726EC1
:1070F000656C2F6D656D5F736C61622E6300736CE0
:107100006162203C3D205F6B5F6D656D5F736C61FC
:10711000625F6C6973745F656E6400574553545FBA
:10712000544F504449522F7A65706879722F6B65BD
:10713000726E656C2F69646C652E63005F6B65729F
:107140006E656C2E637075735B305D2E6375727245
:10715000656E742D3E626173652E7072696F203E9C
:107160003D203000574553545F544F504449522FEF
:107170007A65706879722F6B65726E656C2F6D75AC
:107180007465782E630021617263685F69735F695B
:107190006E5F697372282900096D7574657865736F
:1071A0002063616E6E6F7420626520757365642064
:1071B000696E7369646520495352730A006D757472
:1071C00065782D3E6C6F636B5F636F756E74203EE8
:1071D00020305500574553545F544F504449522F67
:1071E0007A65706879722F6B65726E656C2F736546
:1071F0006D2E63002828617263685F69735F696E32
:107200005F6973722829203D3D203029207C7C2035
:10721000282874696D656F7574292E7469636B73A2
:10722000203D3D202828286B5F74696D656F75745B
:107230005F7429207B307D29292E7469636B732943
:107240002900737973776F726B7100574553545FE0
:10725000544F504449522F7A65706879722F6B658C
:10726000726E656C2F776F726B2E6300776F726B27
:107270002D3E717565756520213D202828766F6942
:1072800064202A29302900776F726B20213D202845
:1072900028766F6964202A29302900776F726B2D58
:1072A0003E68616E646C657220213D202828766FEF
:1072B0006964202A29302900717565756500737429
:1072C00061636B0021666C61675F74657374282667
:1072D00071756575652D3E666C6167732C204B5F1B
:1072E000574F524B5F51554555455F53544152548A
:1072F00045445F4249542900574553545F544F5009
:107300004449522F7A65706879722F6B65726E6589
:107310006C2F7468726561642E63002828282870B9
:1073200072696F2929203D3D203135202626207A9B
:107330005F69735F69646C655F7468726561645FDF
:10734000656E7472792828656E74727929292920EE
:107350007C7C202828283135202D203129203E3DD5
:107360002028282D31362929292026262028287052
:1073700072696F2929203E3D2028282D3136292980
:107380002026262028287072696F2929203C3D205C
:10739000283135202D20312929290009696E76618F
:1073A0006C6964207072696F726974792028256431
:1073B000293B20616C6C6F7765642072616E676534
:1073C0003A20256420746F2025640A0009546872ED
:1073D00065616473206D6179206E6F742062652031
:1073E0006372656174656420696E20495352730A43
:1073F00000574553545F544F504449522F7A65709B
:107400006879722F6B65726E656C2F696E636C752F
:1074100064652F6B7468726561642E68005F6B65CC
:10742000726E656C2E637075735B305D2E63757262
:1074300072656E7420213D202828766F6964202AA9
:1074400029302900574553545F544F504449522F17
:107450007A65706879722F6B65726E656C2F7363D5
:107460006865642E6300217A5F69735F69646C6587
:107470005F7468726561645F6F626A6563742874C3
:10748000687265616429007468726561642D3E628A
:107490006173652E70656E6465645F6F6E00217444
:1074A00065726D696E617465000961626F72746501
:1074B00064205F63757272656E74206261636B2015
:1074C00066726F6D20646561640A0073697A656F26
:1074D00066285F73636865645F7370696E6C6F6361
:1074E0006B29203D3D2030207C7C206C6F636B201D
:1074F000213D20265F73636865645F7370696E6CFD
:107500006F636B00574553545F544F504449522F9B
:107510007A65706879722F6B65726E656C2F696E13
:10752000636C7564652F6B73636865642E68005FB8
:107530006B65726E656C2E637075735B305D2E6368
:10754000757272656E742D3E626173652E73636829
:1075500065645F6C6F636B656420213D203155006D
:107560005F6B65726E656C2E637075735B305D2E3C
:1075700063757272656E742D3E626173652E7363FE
:107580006865645F6C6F636B656420213D203055D6
:1075900000217A5F69735F7468726561645F7374F8
:1075A0006174655F736574285F6B65726E656C2EC0
:1075B000637075735B305D2E63757272656E742CCB
:1075C00020282831554C203C3C20283429292929C1
:1075D000000961626F7274696E6720657373656E0E
:1075E0007469616C207468726561642025700A009A
:1075F000574553545F544F504449522F7A65706831
:1076000079722F6B65726E656C2F74696D65736C22
:107610006963696E672E6300282874696D656F75EC
:10762000742920262620282875696E747074725F6C
:1076300074292028736C6963655F74696D656F7563
:1076400074732929203C3D20282875696E74707454
:10765000725F7429202874696D656F7574292920FB
:10766000262620282875696E747074725F7429202C
:107670002874696D656F75742929203C2028287548
:10768000696E747074725F742920282628736C697F
:1076900063655F74696D656F757473295B28287302
:1076A000697A655F742920282828696E74292073F7
:1076B000697A656F6628636861725B31202D2032BC
:1076C000202A202128215F5F6275696C74696E5FD2
:1076D00074797065735F636F6D70617469626C65F6
:1076E0005F70285F5F747970656F665F5F28736C89
:1076F0006963655F74696D656F757473292C205FAC
:107700005F747970656F665F5F282628736C6963A4
:10771000655F74696D656F757473295B305D2929C8
:10772000295D29202D203129202B202873697A6595
:107730006F6628736C6963655F74696D656F7574D6
:107740007329202F2073697A656F662828736C6906
:1077500063655F74696D656F757473295B305D294E
:107760002929295D29292026262028282875696E9F
:10777000747074725F7429202874696D656F7574F4
:107780002929202D20282875696E747074725F7401
:10779000292028736C6963655F74696D656F757402
:1077A0007329292920252073697A656F6628287333
:1077B0006C6963655F74696D656F757473295B309F
:1077C0005D29203D3D20302900574553545F544FDB
:1077D000504449522F7A65706879722F6B65726ECA
:1077E000656C2F74696D656F75742E6300217379F4
:1077F000735F646E6F64655F69735F6C696E6B6500
:10780000642826746F2D3E6E6F64652900574553BA
:10781000545F544F504449522F7A65706879722FE3
:107820006B65726E656C2F706F6C6C2E6300657685
:10783000656E742D3E73656D20213D202828766F7E
:107840006964202A2930290009696E76616C6964AF
:107850002073656D6170686F72650A0A00657665F0
:107860006E742D3E717565756520213D2028287642
:107870006F6964202A2930290009696E76616C6974
:10788000642071756575650A0A006576656E742DEC
:107890003E7369676E616C20213D202828766F69F0
:1078A00064202A2930290009696E76616C69642098
:1078B000706F6C6C207369676E616C0A0A00657684
:1078C000656E742D3E6D73677120213D20282876EA
:1078D0006F6964202A2930290009696E76616C6914
:1078E00064206D6573736167652071756575650AE0
:1078F0000A0009696E76616C6964206576656E744C
:1079000020747970650A0A006D6F6465203D3D2022
:107910004B5F504F4C4C5F4D4F44455F4E4F544969
:1079200046595F4F4E4C5900096F6E6C79204E4F8F
:10793000544946595F4F4E4C59206D6F646520691C
:107940007320737570706F727465640A0A007479BD
:107950007065203C20282831554C203C3C20285F75
:10796000504F4C4C5F4E554D5F545950455329294B
:10797000290009696E76616C696420747970650A02
:107980000A006F626A20213D202828766F696420F2
:107990002A29302900096D7573742070726F766919
:1079A000646520616E206F626A6563740A0A00571D
:1079B0004553545F544F504449522F7A657068794B
:1079C000722F6B65726E656C2F6D656D706F6F6C6D
:1079D0002E6300616C69676E203D3D2030207C7C09
:1079E00020282875696E747074725F74296D656DD6
:1079F00020262028616C69676E202D2031292920DE
:107A00003D3D203000096D6973616C69676E656486
:107A1000206D656D6F72792061742025702028615A
:107A20006C69676E203D20257A75290A00616C69B2
:107A3000676E202F2073697A656F6628766F696498
:107A4000202A29203E3D20312026262028616C69ED
:107A5000676E20252073697A656F6628766F696482
:107A6000202A2929203D3D20300009616C69676E7C
:107A7000206D7573742062652061206D756C74696A
:107A8000706C65206F662073697A656F6628766F03
:107A90006964202A290A00286E756C6C29002A6600
:107AA0006C6F61742A000000C5BA0000000000007D
:107AB00005C9000000000000FFFFFFFFFFFFFFFF00
:107AC000FFFFFFFFFFFFFFFFFFFFFFFFFFFFFFFFC6
:107AD0009930010000000000A855010001000000DD
:107AE00090C5002090C500200000000000000000AC
:107AF0000E000000A4C50020A4C500200000000066
:107B0000A855010001000000B8C50020B8C500203C
:107B100000000000000000000E000000CCC50020A6
:107B2000CCC5002000000000A855010001000000A5
:107B3000E0C50020E0C500200000000000000000BB
:107B40000E000000F4C50020F4C500200000000075
:107B50000000000000000000000000000000000025
:107B60000000000000000000000000000000000015
:107B70000000000000000000000000000000000005
:107B800000000000000000000000000000000000F5
:107B900000000000000000000000000000000000E5
:107BA00000000000000000000000000000000000D5
:107BB00000000000000000000000000000000000C5
:107BC00000000000000000000000000000000000B5
:107BD00000000000000000000000000000000000A5
:107BE0000000000000000000000000000000000095
:107BF0000000000000000000000000000000000085
:107C00000000000000000000000000000000000074
:107C10000000000000000000000000000000000064
:107C20000000000000000000000000000000000054
:107C30000000000000000000000000000000000044
:107C40000000000000000000000000000000000034
:107C50000000000000000000000000000000000024
:107C60000000000000000000000000000000000014
:107C70000000000000000000000000000000000004
:107C800000000000000000000000000000000000F4
:107C900000000000000000000000000000000000E4
:107CA00000000000000000000000000000000000D4
:107CB00000000000000000000000000000000000C4
:107CC00000000000000000000000000000000000B4
:107CD00000000000000000000000000000000000A4
:107CE0000000000000000000000000000000000094
:107CF0000000000000000000000000000000000084
:107D00000000000000000000000000000000000073
:107D10000000000000000000000000000000000063
:107D20000000000000000000000000000000000053
:107D30000000000000000000000000000000000043
:107D40000000000000000000000000000000000033
:107D50000000000000000000A5320100000000004B
:107D60000000000014C8002014C800201CC8002017
:107D70001CC8002024C8002024C8002000000000E7
:107D800000C20100000103004CC8002000000000F8
:107D9000B4DA0020B3DA0020000000000000000088
:107DA00000000000B5DA0020200000000000000004
:107DB00059C000000537010000000000000000006D
:107DC00005C500000000000000000000FFFF0000EB
:107DD00000000000000000000000000000000000A3
:107DE0000000000000000000000000000000000093
:107DF0000000000000000000000000000000000083
:107E00000000000000000000000000000000000072
:107E10000000000000000000000000000000000062
:107E200008000000FF00000000000000010000004A
:107E30000000000000000000000000000000000042
:107E40000000000000000000000000000000000032
:107E50000000000000000000000000000000000022
:107E60000000000000000000000000000000000012
:107E70000000000000000000000000000000000002
:107E80000000000008000000FF00000000000000EB
:107E90000100000000000000D1DD0000D1DB000087
:107EA000F5DD0000DDDB0000D9E0000061DE000050
:107EB000A1E00000DD3A0100D73A0100D13A01000B
:107EC00070C9002070C9002000000000A538010022
:107ED0000000000000000000000000000000FFFFA4
:107EE00000000000B00E0120004000000000000073
:107EF00000000000000000000000000070EF002003
:107F0000000200000000000000000000000000006F
:107F1000C0C90020C0C9002000000000000000000F
:107F20000E000000D4C90020D4C9002000000000C9
:107F3000000000000E000000E8C90020E8C9002091
:107F400000000000000000000E000000FCC900203E
:107F5000FCC9002000000000000000000E0000002E
:107F600010CA002010CA002000000000000000001D
:107F70000E00000024CA002024CA002000000000D7
:107F8000000000000E0000000000000000000000E3
:107F90000000000044CA002044CA00204CCA00204F
:107FA0004CCA002090CA0020000000000000000021
:107FB00000000000000000000000000000000000C1
:107FC00000000000000000000000000000000000B1
:107FD00000000000000000000000000000000000A1
:107FE000E0520100B4CA00200000000000020000BE
:107FF000000000000000000000050000000000007C
:10800000000000000000000000000000399D00009A
:088010000000000015E015E07E
:00000001FF
