:020000040000FA
:10000000986D0020992D000015670000852D0000D7
:10001000852D0000852D0000852D0000852D000018
:10002000000000000000000000000000612E000041
:10003000852D000000000000852D0000852D0000AA
:10004000AD2F0000AD2F0000AD2F0000AD2F000040
:10005000AD2F0000AD2F0000AD2F0000AD2F000030
:10006000AD2F0000AD2F0000AD2F0000AD2F000020
:10007000AD2F0000AD2F0000AD2F0000AD2F000010
:10008000AD2F0000AD2F0000AD2F0000AD2F000000
:10009000AD2F0000AD2F0000AD2F0000AD2F0000F0
:1000A000AD2F0000AD2F0000AD2F0000AD2F0000E0
:1000B000AD2F0000AD2F0000AD2F0000AD2F0000D0
:1000C000AD2F0000AD2F0000AD2F0000AD2F0000C0
:1000D000AD2F0000AD2F0000AD2F0000AD2F0000B0
:1000E000AD2F0000AD2F0000AD2F0000AD2F0000A0
:1000F000AD2F0000AD2F0000AD2F0000AD2F000090
:10010000AD2F0000AD2F0000AD2F0000AD2F00007F
:10011000AD2F0000AD2F0000AD2F0000AD2F00006F
:10012000AD2F0000AD2F0000AD2F0000AD2F00005F
:10013000AD2F0000AD2F0000AD2F0000AD2F00004F
:10014000AD2F000053B94AB9002908BF00281CBFD1
:100150004FF0FF314FF0FF3000F00CB8ADF1080C5C
:100160006DE904CE00F008F8DDF804E0DDE90223D3
:1001700004B07047704700BF2DE9F04786468C46B3
:100180000846089E154674461946002B40F0C1806B
:100190008542B2FA82F245D94AB1C2F1200300FA8F
:1001A00002FC954094402EFA03F343EA0C0C4FEA0C
:1001B000154EA8B2230CBCFBFEF80EFB18CC08FBB6
:1001C00000F943EA0C43994528D9EB1808F1FF37A9
:1001D00004D2994502D9A8F102072B44A3EB0903E5
:1001E000A4B2B3FBFEFC0EFB1C330CFB00F044EA94
:1001F0000344A04214D92C190CF1FF3304D2A042BD
:1002000002D9ACF102032C44241A43EA07401EB180
:10021000D440002334607360BDE8F0874746DDE7D3
:100220006346F1E792BB431B01214FEA154EAFB283
:10023000200CB3FBFEFC0EFB1C330CFB07F840EA62
:100240000343984561D9EB180CF1FF3004D298456F
:1002500002D9ACF102002B44A3EB0803A4B2B3FB18
:10026000FEFC0EFB1C330CFB07F744EA0344A742D9
:100270004DD92C190CF1FF3304D2A74202D9ACF1AD
:1002800002032C44E41B43EA0040C0E7C2F1200310
:100290009540944020FA03F12EFA03F34FEA154EED
:1002A0009040AFB20343B1FBFEFC0EFB1C10190CD7
:1002B0000CFB07F841EA0041884522D969180CF186
:1002C000FF3004D2884502D9ACF102002944A1EBE9
:1002D00008019BB2B1FBFEFC0EFB1C110CFB07F7E7
:1002E00043EA01439F420ED9EB180CF1FF3104D2CF
:1002F0009F4202D9ACF102012B44DB1B41EA0041D1
:1003000093E76046E3E76146F7E76046A4E76346A4
:10031000B8E7834206D916B9002108467CE7C6E94A
:1003200000E0F9E7B3FA83F78FB9834201D372454E
:1003300008D8BEEB020460EB030301209C461EB903
:10034000002169E73846FAE7C6E9004CF8E7C7F14B
:10035000200CBB400EFA07F522FA0CF42EFA0CF131
:10036000BA401C4320FA0CF3B8404FEA1449014349
:100370001FFA84FEB3FBF9F809FB18300B0C08FBDD
:100380000EFA43EA00439A4540D9E31808F1FF30DA
:1003900004D29A4502D9A8F102002344A3EB0A0330
:1003A00089B2B3FBF9F809FB183308FB0EFE41EAEA
:1003B00003418E452CD9611808F1FF3304D28E45D4
:1003C00002D9A8F10203214443EA0040A1EB0E0147
:1003D000A0FB02984145CE46434602D306D14D4587
:1003E00004D20138B9EB020E68EB0403002EA7D04B
:1003F000B5EB0E0261EB030101FA0CFC22FA07F3E4
:10040000F9404CEA0303C6E9003199E74046C5E7E5
:100410004346D9E77FB5384B384A4921C3F800260F
:100420003748C3F80426C3F80826C3F80C26C3F8D7
:100430001026C3F81426C3F81826C3F81C2606F0A5
:100440007EF800F0B3F800F06BF878B14FF050236D
:10045000D3F800340BB1DB0708D54921294806F051
:100460006EF801F0E5FE284802F0E4FA00F026FB01
:10047000054601A800F0CAFD0446284600F02EFB00
:10048000224B1B68A34205D04521214806F057F8AE
:1004900005F0C5FD039A49211E4806F050F8492190
:1004A0001D4806F04CF869469DF8080000F05CF81D
:1004B000009B039C1C44019B1D8903F00FFD6619E2
:1004C00001F0D4F801F0A4F801F0BEF8002383F3A2
:1004D0000B8883F30A88625982F3088883F31488AF
:1004E000BFF36F8FBFF36F8F7368984745210B4839
:1004F00006F025F8FEE700BF008001503546526E39
:100500006091000079910000688D000008000020D3
:100510009D910000C0910000EF9100001492000036
:1005200073B50F4C204608F072FAB8B12569A66879
:100530002B681A2143F080632B6020463368094AF8
:1005400098472046736801A9984720B92B680198FD
:100550005840C0F38060003818BF012002B070BD61
:10056000008B000011000100024608B538B10548B3
:100570000023452105F0E3FF6FF0150008BD08607A
:10058000FCE700BF3792000021B1012906D06FF0CF
:1005900015007047044B53F830007047024B03EBD3
:1005A000C0035868704700BF708D00004FF4C05101
:1005B000014804F05FB900BFCA1B00202DE9F04FCD
:1005C000DFF80CA2F9B038A8DDE9848916461C468C
:1005D000869FDAF8005007F0FCFC002138A804F0F0
:1005E0007FFAB8F1000F07D0B9F1000F04DD4A46D9
:1005F000414638A807F0F6FC4FF0000833897289AD
:10060000D6F80CB013449B44C3453AD80DA938A87A
:1006100007F027FD27B1202238460DA906F0DFF8A4
:1006200000232246009331464FF6FF7307A805F0DA
:1006300021FC804610BB20460C9E00F029FA864221
:100640001CD84FF0FF37DFF88C910DF1160305AA87
:1006500006A907A805F05CFC00280FDB40F0AD8080
:10066000069907A805F0A0FC10BB4FF6FF71BDF876
:100670001600594A32F8023B8B4217D1DAF8005083
:100680009FE0839BABEB0809994528BF99464146FB
:100690004B462046829A05F060FF0028EED14A467C
:1006A000829938A807F09EFCC844ADE79842E1D192
:1006B000BDF81660102E1ED1BDF81460202EDDD1BD
:1006C00033462046069938AA05F047FF0028D5D1C1
:1006D00000F0F4F93246804638A90DA800F086F9FA
:1006E0000646404600F0FAF93C4B1B68B342C5D1C0
:1006F0004FF00108A9E7012E36D1BDF81430202BA8
:10070000BCD82046069938AA05F027FF07460028DE
:10071000B4D19DF814B0BBF1200F02D94FF0FF37D0
:1007200093E7D9F800302E4E0393039B9F42F5DAEE
:100730001DA807F04EFC00211DA804F0D1F9726835
:100740001DA8126856F8081B07F04CFC15A91DA837
:1007500007F087FC5A4638A915A806F019F80028B2
:100760003FF473AF0137E0E7202E7FF46EAF7B1CC0
:100770003FF46BAFD9F80030BB42CFDDBDF8143089
:10078000B3F5807F7FF47AAF2046069938AA05F04A
:10079000E4FE00287FF472AF00F090F9FFB28346C8
:1007A0003146BDF8143038AA00970DA800F01AF8A9
:1007B0000546584600F092F9B0E7B8F1000F3FF453
:1007C0005DAF00F083F9284679B0BDE8F08F00BF37
:1007D00004000020788D0000349100000800002003
:1007E0007C8D00002DE9F04FDFF8F4B1ADF5417DCF
:1007F00080462AA81E469DF828738A469146DBF853
:10080000005007F09FFB092201212AA804F0E4F818
:10081000744B80AA53F8374003EBC7035B68059419
:100820001B6805A81C442146302306F0E8FB00287D
:1008300040F0CC80059B809A13449C4240F0C680D7
:1008400021462CAA05A806F0EEFB002840F0BE8049
:100850002EAF3A46214605A806F0E5FB0390002896
:1008600040F0B4802CA806F0FCFE059A2B90944230
:1008700040F0AC80039B01971A4600932CA92AA84C
:1008800007F01DFB002840F0A1802AA804F0BAF868
:10089000002840F09B802CA806F0E3FE2B902AA8AD
:1008A00007F05AFB864240F0918000F007F9B6F558
:1008B000807F0746DBF8005040F08380BAF1200FBC
:1008C0007FD1494680AA2AA804F0C2F8044600282D
:1008D00077D19DF8FF32BC2B73D1DF2606900DF542
:1008E000907A0FA807F075FB00210FA804F0F8F824
:1008F00020220DF2DF210FA807F074FB042206A9C5
:100900000FA807F06FFB07A90FA807F0AAFB202E7E
:10091000B146A8BF4FF020099DF81B305046013367
:100920004A4607A9A6EB09068DF81B3005F057FFCC
:10093000002ECA44D5DC48AA1046002180AB0678B8
:1009400013F801CB013186EA0C06DF2900F8016BB0
:10095000F5D19DF8203103F07F038DF8203112F896
:10096000016B76BB0134BE2CF9D19DF8DE31012B31
:1009700027D10FA807F02DFB31460FA804F0B0F8DF
:10098000082219490FA807F02DFB414620220FA885
:1009900007F028FB20220DF2DF110FA807F022FB41
:1009A00007A90FA807F05DFB00F088F82022044695
:1009B0000DF2DF2107A800F019F80546204600F0E7
:1009C0008DF800F083F8384600F088F82AA807F080
:1009D000C5FA00F07BF828460DF5417DBDE8F08FA3
:1009E000040000207C8D00005D92000070B5094B72
:1009F00004461D680023934205D1074B1D6800F093
:100A000065F8284670BDE65CC85C8642F7D10133C4
:100A1000F1E700BF0400002008000020094A400060
:100A20000B7852F820108B4209D0013052F8200088
:100A3000834214BF4FF0FF304FF4407070474FF4C3
:100A400040707047848D00001FB50F4B0C4613F8A3
:100A5000300001F0D1FA50B92068102381686A464D
:100A6000103905F07AFD28B1206805F075FD4FF0CA
:100A7000FF3006E010226846044905F089FE002890
:100A8000F2D104B010BD00BF848D00005091000071
:100A900013B5044605F09BFA6A460146204605F068
:100AA000D0F930B10448452105F049FD002002B0DD
:100AB00010BD0098FBE700BF65920000024B18686C
:100AC000421C1A60704700BFD8010020024A136818
:100AD000013B1360704700BFD8010020034B1B6827
:100AE000834201D005F09BBA704700BFD8010020B7
:100AF0002DE9F04F414B8BB0064600200D461C6897
:100B0000FFF742FD08A9C0B201F076FA28B1FFF75D
:100B1000DDFF20460BB0BDE8F08F2946FFF734FD1E
:100B20004FF02C0B09A9C0B20BFB056B01F064FA66
:100B3000002844D02C276F4306EB0708D8F8104054
:100B400014F010044CD1FFF7B9FF089B81460793BE
:100B5000FFF7B4FF4FF480720192294A2146824682
:100B6000CDE90344079B0294009220465A46FFF7C2
:100B700025FD04465046FFF7B1FFFFF7A7FF4846A3
:100B8000FFF7ACFF1F4BF25908989A420CD1D8F8E6
:100B90000C20B8F808309B1806D28268934203D222
:100BA000194B1B68A34222D02DB38268002105F0A7
:100BB000FEFC164A4521164805F0C1FC15E00998CF
:100BC00005F010FD0446099805F0C6FC0BF1FF3353
:100BD0000BF1030213F8011FA142ABD19342F9D1EB
:100BE0001DB13046089905F0F0FA0A4B1C680898C8
:100BF00005F0B2FC8BE7084ADCE700BF04000020E8
:100C0000CA3300203DB8F39608000020A8920000E7
:100C1000B292000000000020A09200007FB50D46B7
:100C2000002104462846CDE9021105F08DFA28B3CB
:100C30002368194EB34203D1204603AA05F018FADF
:100C4000E36AB34204D10121204602AA05F010FA5A
:100C5000DDE90232934288BF0393039BAB60039AA2
:100C60002946204600F0DCFB0C4B1A68002A03DD05
:100C700057210B4805F063FC04B070BD01A9FFF7D4
:100C8000E3FE019805F1080105F0ACF9AB680198A5
:100C9000039305F061FCE2E73DB8F3963C160020B3
:100CA000DA9200002DE9F84F884691469A460026D0
:100CB000DFF868B01A4C1B4D0B9B9E4201D30020FD
:100CC0000FE00B9B40469F1BB7F5806F28BF4FF48A
:100CD0008067124A3B4606EB0A0105F03EFC10B164
:100CE0000120BDE8F88F0A993B465A4648467118DC
:100CF00005F048FC0028F3D1C4F800563E44C4F87F
:100D00000456C4F80856C4F80C56C4F81056C4F873
:100D10001456C4F81856C4F81C56CDE7DC11002050
:100D2000008001503546526E2DE9F0410E460021FB
:100D3000AC4B04464362AC4B88B003650846FFF7F2
:100D400023FC04F120010546C0B201F055F948B179
:100D500000232A46452101900093A44805F0EFFBAB
:100D600005F05DF901210020FFF70EFC04F14C01B4
:100D70000546C0B201F040F950B101232A46452191
:100D8000019000939948002305F0D9FB05F047F93D
:100D9000204605F0AEF9054668B900222046114606
:100DA00005F050F9054608B300225721904805F098
:100DB000C6FB01239FE04FF4807257218D4805F058
:100DC000BEFB01239D4284F85830E6D194F8583098
:100DD000042B8DF8173000F29180012B00F29580E2
:100DE00000F0A880FF2384F85830A3E0204600F0EC
:100DF00029FA0028DDD004A805F09DF90146204617
:100E000005F038FA18B12A4657217B48CFE704A8E5
:100E100005F09AF980F0010104AA2046C9B205F054
:100E200011F902460028BFD104A805F08DF9054646
:100E300060BB204604A9FFF7F1FE9DF8173084F847
:100E40005830033B012B06D8284600F00FF910B1AB
:100E5000FF2384F858309DF81730023B022B0BD843
:100E6000002000F0EDF838B1FF2384F85830452118
:100E7000624805F064FBFEE794F85830FF2BF6D08B
:100E80000021204604AA05F0DDF892E79DF81770CE
:100E9000012F1ED1104603F0AFF8831E022B05462A
:100EA00014D8FFF70BFE394680462046FFF720FE98
:100EB00007464046FFF712FE514B1B689F4205D084
:100EC000504B1D68AF4214BF0525012584F85850CA
:100ED0007CE7FFF7F3FD012107462046FFF708FEF8
:100EE00005463846FFF7FAFD454B1B689D4214BF87
:100EF00005239DF8173084F8583067E7052B7FF4F9
:100F000071AF002000F0B2F811E0204604A9FFF70D
:100F100085FE94F85830DA1E012A34D8002000F0FB
:100F2000A5F800287FF45EAF002000F089F80028C3
:100F30007FF458AF94F85830FF2B05D145212F4846
:100F400005F0FDFA05F06BF8002294F858302E4FAA
:100F5000012B03921AD01146204605F073F8A8B170
:100F60003D68102200210DEB020005F043FCE06C0F
:100F700005F0F2FA206A05F0EFFAFFF7A7FD284620
:100F800008B0BDE8F081022BD4D1CDE7FFF796FD84
:100F9000002180462046FFF7ABFD05464046FFF79F
:100FA0009DFDDFF85C80D8F800309D42D8D13B68C9
:100FB0009D42D5D0134B1B689D42D1D0039B01337A
:100FC0000393039B012B01D005F029F8206A04F05C
:100FD00036FF3071236A5B683460D8F80050B36024
:100FE000BFE700BFDC090020DC01002009930000FE
:100FF0009893000056930000C4930000EE93000005
:1010000008000020000000200400002070B50B4EF6
:10101000044660220021304605F0ECFBFFF74EFD50
:10102000214605463046FFF77FFE04462846FFF777
:1010300055FDFFF74BFD204670BD00BFDC150020BD
:1010400013B5094B01A913F8300000F0D5FF48B9DA
:10105000019805F098FF0446019805F07DFA2046B6
:1010600002B010BD0124FAE78C8D00001FB50F4BB4
:1010700001A913F8300000F0BFFFA8B9019802A938
:1010800002F064FF044668B99DF80B30032B03D1CE
:10109000019805F046FF0446019805F05DFA2046E8
:1010A00004B010BD0124F7E70124F8E78C8D00009F
:1010B0002DE9F34106460C4617461D460BB900269E
:1010C00028E0184605F040F80028F8D16946FFF7F7
:1010D000BBFC009838B90124009805F03DFA204681
:1010E00002B0BDE8F08101A904F07CFF0028F2D134
:1010F000009805F031FA3046019905F008F9736A55
:101100005E686B79012B21D1002CD8D12B688342EA
:1011100098BF002621460020FFF736FA6946C0B284
:1011200000F06AFF0028D6D120233A4631460098C5
:1011300005F013FA04460028CDD1002DCCD03C6830
:101140000D4BE41A18BF4FF0FF34C5E7022BB6D1A0
:101150002B68012B05D98342B1D8B4FA84F4640911
:10116000ADE7ACD1002CD5D0012CA8D12C79023C14
:1011700018BF0124A3E700BF3DB8F3962DE9F04F57
:1011800007460C4685B0014600201646FFF746FC90
:10119000051E51DB3846E46D04F019FF5FFA84F94F
:1011A0004FF0000A4FF0010B4FF0FF346B1E09FBAC
:1011B00003089DB9BAF1010F03DD4521204805F070
:1011C000BEF9631C06D0FF2C2ADC40F20113013467
:1011D0003460B380284605B0BDE8F08F6B1E0093E5
:1011E0004146012338460DF10F0205F0B6F9031E02
:1011F000019323DB012238460DF10F0105F02CFE8F
:10120000019B40B15B4501D00AF1010A9B46009D5C
:10121000A8EB0908CDE7B4F1FF3F08BF2C46F5E77E
:101220000223A4F580747371631004F00104013388
:10123000013433603471CDE70725CBE70125C9E7D9
:10124000FA93000070B5866A456D044605F04EF8C5
:10125000AE420AD06B1CB34207D0834205D057215F
:10126000134805F06CF9002070BDB6F5807F1CD9DD
:1012700057211048F5E7626A216D02EBC30201EBCA
:10128000C30152684968914202D057210A48E8E7F1
:1012900001339D42EFD1AE4205D9636A03EBC5032A
:1012A0005B689342F1D10120DEE700231A46F0E7A4
:1012B0001D940000559400008494000000B589B08E
:1012C000022004A905F03AFE9DF81020012A41D021
:1012D000254B2649032A08BF0B469DF813204921B8
:1012E00002929DF81220224801929DF8112000924E
:1012F000204A05F024F9082006A905F01FFE9DF8F4
:101300001820012A28D0184B1849032A08BF0B4679
:101310009DF81B20492102929DF81A201448019241
:101320009DF819200092144A05F009F99DF8103033
:10133000012B13D19DF81230032B0FD19DF81830DB
:10134000012B0BD00D48492105F0F9F8022009B016
:101350005DF804FB0A4BC0E7094BD9E7094849216E
:1013600005F0EDF80020F2E7B0940000B994000019
:10137000CD940000BF9400000E9500001E95000063
:10138000B49400003D95000070B54B6814461E4AA9
:1013900003F0FF23934206460D4686B02FD10B681B
:1013A000012B2CD1204604A902F0D0FD9DF810207D
:1013B000012A26D0154B1649032A08BF0B469DF873
:1013C0001320492102929DF81220124801929DF8A3
:1013D00011200092104A05F0B2F89DF81030032B4E
:1013E0000DD12146304604F0F0FE204605F099FD6F
:1013F0002046A96804F004FE204602F087FD06B0EE
:1014000070BD064BDBE700BF00010004B094000094
:10141000B9940000CD9400000E950000B494000033
:101420002DE9F04F1646054689B00C46744849210F
:1014300005F085F83146284604F069FF6B6A82465C
:1014400020465E6804F080FEE8B1E86D04F0BAFD65
:101450000023AF6A013F3344834201D2013FFAE7E0
:10146000BA4510D35721674805F069F807FB06F322
:1014700057210AFB0662644805F061F80123E37115
:1014800009B0BDE8F08F06A9022000F0B5FD07A95C
:10149000082000F0B1FD21462846079AFFF774FFA7
:1014A0006379012B4BD15746DFF860B141E02268E8
:1014B000C2F1010353449F423AD86B6A012A19686A
:1014C00053F8370003EBC70353F8083CA0EB0109BE
:1014D000A3EB0103049311D1079B0393E368022B51
:1014E00008D04146284604F070FE22464146284670
:1014F00004F0A1FE2846039904F067FE32464946EF
:10150000404604F060FE049B424641462846CDE931
:101510000096FFF7C7FB2146284604F022FE236809
:101520000133236020B1DBF800300133CBF8003009
:10153000013FDDF81880002FB9D101232360022379
:1015400001276371BA45DDF8189006D2484605F0C8
:1015500003F8079805F000F892E723689F424DD3FF
:101560006A6AFB0052F83710083B04911168DDF8F5
:101570001CB00391D1582A6DD0581368A0EB030812
:101580002379012B38D1039B3246C91A484605916D
:1015900004F019FE059943464A46009128465946EB
:1015A0000196FFF77FFB2146284604F0DAFD02236F
:1015B000237118B1154A136801331360324641464E
:1015C000584604F000FEDDE9032349469B1A2846ED
:1015D0005A46CDE90086FFF765FB2146284604F010
:1015E000C0FD2368013323600123237130B1074A12
:1015F00013680133136001E0022BDFD00137A1E74C
:10160000549500007D950000AC9500003C1600202C
:10161000BFF36F8F72B600234FF0FF30094A03F11A
:1016200020010133102B42F82100F8D100234FF0A4
:10163000FF30044A03F160010133102B42F821000E
:10164000F8D1704700E100E0002318460649D1F8C0
:101650009020C2F30722934200DB7047C1F8983014
:10166000C1F8A0000133F6E700ED00E02DE9F843F2
:101670004FF0FF3501274FF00008204BDFF8809036
:101680005F60C3F84853C3F8085303F580535F60A5
:10169000C3F84853C3F8085359F8044B002644F3E1
:1016A0000730C4F8085301F0F9FB80226760C4F8E2
:1016B0004C61D4F84C31C4F81061D4F81031C4F83E
:1016C00044613146D4F84431A018C4F8006505F0EF
:1016D00091F88022314604F5C07005F08BF8B8F11E
:1016E000000F08D0074BC3F808554FF05023C3F83C
:1016F0000853BDE8F8834FF00108CDE700400150E2
:10170000988D000000700150014B1B68184700BF06
:101710000C00002007B50B4600210246009103484B
:1017200000F006F803B05DF804FB00BF09170000E5
:101730002DE9F04F82464FF000098DB01D46531E33
:1017400001910393039B58785C1C252819D1002034
:101750004FF0FF381E464446034602360290317869
:101760000396392955D81F2914D8002900F0EF8194
:1017700001992520D04701993078D04709F1020915
:10178000E0E7002800F0E3810199D04709F1010961
:101790000394D7E7A1F12002192AE9D801A757F845
:1017A00022F000BF0D180000711700007117000033
:1017B0000D180000711700008D180000711700004F
:1017C000711700007117000071170000D918000090
:1017D0000D18000071170000ED18000099180000A6
:1017E00071170000A7180000C7180000C7180000F4
:1017F000C7180000C7180000C7180000C71800006D
:10180000C7180000C7180000C718000008460136B6
:10181000A5E7582900F0EB80A1F16302D7B2172F9A
:10182000A6D8172AA4D801A757F822F0951A0000C5
:1018300013190000711700007117000071170000E4
:10184000F318000013190000711700007117000051
:10185000F3180000711700007117000071170000E5
:10186000C91900007117000071170000691A000003
:1018700071170000131900007117000071170000A4
:10188000C919000071170000F31800002520019904
:10189000D04709F1010955E7029A4FF0000802F01C
:1018A000FE020292B3E7002C0DDAB8F1000F0DDA58
:1018B000029A002A00F043810A2224EAE47402FB1F
:1018C0000414303CA3E7B8F1000FF5DB0A2202FB59
:1018D0000812A2F130089AE7B8F1000F55F8042B6E
:1018E00080F22F81002A80F22E815442022202923D
:1018F0008DE7682903D1682B06D1482387E76C2937
:1019000002D16C2B00F02181002B7FF431AF0B460C
:101910007DE77A2B06D1752955F8046B14D14FF069
:10192000000B0CE06C2BF6D04C2BF4D1073525F0D6
:101930000703752903F10805D3E9006B06D12028B8
:101940003BD1854F013C09E04FEAE67BBBF1000F3C
:10195000F5DA7642814F6BEB4B0B013C0DF12D0319
:10196000059300230493304659460A220023FEF7CC
:10197000E9FB059BB446303203F8012D5A46059326
:10198000049BBCF10A0F8B4672F1000203F1FF3198
:1019900006460491E7D2C3F1010B30330DEB030689
:1019A000B8F1000FA6F104066DDA029BD9077DD4C9
:1019B000A8EB0B03A4EB0B0413E02B280ABF684F22
:1019C000684F04F1FF34C9E770290FD155F8042B93
:1019D0000023FAB96FF004034FF0050B614F624E1C
:1019E000053C029A920770D4A04666E078216C2BE1
:1019F00003D1002355F8042B08E04C2BF9D107350F
:101A000025F007031D465B6855F8082B232825D1D0
:101A1000880621D5554F023C002601F06001A1F156
:101A2000390B0DF12D0E02F00F01092988BF594421
:101A300030310EF8011D102A4FEA121141EA0371EC
:101A40004FEA131C73F1000306F1FF3008D2C6F110
:101A5000010B06F13003A1E7454FDCE7414FDBE71F
:101A600006460A466346DEE755F8046B304604F046
:101A700088FEB8F1000F834602DB4045A8BFC3468D
:101A80004FF00008374FA8EB0B03002B92DDA4EBBF
:101A90000804A6E755F8043B4FF0010B8DF8183009
:101AA000304F4FF0FF33013C06AE9AE7A046EAE71D
:101AB000029320200199D047029BB8F10108F7D585
:101AC00024EAE472013C9144A41AB84606E0049367
:101AD00002920199D047029A049B9046424612F81E
:101AE000010B0028F3D11A46013A15D5002BACBFE3
:101AF000C7EB03077F425B46013B15D5BBF1000FE7
:101B0000A8BF5F4426464F44013E14D5002CA8BF11
:101B10003F1907EB080915E604930292302001995A
:101B2000D047049B029ADFE70293019916F8010B54
:101B3000D047029BE0E701992020D047E4E701224B
:101B4000D5E6904663E6144661E64C235FE64846D8
:101B50000DB0BDE8F08F00BFED960000EB960000E1
:101B6000EF960000AE980000F7960000F196000096
:101B7000F4960000044608B5EFF31183202383F3A5
:101B80001288BFF36F8F02F0A9F9204601F034F9F3
:101B9000024804F0EFFB04F0D8FDFCE7FD960000DE
:101BA0002DE9F043079D15B91560002012E00324CC
:101BB000B5FBF4F404EB4407BD4218BF0134B4F1A3
:101BC000804F09D2A40001348C4200D838B96FF09C
:101BD0000B001460BDE8F0834FF0FF34F7E70446D4
:101BE0000021DFF8B4E0B94203F1030C04F104066C
:101BF0002BD3A942274623D201F1010CAC451F7813
:101C000028BF002324494FEAA70E38BF5B7811F89C
:101C10000EE0AC4584F800E001EB131E2EBF3D231F
:101C20009B0003F03C034FEA071738BFCB5C07F07B
:101C300030071EF80770A3703D2367703746E370C6
:101C40000023381A10603B70AFE71CF8034C1CF8F7
:101C5000023C4FEAA4091EF8099024011CF8018CEB
:101C600004F0300406F8049C0EEB131919F8044034
:101C70009B0006F8034C03F03C030EEB9814E35C66
:101C800008F03F0806F8023C1EF80830344606F813
:101C9000013C03316346A6E7A69700002DE9F04317
:101CA00000273C463D46DDF81CE0DFF828817545FD
:101CB0001FD3E4BB00201460BDE8F08301367645F5
:101CC00033D013F806C0BCF1200FF7D0AEEB0609F5
:101CD000B9F1010FA6EB05050DD0BCF10D0F0AD12E
:101CE00003EB060999F80190B9F10A0F6ED1751C42
:101CF000DDE72E46E3E7BCF10A0FF8D02DB9BCF1C1
:101D00003D0F05D10137022F0DD96FF01500D3E734
:101D10001CF0800FF9D118F80C507F2DF5D03F2D15
:101D200001D8002FF1D10134E1E73546C1E74FF08A
:101D3000060C04F00706E4080CFB06F60CFB04F4A2
:101D40000736E41B04EBD60470B18C420CD8002794
:101D5000014603263C46DFF87CE0DFF87C801D442A
:101D60009D4205D10C1AA5E76FF00B001460A3E7A4
:101D700013F8019BA9F10A0C5FFA8CFCBCF1160F59
:101D800004D848FA0CFC1CF0010FE9D01EF809C079
:101D90000134BCF1400F08BF013E0CF03F0C042C95
:101DA0004CEA8717DCD17EB13C0C012E0C7002D1BD
:101DB00001310024D4E7022E4FEA17244C7016BFDD
:101DC0008F7002310331F4E73446C9E7002DA2D009
:101DD0009BE700BF26970000F6FFBFFF2DE9F04705
:101DE000058B04462807904611D4022905F0070503
:101DF00040F0CC80204604F0CAFA78B10138218B3B
:101E0000042811D8DFE800F0C2106D859500012983
:101E10000CBF45F0100545F02005258388F3118897
:101E2000BFF36F8FBDE8F08701F0070AAA4500F005
:101E3000A5800027B9463E46A368002B00F0BC8071
:101E400041F00801218388F31188BFF36F8FA168E7
:101E5000002900F0BA800D68002900F0B6803346F2
:101E600052462046D1F80480C047002D76D02B681A
:101E700029461D46F0E701F007035A1F012A1BD827
:101E8000002221F00701062B276889B2C4E900224D
:101E900009D13B4603E0628B013262831B68002B51
:101EA000F9D141F002012046218304F070FA0028A4
:101EB0007AD041F0200176E0042B0AD121F007010D
:101EC00089B22046218304F062FA10B141F020016A
:101ED0002183218B01F0070AAA454FD00027B9467C
:101EE000AAE7236921F0070141F00601062DD3F886
:101EF000009021832DD1B9F1000F3FD041F00801AE
:101F0000218388F31188BFF36F8F20463949C84772
:101F100029E021F00701236941F0040189B2042D71
:101F2000D3F804902183E6D000274FF0040A3E4600
:101F300082E721F00701236941F0050189B2052DEF
:101F4000D3F808902183D6D000274FF0050A3E46EB
:101F500072E700274FF0060A3E466DE72B4687E7FB
:101F6000B9F1000FD1D1EFF31188202383F3128848
:101F7000BFF36F8F238B23F008032383258BEA069F
:101F80002ED525F01003238305F007056669218B04
:101F9000002EBFF670AF00232768C4E9003321F09C
:101FA000070141F001012183218B4FF0000901F06D
:101FB000070AAA457FF440AF002F9CD041F00801EA
:101FC000218388F31188BFF36F8F002FC8D03D683D
:101FD000394633465246204604F005FA2F46F4E7C8
:101FE000AB067FF51BAF25F02003238305F0070523
:101FF00000E700BF1364000070B5114B0D461C686C
:10200000DCB1104B196800238B4202DB6FF001003A
:1020100070BD224612F8106B864202D0144601337E
:10202000F2E7E06810B96FF01200F1E706F0EFFC9C
:102030000028F8D000202C60EAE76FF00C00E7E7FA
:1020400010000020A08D000070B588B005460C4639
:10205000C0B269461646FFF7CFFF00281BDB009889
:10206000C8B143682268029383680195CDE90336BD
:102070000023CDE906230593C56804F06DFA6DB120
:102080002846084901AA04F0C5FC079808B9059B31
:10209000236008B070BD6FF01500FAE76FF0120012
:1020A000F7E700BFF365000008B5054804F062F9E2
:1020B000044804F05FF9BDE80840034804F05AB949
:1020C000E69700001E98000052980000014803F0B7
:1020D00047BD00BF748E0000F7B5254E3068836899
:1020E000DB6B03B1984730688368DB6A002B31D122
:1020F000204C214D306883681B69002B2DD00122B4
:102100000DF107019847012827D1236843B92B68AF
:102110002BB369681A688B422A6000D16A60236019
:10212000164A9DF8070011887F2904D823684F1CA0
:102130000B44178018720A28DCD10020236811880C
:10214000186059600E494D6875B9C1E900331080B7
:102150002060CEE798470028CAD103B0F0BD4521E2
:10216000084804F0ECF9F8E72B604B60EFE700BF9C
:10217000981A00204016002050160020C81B00208E
:10218000481600208098000010B5044B04461868DB
:102190008368E1B25B689847204610BD981A00201A
:1021A000F8B5054616460846EFF31187202383F35A
:1021B0001288BFF36F8F1B490B684BB11A4C6268D2
:1021C0009A4205D000221A60626862B9C4E90033FD
:1021D000164A136853B987F31188BFF36F8F1846F7
:1021E0000B603360F8BD13606360F1E7D2F804C0A0
:1021F0001C686345146008BF546087F31188BFF3FF
:102200006F8F5C680B60A042D8BF00F1FF3403F110
:1022100008012246284604F0E2FA0023601C2B55F0
:102220000123DEE744160020501600204816002047
:10223000002313B51C462049204AC1E90033C2E9F6
:1022400000331F4A4868146020BBC1E900220133F3
:10225000082B02F18802F5D11A4C1B48206006F0C9
:10226000D6FB28B32068836823B11B6C13B100220E
:102270001649984720688368DB6A0BB1984760B1BC
:10228000206883681B69002BFAD001220DF1070139
:102290009847F4E702604A60D9E700220C4B2068B7
:1022A0001A8083681B6A03B19847002002B010BDF2
:1022B0004FF0FF30FAE700BF50160020481600200C
:1022C00058160020981A0020148B0000D920000016
:1022D000C81B002041F204432DE9F043EFB0ADF8F4
:1022E000083040F606130025ADF80C30DFF81091E9
:1022F000444BD9F800101B68434E4D70A3EB060801
:102300000B7828465A1C62F302030B7098FA98F374
:102310004B808B8808225BBA8B8004F015F831461D
:102320004246ADF8100004F00FF802271FFA88F4B7
:1023300040BA04F10A035BBA0222ADF810000DF1B5
:10234000120106A8ADF8123004F049FA0822D9F8B3
:1023500000100DF11A00ADF8127004F040FABDF84B
:10236000120006AB083080B231464246ADF812008A
:10237000184404F034FABDF812303A461C44A0B2B6
:102380002C4606ABADF8120004A9184404F027FA55
:10239000BDF81230ED213B449BB2ADF812300093F2
:1023A00005AA06AB32A8FFF7FBFB059B174E184F9B
:1023B000ADF81230BDF81230A34206DC49211548B1
:1023C00004F0BDF86FB0BDE8F083336802215B68AC
:1023D000A4B903A89847BDF8125033682D1B7C2D73
:1023E000A8BF7C2532AA101929465B689847336834
:1023F000012138465B682C449847DBE702A8E9E7EF
:10240000FC1A0020B41A0020CA340020001B00204F
:10241000AD980000BE98000038B505460A4C0A2168
:10242000204606F0DBFA02222046084906F0C9FAE7
:102430002946204606F0A2FA20460A2106F0D6FADE
:10244000BDE83840FFF746BFB41A0020C698000028
:10245000F0B583680C469A420646114685B01DD2F7
:1024600094421DDC02AA03F0ECFCB8B9DDE902538A
:102470001D446B1ECDE90030224649210B48E3176D
:102480002F1B04F05CF83A462146304604F08FF8E2
:10249000024640B14521064804F051F86FF015049A
:1024A000204605B0F0BD2C46FAE700BFC9980000F1
:1024B000E89800002DE9F0474FF0FF34D4B00B4608
:1024C000059406940794012100240246CDE90144B5
:1024D000009130A80421CDE9084405F094FF21467D
:1024E000402220A804F086F9904B03211C93052379
:1024F00004221D938E4B06AFCDE91E378D4B8E48BF
:1025000021938E4B05AE23938D4B07AD26938D4BB8
:10251000CDE92B01CDE92835CDE92D360AAC27913F
:1025200009AB1CA930A82292249404F097F848B370
:1025300003252A464921844804F001F80A218348EA
:1025400006F04CFA82490222804806F03AFA2946FF
:102550007E4806F013FA4DB9774903227B4806F00E
:1025600030FA7C4B7948196806F012FA0A2177484C
:1025700006F03CFAFFF7AEFE089803F0EDFF54B00A
:10258000BDE8F0873368D4E900845A1CD0D0B8F194
:10259000000FCDD0704A2BB93968B1F1FF3F18BF99
:1025A0000B46136000211068FDF7EEFF08A9C0B2CA
:1025B000FFF722FD0028BBD13368664F002B53D1B3
:1025C000089E3B603046D6F8089003F000FD634A51
:1025D0000146304603F035FC28B14521604803F040
:1025E000AEFF0125A5E72B684B45A1D85D4A1060D9
:1025F0005D4A13603A685B4D224429680898013AA5
:10260000FFF726FF0028286092DB089803F0E3FF1D
:10261000B4FBF0F303FB10403A68C1B2DFF8489115
:10262000641A1319D9F800501944A94238BF002080
:1026300049215FFA80FA4D4803F081FF089803F0C2
:10264000CAFF012806D9089803F0C5FF013818EA27
:10265000000F4BD1234642463968089803F092FF99
:1026600000287FF465AF2EE03A68934201D0002540
:102670005FE73D4A234412689342BBD958E7A6421C
:10268000089888BFE6B203F0ADFF402201460CA8CF
:1026900004F0B0F8324641460CA804F0A0F83346E6
:1026A000396808980CAA03F06DFF054600287FF4EE
:1026B00040AF3B68B04433443B60A41B089803F030
:1026C0008AFFA042DBD9BAF1000F11D13B68D9F8DB
:1026D00000205344234493423B60C8D11F4B0898C9
:1026E0001A681146FFF7B4FEC50F22E74026E5E75A
:1026F000089803F077FF082201460CA804F07AF846
:10270000524608EB04010CA804F069F8089E3968E9
:102710003046651803F05FFF294603460CAA304691
:1027200003F030FF00287FF403AFCFE718950000D7
:10273000B18600000A99000013990000BB860000D2
:102740000F990000B786000037990000B41A0020E6
:10275000C6980000AC1A0020B01A0020A41A00206D
:1027600065920000A01A00209C1A00201799000012
:10277000F0B50C68164F85B002380D46C4F580617F
:102780000090144B381903AA0131FFF787FA044669
:10279000D0B92B68039A1344022B2B6011D93E88C1
:1027A000023B76BAB6B29E420BD13246B91C03F058
:1027B000CBFD30B9022E04D92B689A1E2A60FC5436
:1027C0000124204605B0F0BD4FF0FF34F9E700BF0B
:1027D0006F35002072390020002307B502210093D5
:1027E000034AA423034806F003F903B05DF804FB91
:1027F000CA340020B41A00202DE9F0470729044606
:10280000B0B071D9037813F0050F6DD14388A1F1F1
:1028100008055BBA9BB2AB4266D37A4B18608388DB
:102820005BBA8380FFF7D8FFA088012840F0D780EB
:10283000E37943B1012B00F0CA80082030B0BDE835
:10284000F047FFF7E9BD247814F00704F5D10146FD
:102850006D4806F0C3F806226C496B4806F0B1F8E3
:102860000521694806F0B6F8694E6A4FDFF8A8817D
:1028700021460020D6F80090FDF786FE08A9C0B2D8
:10288000FFF7BAFB054620BB2023014610AA089893
:1028900003F063FE109BBB4213D1FEF70FF94023F8
:1028A000019320AB82462946009310AA089B284634
:1028B000CDE903550295FDF781FE81465046FEF7AE
:1028C0000DF9D8F80030089D4B4512D0284603F08A
:1028D00043FE64B105214C4806F084F801214A48C2
:1028E00006F084F8FFF7F6FC30B0BDE8F08701246D
:1028F000BEE700232A46009310A94FF6FF730AA8EB
:1029000003F0B8FA002847D04FF0FF35089803F0DD
:1029100023FE14213C4806F061F8404904223A485D
:1029200006F04FF82146384806F032F84DB9042237
:102930003B49354806F045F82022334818A906F0EF
:1029400037F807223749304806F03BF8BDF85630D3
:10295000402101939DF85530334A009320A89DF8FB
:10296000543000F035FB169B4BB1421E3E2A06D870
:1029700020ADC0F140012D4A284400F029FB20A8D9
:1029800003F0FFFE20A902461F4806F01AF81421A2
:102990001D4806F02BF89CE70DF11E0307AA09A9B4
:1029A0000AA803F0B5FA0028AED1BDF81E30102BEE
:1029B000F2D1BDF81C30202BA6D12846099918AABF
:1029C00003F0CBFD051E18BF01256D429EE7294689
:1029D00004F1080030B0BDE8F047FFF76BBD0028F8
:1029E0007FF42BAFE379012B3FF428AF052B7FF465
:1029F00024AFFFF711FD0E4806F004F80120FFF7A1
:102A0000B9F800BFFC1A0020B41A00204599000054
:102A1000040000203DB8F396080000204C99000007
:102A200051990000569900005E9900006A990000D3
:102A300090D0030001232DE9F743002407462D4ED3
:102A40002D4D33702D4BDFF8B8800094186003F0E3
:102A50007CFEDFF8B090C9F80056C4F58061C9F873
:102A60000456C9F80856C9F80C56C9F81056C9F8E2
:102A70001456C9F81856C9F81C563B6801AA01310A
:102A800008EB040098470028019B00DC6BB304446A
:102A900053B940F201439C4223D1337813B903B0B8
:102AA000BDE8F0830024D6E798F80030062B0AD161
:102AB00098F80130092B0CD1002300936946A01E21
:102AC000FFF756FE05E0042B03D198F80130142BD4
:102AD000F4D00128E1D100990B480239FFF78CFEB0
:102AE000DBE73378002BB6D1D9E73378002BAED1B2
:102AF000D5E700BF6E3500203546526E001B002022
:102B000070390020008001507135002030BFFFF780
:102B1000FDBF00BF154B9A6A12F0007F9A6A14BF7E
:102B20001E201D2012F0807F9A6A18BF1F2012F409
:102B3000801F9A6A18BF022012F4002F9A6A18BFE9
:102B4000212012F4802F9A6A18BF222012F4003F2D
:102B50009A6A18BF232012F4803F9A6A18BF242073
:102B60006FEA02426FEA12429A62704700ED00E09B
:102B700010B5194B0246986A9C6A10F4805F14BF26
:102B80001720162014F4006F9C6A18BF1820A405A3
:102B900009D5986B986A000404D51AB19A6A22F490
:102BA00000429A6219200C4B9A6A12F4806F9A6A5A
:102BB00018BF1A20D2050CD49B6A13F4005F18BF0B
:102BC0001C20054A936A43F47F43936200230B70F1
:102BD00010BD1B20F5E700BF00ED00E010B51C4B59
:102BE0000246986A9C6A10F0100F14BF1120102042
:102BF00014F0080F9C6A18BF1220A40709D5586B5F
:102C0000986A000604D51AB19A6A22F080029A6284
:102C100013200F4B9A6A12F0010F9A6A18BF142002
:102C200012F0200F9A6A18BF1520D40658BF9B6A6D
:102C3000074B9A6A920642BF5A6A22F400525A62BD
:102C40009A6A42F0FF029A6200230B7010BD00BF27
:102C500000ED00E070B5444B06465B6800258AB085
:102C6000C3F3080385F31188BFF36F8F02F07F4031
:102C7000B0F17F4F11D102F00C0008280DD01007E1
:102C80004CBF0E4601250022033B8DF80720032B85
:102C900005D8DFE803F01E5C60592E46F3E70024F8
:102CA0009DF807309BB92022314602A803F097FD1A
:102CB000099B002D53D0C3F3080222B96FEA5323B6
:102CC0006FEA43230993204602A903F019FD0AB0D5
:102CD00070BD254BDA6A9107E1D4DA6A002ADEDB9F
:102CE000DA6A5200DBD55A69B16942F480725A61DE
:102CF000BFF34F8FBFF36F8F5A6931F8021C22F474
:102D000080725A61BFF34F8FBFF36F8F4DF602721F
:102D1000914209D09A6AD2B242B101200DF1070165
:102D2000FFF75CFF0446BBE73468B9E79A6A12F420
:102D30007F4F05D001200DF10701FFF719FFF1E7E3
:102D40009B6AB3F5803FAAD3FFF7E4FEEAE70020D1
:102D50000DF10701E4E700200DF10701EDE723F491
:102D6000FF7323F00103ADE700ED00E0044B5A6967
:102D700042F010025A615A6942F480625A61704707
:102D800000ED00E0EFF30880EFF3098101B5724632
:102D9000FFF760FF01BD00BF002080F31488BFF380
:102DA0006F8F002080F30A8880F30B8801F0D4FF36
:102DB00000200E490860BFF34F8F0D4880F308884C
:102DC00000F02CF8202080F311880A484FF40061AD
:102DD000401880F30988EFF314800221084380F340
:102DE0001488BFF36F8F00F091F8000094ED00E0BD
:102DF000986D0020983D0020BFF34F8F0549064B8A
:102E0000CA6802F4E0621343CB60BFF34F8F00BF88
:102E1000FDE700BF00ED00E00400FA0572B60023F4
:102E200083F313884FF0FF300C4A03F12001013384
:102E3000102B42F82100F8D100234FF0FF30074A51
:102E400003F160010133102B42F82100F8D162B682
:102E5000BFF34F8FBFF36F8F704700BF00E100E0FB
:102E60001EF0040F0CBFEFF30880EFF309808169B7
:102E700011F8021C0229FFD001B503F047FC01BD87
:102E800040B2002807DB01234109034A00F01F007C
:102E9000834042F82130704700E100E040B2002852
:102EA0000CDB01220649430900F01F008240203359
:102EB00041F82320BFF34F8FBFF36F8F704700BFE0
:102EC00000E100E0054B420953F82220012300F005
:102ED0001F0003FA00F01040704700BF00E100E05F
:102EE00040B2002801F10101ACBF00F16040064B87
:102EF0004FEA4111C9B2ABBF00F5614000F00F00CD
:102F000080F800131954704714ED00E00B4A08B51F
:102F10000B4B22F07F029A60BFF34F8FBFF36F8F8E
:102F2000D3F8882022F47002C3F8882002F0C6FC8F
:102F300002F008FD00F02EF802F0CCFC00000000CA
:102F400000ED00E01E4680B50C46074615460023FE
:102F500083F30B88DFF824C0ACF5205E8EF30B887A
:102F60008CF309884FF00000054988472046294620
:102F70003246B84703488047FEE700BF986D0020FF
:102F80002D6700003B6700001022014B1A6170475B
:102F900000ED00E0002320210348C2180133412B3B
:102FA00082F80013F9D1704700E100E008B5EFF3B3
:102FB0000583064A103B02EBC30152F8330049680F
:102FC0008847BDE8084003F0ACBB00BF3C8B000065
:102FD0000CB410B586B009B90DF10B000024CDE991
:102FE000040109AB089A009404A905480393FEF76D
:102FF0009FFB049B1C7006B0BDE8104002B07047F8
:10300000076800000122024B0020C3F840257047EA
:103010000090035020B1034B800143F00103184797
:10302000704700BF608D0000084B70B5C31A0D4695
:1030300007499B10044659434022064803F0F9FB18
:103040002B4601462046BDE870401847181B00205B
:10305000B76DDBB6EC8A0000402373B50B4C0093D0
:10306000041B0B460D460A49A41061430646094A53
:10307000094803F009FC011E05DA30462B4602B070
:10308000BDE87040184702B070BD00BF181B00209B
:10309000B76DDBB6F7680000EC8A000010B5EFF3FF
:1030A0001184202383F31288BFF36F8F074A1368BC
:1030B00023F00201DB07116002D4012005F0D8F8EB
:1030C00084F31188BFF36F8F10BD00BF681B002011
:1030D00070B50022012104460520FFF701FF0F48CB
:1030E00001F032FF0E4B984215D101F03DFF2669E9
:1030F0000C49304603F09AF900280BDB01253564B2
:103100002469084904F11C0003F090F9002801DB50
:103110000020E56470BD6FF00400FBE7ED310000B6
:103120000000AD0B7C8E00000C22104B014602FB10
:103130000033002030B4D3E90E529863EFF31180CE
:10314000202484F31288BFF36F8F1C6C04F0C0043A
:1031500044F002041C6480F31188BFF36F8F1DB12B
:103160002B4630BC0248184730BC7047181B002063
:10317000EC8A000010B4EFF31182202383F312884D
:10318000BFF36F8F1748016841F002040460C8075D
:1031900007D482F31188BFF36F8F012010BC01F0B8
:1031A000F7BE4FF05021D1F80C04D1F80C14C90728
:1031B000EFD5EFF3118083F31288BFF36F8F0A49C5
:1031C0000B6C03F0C00343F002030B6480F311881F
:1031D000BFF36F8F82F31188BFF36F8F002010BC95
:1031E000FFF7A2BF681B0020181B002010B10128A8
:1031F00004D07047034B1B6C5B0701D1FFF794BFF2
:10320000704700BF181B00202DE9F8430122074634
:103210003449D1E8EF3FC1E8E02F0028F9D133B9B4
:10322000314932484B60CB608A6003F012F97B1E53
:10323000012B2DD8012F07D14FF05023D3F81C3488
:1032400003F00303022B23D005F022FC054608BB44
:10325000274B1B78F3B14FF0502302220646C3F8E8
:1032600008234FF050244FF00008DFF88890D4F87E
:103270001824D4F81834D20315D503F00303022B15
:1032800001D0012F0FD135B386F31188BFF36F8FB3
:10329000BDE8F883EFF31186202383F31288BFF390
:1032A0006F8F0125DDE7304603F05CFAD4F818355E
:1032B000DBB2012BDBD1D4F80421002AD7D0C4F82B
:1032C0000481D4F804210222C4F818252022C9F868
:1032D0008021A360CBE74FF050230222C3F80423E0
:1032E000D6E700BF141B0020041B0020341B002065
:1032F000933D002000E100E0024B0B6001231360CE
:10330000704700BF6C1B002000487047D08E000043
:1033100010B505F011F8034C206005F00AF8606064
:10332000002010BD6C1B0020F8B50E461946304633
:1033300017461D4603F0EEFAB8B146EA050414F04C
:10334000030412D14DB12B19032BA6EB040006D8B0
:10335000074AD2F80034DB07FBD50020F8BD3B1B41
:10336000196802F03DFA043CEDE76FF01500F5E74F
:103370000090035038B545682B69B3B11035284625
:1033800002F0F6F8044680B90146284602F0BAF881
:10339000084B98420BD122462846074902F09AF87A
:1033A000224605210D20FFF79BFD002038BD6FF060
:1033B0000400FBE70000AD0BBD330000430970B50E
:1033C00007D10B4B596821B101250C68094E854086
:1033D00001B970BD8A682A4002D030464B689847D0
:1033E0001CB1236821461C46F2E72346FAE700BFDA
:1033F000741B0020008B00002DE9F04340F20635DD
:103400004668D00648BF0320337B02EA050558BF53
:10341000C2F3401087B001F01F07B5F5837F144653
:1034200047EA43178DF8030041D00FD8062D18D076
:1034300007D8B5B1022D3CD06FF0150007B0BDE83C
:10344000F083B5F5807FF7D101250AE040F2022232
:10345000954230D0B5F5407F2FD0B5F5007FEBD148
:10346000022522032BD5012372688B4093603269B9
:1034700062BB07F01F037F0975D13D4A84F4803198
:1034800002EB8302D2F80032C1F30041C4F340449E
:1034900023F4E16344EA410423F007031C4344EAB4
:1034A000800444EA0524C2F800420020C6E707254C
:1034B000D7E70425D5E70525D3E70325D1E763033F
:1034C00041BF012372688B40D360D0E71036394684
:1034D00030460DF1020202F003F814F4403F80463A
:1034E0000CD13946304604F01DFF224B9845DCD103
:1034F00030469DF8021002F045F8D6E74FF000097B
:1035000001AB3946304603AACDE90439CDE901992A
:10351000CDF80C9001F0B8FE164B98428CD114F403
:10352000003315D09DF8033084F48034C4F3004494
:103530008DF80E3039464B46304603AA8DF80C50B4
:103540008DF80D4001F04EFF0A4B9842CDD073E745
:10355000CDE9043339460DF10303304603AA039342
:1035600001F092FEF0E7803352F82330FFDE00BF17
:10357000002584500000AD0BF0B5406801F01F0439
:10358000057B87B044EA45140569002D5FD0B2F58C
:10359000001F00F1100506D12146284604F0C4FEA4
:1035A000002007B0F0BD0027B2F5800F01AE0197F3
:1035B000776037D1B3F1007F14BF052304238DF862
:1035C00004300023CDE904630393836823FA01F1F7
:1035D00011F0010118D1B2F1A07F15D104F01F0341
:1035E000620903F1800338D11D4A52F82330DB070A
:1035F0000AD40DF1030632462146284601F070FF39
:10360000184B984219D002962146284603AA01F089
:103610003BFE154B98421DD101222146284601F060
:10362000BDFFBDE7B3F1C06F05D0B3F1007F14BF9C
:1036300001230223C3E70323C1E73146284601F0F3
:10364000A7FF094B9842DED06FF00B00A9E76FF09F
:103650008500A6E76FF01500A3E751F82330FFDEE1
:10366000002584500400AD0B0000AD0B2DE9F047A0
:1036700040F2FF16594FDFF868C1DFF868E100EB50
:103680008101814202D10020BDE8F087046814F472
:10369000804FC4F3C325C4F3080340F08C80640C4E
:1036A000B34208BF4FF0FF337D5D192C00F28680D6
:1036B000DFE804F00D13191C1F251C848484843654
:1036C0006084848484848484848463787B7EC2F868
:1036D0000C355C1C5BD10430D3E7C2F814355C1C9C
:1036E000F9D000245CE0C2F80835F2E7C2F81035E2
:1036F000F5E75C1CC2F80835EDD0002404E05C1C42
:10370000C2F80C35E7D001245FEA531859D14FF0C5
:103710000109DFF8CC8009FA03FAC8F80CA008E028
:10372000C2F80835002DDAD15C1CD4D0002406255F
:10373000A146D0F800A00AF40048B8F1000F1CBF61
:103740004FF00009012403F01F085B093FD10CEB87
:103750008808D8F80032CAF3412A03EA0E0343EA84
:103760008A0343EA052343EA090343EA4403C8F80A
:103770000032B0E7C2F80C35D4E7C2F86035B3F1D7
:10378000FF3F0468A7D0C4F30044002CBBD05C0901
:103790001AD10124DFF8488004FA03F9C8F8089028
:1037A000A146C6E7C2F86435E9E7C2F86835E6E73E
:1037B000C2F86C35E3E76FF0150065E76FF0850040
:1037C00062E70023DB60FFDE00239B60FBE7002352
:1037D00008F1800853F82830F5E700BFA8990000E9
:1037E00000258450F0F8FCFF2DE9F04104460D4619
:1037F000076905F04DF94FF0200890B91D4B1B7873
:103800007BB16426606803F057FAD0B9012004F058
:10381000CDFC013EF6D1F4E781F31188BFF36F8F41
:10382000EFE7EFF311810E4688F31288BFF36F8F35
:10383000606803F041FA80B981F31188BFF36F8F9C
:10384000EFE7EFF311810E4688F31288BFF36F8F15
:10385000606803F031FA0028DED07B6901221D7018
:103860002046796903F069F986F31188BFF36F8FF9
:10387000BDE8F081933D00202DE9F74306464FF067
:103880000008002201210820FFF72AFB0820FFF78B
:10389000F7FA776835693C684146C4F800852E60C0
:1038A000D7F80C9001AA484603F02DF9002839DB1F
:1038B000019BD9F8002019791868FFF7D7FE002876
:1038C00030DB6B7AD6F810C0012B03D0032B27D145
:1038D0004FF01008AB7A032B22D1E97A09B1012904
:1038E0001ED12A7A12B1022A1AD10E226B68706890
:1038F000B3F5164F006800F0B28034D8B3F5165F08
:1039000000F0B0801AD8B3F5966F00F0AD800CD8F7
:10391000B3F5967F00F0AB80B3F5167F00F0AA8078
:103920006FF0850003B0BDE8F083B3F5166F00F0CB
:10393000A480B3F5965FF3D15C4B43E0B3F5E14F60
:1039400000F09E8008D8B3F5615F00F09B80B3F56E
:10395000964FE5D1564B35E047F6122E7345DFD131
:103960004FF400032EE0B3F5613F00F08D8015D8D1
:10397000B3F5963F00F08B800AD84DF6C02E734504
:1039800000F08780B3F5614FCAD14FF46B0319E0A3
:10399000B3F5E13FC4D14FF0EB7313E0B3F5612F02
:1039A0007AD009D8DFF80CE1734578D0B3F5E12F70
:1039B000B6D14FF0E86305E0DFF8FCE07345AFD126
:1039C0004FF08053C0F82435736841EA08011B6842
:1039D0000A43C3F86C250CF10403D5E9010183E81F
:1039E00003007B68990712D505F11C0001F05AFB12
:1039F000324B984256D1287F04F10C0204F59071A5
:103A000004F0D6FB01202B7F984001F097FA0823A1
:103A1000C4F800353B7A53B9C4F81031D4F81031EA
:103A2000AB69C4F834350123C4F8383523607B68AA
:103A300000209A075CBF4FF48073C4F804337B689E
:103A4000DB0644BF4FF48003C4F804336B69C4F849
:103A500044350123C4F84805A360E36062E74FF4EE
:103A60001D03AFE7164BADE74FF49E23AAE74FF4D3
:103A7000A033A7E74FF41C33A4E74FF41D23A1E7BD
:103A8000104B9FE7104B9DE74FF06C739AE70F4B7D
:103A900098E74FF4650395E74FF0706392E74FF0B6
:103AA00080638FE76FF004003CE700BF00B01300B5
:103AB00000A04E0090D0030040420F000000AD0B6C
:103AC0000050270000C0750000F03A0000903A0155
:103AD0000123834070B5DC430B4AD2E8EF1F01EAB3
:103AE0000405C2E8E65F002EF7D14FF48032824031
:103AF0000648C0F80823BFF35F8FBFF36F8F0B42F8
:103B000014BF0120002070BD841B00200050015014
:103B100070B40E4922F07F46D1E90034D01AC318A0
:103B200044F10004C1E90034A6F50013B3F5400FD9
:103B300009D2074B1B681A0A1B069C19054B42F158
:103B40000005C3E9004570BC01F05CBF40010020E6
:103B5000881B002048010020D9B101230D4A834071
:103B6000D2E8EFCF4CEA030CC2E8E1CF0029F7D14D
:103B70004FF48033084A8340C2F80433074BD3E83C
:103B8000AF3FC340DB0742BF4FF40012044BC3F802
:103B900000217047841B002000500150801B002032
:103BA00000E100E00D4B1868010A0006BFF35F8FCB
:103BB0000B4BD3F80435181841F10001B3F5801F01
:103BC0000AD2084BD3E90023904271EB030303D2DE
:103BD00010F1807041F10001704700BF881B002088
:103BE00000500150480100202DE9F04F85B01646E5
:103BF0001F4604469DF840A0FFF76AFF0190FFF7BB
:103C0000D1FFB04271EB070352D23B4B301A67EB46
:103C10000101984271F100014DD2384B03EB0413BE
:103C2000D3E902239F4208BF964258D04FF4803810
:103C3000334908FA04F8204626F07F4BC1F8488340
:103C400003F0DFF84FF00309584604F15005AD00CA
:103C5000ADB205F1502504F5A87305F58035029342
:103C6000029A20F07F4341F82230C1F84483D1F812
:103C70000435244AC01A033820F07F4090422ED9E0
:103C8000286868B1D1F80435A3EB0B0020F07F4021
:103C9000B0F5000F039322D9204603F0B2F8039B3E
:103CA000BAF1000F07D109EB030009F10109D7E7C9
:103CB000BAF1000F09D06FF0150520460199FFF702
:103CC0004BFF284605B0BDE8F08F01230E4AA34004
:103CD000D2E8EF0F1843C2E8E10F0029F8D10749F5
:103CE0000E982301C8500F9B01EB04120025C2E976
:103CF00002675360E1E700BF01008000300100204F
:103D000000500150FDFF7F00801B00207FB5002583
:103D10004FF0FF304FF0FF31194C1A4B0226C4F818
:103D20000833C4F84833184BC4F80855C3E90201F6
:103D30004FF480334FF40012C4F80433134B0121C5
:103D4000C4F804631520C3F880212A46FFF7C8F899
:103D50001520FFF795F801230D4AA3602360136037
:103D60000C4B0D4A009328460023CDE90155FFF77F
:103D70003BFF3046FFF748FA284604B070BD00BF4D
:103D80000050015003000F003001002000E100E06E
:103D9000841B0020113B0000FFFF7F002DE9F7434B
:103DA0002E4BD3F8042390070BD5D3F8042142B14E
:103DB0000022C3F804212A4AD3F8043113680133DE
:103DC0001360264AD2F80433D90326D5254BD3E80D
:103DD000EF1F21F00100C3E8E40F002CF7D1CB075F
:103DE00002D4D2F84031C3B100251C4CC4F8405174
:103DF000D4F84031FFF7D6FEEFF31182202383F38E
:103E00001288BFF36F8F184BD3E90267B042B941F4
:103E100006D282F31188BFF36F8F03B0BDE8F08341
:103E20004FF0FF38D3E900104FF0FF391D60C3E9B0
:103E300002894FF48033C4F84833C4F84051D4F8B1
:103E4000403182F31188BFF36F8F0029E5D00090D5
:103E500032463B4628468847DFE700BF0050015006
:103E6000881B0020801B00203001002030B5431C3F
:103E7000124C85B005D08442A8BF0446012CB8BFBF
:103E80000124FFF78FFE0E4B0C4DD3E90013401AAF
:103E9000B0F5000F0FD22218AA4228BF2A460020F0
:103EA00052180849CDE90100009143F10003FFF7E2
:103EB0009BFE05B030BD2A46F1E700BFFFFF7F0043
:103EC00040010020113B000008B5FFF76BFE024BDC
:103ED0001B68C01A08BD00BF40010020012310B5B7
:103EE000074C15206360FEF7D9FF4FF40012054B15
:103EF000C4F80833C4F84833034BC3F8802110BD1D
:103F00000050015003000F0000E100E030B581686F
:103F100085B0103921F00704054602F063FB10223A
:103F20000146684602F066FC10226846064902F027
:103F300056FC10236A462146284602F023FB00382F
:103F400018BF012005B030BD5091000030B50D46BE
:103F5000816887B0102302AA1039044602F0FDFAE6
:103F6000002802DA012007B030BD1022204602A945
:103F700002F072FF00283AD110221E4902A802F076
:103F800007FC00280CBF012302232B70204602F0FF
:103F90004FFF012301460DF10702204602F0DDFA32
:103FA0000028DFDB9DF80730204603F00F021B09D5
:103FB0006A702B7101220DF1070102F04DFF10B95B
:103FC0006B78042B03D901236B7000232B71A2683B
:103FD0002046183A22F00702083AA91C02F04FFFC7
:103FE0000028BFD12046E91C02F0A2FFBBE7032353
:103FF000CBE700BF50910000F0B5354F85B04600CB
:104000000546694657F8260002F098FF044610B1AD
:10401000FF2005B0F0BD013657F8260002A902F0D6
:104020008DFF012837D12A4649212A4802F087FA14
:10403000294B8DF80C40029300229DF800609DF8FA
:104040000870264C3146207802F0F8FE50B339460D
:10405000607802F0F3FE28B3A378042B03D09DF818
:10406000031099421ED1E378042B03D09DF80B1066
:10407000994217D12379042B10D16279022A1DD1DC
:10408000174B18482A46492102F059FA6079831ED5
:10409000022BBED9BCE70028CED0B9E79DF80210AC
:1040A0009942EAD00132032A04F10604CAD10E482B
:1040B0002A46492102F043FA0120AAE7032A05D043
:1040C0000A4B0B49042A08BF0B46DAE7094BD8E72D
:1040D0008C8F0000DD99000003010303729A000039
:1040E000BF990000289A00004C9A0000C499000073
:1040F000D6990000BA990000044B1B685840430849
:104100005B4240421843C017704700BF8C1B002021
:104110008842F0B504D00025084F0438AA4200D1E7
:10412000F0BD3E6850F8044F5E4024EA060451F8A2
:10413000256001351E4034430460EFE78C1B0020EE
:10414000044B1B68584043085B4240421843C01769
:10415000704700BF8C1B0020F8B50E46C988054685
:10416000144603F0DAF90746D0B92046FFF7E8FF16
:104170000446E4430F4B1A68B5F90430424023EA81
:104180000203B6F9042002401343AB80F2880346D1
:1041900031682868FFF7BCFFF388EA88934201D3AF
:1041A0003846F8BD296851F82320224041F82320E1
:1041B0000133F2E78C1B00202DE9F04707468846C3
:1041C000164699460024DFF834A0DAF80050DAF8F1
:1041D000003008EBC4015D4085EA090585EA04006A
:1041E000FFF7AEFFC2433846D2B2FFF7B5FF10B9B2
:1041F0000134A642E9D1BDE8F08700BF8C1B002046
:104200002DE9F04F834699B00F4618460021164617
:10421000039303F0E5FA002800F0898100240125CA
:10422000774B30461493039915ABCDE90B45CDE997
:104230000D45CDE90F45CDE91145139303F059FA2A
:10424000A04228DABBF1000F05D1E7B900242046CF
:1042500019B0BDE8F08F2146584603F0D2F9044664
:104260000028F2D00BA803F04AF90DA803F047F993
:104270000FA803F044F911A803F041F90C2115A887
:1042800000F02CFBE3E73146384603F085F904469D
:104290000028E7D1DAE731460BA803F07DF90446A0
:1042A0000028DFD103990DA803F076F90446002811
:1042B000D8D1F1880FA80231ADF83850ADF83050A0
:1042C00003F02BF904460028CCD101460FA803F0D7
:1042D00098F904460028C5D1F18811A8023103F0ED
:1042E0001CF904460028BDD10DA803F0B6F900F072
:1042F0001F001F2873D0C0F11F0319460BA801939C
:1043000003F0D1F904460028ACD101990DA803F0BF
:10431000CAF904460028A5D1BDF83250BDF83A804C
:104320000DA8A5EB080A4FEA4A19494603F0BBF964
:104330000446002896D14FEA8A0A0DA90BA803F07B
:1043400007FA00284DDA49460DA803F0C9F90446DA
:10435000002887D108F1FF3305939B0005F1FF3A50
:10436000069305F1804508F18043023B013D9B0027
:10437000A5EB08050893AB000293059B9A4541D82D
:10438000BBF1000F0DD058460FA903F005F9002826
:1043900040F0C980039AB388928813FB02F3ABF80C
:1043A0000430002F3FF45EAF01990BA803F098F999
:1043B000002840F0B880B3880BA93846ADF83030FB
:1043C00003F0EAF80146002840F0AF80384603F0D9
:1043D00007FA00287FF446AF0123BB8042E701942F
:1043E0009AE70F9A0BA952F80A300846013342F8AF
:1043F0000A300DAA03F0D9FA044600289DD031E70F
:10440000010003000D9B069A04931344DDF82C90E1
:104410000793049B4FEA8A089A5859F82A10A8F182
:1044200004030F9D0993029B91421D4476D2A8F18B
:104430000400002359F80000FBF784FE002914BF94
:104440004FF0FF330346BAF1010F2B600EBF00237C
:1044500009EB080353F8083C1593A8F1040359F835
:104460000330169359F80830DDF8108017932B6845
:1044700001332B60089B98442B680021013B2B6083
:1044800011A803F0BEF800284DD1059B002B48D0A1
:10449000D8F80020119B11A91A60079A08461268E3
:1044A0005A602A6803F085FA00283CD113A911A8A4
:1044B00003F04EF90028DFDC2A680DA911A803F0EB
:1044C00078FA80BB029B11A84FEAC308414603F06B
:1044D000EAF840BB0BA9084611AA03F066FA0146A8
:1044E00018BB0BA803F07CF9002812DA0DA911A85B
:1044F00003F052F8B8B9414611A803F0D4F890B9C6
:104500000BA9084611AA03F04DFA60B92B68013BCC
:104510002B60029B0AF1FF3A043B2DE74FF0FF337B
:1045200091E7059AB6E704469CE60C469AE66FF0DA
:104530000B048CE62DE9F84F9246194A0646156899
:104540000F464540ED43002B14BF99468946002491
:104550000A9B04F10408434504D20A9B9C4214D3ED
:10456000BDE8F88F0AEB040003F086FC00EA060BB6
:1045700009EB040003F080FC00EA050141EA0B01AD
:10458000381903F084FC4446E2E71AF8043019F8BD
:10459000042033402A4013433B550134DDE700BF7C
:1045A0008C1B0020082804D00928034818BF0020CD
:1045B00070470248704700BF849A0000879A000045
:1045C00001680E4A0346914215D1C169A2F1102239
:1045D000A2F1EF1291420ED18268012A0BD8C26873
:1045E00012B101698A4206D0586928B19B691B1A29
:1045F0005842584170470120704700BF55AA00FF3C
:1046000070B50D4B9E68A6B13046FFF7D9FF044642
:1046100078B9F3686BB935690DB9204670BD284685
:10462000FFF7CEFF28B9EB68B34202D12E462D69C1
:10463000F2E70124F1E700BF901B00202DE9F843C9
:104640003F4F3C68D4B1BC68C4B100284AD00029AF
:1046500048D001FB00F5B5FBF0F0884242D1281D9F
:1046600040D8A9070DD025F003060436FC6803E006
:104670006368B34238D2A469002CF9D12046BDE862
:10468000F8832E46F2E7FB6041E006F12001631853
:10469000203A5A600022C3E902242A4822691A619A
:1046A00060502949D96102B1D36062695A61A16938
:1046B0009961AAB193619A6902B153614FF00109FE
:1046C00023610023C4E90169C4E905333B69DB07C1
:1046D0002ED5FFF795FF58B31C4B48461B6826E0C4
:1046E000FB60E8E70024C9E7A3681BB1174B012072
:1046F0001B689847626804F12008921B232AC4D8DB
:104700000123A360D4E90523002ABCD09361A369E7
:104710000BB162695A610023C4E905333B69DA07CA
:1047200006D5FFF76DFF18B10120084B1B689847AD
:104730002A4600214046444602F05CF89EE700BF4E
:10474000901B002055AA00FF669911EE4C00002036
:1047500070B50546002800F08880444E3368002B71
:1047600000F08380B268002A7FD0834203D8726849
:104770001344984203D33E4B01201B689847A5F190
:1047800020042046FFF71CFF18B1394B01201B689D
:10479000984755F8183C012B03D0354B01201B6876
:1047A0009847002345F8183C55F8143C3BB39A68E9
:1047B0002ABB55F81C2C02F120015A680A445A60A1
:1047C00055E905321A6155F8145C2B6903B1DD60B7
:1047D00020220021204602F00DF8286910B18368DC
:1047E000002B2ED033699B073FD5FFF709FF002828
:1047F0003BD0BDE870401E4B01201B68184755F8A0
:10480000100C00282AD0836843BB426863681344B5
:104810002033636003692361D4E905239AB9CBB9D6
:10482000436963618269A261B3B19C61A36903B109
:104830005C61236903B1DC602022002101F0DAFF12
:10484000D0E72C46E1E79361A369002BE8D06269C9
:104850005A61E5E7F360F7E7F460E7E7F36845F8E6
:10486000083C03B15C61F460BCE770BD901B0020A4
:104870004C00002038B50C46142200210546134890
:1048800001F0B8FF1249134800F040F8232C1CD95E
:1048900015F003031FBF043CE418C3F10403ED1833
:1048A00022460021284601F0A5FF084B0A49C3E92A
:1048B0000054203C9D606C609A6811609A68A1F178
:1048C0001021A1F1EF11D161DA6038BD901B0020F9
:1048D000514700003D46000055AA00FF10B50A46AA
:1048E000044619B1024B00211B68984710BD00BF58
:1048F00048000020014B1B68184700BF54000020EF
:10490000014B1B68184700BF50000020024B186085
:10491000024B002019607047540000205000002016
:10492000F8B500F108064768044630460D4602F027
:1049300098FE87424BD16368B3F5807F47D800214A
:10494000304602F04DFF002841DD0021304602F0E4
:1049500074FEE0B345B9294604F1100002F040FFAF
:10496000002834DD0020F8BD04F120050021284690
:1049700002F036FF00282ADD0021284602F05DFE05
:1049800028B304F128050021284602F029FF002859
:104990001DDD0021284602F050FEC0B1002104F1C7
:1049A000100002F01DFF002811DD002104F130008D
:1049B00002F016FF00280ADD002104F1380002F0A1
:1049C0000FFF002803DD002104F14000C6E7014885
:1049D000C9E700BF80BFFFFF012938B5054614466F
:1049E00001D0074838BD22B901230020C5E91C3495
:1049F000F8E71046FFF7D6FD0028F5D1F1E700BF34
:104A000000BFFFFF70B500210446FFF789FF054690
:104A100010B10E4D284670BD04F10806304602F074
:104A20001CFE7F28F5D910342946204602F005FEE9
:104A30000028EED0204602F010FE0128E9D93146C8
:104A4000204602F085FE0028E4DBE2E700BEFFFF1F
:104A5000F0B50C4685B0002105461646FFF760FF0D
:104A6000002839D102A802F045FD21466A6802A853
:104A700002F0FDFD044618B102A802F040FD0CE072
:104A800005F10804214602A802F062FE002807DBB7
:104A900002A802F034FD6FF00304A4F5854418E089
:104AA00005F1480302A96F680846009305F110025A
:104AB000234602F0E1FF04460028DDD13A463146A4
:104AC00002A802F0EAFD044602A802F018FD002C3C
:104AD000E3D1204605B0F0BD004CFAE780BFFFFFF0
:104AE000012903462DE9F04143D8234A002918BF84
:104AF0009046224A224F18BF964602F1794202F5AB
:104B0000740202F5016218BF94461E4A1E4818BF7F
:104B100017461E4A1E4E18BF164602F1D14208BF64
:104B2000804602F5C0121B4802F51E6208BF864689
:104B3000194D1A4818BF1546194A08BF8446194C22
:104B4000194818BF1446A2F11162A2F50C22A2F274
:104B50008E2218BF02460020C3E9128EC3E910005E
:104B6000C3E914C7C3E91665C3E918429966BDE8ED
:104B7000F0816FF07300FAE7D89E05C107D57C3647
:104B80003AF54FA539590EF767E6096A310BC0FFB0
:104B90007F520E5185AE67BB8C68059B72F36E3CED
:104BA000A78FF964ABD9831FA44FFABE2DE9F04F4C
:104BB000CDB000F1640300F144070DF58679009350
:104BC0004A463B46019153F8041F42F8041F0099DE
:104BD0009942F8D102AD4FF000082C46DFF8F8A05A
:104BE000B8F10F0F61D8019B03EB880003F044F983
:104BF00003F0EDF90146A960D4F81801D4E9476340
:104C00004FEAF0227340D4F8206182EAB0120340E8
:104C100082EA706273401344D4F824215AF804CB1A
:104C20001344D4F8106163440B44D4E9421E4FEAA4
:104C3000713C41EA0E0232408CEAB10C01EA0E0BE3
:104C400042EA0B028CEAB15C9444D4F81421D4F803
:104C500020611A44C4F82461C4F81821D4F81C61F6
:104C6000D4F8102108F101086344B8F1400FC4E9F9
:104C70004706C4E944E2C4E94231C4F804C02360F1
:104C800005F10405ACD157F8043F59F8042F13443B
:104C90003B60009BBB42F6D102A84FF49471FFF732
:104CA0001DFE00204DB0BDE8F08F2B6855F8382C64
:104CB0004FEAF34181EA734181EA932155F8143CAC
:104CC00055F8340C134419444FEAB04383EAF01307
:104CD00083EAD00319448EE7948F000008B5EFF300
:104CE0001083012B0C4A07D1126ABFF34F8F511C5E
:104CF0004A424A41104608BD03F036FA00B172B686
:104D0000126ABFF34F8F531C5A425A4103F02CFAD8
:104D10000028EFD062B6EDE70080FF0008B5EFF3A2
:104D20001083012B0B4A06D1D269BFF34F8F02F0DB
:104D30000102104608BD03F017FA00B172B6D2693D
:104D4000BFF34F8F02F0010203F00EFA0028F0D0FB
:104D500062B6EEE70080FF0010B503F005FA30B14F
:104D60004FF050230022C3F81421C3F8182103F098
:104D70000AFA28B101224D4BC3F8382AC3F8782526
:104D80004FF47F02D2F83031D2F83421BFF34F8F85
:104D9000C3F30B03092B05D1012A1EBF0122434B8C
:104DA000C3F8782503F0EFF918B10E22404BC3F891
:104DB000E42E03F0D9F930B100223C4BC3F80C27A4
:104DC0000122C3F810270022D30003F57F03D3F894
:104DD0000013BFF34F8F013108D0D3F80013013215
:104DE000D3F80433B2F5807F0B60EDD1EFF310847C
:104DF000FFF794FF00284DD0BFF34F8F2D4BD3F812
:104E00000024012AFBD1C3F80425D3F80024012A89
:104E1000FBD1012C03D003F0A7F900B172B6FFF764
:104E20007DFF58B1244AD36923F00103D361BFF356
:104E30004F8F204AD2F80034012BFBD1FFF74EFFF1
:104E400068B11D4A136A23F0FF0343F02003136285
:104E5000BFF34F8F174AD2F80034012BFBD1012C3E
:104E600003D003F081F900B162B60022114BC3F800
:104E70000425D3F80024012AFBD1BFF34F8F0F493B
:104E80000F4BCA6802F4E0621343CB60BFF34F8F4D
:104E900000BFFDE7FFF722FF0028ADD1074AD2F897
:104EA0008C3043F44063C2F88C3010BD0040005099
:104EB00000A00350009003500080FF0000ED00E0D0
:104EC0000400FA0530B50468ACB1B4FA84F30122E9
:104ED000C3F11F03DBB29A4024EA0202D0E8EF5F7D
:104EE000A54204D1C0E8EC2FBCF1000FF6D1EAD105
:104EF00002480B7030BD0248FCE700BF0000AD0B5C
:104F00000200AD0B10B50368CB40DB0710D40123C2
:104F10008B40026843EA0201D0E8EF4F944204D18B
:104F2000C0E8EC1FBCF1000FF6D1F2D1014810BD72
:104F30000148FCE70000AD0B0400AD0B014BC3F8CA
:104F40000405704700700150044B1A7922B9012200
:104F500018601A710248704702487047A41B00206D
:104F60000000AD0B0C00AD0B08B5084B1B6833B14E
:104F70000520FDF7A7FF10B90520FDF781FF4FF0D1
:104F800050230122C3F8182508BD00BFA41B002030
:104F900010B510B1012847D010BD4FF05023D3F801
:104FA0001814D3F81824C90322D502F00303022BE6
:104FB00005D0012B02D0002003F001F901234FF0AE
:104FC00050220220C2F8183508224FF482730021C3
:104FD00003F1502319601C68012402F1502214606F
:104FE000164A126822B34FF05023C3F80403D3E7E4
:104FF000D3F81424D207E1D5D3F81C2402F003021D
:10500000013A012AD7D80D4A12681AB10222C3F810
:105010000423C1E7D3F80421002AFBD00022C3F8FF
:105020000421D3F80431B7E700224FF48073CEE7B0
:105030001A68002AFCD019601B68ADE7A41B002089
:105040004FF0502310B5D3F8002152B10020C3F81F
:105050000001D3F800210122C3F80823104B1B687C
:1050600098474FF05023D3F8042182B10022C3F8AF
:105070000421D3F80421D3F81824D3F818240221EA
:1050800002F00302012A03D1C3F818159A6010BD7B
:10509000C3F80813024B0120BDE810401B681847F5
:1050A000A41B002001460148FFF70CBF5800002058
:1050B000036803F01F025B090260024818BF00206A
:1050C000704700BF0025845070B50D4C00F10803F7
:1050D00034F813300546DA050E4607D5C3F34323EB
:1050E00004EBC302526854F833309847A3682BB1DD
:1050F00031462846E268BDE87040184770BD00BFE1
:105100005C000020024611F0010004D003490B6A44
:1051100013600B6203B90020704700BF0025845064
:1051200010B4124AC0B2083032F81030D9051BD57D
:10513000C3F3432123F4F85322F81030002002F186
:105140000E0434F8023F13F4807F03D0C3F34323EB
:10515000994209D001302028F3D1002342F83130A0
:10516000034810BCFFF7CEBE10BC70475C000020A7
:10517000B4000020F0B5054600200126044607468D
:105180008C420BD1114BD3F87C2132B10022C3F8F1
:105190007C21D3F87C3140F00040F0BDE3B29B00AD
:1051A00003F580729B0806FA03F31D420BD002F14F
:1051B000A04202F55042D2F800C0BCF1000F02D06C
:1051C0001760126818430134DAE700BF00D00050BE
:1051D000CBB2024608460D49083331F81330990620
:1051E00011D599070FD4012110685B0B9940C0F8C5
:1051F0000813126802EB8303D3F8102522F0030290
:10520000C3F810257047002103F07DB85C00002032
:10521000F7B5194ECDB2083536F815300746DB071D
:105220000C4626D5FFF7D4FF36F815309A0608D578
:105230005A0B3B6803EB82030022C3F81025C3F826
:1052400010252046FFF76CFF002301A826F8153033
:105250000194FFF72DFF019B00EB8300D0F80022A3
:10526000064B134043F00203C0F80032044803B079
:10527000F0BD0448FBE700BF5C000020F0F8FCFF35
:105280000000AD0B0400AD0B2DE9FF41136807468C
:105290000C461646FBB1DFF83C81CDB2083538F834
:1052A000152002F02202222A22D000222046CDE937
:1052B00000228DF80E208DF80F200DF10E010DF15A
:1052C0000F0202F0D7FF38F8153023F0020343F045
:1052D000010328F8153073684BB31A785868DFF863
:1052E000F4C0E3B208333CF813108D0702D5B0B117
:1052F00039481FE021F02001C904C90C2CF8131013
:1053000068B1032AF4D870683D68406890F800E0FE
:1053100005EB8E058AB9C5F81025C5F810253CF8AF
:10532000131021F01C0141EA82022CF81320B3680B
:105330002BBB2A4804B0BDE8F081D5F8108541EABE
:105340004E3128F00308C5F810853D6841F0200172
:1053500005EB8E05D5F810052CF8131020F4473016
:1053600020F44070C5F810052002D5F8107500F43F
:10537000F85040EA02403843C5F81005CFE7204610
:10538000D3E90067FFF7CCFE002ED2D0114DD5E94E
:105390000023964203D19F4201D1002209E0104828
:1053A0000DF10F01FFF78EFD0C4B9842C2D19DF815
:1053B0000F20E4B205EBC20308345F6035F8143007
:1053C00045F8326043EA422343F4807325F81430F1
:1053D000AFE700BF5C0000200400AD0B0000AD0B88
:1053E000B40000202DE9FF4107460C461E4612B3CB
:1053F000DFF8D480CDB2083538F81530980701D4DD
:10540000990621D413F01C0F02D05378012B1BD026
:1054100001238DF80F3000232046CDE900230DF144
:105420000F01931C013202F025FF38F8153043F0CC
:10543000030328F81530002E44D0234DE1B2083183
:1054400035F81120930703D4204804B0BDE8F0815B
:10545000002096F800E03B6822F02002D20403EB23
:105460008E03D20CC3F8100525F81120C3F81005DF
:1054700096F801C04FEA8E08BCF1000F22D03868C0
:10548000B6784044D0F810354FEA0C4C23F498130A
:1054900023F4F853C0F81035230203F4F8530CF446
:1054A000403C3605D0F8107543EA0C0306F480162C
:1054B000334342EA4E323B4342F02002C0F81035FB
:1054C00025F811200248C0E75C0000200400AD0B65
:1054D0000000AD0B014BC3E9021270475C000020D5
:1054E000054BC9B2083133F81130990643BF5B0B45
:1054F00002481370024870475C0000200000AD0BAA
:105500000400AD0B70B5174E054696F860403CBBE5
:105510002146402206F1100001F06CF921462D6869
:10552000306D884212D1002345F30730C5F87C3135
:10553000D5F87C31FDF7A4FC4FF00043C5F80433E7
:105540000123094886F86030B36570BDCBB29B007B
:1055500003F580727C2B04BFAC50AB580131E0E7FF
:105560000248F2E75C0000200000AD0B0C00AD0B20
:10557000034B93F86000003818BF0120704700BF4C
:105580005C0000200148FFF7BDBC00BFB000002058
:105590000148FFF797BC00BFB000002073B5CBB245
:1055A0000C461D49083331F8133099061AD513F00B
:1055B000020617D15B0B05689C0004F580716E50E4
:1055C000695801682144D1F8104544F00104C1F83C
:1055D00010452AB10122016802FA03F3C1F804332D
:1055E00002B070BDC3F38203042B11D0052B11D080
:1055F00001A80194FFF75CFD019A0369D34003F011
:105600000103991C204602B0BDE8704002F07BBE49
:105610000321F7E70221F5E75C0000202DE9F347BD
:10562000534B544FD3F80403396DC0B240F00040DF
:10563000FFF7A0FD051E18DA00236846F96D0093F8
:105640004FF00108FFF75EFD97F85C30DA0757D49A
:10565000396D4FF00040FFF78DFD6846F96DFFF79B
:1056600051FD0028F0D125F000450124002D66D120
:1056700002B0BDE8F08794FAA4F4B4FA84F4E00828
:1056800004F1080337F8139004F007021DF8003006
:1056900008FA02F223EA02030DF8003001A801948F
:1056A000FFF706FD019B4FEA9901803350F8236014
:1056B000C9F3820A4B07D146C6F3014624D52046DA
:1056C0005146FFF701FD01A80194FFF7F1FC019B92
:1056D000F6B2803350F82330C3F301439E4207D122
:1056E0000021204602F00FFE3146204602F00BFE5C
:1056F00001A80194FFF7DCFC019B08FA03F30362A5
:10570000009C002CB7D1A3E7022E0CD10321204628
:1057100002F0F9FD0AF00503012BE9D149462046C4
:10572000FFF7D2FCE4E70221204602F0ECFDBAF1DB
:10573000030FF3D0032EDBD1BAF1020FEDE795FA98
:10574000A5F3B3FA83F304FA03F29B0003F1A04339
:1057500003F55043D3F81005D3F81015C0F3042017
:10576000C1F3014125EA0205FFF7AEFC7EE700BF69
:1057700000D000505C0000200022034BC3F88425B9
:10578000C3F80425704700BF00900350044AD2F8C4
:105790000834DB07FBD50160BFF35F8F704700BFA4
:1057A0000090035008B5C0F30B0383B90222094BE4
:1057B000C3F88425C3F804254FF0FF320260D3F804
:1057C0000024D207FBD5FFF7D7FF034808BD0348E5
:1057D000FCE700BF009003500000AD0B0A00AD0BCA
:1057E000012208B5054BC3F88425C3F80425FFF74B
:1057F000CDFFBDE80840FFF7BFBF00BF00900350DA
:1058000070B516461D465A1C036804461344C26808
:105810009A4206D2036A0BB9002070BD0822DA60F2
:10582000FAE732783DB1AB1E062B8EBF00230B4A40
:10583000D35C1833DAB2204603F01CF80028EBD012
:105840003544B54203D1A3680133A360E5E723687B
:105850005A1C226015F8012D1A70F2E78A9A00008E
:1058600038B5094B53F82040013053F82050A54279
:1058700000D838BD636823B1204603F0EDF8083442
:10588000F5E723689847FAE794900000012208B5ED
:10589000084B03201A70FFF7E3FFFCF705FC042018
:1058A000FFF7DEFFFAF7B6FD034A137B23F001038F
:1058B000137308BD933D00205001002008B5034834
:1058C000034A0021121A03F0DFF808BD300100205E
:1058D000943D002008B50020FFF7C2FF164B03F5EA
:1058E000006282F3088883F30A880025E023134CC2
:1058F00084F82230E57725766576A57684F8205001
:10590000636A43F4E023636284F82350FDF72EFAC0
:10591000FDF73AFB4FF0FF33A362E36203F076F842
:105920000120FFF79DFF0220FFF79AFF2B462A4632
:1059300029460348FDF706FB983D002000ED00E0F6
:105940008D58000008B50648064A0749121A03F0A8
:105950009DF8BDE80840054A0549064803F096B899
:105960000000002030010020949A00000000000098
:10597000949A000000000020034B1B680BB9FEF74F
:10598000A3BA0020704700BFAC1B002030B570B137
:105990000B4B5B6898420AD0036843B1D3E90421FA
:1059A000D0E90445121941EB0501C3E90421D0E90E
:1059B000003213605A600023C0E9003330BD00BFDD
:1059C000C000002010B50E4B1C689C4204D1FFF7AC
:1059D000D3FF6FF0004010BDFFF7CEFF002CF8D0D2
:1059E000D4E904321B1A62EBE072B3F1004F72F19A
:1059F0000001EEDA002AACBF18460020EBE700BF3A
:105A0000C00000202DE9F84FEFF3118C202383F321
:105A10001288BFF36F8FDFF8ACA0DFF8AC900024E2
:105A2000C9F80000DAF800000025504508BF002042
:105A3000264FE046D7E90021D9F8003078B3D0E905
:105A4000046C4FEAE37EB3427EEB0C0B05DAF61AE8
:105A50006CEB0E04C0E9046421E0B21841EBE6717E
:105A6000C0E90445C7E90021FFF790FF88F31188DA
:105A7000BFF36F8F83689847EFF31188202383F378
:105A80001288BFF36F8FD9F80030DAF800009B1B43
:105A90005045C446C9F80030CBD1D7E900210024D5
:105AA0009A1841EBE373C7E90023C9F80040FFF7F8
:105AB00089FF2146FEF7DAF988F31188BFF36F8F6B
:105AC000BDE8F88FC0000020AC1B0020D0010020F2
:105AD00010B50A4C23681BB101232360002010BDC0
:105AE00000F046F80028F7D00138062803D8044B08
:105AF00053F8200010BD034810BD00BFB01B0020AC
:105B0000AC900000FE8FFFFFBFF34F8F0549064B9F
:105B1000CA6802F4E0621343CB60BFF34F8F00BF4B
:105B2000FDE700BF00ED00E00400FA0530B44FF0DF
:105B3000FE320025074B084C08494968C3F8002489
:105B4000C3F80424C3F80824C3F80C24C4F800558F
:105B500030BC08470010845000008450C80000206A
:105B6000024BD0E90012C3E900127047C8000020C0
:105B700038B500F02FF820B1032400F063F8204678
:105B800038BD00F031F898B900F0ACF898B90F4D75
:105B9000D5F828391B0EF02B08D1D5F8242A0C4B48
:105BA0009A420AD0072400F017F8E6E70624FAE73D
:105BB0000424204638BD0024F5E7012000F092F8C7
:105BC00004460028F7D1C5F80C0AD8E70010845025
:105BD0000000E0200020704700207047014BC3F810
:105BE000040A70470010845010B5114800F048F8BE
:105BF00000B110BD0F4800F043F80028F9D10E4C59
:105C0000204600F03DF80028F3D10C4B0C481C60F6
:105C100000F036F801460028EBD100F02DF80446DC
:105C200008B1204610BD00F03FF82046FAE700BF5B
:105C3000E0000020DC000020D8000020D000002080
:105C4000D400002008B5084800F024F8074800F008
:105C500021F8074800F01EF8064800F01BF8BDE8E0
:105C6000084000F00BB800BFE0000020DC0000207E
:105C7000D8000020D400002000207047704700BFEB
:105C800008B5034B02681B6810689847002008BDE0
:105C9000F800002008B5034B02685B68106898475D
:105CA000002008BDF800002070B5094C094D20699E
:105CB000AB68984718B1084B08485B6898470021C3
:105CC000074AEB6811602069BDE87040184700BFC3
:105CD000E4000020F8000020C8000020C890000068
:105CE000B41B0020F8B51A4D1A4E0446B268286954
:105CF0009047E8B9184F3B684CB1A3B1012B19D0BC
:105D0000013B3B602869F36898470020F8BD43B920
:105D10000121124AC2F800151149D1F81029002AB0
:105D2000FBD101333B60F368286998470020F8BD38
:105D30000C48F8BD0A4AD2F81039002BFBD1074AAB
:105D40006FF07E40C2F80035FFF748FF3B68D7E7A9
:105D5000E4000020F8000020B41B00200000845064
:105D600000108450E98FFFFF10B5044650B16368FE
:105D700013F0685F05D0064A934202D000236260A8
:105D8000236010BD034B04485B689847EFE700BFF2
:105D90002C5F5CA9C8000020E8900000C8B14368EF
:105DA0000D4A934213D013F0685F0ED0012350E8E0
:105DB000002F194640E8001C9CF0000FF7D1012A83
:105DC000F5D0BFF35F8F0020704704487047044848
:105DD00070476FF4E04070472C5F5CA9E98FFFFFCC
:105DE000EA8FFFFF034680B1426809498A420AD020
:105DF00012F0685F05D0BFF35F8F002210461A6073
:105E0000704704487047044870476FF4E04070479B
:105E10002C5F5CA9E98FFFFFEA8FFFFF10B50446F6
:105E200020B10023034A2360626010BD0248FFF7DF
:105E30007DFEF6E73A00003A10910000704700201E
:105E4000704730B5836804468B42154685B00ED93D
:105E50006368C068194401AA00F0D8FD28B96268D7
:105E6000019B9B1A2B60029B6B6005B030BD6FF0ED
:105E70002100FAE72DE9F7430E46174699460446F6
:105E800028B94FF0FF38404603B0BDE8F083002941
:105E9000F7D0002AF5D0CB680D8938461D4404237D
:105EA00029460DEB030200F058FB80460028E8D19C
:105EB00046F60812BDF804107389914225D1BDF849
:105EC00006109942DDD1042338460DEB0302294424
:105ED00000F043FB0028D4D146F60713BDF8042098
:105EE0009A42CED1C4E900679DF82830A4F8089002
:105EF000A3727389BDF806202B44E36073891344B1
:105F00002B44043563612561BDE7002BE4D0B8E77D
:105F10002DE9F3410E4617461D46044620B94FF0C1
:105F2000FF3002B0BDE8F0810368002BF7D0436872
:105F3000002BF4D04FF6FF78D4E904239A4216D20E
:105F400023685B8923B1E368934204BF0433236170
:105F50000423216960680DEB030200F0FEFA0028BB
:105F6000DDD1A37A2BB1D4E903329A4201D30120C7
:105F7000D7E72389BDF80610434501F1040203D099
:105F8000BDF804C09C450BD115B1BDF804302B8081
:105F90002369043333603980236913442361C0E7E4
:105FA000236913442361C7E748B103683BB14368E1
:105FB0002BB1C068884294BF0020012070474FF089
:105FC000FF3070474FF4407358433030704710B57E
:105FD000044600F000FB4FF44072A368303B02FB24
:105FE000103010BD70B50D46044600F021FF2A4662
:105FF000A0F1080104232046BDE8704000F0ADBACE
:1060000013B50446019100F013FF0423A0F1080129
:106010000DEB0302204600F04EFF02B010BDFFF76B
:10602000FEBFFFF7FCBFFFF7FABFFFF7F8BFFFF7B0
:10603000F6BFFFF7F4BFFFF7F2BFFFF7F0BFFFF7C0
:10604000EEBF704770B513460E4615460021024656
:106050000446FBF72DF850B92B460121204604F1E8
:106060002C02FBF725F810B1002E08BF002070BDF0
:1060700073B5044600200D461646FAF785FA6946C0
:10608000C0B2FBF7B9FF30BB2C2303FB0544E36828
:10609000258900981D44042329460DEB030200F0D6
:1060A0005CFAC0B946F60813BDF8042064899A4228
:1060B000009815D1BDF806309C420CD1042361191B
:1060C0000DEB030200F049FA28B946F60713BDF8B4
:1060D00004209A4207D0009800F03EFA02B070BD4A
:1060E000002CF2D0F7E7BDF80610214429443160B6
:1060F000F1E737B54FF480750446426A01A90220E2
:106100000195FBF7A1FF58B9019B0820226DA362FE
:1061100001A90195FBF798FF054628B1092500E084
:106120000125284603B030BD019B206A636500F05D
:1061300052FAE065F5E70123036003F101234360B0
:106140000023C0E9023370474379012B07D103686C
:10615000012B04D10079431E58425841704700205A
:1061600070477FB506460D46022001A9FBF744FFA4
:1061700038BB0198FFF72BFFF16D0446284600F06D
:10618000D0F80444019800F026FA0646019800F081
:1061900029FA082201460DEB020000F02BFB2B79B7
:1061A00021468DF808300198334602AA00F0EAF93A
:1061B000041E019818BF012400F0CEF9204604B057
:1061C00070BD0124FAE700F0F2B92DE9F8430E465C
:1061D000002107460846FAF7D7F9044601210020B6
:1061E000FAF7D2F933789C4221D0984221D1012587
:1061F0002C2303FB0575F86DAC6AFFF7E3FE4FF047
:1062000000080746013C6B6A304603EBC40253F8B2
:106210003410D2F804901B684A46C91AC844FFF7E4
:10622000D2FFB84504F1FF34EDD3BDE8F883002573
:10623000DEE70120F9E737B515460C460820694628
:1062400000F07CFEE979012903D00022204600F00D
:1062500089FE9DF80330012B02D1204600F061FE3B
:10626000A9682046FFF7CCFE2046FDF74FFE002030
:1062700003B030BD73B50D460646FBF71FF8044664
:10628000E86050B302282DD101A9FBF7B5FE58BB39
:106290002A4631460198FAF771FF0446D0B90198B1
:1062A00000F0C6FD012301460DF10302019800F044
:1062B00054F90446A0B9012201980DF1030100F040
:1062C000CBFD10B101238DF803309DF8033003F0AE
:1062D0000F03EB71019800F03FF9204602B070BD4A
:1062E0000124F7E70724F8E70124F6E738B5436A05
:1062F0000446C06D5D68FFF765FE00230246A06A94
:1063000001382B449A4201D90138FAE738BD436A73
:1063100000205A68034613448B4200F10100FAD36F
:10632000704710B543790279012B06BF00230C4654
:106330000B0202F1FF3201FB0233026818BF4C006E
:10634000013A04FB023010BD0A448A4200D1704772
:1063500011F8013B40BA80B25840C0F303134340E8
:10636000180380B24340580100F4FF505840ECE756
:10637000002070470FB407B504A951F8040B019130
:10638000FBF7C8F903B05DF804EB04B07047038B6A
:1063900013F0070305D10368002B0CBF0020032076
:1063A0007047022B05D1408BB0FA80F04009800085
:1063B0007047012B05D10368002B0CBF002005207E
:1063C00070470020704710B50C4600B111B96FF04E
:1063D000150010BD081D00F093F80028F9D1A3683E
:1063E000032BF6D9F3E72DE9F0410D460746194690
:1063F000281D90461E4600F094F8044638B13346F6
:10640000424629463846A446BDE8F0416047BDE80B
:10641000F08110B4EFF31182202484F31288BFF3CB
:106420006F8F416110BC0121FBF7D8BC38B50C4619
:10643000054658B151B10B6843B14B6833B11C22CA
:10644000002100F0D7F900202C6138BD6FF0150055
:10645000FBE770B505460E46FFF7B5FF041E14DBDB
:10646000EFF31182202383F31288BFF36F8F4FF66F
:10647000FF716B8B2C8B8B4204F0070407D182F3E6
:106480001188BFF36F8F6FF00A04204670BD022C95
:106490000CD101336B8382F31188BFF36F8F00231C
:1064A000224631462846FFF79EFFEEE7062C14D819
:1064B000DFE804F004131313041A0400002333600C
:1064C0006B683BB9C5E90066ACB902212846FBF709
:1064D00085FCDAE71E606E60F6E782F31188BFF391
:1064E0006F8F6FF00404D0E782F31188BFF36F8FD2
:1064F0006FF08504C9E782F31188BFF36F8FC4E79B
:10650000034658B1426802F00302012A03D0032A6D
:1065100004D1026812B10020986070476FF0150036
:1065200070474268034602F00302032A4FF000025C
:10653000816014BF104600685A60704770470FB4FE
:1065400007B504A951F8040B0191FBF7E3F803B078
:106550005DF804EB04B070477047002930B404467E
:1065600018460BDBA5680844A84207D8E0686468B1
:10657000214484682468A44630BC60476FF015004D
:1065800030BC7047002930B4044618460BDBA568C0
:106590000844A84207D8E0686468214484686468B5
:1065A000A44630BC60476FF0150030BC704700292E
:1065B000034610B410460ADB9C680844A04206D883
:1065C000D8685B681944836810BC9B6818476FF0F3
:1065D000150010BC704708B5C0688368DB68984731
:1065E000006808BD08B5C0688368DB689847007913
:1065F00008BD70B54C680368A34201D2012070BD8C
:106600008A682244934201D30020F8E74E69D1E919
:106610000325B54203D36FF00B038B61F4E71B1B1B
:1066200042F835304368086902EBC00253600B69D9
:1066300001330B61E2E7002008B5FBF79BFA7047D6
:1066400070B506460D460024AC4200DB70BD305DDF
:10665000FBF79AFD0130F9D00134F5E72DE9F74F4A
:1066600005460E4690461F4602F02DF820B96FF001
:106670004C0003B0BDE8F08F4FF0140900233446FE
:106680004FF0010B09FB08693B606946284602F0A0
:1066900017F860BB284602F03FF80028E7D000203A
:1066A000E7E7A14598BF3446019A63689A4212D140
:1066B0002168009800F06CF868B9237CD3B9D4E95C
:1066C000023128469847C0B184F810B03B681434B2
:1066D00001333B60D9E714340AF1010AC245E0D125
:1066E0000021284602F02EF80028CED1D2E74FF044
:1066F000000AF3E76FF06F00BBE76FF02200B8E726
:10670000012801D1EFF3058302F097B90146006833
:10671000FFF7F6BF08B5FCF7F9F9BDE8084000F04F
:1067200000B8704700210120FFF7EABF61B662B6EA
:1067300080F31188BFF36F8F7047EFF31180202330
:1067400083F31288BFF36F8F704772B6002383F311
:106750001188BFF36F8FBFF34F8F30BF62B6BFF3A7
:106760006F8F704772B6002383F31188BFF36F8F6A
:10677000BFF34F8F20BF80F31188BFF36F8F62B6D6
:106780007047034600201A5C02B970470130FAE7EF
:1067900010B55AB10139841810F8012B11F8013FD6
:1067A000A04201D09A42F7D0D01A10BD1046FCE7A3
:1067B000431A934210B500EB020308D30246013995
:1067C0009A420BD011F8014F02F8014BF8E70A4446
:1067D00012F8014D8A4203F8014DF9D110BD10B5F0
:1067E000431E0A44914200D110BD11F8014B03F839
:1067F000014FF7E70346C9B20244934200D1704704
:1068000003F8011BF9E74B68012B07DD0B681870D3
:106810000B6801330B604B68013B4B6000207047F5
:106820000C220369C9B201FB0233186C00F00700A7
:10683000704770B5C9B20369EFF31185202484F362
:106840001288BFF36F8F0C2606FB0134246C14F002
:10685000C00408D0A24206D085F31188BFF36F8F21
:106860004FF0FF3070BD012271430B441A6485F371
:106870001188BFF36F8F43680B445B689847002013
:10688000F0E78022FFF7D5BFF8B5069F0469C9B2CB
:10689000EFF31186202585F31288BFF36F8F0C2547
:1068A00069430C44256C05F0070CBCF1010F0BD1BA
:1068B000276486F31188BFF36F8FC4E90E23436802
:1068C0005B5898470020F8BD05F0C005AF4286F33D
:1068D0001188BFF36F8F0CBF6FF077004FF0FF3060
:1068E000F1E713B580240094FFF7CEFF02B010BD8E
:1068F0006FF08500704710B41C240069CBB203FB15
:106900000400002110BC10470020FEF741BB00200E
:1069100001F0AEBC38B505460C4601F007FD002D70
:1069200007DBA84205D9401B84428CBF0020012010
:1069300038BD0020FCE770B50C46154601F0F9FCA7
:10694000294606462046FFF7E5FFB8B1B4FBF6F34B
:1069500006FB134393B9B5FBF6F306FB13536BB970
:10696000AE4201D9002070BD01F0E3FC064620468E
:10697000FEF718FFAD1B3444F9D1F3E76FF01500B3
:10698000F1E770B50D461946284616461C46FFF736
:10699000C1FF38B124B1224629463046FFF71FFF18
:1069A000002070BD6FF01500FBE7F7B51C46002313
:1069B000164682682360A3600D461369694601AAE2
:1069C0009847019B5A1E01921BB96FF0150003B046
:1069D000F0BD0098A26847682168676085B9B31A5E
:1069E000D0F800C0634528BF634603FB07111A4473
:1069F0002160A26002689A4206D808300090E0E761
:106A00006B1AB3FBF7F3EBE70020E0E71346002235
:106A1000FFF7CBBF2DE9F0470024836886B0884696
:106A200091461B6902AA01A99847A2462546029BE6
:106A3000AB4202D806B0BDE8F0870026019F07EB05
:106A4000C5077B6804933A680AEB0603B24202D892
:106A50009A460135EBE749460394059303A8C047DE
:106A60000028E7D0049B01361C44ECE74368002073
:106A70005B681B690B607047436802EA01005B6852
:106A800021EA020198600020D96070474368002025
:106A90005B6899607047436800205B68D960704705
:106AA00043685A68536821EA03000B409060002055
:106AB000D360704710B503695868F8B1884219D19E
:106AC0009C680868A142586000D198600020086066
:106AD0002AB15A680A609A68596002B99960002020
:106AE00010E0814206D10868206098688142EDD1AB
:106AF0009C60EBE7044600680028F2D1002AE8D148
:106B00006FF0150010BD30B543681360057A446816
:106B100004EBC504A34202D36FF0010030BD5C79E1
:106B20008C4201D00833F0E70020F7E743681B6888
:106B3000D3F88004C3F88004704710B54468236814
:106B4000C3F84415C3F848250022C3F82021D3F820
:106B50002011C3F85821D3F858216268D20608D50D
:106B6000082142681268C2F800154FF48002C3F889
:106B7000042301229A6010BD436802691B68D3F8A0
:106B8000100150B10020926912780A70C3F8100108
:106B9000D3F8102101221A6070474FF0FF30704780
:106BA000002A10B5044610DD43681B68D3F81001B5
:106BB00050B100202269C3F81001D3F81001012060
:106BC000926912780A70186010BD0020FCE74368D3
:106BD00001691A68EFF31183202080F31288BFF354
:106BE0006F8F0020C96888734FF48001C2F80413C6
:106BF00083F31188BFF36F8F704701220369DB684D
:106C00009A7370470369DB689A7B02F0FF0162B9EF
:106C100042681268D2F8580140B1D2F8040310F467
:106C2000800003D00120196170470020704743683D
:106C30001B68D3F81001003818BF012070471022DC
:106C400043681B68C3F804237047102243681B681D
:106C5000C3F8082370474FF4007243681B68C3F8F9
:106C6000042370474FF4007243681B68C3F808237D
:106C7000704738B5436804461D68D5F804335B0295
:106C800005D4D5F8040310F0100006D138BDFFF785
:106C9000B9FF0028F5D00120F8E72046FFF7C7FF2D
:106CA000003818BF0120F1E7012070470369D86858
:106CB0000160DB685A60704702680346D2F85801E9
:106CC00040B95B689B0706D4D2F82001003818BF92
:106CD0000120704701207047F8B506690546F36842
:106CE0009C8910339442A8BF14460122D3E8EF0FC9
:106CF000002803D1C3E8E72F002FF7D10CBF1346BC
:106D000000231ED1F36822469868FFF768FDEFF371
:106D10001187202383F31288BFF36F8F6868FFF712
:106D2000CBFFF36838B90446186187F31188BFF3C5
:106D30006F8F2046F8BD224628469968FFF7FDFE72
:106D4000F3E71C46F5E710B442681368D3F8041360
:106D5000C90517D5D3F82011A1B1EFF31181202473
:106D600084F31288BFF36F8FD3F8204134B100242D
:106D7000C3F82041D3F820410124DC6081F311885D
:106D8000BFF36F8F5268D20619D5EFF3118120221D
:106D900082F31288BFF36F8FD3F8582112B100220B
:106DA000C3F800250269D2680AB112691AB94FF412
:106DB0008002C3F8082381F31188BFF36F8F026943
:106DC000D4686CB1D3F8581161B100212161D46845
:106DD000A47B3CB14FF48000C3F80803D3689973D7
:106DE00010BC7047D3F8241121B10021C3F824113D
:106DF000D3F82431D2681368002BF1D0516810BC4D
:106E00001847002200F150039B009BB203F150236E
:106E100003F580331A601B687047FEF759BE08B54A
:106E2000FBF754F9FFF70BFCBDE80840FEF750BE36
:106E30008068183820F0070010387047042809D0FF
:106E4000052803D1481E18BF01207047431A584235
:106E5000584170470120704738B515460C4661B15E
:106E60005AB1FFF7BFFB2146254411F8013B83428D
:106E700003D1A942F9D1012038BD0020FCE738B583
:106E80000C460123114622460546FFF766FB002803
:106E90000FDB012221462846FFF7DEFF38B92378B1
:106EA000012B14BF022301230020237038BD0323CC
:106EB000FAE70120FAE72DE9F7431D4606460F469B
:106EC0009046FFF788FB6C1E044440420440082CA7
:106ED0001AD83046FFF786FB81462A464146684667
:106EE000FFF77DFC4946621B0DEB0500FFF782FCB6
:106EF00023466A4639463046FFF744FB003818BF40
:106F0000012003B0BDE8F0834FF0FF30F9E707B58B
:106F100001238DF8042001AAFFF7CDFF03B05DF82F
:106F200004FB81680122183921F00701FFF7EFBF48
:106F30008268183A22F00702FFF7A1BF13B50C468A
:106F4000C0B201A9FBF758F850B921460198FCF7E7
:106F5000FDFF04460198FFF7FFFA204602B010BD7E
:106F60000124FAE713B541EA021104468DF807102F
:106F7000FFF75EFF012301460DF107022046FFF7F0
:106F80009AFF02B010BD81680122183921F0070173
:106F90000839FFF7BCBF70B504680D1B002D02DC7B
:106FA0006FF05F0070BD94F900602378002E0ADB5B
:106FB000631C0360237813600368C91A13688B424B
:106FC000EED80020EEE703F07F035C1E032C13D8FD
:106FD0009D42E5DD00241460046801340460046807
:106FE00015682478013B44EA05241460046804F120
:106FF00001040460F3D1DFE76FF06300D2E770B4FF
:1070000004680E1B002E07DD26789E4208D101344D
:10701000046070BCFFF7BFBF6FF05F0070BC7047CB
:107020006FF06100FAE773B50223154601AA044622
:10703000FFF7E5FF40B9019E28463246216800F07F
:1070400016FB23683344236002B070BD0139002968
:1070500001DA0020704750F82130002BF6D0B3FA47
:1070600083F00131C0EB4110704739B101F180412B
:10707000013900EB81018142034600D270471B6851
:107080000A681BBA12BA40F8042B41F80439F2E737
:107090002DE9F0411C4613F0030318BF012303EB55
:1070A00094038B4206460D46904613D879B18F0063
:1070B0003A460021FFF79EFB2CB1381B2246414681
:1070C0003044FFF78CFB29463046FFF7CEFF002007
:1070D000BDE8F0816FF00700FAE7B3EB810F70B500
:1070E00004464FEA8105104619D95A1B861800211B
:1070F000FFF780FB30462B460021C2188B4210D18F
:10710000002070BD22F00301615802F00306F60072
:10711000F140C9B281B90132AA42F3D1ECE71A4673
:10712000FAE721F00300205801F00305ED00E840E4
:1071300002F8010D0131E1E76FF00700E1E75309C3
:107140008B42F0B402F01F0401D809D124B1F0BC85
:107150008A000021FFF74EBB1F2A03D8F0BC7047FE
:107160001F2A0AD900EB8302051F00EB8106B242F9
:1071700016D10022CB1A8B4217D3002CEED000225E
:1071800000EB8101C4F120068142E7D051F8045C94
:1071900025FA04F3134341F8043D05FA06F2F3E738
:1071A00052F8047B45F8047FE1E740F823200133DF
:1071B000E1E71F2AF0B54FEA521402F01F0512D979
:1071C0006FF003060B4606FB04069C4203F1FF32F8
:1071D00012D3631A8C4288BF002300220B4400EBB9
:1071E000830383420ED135B1002200EB8400C5F148
:1071F00020078C4209D3F0BD56F8223040F82230E7
:107200001346E2E743F8042DEBE70668013406FA7B
:1072100005F3134340F8043B26FA07F2E9E7F0B51B
:107220000024844620469C4200D1F0BD51F82450F1
:1072300052F824702E182CBF01250025BF194CF8D8
:10724000247045F100000134EDE7F0B50024064656
:1072500020469C4200D1F0BD51F824C052F8247061
:10726000ACEB0005AF4294BF4FF0000E4FF0010EA3
:10727000ED1B46F8245084452CBF70460EF10100EA
:107280000134E6E78B4228BF0B462DE9F0479646CE
:10729000DE080446C91A03F0070875460346B446DB
:1072A0000020089A0CF1FF3CBCF1FF3F03F12003E2
:1072B00005F1200511D104EB461425460EEB4616C8
:1072C0004FEA880C06EB880E764540F081806444D6
:1072D000013980F08B80BDE8F08755F8207CA2FB57
:1072E000079710EB090953F8200C47F1000710EB42
:1072F000090043F8200C55F81C0C47F10007A2FBCD
:1073000000093F1853F81C0C49F10009C01943F853
:107310001C0C55F8180C49F10009A2FB000719EBE9
:10732000000953F8180C47F1000710EB090043F867
:10733000180C55F8140C47F10007A2FB00093F1880
:1073400053F8140C49F10009C01943F8140C55F80E
:10735000100C49F10009A2FB000719EB000953F8D2
:10736000100C47F1000710EB090043F8100C55F81A
:107370000C0C47F10007A2FB00093F1853F80C0C56
:1073800049F10009C01943F80C0C55F8080C49F1F3
:107390000009A2FB000719EB000953F8080C47F19C
:1073A000000710EB090043F8080C55F8040C47F1EE
:1073B0000007A2FB000A17EB000953F8047C4AF10E
:1073C000000017EB090740F1000043F8047C69E76F
:1073D00056F8043BA2FB0337C318286847F100079F
:1073E000C31847F1000045F8043B6DE723681B18FC
:1073F0002CBF0120002044F8043B69E70323016807
:10740000881C400000F00800084400FB01F2013B2A
:10741000C2F1020202FB00F0F7D1404270472DE9B1
:10742000F04F87B0139D00242E460493109B914685
:107430000293DDE911834FEAC80283468A46284653
:10744000002104320593FFF7D5F908F102030393F5
:10745000444515D105EB84012346029A584651F85C
:107460002450FFF7F2FE6840FCF746FE0A46002370
:107470005946A600109607B0BDE8F04FFDF75AB880
:107480005AF82430D9F800203768304602FB0377D9
:10749000059A0399574300934A46049BFFF7F2FE6F
:1074A000DDE90221304643460097FFF7EBFE043644
:1074B0000134CDE730B50546104600229A4200D18E
:1074C00030BD51F82240241A45F8224034BF012033
:1074D00000200132F2E71FB5069CCDE90234D388C3
:1074E000019313680093CB880A680146FFF797FF62
:1074F00004B010BD00220123C0E90023704710B57D
:10750000044648B1006818B1E188890000F0C9FC60
:1075100000220123C4E9002310BD42F210739942F6
:1075200070B504460D4602D96FF00F0070BDC388D8
:107530008B4201D30020F9E704212846FDF7DAF950
:1075400006460028F0D0216841B1E2889200FFF79A
:1075500046F9E1882068890000F0A3FCE5802660F8
:10756000E8E738B504460D4619B9FFF7C8FF002013
:1075700038BDC2888A4207D1002100689200FFF717
:1075800039F90123A380F2E7FFF7B9FF2946204626
:10759000BDE83840FFF7C1BF884270B505460E46CA
:1075A00009D0C988C28841B92AB1012392008380D9
:1075B0000068FFF71FF9002070BD4C1E8CB9B6F9AA
:1075C00004300134A242AB8012D221462846FFF794
:1075D000A4FF0028F0D131682868A200FFF7FFF867
:1075E000E9E7336853F82430002BE8D1013CE5E7A4
:1075F0002868121B0021920000EB8400FFF7FAF8C4
:10760000E9E770B50C4601210546FFF786FF0646FF
:1076100088B9EA88014692002868FFF7EBF884EA07
:10762000E472A2EBE472E40FC4EBC4342B68640090
:1076300001341A60AC80304670BDC388B1EB431F83
:107640003FBF03684A0953F8220001F01F013ABF07
:10765000C84000F0010000207047C1880068FFF7B3
:10766000F5BC08B5FFF7F9FF0730C00808BD70B5D5
:107670000E4612F0030118BF012101EB92010546ED
:107680001446FFF76EFF38B923463246E98828686A
:10769000BDE87040FFF7FCBC70BD13460A46C188C8
:1076A0000068FFF71ABD38B504460D46FFF7D5FF51
:1076B000E3882844B0EB431F06D820682A46E188B7
:1076C000FFF777FD002038BD10F01F0118BF012122
:1076D00001EB50112046FFF720FF0028EDD0F2E724
:1076E00008B50A46C18811B10068FFF728FD0020DF
:1076F00008BD10B5C38823B9CA885AB9ABB10120F7
:1077000017E0026802EB830252F8042C002AF3D13E
:10771000013BF0E70C6804EB820454F8044C0CB90C
:10772000013AEAE79342EAD80FD3013B5A1C01D150
:10773000002010BD026852F823400A6852F8232046
:107740009442DCD803F1FF33F0D24FF0FF30F0E782
:1077500030B5C38823B9CA885AB9002B3DD136E069
:10776000026802EB830252F8042C002AF3D1013B99
:10777000F0E70C6804EB820555F8045C4DBB013A58
:10778000EAE7B1F9045003D2B1F90400404226E01F
:10779000B0F90420002A03DD002D0CDA01201EE0E0
:1077A000002D08DD3AB14FF0FF3018E003F1FF3350
:1077B0000BD2504213E0013B016851F8235054F8BA
:1077C00023108D42F2D9104609E0591CF4D1002053
:1077D00005E0002BD8D09342D3D9B0F9040030BDD6
:1077E0001FB581EAE173A3EBE17301930123C90F94
:1077F000C1EBC13149000131ADF80C10ADF80E30CC
:1078000002A901AB0293FFF7A3FF05B05DF804FBEB
:1078100090422DE9F04105460F46144602D08842B9
:1078200006D127460123AB80FC883CB9002003E049
:10783000FFF7B2FE0028F4D0BDE8F0813B684FEAC4
:10784000840803EB840353F8043C0BB9013CECE7D8
:1078500021462846FFF761FE0028EDD12E68234619
:107860003A6831463046FFF7DAFC074606EB080374
:10787000002FDBD0EA88661CA24208D83146284691
:10788000FFF74BFE0028D7D12B6803EB84031A685F
:107890003446D2192CBF0127002743F8042BE7E711
:1078A0002DE9F04105460E469046D4883CB9F18852
:1078B000A1420ED26FF009073846BDE8F081D8F832
:1078C000003003EB840353F8043C002BEFD1013C60
:1078D000ECE72846FFF721FE07460028ECD1F288A6
:1078E00094420BD2AE4209D031682868121B920034
:1078F00001EB840100EB8400FEF771FFEA88F08859
:10790000824207D92B68121A0021920003EB8000F3
:10791000FEF770FFD8F80020234631682868FFF78B
:1079200094FC024610B90123AB80C5E72968EB88B7
:1079300001EB840108461B1BFFF7BCFD0028F2D0B9
:10794000B8E72DE9F843B1F90440B2F804C0814624
:107950001CFB04FC664673430D4617461CD51146B6
:107960002846FFF7C6FEB0F100080DDB3A4629466F
:107970004846FFF795FF98B9B8F1000F08BF0124FA
:107980000020A9F804400BE02A464846FFF788FF8C
:1079900030B9644224B2F3E7FFF73AFF0028EFD092
:1079A000BDE8F8830123FFF7CCBF4FF0FF33FFF7AB
:1079B000C8BF2DE9F341054688461646CF883FB13A
:1079C000D8F8003003EB870353F8043C3BB146B9C9
:1079D0000021284602B0BDE8F041FFF712BE013F8A
:1079E000EDE72846791CFFF798FD044670B941463B
:1079F0002846FFF7D1FD044640B9013E00963B46BC
:107A0000D8F80020E9882868FFF73CFC204602B03F
:107A1000BDE8F08170B504460D46104600211646BB
:107A2000FFF7DEFE002824DB2A46334621460020ED
:107A3000FCF7E6FB054638B1284670BD32462146C4
:107A40002046FFF7AFFF90B900212046FFF7C8FEA0
:107A50000028F3DB31462046FFF77AFE0028EBDBF7
:107A6000324621462046FFF7A0FF0028F2D0054607
:107A7000E2E76FF00905DFE72DE9F04F9FB00990CD
:107A80000F461846002192461D46FFF7A9FE002822
:107A900005DC6FF0030420461FB0BDE8F08F2B68B3
:107AA0001B6813F001030793F3D000215046FFF742
:107AB00097FE0028EDDB5046FFF7CFFDB0F5006FD5
:107AC000E7D82846FFF7C9FDB0F5006FE1D8286870
:107AD000FFF794FC00244FF00108214620220646BF
:107AE00016A8CDE90C48CDE90E48CDE91248CDE9FC
:107AF0001048FEF77FFE5046FFF7AFFD1728079BA3
:107B000088BF0223B5F806900693C14408FA03F330
:107B1000494616A8CDE916480393FFF7FEFC044634
:107B2000002840F06F81494618A8FFF7F6FC04468C
:107B3000002840F0678109FA08F10EA8FFF7EDFC74
:107B40000446002840F05E81B7F904300893013301
:107B50000AD1394612A8FFF71FFD0446002840F05D
:107B60005181ADF84C8012AF289B1BB11B68002BD4
:107B700040F0C28001210CA8FFF743FD0446002815
:107B800040F04081E9880CA88901FFF78CFD04468C
:107B9000002840F037810CA92A460846FFF73AFF33
:107BA0000446002840F02E81289B23B10822184665
:107BB0000CA9FEF714FE29463846FFF7C9FD002838
:107BC000C0F29E802A46394618A8FFF723FF0446D4
:107BD000002840F01781E98818A80131FFF79DFCC3
:107BE0000446002840F00E810E9F33462A4618981E
:107BF0000CA90097FFF76FFC0CA916A8FFF7CCFCA7
:107C00000446002840F0FE8001230B934FF001133F
:107C100015930BAB14932A4633461698009714A974
:107C2000FFF759FC069B022B2FD1E9881AA80131D6
:107C3000FFF773FC0446002840F0E48018A91AA856
:107C4000FFF7AAFC0446002840F0DC8033462A46B1
:107C50001A981AA90097FFF73EFCE9881CA8013181
:107C6000FFF75BFC0446002840F0CC801AA91CA852
:107C7000FFF792FC0446002840F0C48033462A46B1
:107C80001C98009718A9FFF726FC4FF0000BD84668
:107C9000D946BAF80630CDF814B00493059B3BB929
:107CA000049B002B00F09580013B04932023059357
:107CB000059B049A013B0593DAF8003053F8223013
:107CC000059AD34013F0010322D1BBF1000FE5D098
:107CD000BBF1010F1CD1039A16A910A8FCF76CFA8E
:107CE0000446002840F08E8033462A4616980097B6
:107CF00010A9FFF7F0FBD1E7082228990CA858E754
:107D0000394618A8FFF748FC6AE74FF0020BC5E7B1
:107D1000069A09F10109A2EB0902934048EA030817
:107D2000069B4B45F1D14FF0000B0023039A16A997
:107D300010A8FCF741FA0446002863D133462A46CE
:107D40001698009710A90BF1010BFFF7C4FBD9455A
:107D500014D84346039A16A910A8FCF72DFA044636
:107D600000284FD133462A461698009710A9FFF7EE
:107D7000B2FBA046A146DDF81CB08FE7DDF81CB0D1
:107D8000D3E70023039A16A910A8FCF715FA0446B6
:107D9000002837D133462A461698009710A9FFF7D6
:107DA0009AFB039B4FEA480813EA080F0ED0012301
:107DB000039A16A910A8FCF7FFF9044610BB334636
:107DC0002A461698009710A9FFF785FB049B0133FC
:107DD0000493049B4B45D4D101230B934FF0011323
:107DE00015930BAB14932A4633461698009714A9A3
:107DF000FFF771FB089B013322D0099816A9FFF702
:107E0000CBFB0446039B5D08039B9D422DD116A826
:107E1000FFF775FB18A8FFF772FB0EA8FFF76FFBC3
:107E200012A8FFF76CFB10A8FFF769FB289B1BB19A
:107E30001B68002B7FF42FAE0CA8FFF760FB2AE62F
:107E4000BAF80630002BD8D0DAF800301B68DB0710
:107E5000D3D5089B16AA29461046ADF85C30FFF72B
:107E6000A1FD04460028C8D0CCE716AB03EBC50043
:107E7000FFF745FB0135C7E707B5042201460DEBC7
:107E80000200FEF7ACFC019803B05DF804FB07B5F7
:107E9000042201910DEB0201FEF7A1FC03B05DF895
:107EA00004FB10B5044608B1FCF718FD2046BDE8F8
:107EB0001040FCF725BD00207047704770472DE942
:107EC000F8430446DDE90876914698460D4651B9D7
:107ED000B9F1000F10D1B8F1000F15D1E7B91EBBF1
:107EE00055BB002006E00830FFF756FB0028EFD016
:107EF000A0F58140BDE8F883494604F12000FFF772
:107F00004BFB0028E7D0F3E7414604F12800FFF7D8
:107F100043FB0028E2D0EBE7394604F11800FFF7F5
:107F20003BFB0028DBD0E3E7314604F11000FFF70C
:107F300033FB0028D4D0DBE704F10800FFF791FB06
:107F40006060CEE710B5782200210446FEF752FCAF
:107F50000023C4E91C3310BD4068704710B50446C7
:107F6000A0B36030FFF7CBFA04F16800FFF7C7FA5F
:107F700004F14800FFF7C3FA04F11800FFF7BFFA55
:107F800004F12800FFF7BBFA04F12000FFF7B7FA6D
:107F900004F11000FFF7B3FA04F10800FFF7AFFA9D
:107FA00004F15800FFF7ABFA04F15000FFF7A7FA0D
:107FB00004F14000FFF7A3FA04F13800FFF79FFA3D
:107FC00004F13000BDE81040FFF799BA10BD00BAC7
:107FD00070476C220021FEF70DBC10B16C21FCF73C
:107FE0007DBC70472DE9F04105460E4614467AB334
:107FF000036C03F03F079B18036422BF436C0133FB
:1080000043645FB3C7F1400842451CD3424638443D
:10801000FEF7E5FB29462846FCF7C8FDC8B927440A
:10802000A7F140043F2C46440BD900272846F119FC
:10803000FCF7BCFD78B94037E31B3F2BF6D81C4654
:108040003E442CB1002722463146E819FEF7C7FB13
:108050000020BDE8F0814FF0FF30FAE73F2AE4D876
:10806000F1E770B50D468021036C044603F03F0331
:108070005A1C382AC154104464D80021C2F1380275
:10808000FEF7B8FBD4E91060730F43EAC000FFF7B6
:108090009EFF014604F13800FFF7F9FEF000FFF7FC
:1080A00096FF014604F13C00FFF7F1FE2146204611
:1080B000FCF77CFD064600283FD1A06CFFF787FF48
:1080C00001462846FFF7E3FEE06CFFF780FF01461C
:1080D000281DFFF7DCFE206DFFF779FF014605F153
:1080E0000800FFF7D4FE606DFFF771FF014605F150
:1080F0000C00FFF7CCFEA06DFFF769FF014605F10C
:108100001000FFF7C4FEE06DFFF761FF014605F1C7
:108110001400FFF7BCFE206EFFF759FF014605F182
:108120001800FFF7B4FEA36E3BB9606EFFF74FFF78
:10813000014605F11C00FFF7AAFE2046FFF74DFFA0
:10814000304670BD0021C2F14002FEF753FB2146CC
:108150002046FCF72BFD06460028EED101463822CA
:1081600020468DE7002070474FF47F03D3F830019D
:10817000D3F83431BFF34F8FC0F30B00A0F10903E4
:108180005842584170474FF47F02D2F83031D2F84C
:108190003401BFF34F8FC3F30B03092B03D1431EED
:1081A00058425841704700207047004700F02ABCF1
:1081B00040F00040C1F88000C2F880007047F7B579
:1081C000044618B1012824D003B0F0BD4FF050236D
:1081D0000222C3F8082301220646DA60C3F804012C
:1081E000D3F80431012342F210754FF050278DF877
:1081F0000730DCB1012CE7D1D7F80C3403F480331D
:108200008EBB002BE0D00120FFF7D0FF013DF3D162
:10821000DAE74FF050230022C3F808035860C3F890
:108220000021D3F800310DF10706DBE7D7F8183449
:1082300003F480333EB9002BC6D00120FFF7B6FF10
:10824000013DF3D1C0E7D7F8182402F003023270E1
:10825000002BB9D09DF807000128B5D1FFF7A6FF84
:10826000013DC6D1B0E7D7F80C2402F00102EEE7D9
:10827000FFF7A5BFF7B51646DDE90847019001A84D
:108280001D46FCF715FF019BB6F1000C18BF4FF01F
:10829000010C00EB83000B1E18BF0123002D43EAE5
:1082A0004C0314BF4FF00C0C4FF0000C002C43EAB1
:1082B0000C0314BF4FF4E06C4FF0000C002F43EAA6
:1082C0000C0314BF4FF4403C4FF0000CD0F80022D8
:1082D00043EA0C0322EA030301B109780EB13678B0
:1082E000760019430DB12D78AD0031430CB12478DF
:1082F000240229430FB13F783F040C433C43C0F8AC
:10830000004203B0F0BD1FB50DF10F030193002330
:108310008DF80F101A4619460093FFF7ABFF05B012
:108320005DF804FBFCF774BFFCF752BF4FF48010FC
:1083300070474FF4805070474FF48070704738B5E5
:10834000036A0D46D3E90112914204464FF0000042
:1083500002D30122DA6038BD20745A682146013206
:108360005A602422236A58681B68013802FB0030D7
:10837000FEF735FA0120A560EDE72DE9F04106464C
:1083800004468AB001AD0F4690460FCE0FC50FCE02
:108390000FC53368A6682B60236A25685A682AB916
:1083A0000222DA6000200AB0BDE8F081F9070ED59C
:1083B00024201968013A00FB0211780703D40A7CD3
:1083C0000AB10F22EDE724222046FEF708FAB9078A
:1083D00041BF226A536803F1FF335360B04504D2B2
:1083E000236A002BDED00422DBE77A0748BF256032
:1083F0003B0701D40120D6E7143406AB93E807000D
:1084000084E80700F6E710B502601A44029B0129D0
:1084100083604FF00003C26003740375836101D869
:10842000036210BD24224A43243A84180462835014
:10843000026A8C1E9460026A02295360026AD36049
:10844000026A13741EBF036A24301860E9E7182813
:1084500071F100030ED3B0F5807F71F100030BD3EF
:10846000B0F5803F71F1000308D3002914BF092043
:108470000520704701207047022070470320704795
:1084800037B50024002508290A46CDE900450AD859
:1084900001466846FEF7A3F9DDE9000103B0BDE837
:1084A0003040FFF7D4BF002003B030BD00B1C16041
:1084B000704743680360836801338360006AFFF795
:1084C000F5BF08B50268C3689A4205D3006A08215F
:1084D000FFF7ECFF002008BD0120FCE738B504469B
:1084E0000D46FFF7EEFF40B123681B78B5EB531F35
:1084F00004D00A21206AFFF7D9FF002038BD10B54B
:108500000446FFF7DEFF38B123681A78FF2A05D04A
:108510000A21206AFFF7CAFF002010BD0133236043
:10852000FBE710B5027D044632B1FFF7E8FF48B122
:1085300000234FF0FF3223752046BDE8104007218D
:10854000FFF71BBF10BD2DE9F04704460E469246CB
:10855000FFF7B7FF074628B1A3683BB90321206A9C
:10856000FFF7A4FF00273846BDE8F087236893F89B
:10857000008008F01F08B8F1170F14D9A8F11802ED
:10858000D1B203290BD801259540AA4509D3E26849
:1085900005F101094B449A4207D20821DFE7072180
:1085A000DDE70521DBE70025F1E7524600213046F3
:1085B000FEF720F94DB986F80080236863604B44CC
:1085C0002360A368013BA360CDE72368013E1D44FF
:1085D00015F801299D4206F8012FF9D1EDE738B5CC
:1085E0000D4611460446FFF779FF80B1042220466C
:1085F000A918FFF7A8FF50B122682A60E3689B1A08
:108600006A689A4204D908212046FFF752FF0020E9
:1086100038BD38B504460D46FFF7E1FF18B12368B1
:108620006A681344236038BD37B50446FFF756FF28
:10863000054670B12268137803F01F031F2B1BD16E
:108640006FF00F030193A36833B90321206AFFF78A
:108650002DFF002003B030BD511CC4E90012013BC6
:10866000A36020460199FFF76AFE78B9636823602A
:10867000A3680133A360ECE7042220460DEB02015E
:10868000FFF761FF0028E4D00025EAE72575E1E760
:1086900070B50D46002104461646FFF71FFF30B1A6
:1086A000324629462046BDE87040FFF74CBF70BDFA
:1086B0000422FFF7EDBFFFF7FBBF0222FFF7A9BFC0
:1086C0000322FFF7A6BF10B505210446FFF7ACFF54
:1086D00050B1237D4BB96FF00042A368934205D39C
:1086E00005212046FFF7E5FE002010BD5B00A360DA
:1086F000FBE7037D23B98068B0FA80F0400970473A
:108700000368C268934205D21878A0F1FF0358426B
:108710005841704700207047FFF703BF38B50D463A
:1087200006210446FFF7DAFE08B9002038BD04220E
:1087300029462046FFF707FF0028F6D0A36801333B
:10874000A360F3E7F0B58FB00446FFF7BAFE074623
:1087500000284DD0236800221E7800232146CDE951
:10876000022305A82422750906F01F06FEF737F834
:10877000062D22D01F2E33D12B1F012B65D90822A5
:1087800005A80DEB0201FFF7DEFE002830D0042D16
:108790000DD8023D012D0AD8059B089A0299D21ADC
:1087A000D0178A42039A904110D30B440593059B3E
:1087B0002360A368013BA3601BE001A905A8FFF7A4
:1087C000ADFFA8B1059B089A934204D30821206A03
:1087D000FFF76CFE0CE01E78750906F01F06C7E770
:1087E000082205A80DEB0201FFF7ADFE002831D1EC
:1087F000002738460FB0F0BDDB184941CDE9023102
:1088000085B9029B8DF82820079305A8FFF771FF13
:108810000146A0B1002DCAD005A8FFF770FE0028C0
:10882000C5D1E5E76FF00F000021059B012501335D
:10883000CDE902010593E4E700221546E1E705A82A
:10884000FFF780FF0028E0D1D2E7042D3A46E9D0B7
:10885000012506E0042DEFD09BD9052DA7D10022DC
:108860001546DDE90231B3F1004F71F10000C3D3C9
:108870000521ACE710B50368C468A34205D3036AB9
:108880000BB10822DA60002010BD02F01F025C1C50
:1088900042EA4111046001201970F5E770B5054600
:1088A0000E46104619461446FFF7EAFD22463146A9
:1088B000431E2846BDE87040FCF7A2BFF8B5174636
:1088C000C368026804469A420D4606D3236A0BB178
:1088D0000822DA6000263046F8BD9B1A4A689A42A0
:1088E000F4D80E4656F8043B53B104213046FFF746
:1088F000C7FD6A6823681344E26803449A42E5D3DB
:108900003246042339462046FFF7C8FF06460028B2
:10891000E0D020682968884202D06A68FDF748FFE5
:1089200023686A6813442360D5E7082A73B51346A1
:108930000C4607D9036A13B9002002B070BD0522A6
:10894000DA60F9E78E1816F9012C002A0FDA0A46C8
:1089500069460C46B24204D101212246FFF79EFF30
:10896000EBE712F8015BED4301F8015BF2E7002150
:10897000F3E713460A460021FFF790BF07B504222C
:1089800001910DEB0201FFF7D0FF03B05DF804FB8E
:1089900007B5042201910DEB0201FFF7EAFF03B0D6
:1089A0005DF804FB0222FFF789BF0322FFF786BFB1
:1089B00007B5CDE900126946FFF7F4FF03B05DF893
:1089C00004FB07B5CDE900126946FFF7EEFF03B0DF
:1089D0005DF804FB1F220421FFF74CBF1F22052175
:1089E000FFF748BF1F220721FFF744BFFFF7FABF79
:1089F0001FB50024CDE90144069C0094FFF703FD58
:108A000004B010BD08B1FAF705BB7047704740B11C
:108A1000C368587810F001001EBF1878B0FA80F0D3
:108A200040097047EFF31183202383F31288BFF3CB
:108A30006F8FFEE708B5FFF7F5FF10B5EFF3118470
:108A4000202383F31288BFF36F8FFFF7F3FF84F3C4
:108A50001188BFF36F8F10BD10B5D0E9003433B962
:108A60000020E268537843F00103537010BD2046A4
:108A700098470028F4D00028B8BF4042FF28A8BF7C
:108A8000FF20E3681870ECE7FDF7B4BEFDF7A7BE62
:108A9000EFF30580003818BF01207047DC76FF7FB8
:108AA000010000000530000000000000D13000008F
:108AB000EC8A000075330000008B00001B6E000084
:108AC0000000000079380000148B00000D3D00000C
:108AD0000000000065810000000000001F6E000023
:108AE0000000000011330000288B00006E99000088
:108AF000888E0000A08E000028010020181B002096
:108B00009C990000D88E0000F08E00002C010020FF
:108B1000741B0020B0990000148F0000488F0000E3
:108B20002E010020140000208599000000000000A4
:108B3000BC8E00002A0100200000000000000000A0
:108B4000256700000000000025670000000000000D
:108B500025670000000000002567000000000000FD
:108B60002567000041500000AB81000000000000BC
:108B7000256700000000000025670000148B00003E
:108B8000476D0000000000002567000000000000A5
:108B900025670000000000002567000000000000BD
:108BA000256700001D560000AB810000000000009A
:108BB000256700000000000025670000000000009D
:108BC000256700000000000025670000000000008D
:108BD000256700000000000025670000000000007D
:108BE00025670000000000009D3D0000000000001F
:108BF000256700000000000025670000000000005D
:108C0000256700000000000025670000000000004C
:108C1000256700000000000025670000000000003C
:108C2000256700000000000025670000000000002C
:108C3000256700000000000025670000000000001C
:108C4000256700000000000025670000000000000C
:108C500025670000000000002567000000000000FC
:108C600025670000000000002567000000000000EC
:108C700025670000000000002567000000000000DC
:108C800025670000000000002567000000000000CC
:108C900025670000000000002567000000000000BC
:108CA00025670000000000002567000000000000AC
:108CB000256700000000000025670000000000009C
:108CC000256700000000000025670000000000008C
:108CD000256700000000000025670000000000007C
:108CE000256700000000000025670000000000006C
:108CF000256700000000000025670000000000005C
:108D0000256700000000000025670000000000004B
:108D1000256700000000000025670000000000003B
:108D2000256700000000000025670000000000002B
:108D3000256700000000000025670000000000001B
:108D4000256700002F92000003000000AF9800008C
:108D500003000000FFFFFFFFFFFFFFFFFFFFFFFF1C
:108D60000338FDD870470000A121000041660000D3
:108D7000020000000800000001000000DD95000076
:108D8000948D0000020000000800000002000000B6
:108D9000080000000E01000000800050009000500C
:108DA0000D000000000000000000000000C00000F6
:108DB000288B00000100000000C00000000200003D
:108DC000288B00000200000000C000000090060098
:108DD000288B00000300000000C0000000C000005D
:108DE000288B00000400000000C20000008E060076
:108DF000288B00000500000000C2000000BE00003B
:108E0000288B0000060000000080010000D0050053
:108E1000288B0000070000000080010000B0050062
:108E2000288B00000800000000500700009006009A
:108E3000288B00000900000000E00D0000E00100A8
:108E4000288B00000A00000000C00F000020000076
:108E5000288B00000B00000000E00F000020000045
:108E6000288B00000C00000000E00F000020000034
:108E7000288B000000000000376600005930000019
:108E80002930000000000000753100009D30000016
:108E900079990000096900000F6900007F990000BE
:108EA000F168000083680000E36800000000000033
:108EB000216800000000000000000000836900003D
:108EC000293300003769000009330000F93200003F
:108ED00004000000FF000000FFFFFFFF002584509A
:108EE000000000000000000000D000500000000062
:108EF000F93300006D6A0000796A00008D6A000095
:108F0000976A0000A16A000079350000B56A000088
:108F1000000000000080005002000000000000007F
:108F2000248F000000800050308F000001000000FE
:108F3000388F00000400000012000000130002003F
:108F40001400040015000600796B0000E9370000EA
:108F50002D6B0000D96C0000A16B0000CF6B0000EE
:108F6000FB6B0000056C00003F6C00004B6C0000C8
:108F7000056C00002F6C0000576C0000656C000051
:108F8000736C0000A96C0000AD6C000002000000D2
:108F900008000000982F8A4291443771CFFBC0B57A
:108FA000A5DBB5E95BC25639F111F159A4823F92B4
:108FB000D55E1CAB98AA07D8015B8312BE8531240D
:108FC000C37D0C55745DBE72FEB1DE80A706DC9BCE
:108FD00074F19BC1C1699BE48647BEEFC69DC10F7A
:108FE000CCA10C246F2CE92DAA84744ADCA9B05CB6
:108FF000DA88F97652513E986DC631A8C82703B079
:10900000C77F59BFF30BE0C64791A7D55163CA0686
:1090100067292914850AB72738211B2EFC6D2C4D92
:10902000130D385354730A65BB0A6A762EC9C28180
:10903000852C7292A1E8BFA24B661AA8708B4BC216
:10904000A3516CC719E892D1240699D685350EF440
:1090500070A06A1016C1A419086C371E4C774827F7
:10906000B5BCB034B30C1C394AAAD84E4FCA9C5B6D
:10907000F36F2E68EE828F746F63A5781478C884BE
:109080000802C78CFAFFBE90EB6C50A4F7A3F9BEA0
:10909000F27871C6A48A0000A48A0000CC8A00007D
:1090A000D48A0000EC8A0000EC8A0000FF8FFFFFEA
:1090B000FF8FFFFFFE8FFFFFFE8FFFFFFD8FFFFF84
:1090C000FC8FFFFFFC8FFFFF436F756C64206E6F9A
:1090D00074206C6F636B20706F776572207361769C
:1090E00065206D75746578006D757465785F66725E
:1090F00065652063616C6C65642077697468204ED7
:10910000554C4C20706172616D6574657200000091
:1091100043616E277420696E697469616C697A6550
:10912000206D757465782C20776173204E554C4CFA
:109130000D0A0000010002001000110020002100B3
:109140002200230024003000310032003300FFFFF2
:1091500077C295F360D2EF7F3552500F2CB67980ED
:1091600025633A205374617274696E6720626F6F71
:10917000746C6F616465720A0025633A20456E74F1
:109180006572207468652073657269616C20726510
:10919000636F76657279206D6F64650A0025633AA6
:1091A00020556E61626C6520746F2066696E642064
:1091B000626F6F7461626C6520696D6167650A003A
:1091C00025633A20426F6F746C6F6164657220632F
:1091D0006861696E6C6F6164206164647265737349
:1091E000206F66667365743A20307825780A00250A
:1091F000633A204A756D70696E6720746F207468D9
:109200006520666972737420696D61676520736C8F
:109210006F740A0025633A204E6576657220736884
:109220006F756C642067657420686572650A006DEF
:109230006375626F6F740025633A20696E76616CA6
:10924000696420666C6173682049442025643B2072
:1092500065787065637465642025640A0000000009
:10926000000000000025633A20556E61626C6520A5
:10927000746F2064657465726D696E6520666C61DB
:10928000736820736563746F72206F6620746865FD
:1092900020696D61676520747261696C65720A008E
:1092A0007072696D617279007365636F6E6461726B
:1092B000790025633A20496D61676520696E2074E5
:1092C000686520257320736C6F74206973206E6F3E
:1092D000742076616C6964210A0025633A20256454
:1092E0002073746174757320777269746520666188
:1092F000696C7320706572666F726D696E67207439
:10930000686520737761700A0025633A20466169B9
:109310006C656420746F206F70656E20666C61737D
:109320006820617265612049442025642028696DA8
:1093300061676520256420736C6F74202564293A69
:109340002025642C2063616E6E6F7420636F6E74D1
:10935000696E75650A0025633A204661696C65642B
:109360002072656164696E6720736563746F7273E0
:109370003B20424F4F545F4D41585F494D475F532B
:109380004543544F52533D2564202D20746F6F2068
:10939000736D616C6C3F0A0025633A204661696C0D
:1093A00065642072656164696E6720696D616765D7
:1093B00020686561646572733B20496D6167653D36
:1093C00025750A0025633A204661696C6564207240
:1093D000656164696E6720626F6F74207374617475
:1093E00075733B20496D6167653D25750A002563EE
:1093F0003A2070616E6963210A0025633A20446552
:1094000074656374656420696E636F6E73697374E9
:10941000656E7420737461747573210A0025633A54
:109420002043616E6E6F7420757067726164653A77
:10943000206E6F74206120636F6D70617469626C5F
:109440006520616D6F756E74206F6620736563743F
:109450006F72730A0025633A2043616E6E6F742049
:10946000757067726164653A206D6F72652073650F
:1094700063746F7273207468616E20616C6C6F77B7
:1094800065640A0025633A2043616E6E6F7420752F
:109490007067726164653A206E6F742073616D65E8
:1094A00020736563746F72206C61796F75740A0044
:1094B00062616400676F6F6400756E73657400505D
:1094C00072696D61727920696D6167650025633A23
:1094D0002025733A206D616769633D25732C2073E5
:1094E0007761705F747970653D307825782C2063E2
:1094F0006F70795F646F6E653D307825782C2069D8
:109500006D6167655F6F6B3D307825780A00536544
:10951000636F6E6461727920696D616765002563B0
:109520003A20426F6F7420736F757263653A2070D2
:1095300072696D61727920736C6F740A0025633AE9
:1095400020426F6F7420736F757263653A206E6F7F
:109550006E650A0025633A205374617274696E6700
:109560002073776170207573696E67206D6F766503
:1095700020616C676F726974686D2E0A0025633A0A
:10958000204E6F7420656E6F756768206672656522
:1095900020737061636520746F2072756E2073771D
:1095A000617020757067726164650A0025633A20F6
:1095B00072657175697265642025642062797465CD
:1095C0007320627574206F6E6C792025642061723F
:1095D0006520617661696C61626C650A00308201A8
:1095E0000A0282010100D106081A18442C18E8FB6F
:1095F000FDF70DA34F1FBBEE5EF9AAD24B18D35A4D
:10960000E96D188019F9F09C341BCBF3BC74DB4274
:10961000E78C7F10537E435E0D572C44D167080FB3
:109620000DBB5CEEECB399DFE04D840BAA77416093
:10963000ED152849A701B43C10E6698C2F5FAC41B9
:109640004D9E5C14DFF2F8CF3D1E6FE75BBAB4A904
:10965000C8887E473C94C37767544BAA8D3835CA77
:1096600062617EB7E115DB7773D4BE7B72218969B5
:1096700024FBF8656E643EC80ED785D55C4AE4537A
:109680000D2FFFB7FDF31339833FA3AED20FA76AA7
:109690009DF9FEB8CEFA2ABEAFB8E0FA823754F48C
:1096A0003EE12BD0D3085818F65E4CC8888131AD06
:1096B0005FB08217F28A692723F3AB873E931A1DA6
:1096C000FEE8F81A246659F81CABDCCE681B666409
:1096D00035ECFA0D119DAF5C3AA7D167C647EFB1E3
:1096E0004B2C62E1D1C902030100012D0020002BA7
:1096F00000307800305800286E696C290046616996
:109700006C656420746F207265626F6F743A2073A9
:1097100070696E6E696E6720656E646C6573736CDC
:10972000792E2E2E0A007F7F7F7F7F7F7F7F7F7F36
:109730007F7F7F7F7F7F7F7F7F7F7F7F7F7F7F7F39
:109740007F7F7F7F7F7F7F7F7F7F7F7F7F7F7F7F29
:109750007F3E7F7F7F3F3435363738393A3B3C3D5B
:109760007F7F7F407F7F7F0001020304050607089B
:10977000090A0B0C0D0E0F101112131415161718E1
:10978000197F7F7F7F7F7F1A1B1C1D1E1F202122B8
:10979000232425262728292A2B2C2D2E2F30313221
:1097A000337F7F7F7F7F4142434445464748494A54
:1097B0004B4C4D4E4F505152535455565758595A81
:1097C0006162636465666768696A6B6C6D6E6F7011
:1097D0007172737475767778797A303132333435C3
:1097E000363738392B2F2A2A2A20426F6F74696E38
:1097F00067204D79204170706C69636174696F6E88
:109800002076322E312E302D6465762D663165310D
:109810003637353633303536202A2A2A0A002A2AA6
:109820002A205573696E67206E524620436F6E6E14
:109830006563742053444B2076322E362E39392DF1
:10984000616361313131376331353465202A2A2A29
:109850000A002A2A2A205573696E67205A657068A3
:109860007972204F532076332E362E39392D63638B
:1098700064336432376465336361202A2A2A0A001C
:1098800025633A204E6F7420656E6F756768206D92
:10989000656D6F727920746F2073746F72652069C3
:1098A0006E636F6D696E672064617461210A007375
:1098B000657269616C5F61646170746572002563D3
:1098C0003A2054580A0072630025633A20457261B9
:1098D00073696E672072616E6765203078256A78DB
:1098E0003A3078256A780A0025633A204572726F0B
:1098F00072202564207768696C65206572617369E0
:109900006E672072616E67650A0064617461006C45
:10991000656E006F66660025633A20577269746948
:109920006E67206174203078257820756E74696CBC
:1099300020307825780A0025633A2052583A2030A2
:109940007825780A00696D6167657300736C6F74C0
:1099500000686173680076657273696F6E002568D0
:10996000752E2568752E256875002E257500636C8B
:109970006F636B4035303030006866636C6B006C31
:1099800066636C6B00666C6173682D636F6E7472D6
:109990006F6C6C6572403339303030006770696FBE
:1099A0004038343235303000000102030405060728
:1099B000756172744038303030007065726D0074BB
:1099C000657374004255473B2063616E27742068BD
:1099D000617070656E007265766572740025633A19
:1099E000205365636F6E6461727920696D6167658C
:1099F000206F6620696D616765207061697220283B
:109A000025642E2920697320756E72656163686113
:109A1000626C652E205472656174206974206173D4
:109A200020656D7074790A0025633A20496D61677D
:109A30006520696E6465783A2025642C205377612F
:109A40007020747970653A2025730A0025633A20E6
:109A5000496D61676520696E6465783A2025642CDC
:109A6000205377617020747970653A206E6F6E654F
:109A70000A000401040304020401040104030103B5
:109A800003040104092040081C40010202030303EF
:109A90000300000088EACD1F55555515AAAAAA1A39
:109AA00071630000A48D00000000000000C20100EE
:109AB000000103003400002000000000723D00207F
:109AC000713D0020000000000000000000000000C8
:109AD000733D00202000000000000000F56700003A
:109AE000BB7E0000BD7E0000B77E0000FFFF0000CF
:109AF0000000000000000000000000000000000066
:109B00000000000000000000000000000000000055
:109B10000000000000000000000000000000000045
:109B20000000000000000000000000000000000035
:109B30000000000000000000000000000000000025
:109B400008000000FF00000000000000010000000D
:109B500000000000C0000020C00000200000000045
:109B6000095B0000D8000020F4000020EC00002079
:109B7000E8000020E400002020010020180100205F
:109B80001001002000000000080100201D5E000000
:109B9000695D00009D5D0000E55D0000B81B0020D0
:109BA0003A00003ABC1B00203A00003AC01B0020DB
:109BB0003A00003AC41B00203A00003A00000000BE
:089BC0000000000015E015E0B3
:10C000003DB8F396000000000002000074F101004A
:10C010000000000000000000000000000000000020
:10C02000FFFFFFFFFFFFFFFFFFFFFFFFFFFFFFFF20
:10C03000FFFFFFFFFFFFFFFFFFFFFFFFFFFFFFFF10
:10C04000FFFFFFFFFFFFFFFFFFFFFFFFFFFFFFFF00
:10C05000FFFFFFFFFFFFFFFFFFFFFFFFFFFFFFFFF0
:10C06000FFFFFFFFFFFFFFFFFFFFFFFFFFFFFFFFE0
:10C07000FFFFFFFFFFFFFFFFFFFFFFFFFFFFFFFFD0
:10C08000FFFFFFFFFFFFFFFFFFFFFFFFFFFFFFFFC0
:10C09000FFFFFFFFFFFFFFFFFFFFFFFFFFFFFFFFB0
:10C0A000FFFFFFFFFFFFFFFFFFFFFFFFFFFFFFFFA0
:10C0B000FFFFFFFFFFFFFFFFFFFFFFFFFFFFFFFF90
:10C0C000FFFFFFFFFFFFFFFFFFFFFFFFFFFFFFFF80
:10C0D000FFFFFFFFFFFFFFFFFFFFFFFFFFFFFFFF70
:10C0E000FFFFFFFFFFFFFFFFFFFFFFFFFFFFFFFF60
:10C0F000FFFFFFFFFFFFFFFFFFFFFFFFFFFFFFFF50
:10C10000FFFFFFFFFFFFFFFFFFFFFFFFFFFFFFFF3F
:10C11000FFFFFFFFFFFFFFFFFFFFFFFFFFFFFFFF2F
:10C12000FFFFFFFFFFFFFFFFFFFFFFFFFFFFFFFF1F
:10C13000FFFFFFFFFFFFFFFFFFFFFFFFFFFFFFFF0F
:10C14000FFFFFFFFFFFFFFFFFFFFFFFFFFFFFFFFFF
:10C15000FFFFFFFFFFFFFFFFFFFFFFFFFFFFFFFFEF
:10C16000FFFFFFFFFFFFFFFFFFFFFFFFFFFFFFFFDF
:10C17000FFFFFFFFFFFFFFFFFFFFFFFFFFFFFFFFCF
:10C18000FFFFFFFFFFFFFFFFFFFFFFFFFFFFFFFFBF
:10C19000FFFFFFFFFFFFFFFFFFFFFFFFFFFFFFFFAF
:10C1A000FFFFFFFFFFFFFFFFFFFFFFFFFFFFFFFF9F
:10C1B000FFFFFFFFFFFFFFFFFFFFFFFFFFFFFFFF8F
:10C1C000FFFFFFFFFFFFFFFFFFFFFFFFFFFFFFFF7F
:10C1D000FFFFFFFFFFFFFFFFFFFFFFFFFFFFFFFF6F
:10C1E000FFFFFFFFFFFFFFFFFFFFFFFFFFFFFFFF5F
:10C1F000FFFFFFFFFFFFFFFFFFFFFFFFFFFFFFFF4F
:10C20000F80B002069C800003DC90000911A010028
:10C21000B11A0100D11A0100111B0100F11A01002D
:10C22000000000000000000000000000BDE8000069
:10C230003DC90000000000003DC900003DC90000EC
:10C24000000000000000000000000000B9F3000042
:10C25000000000003DC900000000000000000000D8
:10C260003DC900003DC900003DC900003DC90000B6
:10C27000000000003DC900003DC900003DC90000AC
:10C280003DC900003DC900000000000000000000A2
:10C290003DC900003DC90000000000000000000092
:10C2A0003DC9000000000000000000003DC9000082
:10C2B0003DC900003DC900003DC900003DC9000066
:10C2C0003DC900003DC900003DC900003DC9000056
:10C2D0003DC90000000000003DC900000000000052
:10C2E0003DC90000000000003DC900000000000042
:10C2F0003DC9000000000000000000000000000038
:10C30000000000003DC90000000000000000000027
:10C31000000000000000000000000000000000001D
:10C32000000000003DC90000000000000000000007
:10C3300000000000000000000000000000000000FD
:10C340003DC9000000015F5F00000000FE0B00001F
:10C350004DE9000080060000000000000000000021
:10C36000000000000000000000000000401200205B
:10C370000000000001015F5F030100001F010000D9
:10C3800085C6000000000000000000000100000061
:10C39000010000000000000000000000000000009C
:10C3A0000000000070000000141F01008000000069
:10C3B000000F000001000000D1C4000001015F5F18
:10C3C000040100001F010000F3C70000000000008E
:10C3D000000000000000000001000000000000005C
:10C3E0000000000000000000000000001F1F01000E
:10C3F000400000000507000001000000DFC600004B
:10C4000038B50025054C29462046D4F80024C4F848
:10C41000045405F0E6FBC4F8005438BD200C00209D
:10C4200013B511460022CDE9002242680346382A9E
:10C43000046844D194F82820022A19D01AB900F0CF
:10C4400047F902B010BD21482468D0F80404013A2D
:10C45000CDE90040082A35D8DFE802F0050A0E13BE
:10C46000181D22272C006A46184600F02EF9E8E72E
:10C47000184600F018F9E4E76A46184600F016F985
:10C48000DFE76A46184600F00BF9DAE76A46184615
:10C4900000F00FF9D5E76A46184600F00DF9D0E72D
:10C4A0006A46184600F00BF9CBE76A46184600F0DA
:10C4B00009F9C6E76A46184600F00EF9C1E76FF0C1
:10C4C0008000BEE76FF08500BBE700BF200C0020B6
:10C4D0002DE9F04F05680446A1B0002D40F0AA8078
:10C4E0002022294602A805F07CFB12AF2022294613
:10C4F0000AA805F076FB38222946384605F071FB7C
:10C50000E26904F11C039846B2B10426E26A04F120
:10C510002C03EAB10425EEB96FF08306304621B052
:10C52000BDE8F08F002EF1D053F8041D3246013ED5
:10C530000029F7D01646E9E70326F5E7002DEAD0F3
:10C5400053F8041D2A46013D0029F7D01546E2E7BD
:10C550000325F5E738233A460021606805F07EFBA5
:10C560003828D9D14FF00109CDE90270334F0DF1D0
:10C57000080A04F1100B4E45D7F800141CD10DF138
:10C5800028094B46002008EB850EC64533D108B17B
:10C59000C7F80014A3683146C7F804340AAA2B462A
:10C5A00002A8FFF73DFF00270646BD4209F1080932
:10C5B00038D1FFF725FFB1E75BF8043FC1F5806292
:10C5C000D81C20F00300904204D9FFF719FF6FF048
:10C5D0008C06A3E70844CA19C7F8000449466068F6
:10C5E000019205F03BFB019ACAF80C0009F1010920
:10C5F0004AF8082FBFE758F804CFC1F5806A0CF15C
:10C60000030222F00302524503F1080305D878180B
:10C6100043E9020C11440120B7E70028D5D0C7F840
:10C620000014D2E7394659E90223606805F02BFB74
:10C630000137BAE76FF0850670E700BF200C0020D5
:10C6400008B528220021024805F0CBFA002008BDD9
:10C650002810002010B5044C0F222046034905F095
:10C660009BFA204610BD00BF51100020F6C7000005
:10C6700008B50121024803F071FA002008BD00BF8F
:10C680005010002008B5FFF7DBFF40B9FFF7E2FFCD
:10C69000FFF7EEFF18B9BDE8084003F0CDBA08BDBA
:10C6A0006FF0850070476FF0850070476FF0850070
:10C6B00070476FF0850070476FF0850070476FF02E
:10C6C000850070476FF0850070476FF085007047F8
:10C6D000D1E9000103F090BA6FF085007047F0B522
:10C6E00003680546B3F57D7FA7B007D040F2F53269
:10C6F000934207D06FF0850027B0F0BD01F07EFCBB
:10C700000020F9E700243C22214607A8CDE9024495
:10C71000CDE90444069405F064FA3C22214617A8AA
:10C72000169405F05EFAEA69019405F11C0302B360
:10C730000426EA6A05F12C033AB30424731E012B84
:10C7400052D8012C50D80423002168680DEB030255
:10C7500005F084FA04281AD06FF08000CCE7002E90
:10C76000E7D053F8041D3246013E0029F7D01646A3
:10C77000DFE70326F5E7002CE0D053F8041D22463E
:10C78000013C0029F7D01446D8E70324F5E7022E30
:10C7900016D16E69402E29D806AF33463A4601219C
:10C7A000686805F05BFA8642D6D1CDE9027602A927
:10C7B00044B92246019801F0F8FD044620469BE763
:10C7C0000021F5E72B6A402BC6D816AACDE9042331
:10C7D000019804AA01F0E9FDDDE9042304460021E3
:10C7E000686805F050FAE9E7012085E76FF08900F5
:10C7F00082E7002070474D62656420544C5320331B
:10C800002E352E3000000000000000000000000067
:10C810000000000000000000000000000000000018
:10C820001430000001000000407C01008010002056
:10C830004A000000407C0100200C002000000000A5
:10C84000407C0100000C002000000000A811002026
:10C85000C4050000200C002018010000000C00207E
:10C860000800000002F022BC08B572B6002383F372
:10C870001488BFF36F8F83F30A8883F30B88BFF3A9
:10C880005F8F254B5A6A22F480325A62D3F8942083
:10C8900022F00102C3F89420BFF34F8FBFF36F8FD4
:10C8A0001E4A9A6000F058F81D4B83F309881D4B0F
:10C8B00083F30A8883F30B881B4B15A1D1E9000190
:10C8C000C3E9000100F0EEF8184B19498B4212D36E
:10C8D0000020184B18498B4218D302F0AFFF18689C
:10C8E00050F82240586840F822400132986882424D
:10C8F000F5D30C33EAE70022F8E71C6844F822007D
:10C9000001325C68A242F8D30833E4E70022F8E77A
:10C91000A5EDF5FEA5EDF5FE00ED00E000C200007E
:10C92000F80B002000040020F80B002028C80000AD
:10C930004CC800004CC8000064C80000EFF3088039
:10C94000EFF309812DE9F00F6B46724600F06EF9A6
:10C9500008B0FFF787FFFEE738B572B6002383F310
:10C96000138883F311884FF0FF30274A03F1200129
:10C970000133102B42F82100F8D100234FF0FF348F
:10C98000214A03F160010133102B42F82140F8D114
:10C99000012200251D4B29465A60C3F84843C3F8BD
:10C9A000084303F580535A60C3F84843C3F808436B
:10C9B000A3F55043C3F800558022C3F80843144838
:10C9C00005F00FF929468022124805F00AF9124BAA
:10C9D0002946C3F800558022C3F808430F4805F0E4
:10C9E00000F9802229460E4805F0FBF80D4BC3F8EC
:10C9F00008454FF05023C3F8084362B6BFF34F8F8A
:10CA0000BFF36F8F38BD00BF00E100E00040015070
:10CA10008080005080810050009000508090005035
:10CA2000809100500070015008B5EFF31083012B86
:10CA30000C4A07D1126ABFF34F8F511C4A424A4138
:10CA4000104608BD01F01CFB00B172B6126ABFF3BC
:10CA50004F8F531C5A425A4101F012FB0028EFD06D
:10CA600062B6EDE70080FF0008B5EFF31083012BFD
:10CA70000B4A06D1D269BFF34F8F02F00102104674
:10CA800008BD01F0FDFA00B172B6D269BFF34F8F55
:10CA900002F0010201F0F4FA0028F0D062B6EEE7ED
:10CAA0000080FF00584A10B5D2F8D03043F002039E
:10CAB000C2F8D03001F0E4FA30B14FF05023002238
:10CAC000C3F81421C3F8182101F0E9FA28B10122B2
:10CAD0004E4BC3F8382AC3F878254FF47F02D2F8BA
:10CAE0003031D2F83421BFF34F8FC3F30B03092B3E
:10CAF00005D1012A1EBF0122444BC3F8782501F05D
:10CB0000CEFA18B10E22424BC3F8E42E01F0B8FA67
:10CB100030B100223D4BC3F80C270122C3F8102787
:10CB20000022D30003F57F03D3F80013BFF34F8F28
:10CB3000013108D0D3F800130132D3F80433B2F531
:10CB4000807F0B60EDD1EFF31084FFF78DFF00289D
:10CB50004DD0BFF34F8F2F4BD3F80024012AFBD1C8
:10CB6000C3F80425D3F80024012AFBD1012C03D0FB
:10CB700001F086FA00B172B6FFF776FF58B1264A87
:10CB8000D36923F00103D361BFF34F8F214AD2F859
:10CB90000034012BFBD1FFF747FF68B11E4A136A2F
:10CBA00023F0FF0343F020031362BFF34F8F194AB2
:10CBB000D2F80034012BFBD1012C03D001F060FA34
:10CBC00000B162B60022134BC3F80425D3F8002449
:10CBD000012AFBD1BFF34F8F0B49104BCA6802F4F7
:10CBE000E0621343CB60BFF34F8F00BFFDE7FFF759
:10CBF0001BFF0028ADD1044AD2F88C3043F44063C7
:10CC0000C2F88C3010BD00BF00ED00E000400050C5
:10CC100000A00350009003500080FF000400FA05BC
:10CC20007C22014904F0B8BFDC18002038B51D464D
:10CC3000364B374C5B68C3F308032360EFF3038381
:10CC4000C4E901206365C2F3801302F00C020C2AD0
:10CC5000E16036D10BB9EFF3898120222D482161A3
:10CC600004F09AFF25B1202229462B4804F094FFB6
:10CC7000264B9A6AA265D96AE165986B206602F430
:10CC800000406066586BA06602F08000E0669A6221
:10CC9000D962D3F8E42021482267D3F8E81061670D
:10CCA00002F04001A167C3F8E4200E2101F009FA67
:10CCB0002268D31E042B1CD8DFE803F0090F1215DD
:10CCC000180013B9EFF38881C7E70146C5E70C21C7
:10CCD0001348BDE8384001F0F4B912211148F8E7D3
:10CCE0000B211148F5E70D211048F2E70E211048FD
:10CCF000EFE70F2A98BF1421BDE8384089BF2521EE
:10CD00000C480D48103A01F087BB00BF00ED00E071
:10CD1000DC180020F01800201019002088F4000012
:10CD200096F40000A2F40000B4F40000BFF4000088
:10CD3000CCF40000DAF40000EEF400002DE9F34139
:10CD400006460F460C4DD5F82C80C04710F0010464
:10CD5000FBD1394630466B69984740B9C047C30795
:10CD6000FCD42B6A019302B0BDE8F041184720467D
:10CD700002B0BDE8F08100BF14F5000010B5084C0A
:10CD80000020A3689847236902209847A46A0549B0
:10CD90000120A0472346BDE8104001211520184777
:10CDA00014F5000040420F00064B82B018680023C3
:10CDB00082B262F30F03000C60F31F43184602B007
:10CDC000704700BF5CF50000014B1869704700BF59
:10CDD00084100020014B5869704700BF8410002068
:10CDE00010B5044C204600F0B5FE002084F8200069
:10CDF00010BD00BF8410002038B50C4D0C4695F8CE
:10CE0000203013B94FF0FF3038BD0A46014628469E
:10CE100000F02AFF064B984205D00B3B9842F1D117
:10CE200000206C61F0E76FF00100EDE78410002056
:10CE30000B00AD0BF0B51B4E054696F820300C46A6
:10CE400091B01BB94FF0FF3011B0F0BD00F060435E
:10CE5000B3F1005F21D100230A460146304600F0BD
:10CE6000EFFB114B98421AD00B3B9842EAD1346148
:10CE700011E0A71B402F28BF4027A9193A46684652
:10CE800004F08AFE39466846FFF7D4FF0028DBD15C
:10CE90004036B442EDD80020D6E70026F9E76FF01F
:10CEA0000100D1E7841000200B00AD0BC3B2012BB1
:10CEB00010B540F096804DF6C023994270D028D826
:10CEC000B1F5615F6FD011D8B1F5965F6DD008D81C
:10CED000B1F5966F6BD0B1F5166F6BD06FF00700A0
:10CEE0005DE0B1F5165FF9D1454B33E047F612230B
:10CEF000994262D007D8B1F5964F61D0B1F5E14FB4
:10CF0000ECD1404B26E0B1F5164FE7D14FF41D03AD
:10CF100020E03D4B994255D011D8B1F5E13F54D0B6
:10CF200007D8B1F5614F53D0B1F5963FD6D1374B05
:10CF300010E0B1F5613FD1D14FF06C730AE0B1F56B
:10CF4000612F48D0324B994248D0B1F5E12FC5D17D
:10CF50004FF0E86310F4E06F46D110F4404103D085
:10CF6000B1F5804F43D1102110F4405203D0B2F5F7
:10CF7000805F3FD10E2210F4403003D0B0F5403F27
:10CF80003BD10120234C20766276E361A1760A43EF
:10CF900024681043C4F82435C4F86C05002010BD83
:10CFA0004FF46503D6E71C4BD4E71C4BD2E74FF494
:10CFB0009E23CFE74FF41D23CCE74FF40003C9E7CE
:10CFC000174BC7E74FF08063C4E74FF0EB73C1E73F
:10CFD0004FF46B03BEE74FF07063BBE74FF0805335
:10CFE000B8E76FF00300DAE76FF00800D7E76FF0FB
:10CFF0000A00D4E76FF00900D1E76FF00B00CEE72D
:10D000000050270000C0750090D0030000903A0146
:10D0100040420F008410002000F03A0000B01300DE
:10D0200000A04E0010B58EB02422002105A804F007
:10D03000D8FD4FF0FF33CDE90133CDE903334FF095
:10D04000EB730B930723104C01A8D4E902128DF85F
:10D05000363001F054F801460022204600F03AFA3A
:10D060000A4B98420DD10C9B002023831B0CA37606
:10D070000B9BC4E90400E361012384F820300EB067
:10D0800010BD6FF00100FAE7841000200000AD0B26
:10D090007FB500250C46C0F808511646D0F8082187
:10D0A000D0F8002222F02002C0F80022104AC0F876
:10D0B000082301F074F8A560256104F14C03D3E85E
:10D0C000EF1F21F47F0121F47041C3E8E21F002A21
:10D0D000F5D110222946684604F083FD04236846F2
:10D0E0008DF800300196D4E90013984704B070BD64
:10D0F00010020A0000F01F03400909D1074A02EBA1
:10D100008303D3F80012064A0A40C3F8002270478E
:10D110000022803352F82330FFDE00BF0025845008
:10D12000F0F8FCFF2DE9F04F804690F804A0502065
:10D13000664F0E4600FB0A70416885B049B113F096
:10D14000020304D0836B002B00F0B2800123009314
:10D1500000E000914FF0500909FB0A73DB6CD9061F
:10D1600000F1A6804FF0010BB3180293029BB3426B
:10D1700000F0A78006F06043039398F80450D8F8B5
:10D18000004009FB05739A6B9AB9039BB3F1005FEA
:10D1900040F09980019200F0A1FD09FB0572D16C6D
:10D1A000204601F0010100F0C8FF28B900F09EFD03
:10D1B000E3E701230193EEE7516C33460029BCBF3E
:10D1C000D4F84C155164019A42B109FB05713078CD
:10D1D000D1E90E23D054D1E90E3213441BB1C4F867
:10D1E0004435C4F848B50022C4F82021D4F82011F1
:10D1F000C4F85821D4F85811C4F85021D4F850215B
:10D200000822C4F80025009AE2B14FF48003C4F864
:10D210000433C4F808B000F069FD502303FB0A7220
:10D22000516800294BD1D26C120748D503FB0A7311
:10D230004C33D3E8EF1F21F00801C3E8E21F002AB6
:10D2400036D0F6E7C4F808B0019300F04FFD09FBB3
:10D250000572D16C019B01F001012046019300F0A1
:10D260006CFF8446019BD4F84C05D4F84425BCF1EE
:10D27000000F0DD19342F0D005EB850507EB0515A6
:10D28000D1B100F02BFD2946204600F0CDFFC2E7CA
:10D2900005EB8505934207EB0515F1D10028EFD189
:10D2A00000F01CFD2946204600F0BEFF00F01EFDE8
:10D2B000074805B0BDE8F08FC4F80CB0E1E70136CF
:10D2C00054E70448F5E70448F3E700BF5819002085
:10D2D0000800AD0B0000AD0B0400AD0B430904D1F9
:10D2E0000123034A83409360704700239B60FFDE65
:10D2F0000025845000F01F0340090BD1084A02EBBF
:10D300008302D2F80012074B0B4043F00303C2F82C
:10D31000003270470022803352F82330FFDE00BF16
:10D3200000258450F0F8FCFF2DE9F84391F83030E7
:10D3300005460C4690F804800F6853BB5023DFF875
:10D340005091781C03FB0893DE6C46F00072DA649F
:10D3500004D03846FFF7C2FFFFF7CCFF6068411CDE
:10D3600001D0FFF7C7FE94F82C30012B11D15023C8
:10D3700003FB0893E06846F02066421CDE6401D09F
:10D38000FFF7B8FEA068431C03D0FFF7A7FFFFF725
:10D39000B1FF94F82F0038B950223D4B02FB0833FF
:10D3A000DA6C42F08072DA6494F82CC094F82D1094
:10D3B00094F82E202B68D4F828E041EA0C010A43A7
:10D3C000E668D4E90198C3F824E5C3F86C2550B9A0
:10D3D000BCF1010FC3F80C75C3F8149504BFC3F872
:10D3E0000885C3F81065D3F8682503F26458012A4C
:10D3F00008BFDA60D3F86425012A13D1082149F661
:10D400004046244FC3F8001547F001075A60D8F88A
:10D4100000309BBB2B68D3F88024C3F88024002203
:10D42000C3F8002500212B6894F83220C3F81011AE
:10D43000D3F81001C3F82011D3F82001C3F8241148
:10D44000D3F82401C3F84411D3F84401C3F85811A8
:10D45000D3F8581143F307335201002BD2B212DB39
:10D460000D49C81880F800230122580903F01F0352
:10D4700002FA03F341F82030BDE8F8834020B847B2
:10D48000013EC4D1C6E7054903F00F03CA54F3E7D0
:10D490005819002060F5000000E100E014ED00E004
:10D4A00000F01F0340090BD1084A02EB8302D2F8B7
:10D4B0000012074B0B4043F00203C2F800327047E2
:10D4C0000022803352F82330FFDE00BF0025845055
:10D4D000F0F8FCFF2DE9F3479046502290F80490B5
:10D4E000514C02FB09FA04EB0A070D4697F8481065
:10D4F0000646002940F0858009EB890004EB001006
:10D5000004F06FFB2B69AA6944F80A306B69BB63AE
:10D5100002B1013A502303FB0943DA632A6A042A61
:10D5200081BFEA699A610022DA6195F83130B8F179
:10D53000000F37D083F001073F0233B1502303FBC4
:10D540000943DA6C42F00102DA64502303FB094418
:10D550000123C4F8048084F848303468D4F84C219E
:10D5600012BB29463046FFF7DFFE0822002334684D
:10D570008DF80730C4F800250DF10702C4F84425E2
:10D58000C4F8483501230A25A360E360D4F8583174
:10D59000002B38D1254B402043F001039847013D33
:10D5A000F4D128E04746C8E708224FF06409C4F8E0
:10D5B000002563601D4B43F0010AD4F84431F3B9F0
:10D5C000D4F82431DBB94FF42070D047B9F1010908
:10D5D000F3D14B460022C4F84C21D4F84C11C4F8C6
:10D5E0001021D4F81011C4F84421D4F84411C4F81F
:10D5F0000025002BB5D10E4802B0BDE8F08701230D
:10D60000E8E70C48F8E70023C4F820319845D4F83F
:10D610002021C4F80035084B08BF00231F4333689E
:10D620000648C3F80473E7E75819002060F50000C6
:10D630000100AD0B0C00AD0B10020A000000AD0B99
:10D640002DE9F04784460F469E4616460579002A86
:10D6500051D04FF0500ADFF8AC80D0F800900AFBB0
:10D66000058ADAF8044074B96BB9DAF82C50002D49
:10D6700043D1CAF82C20FFF755FD0446CAF82C50B8
:10D680002046BDE8F0871EF0030F07D073463246F0
:10D690003946BDE8F0476046FFF744BD07F06043F8
:10D6A000B3F1005F4FF0500414D104FB058400F087
:10D6B00015FBE26A1AB1144C00F018FBE0E7C4E96C
:10D6C0000A7605EB8505484608EB051100F0B7FD25
:10D6D0000E4CF1E704FB0584A36B83B100F0FEFA66
:10D6E000E36A002BE7D1E36C012243F00203C4E9B3
:10D6F0000A76E364E5E7064CC2E7034CC0E7054C55
:10D70000BEE700BF581900200B00AD0B0000AD0BA9
:10D710000600AD0B0A00AD0B2DE9F8435023067946
:10D72000284D046803FB0653D4F80473DA6AC4F87E
:10D73000087322B92448C4F80473BDE8F88306EBE3
:10D74000860005F14C024FEA001802EB0012D2E805
:10D75000EFCF4CF0080CC2E8E0CF0028F7D101224F
:10D76000E26031B3D96C01EA02094946204600F073
:10D77000E4FC0028FAD000F0B1FAB9F1000F1CD196
:10D78000D4F8203153B10123E360D4F85831002B91
:10D79000FBD0204605EB080100F046FD00F0A6FA9C
:10D7A0000023C4F82031D4F82021502202FB065572
:10D7B000EB620648C4F80473BFE7D4F85831002B75
:10D7C000E7D1EBE7581900200500AD0B0000AD0BC9
:10D7D0002DE9F84390F80480484F08EB880636019D
:10D7E00006F14C0504683D44D5E8EF3F43F4805210
:10D7F000C5E8E02F0028F7D1DB047BD4480705D526
:10D80000502303FB08739B69002B75D03C4B3E44AF
:10D81000C4F808330823C4F800350023C4F81031D5
:10D82000D4F81021C4F84C31D4F84C21C4F8443158
:10D830000A03D4F844318B0303F4804302F400520A
:10D840004903134301F400410B43D5E8EF2F1A437A
:10D85000C5E8E12F0029F8D14FF0500909FB0879FC
:10D86000D9F80830BBB9D9F8043063B9D5E8EF3F2F
:10D8700023F47F0323F47043C5E8E23F002AF5D187
:10D880002048BDE8F8830321304600F063FCD9F856
:10D890000830002BEAD0D4F80433590713D55023AD
:10D8A00003FB08735A6872B1DB6C1A030BD5D5E819
:10D8B000EF3F23F40023C5E8E23F002AF7D1062119
:10D8C000304600F047FC502303FB0873DB6CDB049D
:10D8D00001D40D48D5E7D4F84C310BB901232360AE
:10D8E000502303FB08735B68002BF2D0044BC4F891
:10D8F0000433EEE70548C4E70548C2E7581900209D
:10D9000010020A000200AD0B0000AD0B0B00AD0BC6
:10D910000800AD0B2DE9F84F056801F06043D5F81C
:10D9200004A3B3F1005F90F804B089461746C5F828
:10D9300008A37CD15023404E03FB0B639A6852B17D
:10D940005B68002B5ED1D5F81021002A5AD0C5F8AB
:10D950001031D5F81031502404FB0B64E269C4E99E
:10D960000297002A3CD00BEB8B0897424FEA08182D
:10D9700024D24FF0000B3A46A1694846C4E902BBE5
:10D9800004F00AF9E269A069D21BC119E26104F04E
:10D99000CDF863686BB1B04449463A46404600F062
:10D9A000EAFBE36C990404D55A4641462846FFF742
:10D9B0006FFB2248C5F804A3BDE8F88F4846A1696B
:10D9C00004F0EAF8E36963620023E3611C4B9844C6
:10D9D000D8E8EF3F43F40023C8E8E23F002AF7D13C
:10D9E000502303FB0B63586ADA689968DB6C121AE0
:10D9F0000144C5F83415C5F83825DA04D9D5012312
:10DA00002B60D6E7502303FB0B6633698BB9F36CAD
:10DA1000C5F834955B04C6E90497C5F83875C8D5D0
:10DA2000D5F8003243F02003C5F80032C1E70548BD
:10DA3000C0E70548BEE700BF581900200000AD0B45
:10DA4000A41900200A00AD0B0B00AD0B50232DE9EB
:10DA5000F0413C4D90F80480046803FB0853DB6CF4
:10DA6000D4F8000203F48223B3F5805F68D1D4F8C0
:10DA70000463C4F8086309B9830656D4D4F80032A5
:10DA800023F02003C4F800324FF4842308EB88010C
:10DA9000090101F14C072F44D7E8EF0F1843C7E8FD
:10DAA000EC0FBCF1000FF7D12AB9502303FB085348
:10DAB0005B68002B41D1244BC4F808330123636019
:10DAC000D4F84431002BFBD00023C4F84C31D4F8F7
:10DAD0004C21C4F81031D4F81021C4F84431D4F8E2
:10DAE0004431502303FB0853DA6C12F400421FD177
:10DAF000DA61204600F053FB502303FB0855002356
:10DB0000AB602B61D7E8EF3F23F47F0323F470432E
:10DB1000C7E8E23F002AF5D126F4202626F4047651
:10DB20000A48C4F80463BDE8F0814FF48033ADE7E0
:10DB30002046294400F045FBDBE701236360EFE763
:10DB40000348F0E75819002010020A000000AD0B4E
:10DB50000500AD0B2DE9F8432F4A03680679C3F899
:10DB6000082343F30733002B04460DDB01215A0938
:10DB700003F01F03994002F12003284A42F82310C2
:10DB8000BFF34F8FBFF36F8F012220461146FFF77F
:10DB90005DFF01212046FFF7BFFD50212279204D76
:10DBA000236801FB0252D46CD3F80C05E201D3F8D0
:10DBB0001495D3F80875D3F8108509D54FF0FF32C6
:10DBC000C3F80C25C3F81425C3F80825C3F810259D
:10DBD000A30116D5411C01D0FFF762FCB9F1FF3F4C
:10DBE00002D04846FFF75CFC22010AD5B8F1FF3F9E
:10DBF00002D04046FFF754FC7B1C02D03846FFF7AA
:10DC00004FFC5023002203FB0653DA6483F84820BC
:10DC10005A60BDE8F88300BF10034A0000E100E04D
:10DC20005819002010B5502402790B4B04FB023325
:10DC30005B686BB90368D3F810211AB9D3F80025D3
:10DC4000082A07D011B1D3F83C350B60034810BD4A
:10DC50000348FCE70348FAE7581900200000AD0B21
:10DC60000800AD0B0B00AD0BF7B505461646FFF7E8
:10DC700051FE164B0446984222D1032128462F79A3
:10DC8000FFF7A6FD124B984201D0A0421BD15022B3
:10DC9000104B02FB07335B6893B90C4C284601A973
:10DCA000FFF7C0FFA042F9D1019BB34207D3012285
:10DCB0002846114603B0BDE8F040FFF7C7BE064C4A
:10DCC000204603B0F0BD0446FAE700BF0000AD0BEC
:10DCD0000B00AD0B581900200800AD0B72B6024ABC
:10DCE0001368013313607047A8190020034A1368B2
:10DCF000013B136003B962B6704700BFA81900204A
:10DD0000003A18BF0122003918BF012103688900B9
:10DD1000074841EA4201186359605A6842F001021B
:10DD20005A60BFF34F8FBFF36F8F0020704700BF63
:10DD300004AAFF000722024BC3F80423704700BF68
:10DD400000300050084BD3F80801D3F80021003808
:10DD500018BF012080000AB140F00100D3F804315F
:10DD60000BB140F002007047003000500022074B1A
:10DD7000C3F80021D3F80011C3F80421D3F804112B
:10DD8000C3F80821D3F80831704700BF00300050B5
:10DD9000002317200C49012B03F1010201D813467F
:10DDA000F9E703F5C073202A41F823001346F2D1A6
:10DDB00000231720044A03F5E0710133202B42F8B9
:10DDC0002100F8D1704700BF0030005010B59DF819
:10DDD0000840C00B43EA0423064CC90B43EA021374
:10DDE000884200D910BDC2B202F5C07244F8223098
:10DDF0000130F5E70030005010B59DF8084000F103
:10DE0000604043EA042301F16041074C400B490B99
:10DE100043EA0213884200D910BDC2B202F5E07293
:10DE200044F822300130F5E700300050C0F30E0313
:10DE3000C3F50043B3FA83F3C3F11B03064AC0F3EF
:10DE4000C730DBB240F4807043F48073C2F8000541
:10DE5000C2F80435704700BF00300050430301484A
:10DE600018447047FF1FF81F054BC0F30730090225
:10DE700041F0300100F5007043F82010704700BFFA
:10DE800000300050044BC0F30730090200F5007069
:10DE900043F82010704700BF0030005008B5FFF76E
:10DEA00051FF044B162118600348BDE8084000F0FC
:10DEB00008B900BFEC1F002066F500000C220149E4
:10DEC00003F06ABEEC1F002010B501F05AFA0446B8
:10DED00090B901F0E7FE044680B90A4A2E21D368C2
:10DEE000094823F008031B041B0C43F0BF6343F4F1
:10DEF0000033D36000F0E5F8204610BD45F223540E
:10DF0000FAE700BF00ED00E07CF50000024B18606E
:10DF1000024B002019607047FC1F0020F81F0020F2
:10DF20001FB5274C426923685A6282699A62C269A6
:10DF3000DA62026A1A63426A5A63826A9A63C26A3E
:10DF4000DA63026B1A64426B5A60826B9A60C26B2E
:10DF5000DA60026C1A61426C5A61826C9A61C26C1E
:10DF6000DA61026D1A62826D5A65C26D9A65026F3E
:10DF7000DA65026E1A66826E5A66426F9A66EFF32F
:10DF800088825A64EFF389829A644268DA64EFF314
:10DF900094821A65026801A81A67FFF78FFF236849
:10DFA000019ADA6601221A70064B1C686408640044
:10DFB000204621462246234603F0C7FE04B010BD8A
:10DFC000FC1F0020F81F002000B5A1B001A8FEF73B
:10DFD00027FE029B63B15B060AD4019B23F0020378
:10DFE000052B05D1044B1B6813B101A8FFF798FF5F
:10DFF00021B05DF804FB00BFF81F0020BFF34F8F76
:10E000000549064BCA6802F4E0621343CB60BFF3D4
:10E010004F8F00BFFDE700BF00ED00E00400FA05F0
:10E02000F8B543680C2B26D14B68042B23D14FF055
:10E03000FF3304680E6821683360E1B1A268D2B191
:10E040000623012001F0F5F8A8B961680B4BD3E96C
:10E05000005CA9420AD3A26865448F18AF4205D874
:10E06000206803F099FD00203060F8BD01300428DD
:10E0700003F10803EBD10220F7E700BFACF5000085
:10E080004FF47F03D3F83001D3F83431BFF34F8F0F
:10E09000C0F30B00A0F109035842584170474FF4F8
:10E0A0007F02D2F83031D2F83401BFF34F8FC3F37F
:10E0B0000B03092B03D1431E5842584170470020DF
:10E0C0007047FEF73BBE012070476FF003007047BA
:10E0D000002382B00193019802B070476FF00300F3
:10E0E0007047002382B00193019802B07047022864
:10E0F00014BF6FF0030000207047FEF79BBE30B5E1
:10E1000001EB8202914200D130BD51F8044B04F082
:10E110007F037F2B4FEA144408BF4FF0FF33032CDB
:10E12000F0D8DFE804F0020406080360EAE7436081
:10E13000E8E78360E6E7C360E4E70346D0F8580108
:10E1400030B931B9D3F82001003818BF0120704729
:10E150000120704730B504460D4685B010220021DD
:10E16000684603F03EFDD4E9001368468DF8005080
:10E17000984705B030BD7FB504460E4615460021D0
:10E180001022684603F02DFD012368468DF800300B
:10E19000CDE90165D4E90013984704B070BD10B50E
:10E1A0000446FFF79BFDD4F8583133B1D4F804335B
:10E1B00013F4800308BFC4F80035BDE81040FFF732
:10E1C00095BD70B50D4604460522AA21D0F83C65E0
:10E1D000A86903F006FD0522AB69C4F83435C4F81C
:10E1E00038250022C4F81021D4F810110121E16271
:10E1F000D4F810110029FBD0C4F84C21D4F84C11EC
:10E20000C4F81021D4F81021D4F83C259642EA61D4
:10E2100009D15A1E043312F8011FAA2903D19A42C8
:10E22000F9D10023EB6170BDD0F8583133B1CB6C1C
:10E23000C3F30032DB0458BFC0F80025704770B547
:10E24000CE6C0D4606F001010446FFF776FF38B9A3
:10E250004FF4800346F00406EE64C4F8043370BD46
:10E26000D5E90A365AB1296CEA6B761A964228BF6C
:10E27000164619443246A86B03F08EFCAB6B4FF088
:10E28000FF326A641BB1C4F84435C4F84865002302
:10E29000C4F82031D4F82021C4F85831D4F85821DA
:10E2A000C4F85031D4F850310823C4F800354FF485
:10E2B0008003C4F804330123A360D0E74B6830B572
:10E2C00013F01F052DD102680C681068C0F30720F9
:10E2D000844226D25068556094600C7C23F01F0362
:10E2E00004F001041C438B7CDB0003F018031C4387
:10E2F0004B7C5B0003F006032343D3608B68013B38
:10E3000023F01F04CB685B0003F00E03234343F0AC
:10E31000010313615060BFF34F8FBFF36F8F284627
:10E3200030BD0120FCE7036800205A68C9B258607C
:10E330009960D86018615A60704770B5054600242E
:10E3400003681E68C6F30726B44201D1002070BDE1
:10E3500021462846FFF7E7FF0134F5E7C003704781
:10E36000C00300F5FF407F307047002070471F203A
:10E3700070474FF40040704700F57F40C0304003C5
:10E380007047402070475F2070474FF4005070473F
:10E390000020704708B5FFF717FE72B620BFFDE7F3
:10E3A000002070470020704770470B4670B511463B
:10E3B00018B1032806D0032070BD1846BDE8704090
:10E3C000FFF72EBE5A68082A01D00220F4E74C68F5
:10E3D000042CFAD11D684FF0FF330E6829683360B2
:10E3E0000029F2D06B68002BEFD026237422012085
:10E3F00000F01FFF0028E8D122462323012069688E
:10E4000000F017FF04460028DFD1D5E90001FFF72F
:10E410007DFD30602046CFE730B50C46154685B00F
:10E4200038B139B1FFF74DFE041E03DA204605B0BE
:10E4300030BD044640F60D23ADF80E3009230B49DC
:10E4400001A805F00F028A5C2D091A54013B012B2B
:10E45000F7D147F630030C21ADF80430FFF731FE59
:10E460000028B4BF04462418E0E700BFCCF5000044
:10E4700008B5154B83F30A88144800F06DFF00BB04
:10E48000FFF722FDE8B9FFF783FFD0B9FFF788FF58
:10E4900098B9FFF789FF00F0CBFE35210C48FFF754
:10E4A00010FE00F011FC21210A48FFF70AFE00F0DF
:10E4B00039FA00F09FFE002008BDFFF773FF002827
:10E4C000E7D000F0F3FDEEE700040020AC190020D7
:10E4D000DCF5000011F600002DE9F04F93B0009339
:10E4E000574B8146D3F800B00BB2002B0D461646B1
:10E4F000C1F30268C1F3024A04DA6FF0800013B07E
:10E50000BDE8F08F8B42C36001D10020F7E708EB34
:10E510000A03042BF1D8CC0F64014FEAC807314637
:10E520003A46DBF8080044F0020300F082FE0146A0
:10E530000028E2D1202202A803F053FB3A463146DC
:10E5400002A84FEACA0603F027FB32460099DBF81F
:10E55000080044F0060300F06CFE07460028CCD10A
:10E56000014620220AA803F03CFB324600990AA883
:10E5700002AE03F011FB33460137B84514D91A46F1
:10E58000BC460DE0D2F808E0D168186871448842B2
:10E5900003D2596808448645AFD30CF1010C083208
:10E5A000C445EFD10833E7E715F0006F18BF20240A
:10E5B00009F1180707EB880844F00203474513D117
:10E5C000202C26D1002D02DBC5F3C0456C0109F1DA
:10E5D00028050AAE05EB8A0A44F0060455451AD10F
:10E5E000009BC9F87C3090E77268DBF8080056F8A9
:10E5F000081B019300F01DFE00287FF47EAF56F843
:10E60000042C019B47F8042F56F8082C38633A6213
:10E61000D4E70024DBE77268234656F8081BDBF8D2
:10E62000080000F006FE00287FF467AF56F8043CAF
:10E6300045F8043F56F8083C28642B63CEE700BF3A
:10E64000B01900202DE9F0411F461A4B0D46164621
:10E65000D3F8008000F0E1FE044608B900F026FD82
:10E66000E368002B01DA00F021FD032D01D900F051
:10E670001DFD04EB8504E569E36CED1A16D0062355
:10E680003A463146D8F8080000F0D3FD08B100F052
:10E690000DFDBD4228BF3D46E36CE16B2A4619449F
:10E6A000304603F079FAE36C2B44E3642846BDE876
:10E6B000F08100BFB01900202DE9F0411D461A4B32
:10E6C0000F461646D3F8008000F0A7FE044608B9AE
:10E6D00000F0ECFCE368002B01DA00F0E7FC032F0C
:10E6E00001D900F0E3FC04EB8704E36AE26E9B1AB5
:10E6F000AB4201D200F0DAFC02232A463146D8F8B8
:10E70000080000F096FD08B100F0D0FCE36EE06D6B
:10E710002A463146184403F03FFAE36E00202B44AA
:10E72000E366BDE8F08100BFB01900202DE9F0419B
:10E7300005464FF001080E4E0E4B37685C681CB959
:10E7400028463760BDE8F0812268936813F40070B2
:10E750000CD1A369012B09D0D368346023B1984749
:10E76000002801DA00F0A2FCC4F81880246AE6E769
:10E77000B0190020B419002038B5044610B96FF064
:10E78000800038BD8368002BF9D01A68002AF6D0C3
:10E790005D68002DF3D00B4BE861A8691D6020B9BE
:10E7A0002B68DB6853B90123AB61A36804F10C004B
:10E7B0001B681B69984701232360E2E798470028FC
:10E7C000F1DADCE7B01900204268024B08461A6013
:10E7D000704700BFB0190020002330B5056804461B
:10E7E000AA68C0E9063312F4406F85B01CD012F459
:10E7F000006202D000F082F90246A96A2B696846DD
:10E800000B44073123F0070321F00701CDE9021380
:10E810000093002305490193EB6800F075FA684600
:10E8200000F0DEFD024B1C6005B030BD2DE700009E
:10E83000B019002001F00C0370B50C2B0CBF15466D
:10E8400005464A060C461ED58B0658BF2835AB69CF
:10E8500013F8026C84F00803C3F3C003C6F38012FC
:10E86000934201D000F022FC16F0A00F1CD176B12B
:10E87000032E15D032461C210D48FFF7CDFD6FF059
:10E8800083032B600AE000F011FC2026E2E700F091
:10E8900011FB04460146074800F09EFD204670BD6E
:10E8A000284600F017FAF9E732461F210248E4E74C
:10E8B00032F60000F80B00204EF60000EFF308805F
:10E8C0007146EFF30982EFF30B830CB406B4FFF744
:10E8D000B1FF8646009900F0080001F00801401AD7
:10E8E00002DC12DB04B070471EF020031CBF2DE9D0
:10E8F000F00FBDF1080D0A4C254626462746A046D6
:10E90000A146A246A34630B4704704B030BC1EF006
:10E9100020031CBF1DF1080DBDE8F00F04B07047C7
:10E92000A5EDF5FE084BDA6882F07F4282F47F02A3
:10E9300042F48042DA6000221A765A76DA76DA7782
:10E94000602283F82220704700ED00E0009A0A4B15
:10E950009A420FD1012290430146024603460446E3
:10E9600005460646074680468146824683468446DB
:10E9700086460447FEE70000A5EDF5FE2DE9F041CF
:10E98000044618B943F6DA30BDE8F0810029F9D021
:10E990008368002513F4406F14BF01230023134F35
:10E9A00043F00203DFF848800B6000F13006236A71
:10E9B000AB4201D80020E7E71421A369E26906EB26
:10E9C000830301FB02330C226A4399188968090703
:10E9D00009D59B58BB4201D04345D3D1186810B12B
:10E9E0000121FFF741FA0135E1E700BFB410002033
:10E9F000AC10002070B5324C86B03248FFF79DFC59
:10EA0000236801255A1C01932F4B2260DA681B6989
:10EA10004FF44076039300232A4801A902920495FB
:10EA2000ADF814608DF81630FFF748FC18B143F6C6
:10EA3000DA3006B070BD23688DF816005A1C0193B9
:10EA4000224B20480293224B01A9CDE903352260D5
:10EA5000ADF81460FFF732FC0028E8D123688DF888
:10EA600016005A1C01931B4B164802931A4B01A91E
:10EA7000CDE903352260ADF81460FFF71FFC0028D4
:10EA8000D5D123688DF816005A1C0193134B0D48FD
:10EA90000293134B01A903930223049340F2011341
:10EAA0002260ADF81430FFF709FC04460028BED1FF
:10EAB0002A4629460348FFF723F92046B9E700BF55
:10EAC000BC190020A8100020E0F6000020F700008C
:10EAD000401F010020C8000020C80000000C0020DA
:10EAE000200C0020014B1868704700BFE0F60000C2
:10EAF000014B1B6818687047E0F60000014B1B686B
:10EB000058687047E0F6000008B5FFF7C7F9FFF74F
:10EB10002DF90A4B5A68103AD3B2120609D40121D2
:10EB20005A0903F01F03994002F16003044A42F8B6
:10EB30002310BDE8084000F0B9BA00BF00ED00E0C6
:10EB400000E100E00020034BD8765A6A42F47022BC
:10EB50005A62704700ED00E00349044BCA68002088
:10EB600092B21343CB60704700ED00E00800FA0555
:10EB700000224FF0FF300D4B02F1A0010132102AAC
:10EB800043F82100F8D1D3F88022002022F00802B7
:10EB9000C3F88022D3F88022D3F8802222F40072B6
:10EBA000C3F88022D3F88032704700BF00E100E054
:10EBB00008B5FFF7BFF80822024BC3F880211A609E
:10EBC000002008BD00E100E0064BD3F8D02022F081
:10EBD0000102C3F8D020D3F8D02042F00202C3F8DB
:10EBE000D020704700ED00E037B50124FFF7D0F8E2
:10EBF0001B4D224605234FF442401A490094FFF76B
:10EC0000E5F8224607234FF0005017490094FFF71C
:10EC1000F3F8D5E90101072300220094FFF7D6F8A5
:10EC200007230022114912480094FFF7E5F82969EB
:10EC3000E8680139FFF7FAF8062300224FF4EA20CA
:10EC40000C490094FFF7C2F8062300224FF47E20FF
:10EC500009490094FFF7BAF8002003B030BD00BFA7
:10EC6000E0F60000FF7F0100FF7F0020FFFF032090
:10EC700000800020FFBF0D00FFFF0F0038B500240B
:10EC80000E4D002155F8040B0134FFF7FBF81C2C46
:10EC9000F7D10020012240F20111094BC3F8800492
:10ECA000C3F88424C3F8C004C3F8C424054AC2F8D6
:10ECB00040154FF48072C3F8402438BD70F6000050
:10ECC00000300050009003500122014B1A60704741
:10ECD000C019002010B50446094B228918686168E4
:10ECE0000623806800F0A5FA28B9064B1B68012BA3
:10ECF00001D100F087F86FF08603236010BD00BFDC
:10ED0000B0190020C01900202DE9F84305461E4621
:10ED10000068134B9046AA68A0F1080440E902334A
:10ED2000503890420F4601D200F0C0F9A4F14809D2
:10ED300048220021484602F054FF002344E90733EB
:10ED400044F8143C4FF0807344F8043C6FF0020325
:10ED500044E9036744F8208CC5E90093BDE8F883D3
:10ED6000A5EDF5FE30B5094C024661680023084662
:10ED700040B105686D68954205D11BB1826860603D
:10ED80009A60816030BD03468068F1E7441A002034
:10ED900038B504462AB10B689B68DB0512D5002004
:10EDA00038BD0B4B1D680DB900F080F900222B68AF
:10EDB00099692C338A4203D053F8040FA04204D13E
:10EDC0009142ECD16FF0FC00EAE70132F2E700BFBC
:10EDD000B019002070B504460E46154600213022B9
:10EDE0000C3002F0FEFE064B20461B68A6606360F6
:10EDF000656100F001FA00232061236070BD00BF4F
:10EE0000B0190020044B1B681BB11B680BB158687C
:10EE100070474FF0FF307047B0190020064B10B517
:10EE20001C680CB900F042F923689B6813F4406F2A
:10EE300014BF0120002010BDB01900202DE9F843B7
:10EE4000904607460C46FFF7E9FF024624B96FF0EB
:10EE500080042046BDE8F8836300F8D5144B04F025
:10EE60001F0153F82150002DF1D02B682946586816
:10EE7000FFF78EFFB0B9C4F30721284600F0BBFAB4
:10EE800004460028E3D1EFF3108972B600F0C1F90F
:10EE9000064689F3108840B142462946FFF79AFF9B
:10EEA0003E60D6E76FF08104D3E76FF08204D0E7CD
:10EEB000C41900202DE9F04100F0AAF90023134EF7
:10EEC000134F73607B6000F0E5F8DFF84880304650
:10EED00000F022F80446A8B139468023424600F0EB
:10EEE0007FF80546204600F0CBFA206804F10801BF
:10EEF000FFF744FD08B100F0D9F829462046FFF796
:10EF00006BFCE4E7BDE8F04100F071B9B4190020F2
:10EF1000441A0020C4190020F8B5054608B900F0CD
:10EF2000C5F82A4E346814F1290F4CD8284B1968BB
:10EF300004F128038B4246D2236AA26903EB430300
:10EF40000C321344606AE269024402EB8202134409
:10EF50009B00E31801D2994201D200F0A7F8236880
:10EF60001C4A1B0C1B04934201D000F09FF823881D
:10EF7000B3F5817F01D300F099F86368002B01DAC3
:10EF800000F094F8144A176807F124031360134A39
:10EF90001268934201D900F089F8236AA26903EB51
:10EFA00043030C32616A1344E2693C600A4402EB99
:10EFB00082021344326802EB83026B6832603B6268
:10EFC0006F603846F8BD0027FBE700BFC410002083
:10EFD0000CF7000000005F5FC010002008F7000081
:10EFE0002DE9F74F0F4690460646009300B109B948
:10EFF00000F05CF8D6F800A0DAF818200AF1300327
:10F0000003EB820BDAF81C40204B1D6854B10C2234
:10F0100002FB04541C601E4B1B689C4201D900F08B
:10F0200045F82C4625464FF00009DAF81C204A45E1
:10F0300000D91CB9002003B0BDE8F08F142303FBF6
:10F0400009B20023C5E900269268AB60930516D586
:10F05000B8F1000F02D0009B802B03D0019200F08A
:10F0600025F8019A12F0E00FD0B202D158F8202012
:10F070001AB1019000F01AF8019848F820507A6807
:10F0800009F10109AA607D600C35CEE7BC100020B3
:10F0900004F7000008B5FFF725FD034B9860FFF764
:10F0A00027FD80F3888808BD00ED02E0FFF772B904
:10F0B0008230012808B506D8FFF7B0FE18B9BDE8C0
:10F0C0000840FFF7F3BF08BDF8B506460D4600F04F
:10F0D000A4F9044608B9FFF7E9FFA7680FB9FFF7DD
:10F0E000E5FFE368991C20D05A1C21D1A5B315F186
:10F0F000820F13D102232360EFF3108672B62946E4
:10F100002046FFF761FB054686F310882368022B33
:10F1100024D1204600F086F82846F8BD15F1830F6B
:10F12000EAD0FFF7C3FF0025E6E702232360FAE7F2
:10F13000002BF6DB204600F094F93B689B689B05AA
:10F1400001D50223236015F1810FD5D16369002B0E
:10F15000D2DBFFF7ABFFCFE73546F4E700232360B0
:10F16000DAE708B5FFF716F96FF0830008BD2DE95F
:10F17000F3410E46174698460546FFF74FFE00F04E
:10F1800060F92946024601A8FFF758FE044660B917
:10F1900043463A4631460198FFF79EF9044640B18E
:10F1A0006B0002D5019800F03DF8204602B0BDE8A2
:10F1B000F0810198FFF7E0FA0446F6E740F201100B
:10F1C000704770B50546FFF729FE06462846FFF74B
:10F1D000C9FD044608B9002070BD014632462846E4
:10F1E000FFF7D6FD0028F6D12368D868F4E76FF062
:10F1F0000200704700DF70474FF480507047B0F551
:10F20000805F03D1EFF30B80803870470020704798
:10F210007047EFF30B8000F1800383F30B88704796
:10F2200000207047EFF30B83803B83F30B8870471C
:10F2300070472DE9F0410E461546002A4AD0C40712
:10F240004BD480F00204C4F34004A40003F006028F
:10F25000062A4AD144F0010422462946304602F0EB
:10F2600073FBB8BB46E800F205EB0608100E12026D
:10F2700008F1FF3747E800F34FEA136166D51B0238
:10F2800064D5884262D046E800F547E800F7FFF70A
:10F290006CF82D0E85424FEA176734D3FFF767F8F5
:10F2A000874230D82846FFF75BF82246C6F10101B5
:10F2B0000144304602F048FB002847D00135AF42F8
:10F2C00018D83846FFF74AF82246A8EB000102F0AA
:10F2D0003BFBD8B30020BDE8F081EFF39484A40099
:10F2E00004F0040444F01204B0E7990731D544F067
:10F2F0000804B1E72846FFF731F80646FFF739F86A
:10F3000022460146D5E7FFF73CF885421ED3FFF7BA
:10F310003AF887421AD82846FEF7A0FD2246C6F1E1
:10F3200001010144304602F00FFB78B10135AF42D4
:10F3300003D83846FFF720F8C6E72846FFF71CF841
:10F340000646FFF722F822460146EBE76FF07F0002
:10F35000C1E74CF2DA20BEE710B50446FFF734FCF3
:10F36000FFF742FC10B143F6DA3010BDFFF786FC20
:10F370000028F8D1FFF73EFB0028F4D102232360D8
:10F38000F3E708B5FFF7DEFB10B143F6DA3008BD4E
:10F39000FFF7E2FB0028F8D100F01CF80028F4D1B8
:10F3A00062B6FDF7EBFCFFF7E3FB0028EDD1FFF7BA
:10F3B000FFFB0028EBD0E8E7EFF30880EFF30981CB
:10F3C0002DE9F00F6B467246FDF730FC08B0FFF7F1
:10F3D0009BFBFEE70020704704460D46A5462847E4
:10F3E0000368283383F30988836883F30B88BFF3AA
:10F3F0006F8F4068704703689A68DB6812F4806F0B
:10F4000005D18B422CBF00206FF0FA0070478B4271
:10F410000CBF00206FF0FA00704710B5FFF7EFFE49
:10F420000446FFF7FDFE50B9FFF7ECFCA3685B68EC
:10F430001B685B68834218BF0024204610BD00246F
:10F44000FBE738B5054648B100F01BF8B5EBD07FB7
:10F45000044601D0FFF72AFE204638BDFFF7D2FC54
:10F46000F4E7002310B500F1280252F8041F19B187
:10F47000C16F146C19444C600833202BF5D110BDBA
:10F4800070474FF0FF307047464154414C20455281
:10F49000524F523A2000486172644661756C740D97
:10F4A0000A004D656D4D616E616765206661756C22
:10F4B000740D0A004275734661756C740D0A00552F
:10F4C000736167654661756C740D0A0053656375F9
:10F4D00072654661756C740D0A00526573657276CB
:10F4E000656420457863657074696F6E2000506CA8
:10F4F0006174666F726D2065787465726E616C20E0
:10F50000696E7465727275707420284952516E2943
:10F510003A200000A9CD0000C7E0000025D000007F
:10F52000E1CD0000EFE00000FBE00000F9CD0000BD
:10F53000CBE00000C9CD0000D5CD0000ADCE00006D
:10F54000D1E00000DDE00000E3E000001600000074
:10F55000170002001800040019000600030202024E
:10F560000338FDD87047506C6174666F726D20452A
:10F570007863657074696F6E3A0D0A00416C6C2097
:10F5800070696E732068617665206265656E2063C0
:10F590006F6E66696775726564206173206E6F6E49
:10F5A0002D7365637572650D0A00000000C00000D0
:10F5B000000200000002FF002C0000003001FF00EC
:10F5C000080000004001FF000C0000003031323321
:10F5D0003435363738394142434445461B5B313B6D
:10F5E00033346D5B536563205468726561645D20DC
:10F5F00053656375726520696D61676520696E6921
:10F600007469616C697A696E67211B5B306D0D0AE4
:10F61000001B5B313B33346D426F6F74696E672042
:10F6200054462D4D2076322E302E301B5B306D0D22
:10F630000A00556E6B6E6F776E2053504D205356F7
:10F6400043207265717565737465643A2000556E68
:10F650006B6E6F776E20535643206E756D626572C8
:10F66000207265717565737465643A20000000004E
:10F6700000400050005000500080005000A000509A
:10F6800000B0005000E0005000F0005000000150B9
:10F690000010015000400150005001500070015016
:10F6A0000080015000B0015000C0015000D0015056
:10F6B00000E0015000F00150000002500010025024
:10F6C0000020025000300250004002500060025002
:10F6D0000080025000A0025000900350002584508A
:10F6E0000080010000800100FF2F0700007C010066
:10F6F0000080010000500700FFBF0D0000E00F0078
:10F70000FFFF0F002C1200201412002000C4000084
:10F71000FFFFFFFFFFFFFFFFFFFFFFFFFFFFFFFFF9
:10F72000009A204B9A4208D110B502F07DFA02F0FF
:10F73000A9F906BC96460C46744702F0B9FA009A3D
:10F74000184B9A4208D110B502F07AFA02F09AF9F1
:10F7500006BC96460C46744702F0AAFA0CB4029A0C
:10F76000104B9A420CD14FF0004319430CBC10B51A
:10F7700000F09EF802F086F906BC96460C467447E7
:10F7800002F096FA009A074B9A4202D1064908689D
:10F79000744702F08DFA009A024B9A4200D17447E6
:10F7A00002F086FAA5EDF5FE801000200348044B18
:10F7B000834202D0034B03B118477047A8110020C1
:10F7C000A8110020000000000548064B1B1AD90FA5
:10F7D00001EBA301491002D0034B03B11847704756
:10F7E000A8110020A81100200000000010B5064C50
:10F7F000237843B9FFF7DAFF044B13B10448AFF3A2
:10F8000000800123237010BDC018002000000000FC
:10F81000341F010008B5044B1BB104490448AFF381
:10F820000080BDE80840CFE700000000C4180020B9
:10F83000341F0100A3F5803A704700BF174B002B1F
:10F8400008BF134B9D46FFF7F5FF00218B460F467F
:10F850001348144A121A02F0C4F90E4B002B00D0C0
:10F8600098470D4B002B00D0984700200021040042
:10F870000D000D48002802D00C48AFF3008002F0C4
:10F88000DBF820002900FEF7F3FD02F0C1F800BF0D
:10F89000000008000000000000000000F80B00203D
:10F8A000A8110020B828002000000000000000007F
:10F8B0002DE9F84304460D4616461F46EFF305832F
:10F8C000C3F308030BB1FFF7F1FBDFF834903B46BD
:10F8D000204632462946D9F80080FFF748FCD9F87F
:10F8E00000300446984506D0DB6901461869BDE83A
:10F8F000F843FFF7E9BBFFF7DBFB2046BDE8F883E1
:10F90000B019002001680E4A0346914215D1C16921
:10F91000A2F11022A2F1EF1291420ED18268012AC7
:10F920000BD8C26812B101698A4206D0586928B161
:10F930009B691B1A5842584170470120704700BF0D
:10F9400055AA00FF0D4B70B59E68A6B13046FFF773
:10F95000D9FF044678B9F3686BB935690DB920460B
:10F9600070BD2846FFF7CEFF28B9EB68B34202D13D
:10F970002E462D69F2E70124F1E700BF4C1A002062
:10F980002DE9F041394E3468F368D4B1B468C4B19C
:10F99000002861D000295FD001FB00F5B5FBF0F035
:10F9A000884259D1291D57D8AA070DD025F0030246
:10F9B00004321C4603E0616891424FD2A469002CD6
:10F9C000F9D12046BDE8F0812A46F2E7891A2329B9
:10F9D00004F12007D4E9050C1AD80123A360A0B1D3
:10F9E000C0F818C0A36903B158610023C4E9053306
:10F9F0003369DB0702D5FFF7A5FFA0BB2A4600212C
:10FA000038463C4602F0EDF8DBE7C6F80CC0E9E703
:10FA100002F1200804EB08032039C3E9011E216923
:10FA2000DFF84CE0DC60196144F808E0AEF1102E1C
:10FA3000AEF1EF1EC3F81CE001B1CB60C3E9050CC9
:10FA400040B18361996901B14B6101212361C4E92E
:10FA50000121CAE7F360F5E70024B2E7D4F808E033
:10FA6000BEF1000FB2D0012001F0D2FF4C1A0020ED
:10FA700055AA00FFF8B5054600283AD0364E33683F
:10FA8000002B36D0B268002A33D0834203D8726884
:10FA90001344984202D3012001F0BAFFA0F12004E0
:10FAA0002046FFF72FFF0028F5D155F8183C012B11
:10FAB000F1D145F8180C55E90570DFB1BB68CBB939
:10FAC00055F81C2C7B68203213447B60386100B1F0
:10FAD000C76020220021204602F083F8386908B16F
:10FAE00083682BB333699B0703D5FFF72BFF0028EF
:10FAF000D1D1F8BD40B3836833BB42686368134417
:10FB0000203363600369D4E90521236192B9B9B94F
:10FB1000426981696261A161A2B19461A26902B185
:10FB2000546103B1DC602022002102F05AF8D9E7C9
:10FB30003C46E2E79161A1690029E9D04A61E7E723
:10FB4000F160F8E7F460E9E7F36845F8083C03B1D1
:10FB50005C61F460C6E700BF4C1A002038B50D4662
:10FB6000142200210446124802F03BF811491248C1
:10FB700000F02CF8232D1AD914F003031FBF043D05
:10FB8000ED18C3F10403E4182A460021204602F0D0
:10FB900028F8074B094AC3E900459C602260A2F19E
:10FBA0001022203DA2F1EF126560E261DC6038BDF9
:10FBB0004C1A002075FA000081F9000055AA00FFD8
:10FBC000014B1B68184700BFC8100020024B18608B
:10FBD000024B002019607047CC100020C810002094
:10FBE00010B50A46044619B1024B00211B6898471C
:10FBF00010BD00BFD0100020054B0A46197819B17E
:10FC00000146181D02F08EB86FF08800704700BFE3
:10FC1000601A002010B5074C00F032F8204602F0C0
:10FC200092F8201F0821FFF7DBFFBDE8104002F02B
:10FC300076B800BF641A002070B50C4D2B787BB9E4
:10FC400002F06BF8044670B90126281D6E7002F0B0
:10FC500067F8044638B900F00BF8044618B92E705E
:10FC60000024204670BDFFF7D5FFFAE7601A002098
:10FC70000122024B002083F880257047681A00207B
:10FC8000F8B5074C2025264601272046276202F0BA
:10FC900033F8013D04F12C04F7D186F88055F8BD06
:10FCA000681A002010B50C4C236813B10B4B1B686D
:10FCB0002BB900F089FC30B90122084B1A600123EE
:10FCC0002360002010BD0138062801D9044810BD6A
:10FCD000044B53F8200010BD042000200020002019
:10FCE000FE8FFFFF9C1D0100144B2DE9F0430028FF
:10FCF00014BF04461C46124F236883B0BB4219D080
:10FD000016460D4620464FF4147104F1040900F024
:10FD100047F804F58E78484600F0CEF8404600F0EB
:10FD200019FA2B464A4640460649009600F034FB35
:10FD300008B92760002003B0BDE8F0830820002048
:10FD4000A5BCC95A3DFF000070B50D4C1D460028EA
:10FD500014BF064626460B4B306882B098420DD140
:10FD600006F58E70002633460096144600F03EFBE2
:10FD7000002818BF34462C6002B070BD0248FBE773
:10FD800008200020A5BCC95AE88FFFFF38B131B167
:10FD9000002201440346013081421A70FAD17047B3
:10FDA00038B131B1002201440346013088421A7053
:10FDB000FAD170472DE9F043202B1D4606468846B0
:10FDC00091468BB026D8DBB202AF8DF80480B046E6
:10FDD00058F8041B8DF8053021B9404601F038F978
:10FDE000044640B9012302224046336001A901F0D4
:10FDF00043F9044638B138462021FFF7D1FF2046A9
:10FE00000BB0BDE8F0832A464946404601F034F97C
:10FE10000446F0E702AF1946104600233A4601F0C7
:10FE2000B1FA04460028E6D12023B9461D46CCE7A6
:10FE30002DE9F041D0F8F830A6B0002BD8BF02AEC3
:10FE400031DD05460027D0F80C4102AEA4F10108CF
:10FE50009022D5F8FC403146D0F8000101AB019763
:10FE6000B8FA88F8A0474FEA5818044620B9019B11
:10FE700053B9B8F1000F16D030469021FFF790FF2C
:10FE8000204626B0BDE8F081014632462846FFF7FD
:10FE900091FF58B9D5F80431019A1344C5F80431DB
:10FEA000B8F1000FE8D16FF03C04E5E704462046C6
:10FEB00026B0BDE8F08100BF70B5002504461422CD
:10FEC00004F588762946C0F8F850FC3001F089FE28
:10FED00008222946304601F084FE144B30461B6848
:10FEE0009847204640F8045B01F098F8104B3046E4
:10FEF0001B689847C8B9D4F8F830AB420FDC03EB65
:10FF0000830204EB82022021C2F800010120C2E931
:10FF1000421008490133C2F8FC10C4F8F830064B0F
:10FF20003046BDE870401B68184770BDF0100020D7
:10FF3000EC100020210F0100E81000202DE9F0470F
:10FF4000202A88B07AD83F4B00F5887904461B6890
:10FF500048461746884698470546F8B940F20116C4
:10FF6000D4F8F830002B65D02046FFF761FF054636
:10FF700038B9D4F8F830002B14DC013EF2D16FF020
:10FF80003B056E4620213046FFF70AFF2E4B4846C0
:10FF90001B689847002818BF6FF01D05284608B059
:10FFA000BDE8F087D4E94132934203D3D4F80C2161
:10FFB000012A02D0013ED7D1E1E71F2BFAD96E46C4
:10FFC00001462022304604F1040A01F00AFE3146BF
:10FFD000504601F07BF805460028D3D1504601F089
:10FFE00031F8504601F01AF82946504601F030F831
:10FFF00005460028C6D150462022314601F03CF883
:020000040001F9
:1000000005460028BED1034632462021304601F085
:10001000B9F905460028B5D1D4F8F8303A46002B96
:10002000C8BF002340463146C8BFC4F8043101F0C0
:10003000B3FDA7E76FF03F056E46A3E76FF03B0502
:10004000ACE700BFEC100020E810002070B590B0C5
:1000500000287AD03E4C0D464022362106462046E6
:1000600001F0BFFD40225C21A01801F0BAFD2B1D5C
:10007000A34203D904F144039D4252D32B68226862
:10008000534023602B68226C534023646B68626882
:10009000534063606B68626C53406364AB68A268F2
:1000A0005340A360AB68A26C5340A364EB68E26862
:1000B0005340E360EB68E26C5340E3642B692269D0
:1000C00053402361226D2B695340236562696B693C
:1000D000534063616B69626D53406365AB69A269AC
:1000E0005340A361AB69A26D5340A365EB69E2691C
:1000F0005340E361EB69E26D5340E3650021304614
:1001000000F0A6FF044628B940223046104900F00E
:10011000B3FF044640216846FFF742FE204610B078
:1001200070BD631E04F13F01013D1F3415F8010F3E
:1001300013F8012F42401A7011F8012F2878A342BA
:1001400082EA00020A70F1D1D8E76FF07304E5E7A4
:100150005822002010B54FF49A720021044601F095
:1001600040FD42F21072044BC4F8202104F5967051
:100170001B68BDE810401847F01000202DE9F04F33
:1001800004468846914695B0002900F0A780002AD1
:100190000CBF0126022600238DF80C30002C00F045
:1001A0009F80DFF844A104AF0AF1400B00212046F4
:1001B00000F04EFF034648B1384620210193FFF777
:1001C000EFFD019B184615B0BDE8F08F4022514667
:1001D000204600F051FF03460028EDD104F1F4055C
:1001E00020222946204600F047FF03460028E3D19D
:1001F0000122204603A900F03FFF03460028DBD17F
:10020000022E62D020460CA900F060FF03460028B1
:10021000D2D10146204600F01BFF03460028CBD177
:1002200040225946204600F027FF03460028C3D14C
:10023000202220460CA900F01FFF03460028BBD156
:100240003946204600F042FF03460028B4D1394623
:100250002046FFF7FBFE03460028ADD120222946A9
:10026000204600F009FF03460028A5D120460CA92E
:1002700000F02CFF034600289ED10146204600F0E6
:10028000E7FE0346002897D140225946204600F059
:10029000F3FE034600288FD1202220460CA900F04F
:1002A000EBFE0346002887D12946204600F00EFFCA
:1002B0000346002880D19DF80C200132D2B2B24210
:1002C0008DF80C20FFF472AF76E74A46414620468F
:1002D00000F0D2FE0346002894D06DE701265AE7CD
:1002E0006FF0730304AF67E7582200202DE9F04157
:1002F0000446884615461F46D0F81801E0B013B1F1
:1003000000EB40004008B5F5807F3ED82844B0F5AA
:10031000C07F3AD84FF4C0720021684601F061FCFA
:100320006946D4F82431D4F81821D4F82801984724
:1003300070BBD4F8186157B1D4E9493072080DEB9D
:100340000601984720BBD4F8183106EB5306B8F1E4
:10035000000F00D08DB9324669462046FFF70EFFE8
:10036000054610B90123C4F8143131466846FFF739
:1003700017FD284660B0BDE8F0810DEB0600414650
:100380002A462E4401F008FCE5E76FF00405F0E78B
:100390006FF00805EDE700BF2DE9F047044604F1D2
:1003A000F4050F4691461E46DDF8208000F036FE2B
:1003B00029462046FFF74AFE08B1BDE8F0872846E7
:1003C0002022012101F00DFCD4F81831C4F8247169
:1003D000C4F8289113B92023C4F818314246314695
:1003E0002046BDE8F0470123FFF780BFB2F5806FDC
:1003F00000F295802DE9F04F89B09A46129BB3F533
:10040000807F00F29080D0F82431164604460F46D3
:100410004BB3D0F81C31012B05D0D0F81421D0F803
:1004200020319A421FDD514600232046129AFFF7E1
:100430005DFF014698B900231293002E5ED0DFF8CD
:10044000EC9009F1400B0021204600F001FE202E27
:100450003546014628BF202504F1F40890B108462E
:1004600009B0BDE8F08FBAF1000FE6D0129B002B67
:10047000E1D051461A462046FFF780FE014600288B
:10048000DBD0ECE749464022204600F0F5FD01466E
:100490000028E4D141462022204600F0EDFD01462F
:1004A0000028DCD16946204600F010FE01460028F5
:1004B000D5D1204600F0CCFD01460028CFD15946C9
:1004C0004022204600F0D8FD01460028C7D16946E9
:1004D0002022204600F0D0FD01460028BFD1414631
:1004E000204600F0F3FD01460028B8D138462A46E0
:1004F000414601F051FB761B2F44A4D151462046C2
:10050000129AFFF73BFE01460028A8D10846D4F80E
:1005100014310133C4F8143109B0BDE8F08F6FF025
:100520000201084670476FF0040198E75822002046
:10053000002130B58DB0282202A8019101F051FBB5
:1005400002A800F047FF044610B120460DB030BDB0
:10055000174D4FF0FF31286800F042F9044620B1F2
:10056000144800F0D3F9012C18D0002000F068F9ED
:10057000D0B9114A02A901A800F0C4FC0446012028
:1005800000F05EF960B9286800F032F90028DCD08C
:100590000A4800F0BBF920460DB030BD0524F2E753
:1005A000074800F0B3F9EEE7064800F0AFF9E0E7DE
:1005B000D4100020B81D0100D8220020101E010018
:1005C000F01D0100D01D010030B583B000F05CF8D3
:1005D00028B100F0ABF80324204603B030BD00F092
:1005E00077F8D8B900F02CF9E0B9224CD4F82839C2
:1005F0001B0EF02B0AD1D4F8242A1F4B9A4231D07B
:1006000000F044F8072400F091F8E5E7062400F034
:100610003DF800F08BF8204603B030BD042420469E
:1006200003B030BD00F032F800F080F8FFF780FF33
:10063000044698B9114D2B68002BCDD102460146D6
:10064000FFF752FB50B968220D4901ABFFF77CFB65
:1006500020B920460B4B2B6003B030BD052420464B
:1006600003B030BD012000F0EBF80028DAD1C4F867
:100670000C0ADBE7001084500000E020F824002082
:10068000FC2400205AEA5A5A002070470020704784
:10069000430504D54FF0FF32034BC3F80821024B4A
:1006A000C3F8080A704700BF00108450014BC3F81C
:1006B000040A70470010845008B100F06BB84FF482
:1006C0007500704708B100F04FB84FF475007047DF
:1006D00010B5114800F070F800B110BD0F4800F0DF
:1006E0006BF80028F9D10E4C204600F065F8002880
:1006F000F3D10C4B0C481C6000F05EF8014600285A
:10070000EBD100F02DF8044608B1204610BD00F0F2
:1007100079F82046FAE700BFE4100020E01000203E
:10072000DC100020D4100020D810002008B50848A4
:1007300000F04CF8074800F049F8074800F046F888
:10074000064800F043F8BDE8084000F00BB800BFD1
:10075000E4100020E0100020DC100020D810002061
:1007600000207047704700BF024610B4084CD4F810
:10077000003A1342FBD021B1D4F804310B60C4F825
:100780000831034B0020C3F8082A10BC704700BF93
:1007900000108450044AD2F8003A1842FBD0C2F844
:1007A000080A0020704700BF0010845001F0BEB955
:1007B0000A46002101F015BA08B5034B02681B6810
:1007C00010689847002008BD1011002008B5034BA1
:1007D00002685B6810689847002008BD101100206F
:1007E000024B02689B681068184700BF1011002078
:1007F00008B5034B0268DB6810689847002008BD05
:100800001011002070B5094C094D2069AB6898475C
:1008100018B1084B08485B6898470021074AEB6805
:1008200011602069BDE87040184700BFFC1000202F
:1008300010110020F4100020281E01006425002063
:10084000F8B51A4D1A4E0446B26828699047E8B9BF
:10085000184F3B684CB1A3B1012B19D0013B3B6051
:100860002869F36898470020F8BD43B90121124A6E
:10087000C2F800151149D1F81029002AFBD1013323
:100880003B60F368286998470020F8BD0C48F8BD24
:100890000A4AD2F81039002BFBD1074A6FF07E408C
:1008A000C2F80035FFF702FF3B68D7E7FC100020D5
:1008B0001011002064250020000084500010845096
:1008C000E98FFFFF014B1B68184700BF1011002084
:1008D000014B9B68184700BF10110020014BDB68DB
:1008E000184700BF10110020BFF34F8F0549064B7A
:1008F000CA6802F4E0621343CB60BFF34F8F00BFBE
:10090000FDE700BF00ED00E00400FA0530B44FF051
:10091000FE320025074B084C08494968C3F80024FB
:10092000C3F80424C3F80824C3F80C24C4F8005501
:1009300030BC08470010845000008450F4100020A0
:1009400010B5044650B1636813F0685F05D0064ADD
:10095000934202D000236260236010BD034B044821
:100960005B689847EFE700BF2C5F5CA9F41000209C
:10097000481E0100C8B143680D4A934213D013F0DA
:10098000685F0ED0012350E8002F194640E8001C94
:100990009CF0000FF7D1012AF5D0BFF35F8F002044
:1009A000704704487047044870476FF4E040704750
:1009B0002C5F5CA9E98FFFFFEA8FFFFF034680B140
:1009C000426809498A420AD012F0685F05D0BFF335
:1009D0005F8F002210461A60704704487047044831
:1009E00070476FF4E04070472C5F5CA9E98FFFFF10
:1009F000EA8FFFFF10B5044620B10023034A2360AD
:100A0000626010BD0248FFF781FFF6E73A00003A46
:100A1000701E01002DE9F047002878D00C4600290F
:100A200075D01D46002B72D007461AB10122002353
:100A30002A6003602B68002B64D02946204600F012
:100A4000B7FD804600285FD12146286800F096FD5A
:100A50008046002858D12B68082B6CD0042B6DD011
:100A6000A3F10209B9FA89F94FEA59190121354E62
:100A7000C6F8C411C6F84011C6F8C411636AC6F8B6
:100A80003031D6F830219342F6D14FF0000A4FF0C2
:100A9000FF30C6F82CA1FFF7FBFD6FF01B0350469B
:100AA000C6F80031FFF702FEC6F80C91D6F8040A2A
:100AB00040F48060FFF7FAFD0A23C6F83831089B3E
:100AC000012B29D02369204AA2FB03231B09626A58
:100AD000404602FB03F303EB43031A4ADB039B0983
:100AE000C2F8D8310123C2F82C313B682A6823F0C0
:100AF0007F4343EA02633B602A6843EA02233B6088
:100B0000BDE8F087DFF844804046BDE8F087DFF8B5
:100B100040804046BDE8F0874FF47F03D3F80C2CAB
:100B2000013206D0D3F80C3C074AA2FB03231B0971
:100B3000CDE71623CBE74FF0030997E74FF0020903
:100B400094E700BF00108450ABAAAAAA310CF100B0
:100B5000350CF10058B34B1EB3F5047F27D230B5E6
:100B60004FF0000ECD00744671464B0901F01F0C8A
:100B700050F82330BCF11F0F23FA0CF306D003F01A
:100B8000010319B901211C468E46EEE79C4201F192
:100B9000010106D01C464FF0010EA942E5D100200C
:100BA00030BD0EF1010E9645F7D1024830BD014827
:100BB000704700BF360CF100C0B32DE9F0434C1E66
:100BC000B4F5047F1DD2E3B1DAB100252E46A84664
:100BD0002C46CF0003F1FF394FEA541C04F01F0EDE
:100BE00050F82C10BEF11F0F21FA0EFC0CD00CF0A7
:100BF000010C4CB90126E04634463546ECE79642F6
:100C000016D90C48BDE8F083AB420BD0C44508BFF1
:100C10000136A945F3D001350134BC42DCD10020B6
:100C2000BDE8F0830125E0462E46F5E70148704710
:100C30001D46F1E7370CF1002DE9F04F91B08346E6
:100C4000DDE91B460D46002E6ED10F691C600023A6
:100C50001A990B60002A00F02F819D4B6A6AD3F825
:100C60003811D3F830319A4269D10A2967D19BF8FB
:100C70000330089304F10803079304230593954B6D
:100C8000934CA3FB07239B0803EB4303A7EB43030E
:100C9000039306971A9B069E1E60002E00F0EA80C2
:100CA00000F096FC00230993BBF1000F00F0D58003
:100CB00098464FF0010ADDF81C90002D00F0CD8021
:100CC000089B002B3DD0284608A900F071FC0028A5
:100CD00039D0814B984220D0089B082B00F0E4804B
:100CE00000225B000893294608AB58460092FFF7A4
:100CF00091FE7A4B984200F0D38070B9DBF8002067
:100D0000130A03F47F03134323F07F43CBF800302F
:100D1000059B013B0593BDD10020039000F058FCDA
:100D2000039811B0BDE8F08F4FF47F01D1F80C0C9F
:100D300001300CBF4FF40477D1F80C7C86E768488B
:100D4000EBE76648C5E72946089800F017FC00283D
:100D5000BFD1089B082B00F0A980042B00F0A980CC
:100D6000A3F10203B3FA83F35B090493C4F8C4A1AB
:100D7000C4F840A1C4F8C4A16B6AC4F83031D4F8F7
:100D800030219342F6D100234FF0FF30C4F82C31CC
:100D9000FFF77EFC002318466FF01B03C4F80031F8
:100DA000FFF784FC049B4B4FC4F80C31D4F8040AC1
:100DB00040F48060FFF77AFC0A23C4F838312B69CD
:100DC00009A8A7FB03236A6A1B0902FB03F303EBD1
:100DD0004303DB039B09C4F8D831C4F82CA1DBF82A
:100DE0000030089923F07F420B0243EA016313436A
:100DF000CBF8003000F0B2FB099B03F01A03034369
:100E00007FF46AAFA7FB0637D4F81431B8EB970F1D
:100E10000A93D4F818310B93D4F81C310C93D4F8FE
:100E200020310D93D4F824310E93D4F828310F9348
:100E300001D1039B9BB9484618220AA9183EFFF727
:100E4000B5FC09F1180908F101089EB100F0C0FBDA
:100E500000230993002D7FF433AF224839E7484639
:100E60001A46F61A0AA9994408F10108FFF79EFCF0
:100E7000002EEBD1069F079E6A6939463046FFF780
:100E800069FEAA6940B94FF4806339463046FFF7DE
:100E900093FE00283FF440AF00231A9A136018E72E
:100EA0002B6A002B3FF439AF0F4836E70323049336
:100EB0005CE70223049359E701222946584600962D
:100EC00008ABFFF7A7FD00283FF4D4AE25E700BF2D
:100ED00000108450ABAAAAAA020CF100310CF10058
:100EE000300CF100350CF100320CF10010B4DDE9EA
:100EF000013401940024DDF80CC0CDE902C410BC1B
:100F0000FFF79ABE30B51546012487B005AB0093B4
:100F10000022CDE9015404ABFFF78EFE07B030BDCF
:100F2000F0B587B0002966D01E46002B63D014466A
:100F3000002A60D0314F0D4638684FF0FF31FFF77F
:100F40004FFC00284DD10020FFF77AFC002844D147
:100F50002B4800F03FFAD8B101204FF0FF35FFF7E2
:100F60006FFC002835D14FF408712648FEF70EFFBC
:100F700004212548FEF70AFF21482821FEF706FF35
:100F80003868FFF735FC00282FD1284607B0F0BDA0
:100F90001C4A0346029205AA019204AA03900092F9
:100FA000174902461848FFF7A1FF03460028D3D18E
:100FB00028461D46059B22469C4228BF1A46049996
:100FC00032600831FFF7F2FB0120FFF739FC0028FF
:100FD000C9D00E48FFF79AFCC5E70D48FFF796FC0D
:100FE000B6E70C48FFF792FCADE70B48FFF78EFC25
:100FF000284607B0F0BD4FF0FF35C6E7D4100020FB
:101000007C250020A425002078250020F01D01006B
:10101000D01D0100B81D0100941E010010B504464A
:1010200028B12046BDE81040F421FFF7C1BB0448B9
:10103000FFF76CFC2046BDE81040F421FFF7B8BB79
:10104000AC1E010010B1F421FEF7A0BE704700BF36
:1010500008B521B1012908D06FF0360008BD012183
:1010600000F058F80028F7D108BD022100F052F82E
:101070000028F9D0F0E700BF30B505468818B0F574
:10108000801F0B461446A1B001D8802A0CD9B3F5B5
:10109000801F17D922461946284600F07DF80446DD
:1010A00084B9204621B030BD6846FFF77FFB224659
:1010B0006946284600F070F8802104466846FFF72C
:1010C00077FBEDE76FF03604EBE700BF70B5E8B1F2
:1010D0000E46D9B1044600F031F80546B0B9236890
:1010E000012B0BD0022B01D0284670BD1C223046AC
:1010F00004F10801FFF75AFB284670BD2022304654
:1011000004F10801FFF752FB284670BD6FF0360569
:10111000EAE700BF78B138B50D46F0210446FFF785
:1011200047FB402320462560E36500F091FA003834
:1011300018BF012038BD0120704700BFF0B5056E13
:10114000A5B0044604AEE5B900230127019330465B
:101150006760294602AA009300F046FA10B1012008
:1011600025B0F0BD2A46204602A900F099FA0028D1
:10117000F5D1204600F0AAFB0028F0D1206625B06A
:10118000F0BD802D2A46304628BF802204F164013C
:10119000FFF70CFB256ED7E7002800F0AE802DE9A5
:1011A000F04F1446A5B0002A3DD00F46002949D083
:1011B000B2F5803F0546006E20D34FF6FF7805F16B
:1011C000640AEB6D1A1AB2FBF3F103FB1122002A39
:1011D00065D18342B9464FF6FF7672D0B6FBF3FB7A
:1011E00003FB0BFBBBF1000F30D1002E45D1A4F562
:1011F0007F44FF3CB4F5803F4744E2D2EA6D161AC3
:10120000B6FBF2F302FB1366A64228BF2646002E69
:1012100075D1824200F08D80B4FBF2F602FB06F637
:101220002EB9002C79D1002025B0BDE8F08F002325
:1012300031463846CDE9003302AA00F0D5F900283E
:1012400000F09580012025B0BDE8F08F00235946BD
:101250004846CDE9003302AA00F0C6F90028F1D1D2
:101260005A46284602A900F01BFA0028EAD1A6EB4C
:101270000B06286ED944002EB9D0193049463246A3
:1012800005EB8000FFF792FAA4F57F44286EFF3C3F
:101290003044B4F5803F4744286692D2AEE74245D9
:1012A00028BF4246164639465044FFF77FFA286E5B
:1012B000EB6D3044834207EB06092866A8EB06066F
:1012C0008CD1802B28BF802351461A4604A8FFF7F3
:1012D0006DFA0023E96D02AACDE9003304A800F0FD
:1012E00083F90028AED12846EA6D02A900F0D8F9AA
:1012F0000028A7D1EB6D286670E70120704705F143
:101300006403394632461844FFF750FA286EEA6DF6
:101310003044A41B374428667BE72B6E22461933E2
:1013200005EB83003946FFF741FA2B6E23442B6609
:1013300079E7802A28BF802205F1640104A8FFF71D
:1013400035FA0023E96D04A8CDE9003302AA00F0C4
:101350004BF900287FF476AF2846EA6D02A900F029
:101360009FF900287FF46EAFEA6D286654E7324695
:10137000284602A900F094F900287FF463AF3744AF
:10138000A41B4EE7F8B51C460546114816460F4605
:10139000FFF744FE21460E48FFF75AFE044620B1EF
:1013A0000B48FFF74FFE2046F8BD3A46294608484D
:1013B000FFF762FE04460028F2D131460448FFF7E9
:1013C00085FE04460248FFF73DFE2046F8BD00BFFB
:1013D000C42700201C2370B582B001A905460193E3
:1013E00000F032F8044638B9019B1C2B07D0144C8E
:1013F0001C212846FFF7DCF9204602B070BDD5E974
:101400000112131E18BF0123003918BF0121012644
:1014100028689B00EA6843EA4103002818BF43F0AC
:101420000103EE612AB9C5E90834002BE4D1054C6B
:10143000DEE7204643F00803C5E9083402B070BD7A
:10144000370CF0000E0CF0000346002866D000298F
:1014500064D00A681C2A61D14FF47F023B49D2F85C
:10146000100C88425CD0D2F8101C013158D0D2F850
:10147000101C4FF47F021960D2F8140C34498842D2
:1014800060D0D2F8141C01315CD0D2F8141C4FF497
:101490007F025960D2F8181C11F5947F4FD0D2F812
:1014A000181C01314BD0D2F8181C4FF47F02996000
:1014B000D2F81C0C274988423ED0D2F81C1C0131BE
:1014C0003AD0D2F81C1C4FF47F02D960D2F8001C2D
:1014D00070312FD0D2F8001C01312BD0D2F8001C73
:1014E0004FF47F021961D2F8041CAF3120D0D2F83A
:1014F000041C01311CD0D2F8041C4FF47F02596146
:10150000D2F8080C144988420DD0D2F8081C0131D9
:1015100009D0D2F8082C00209A617047012070474A
:1015200040F6FC01A5E740F2373200209A6170478F
:101530005121E2E79021D3E742F60411C3E740F6D8
:10154000D861B2E742F2D001A1E700BFFCF8FFFF8B
:10155000D020FFFF0429FFFF37F3FFFF014608B546
:101560004FF48060FFF7AEF80022034BC3F8C821A8
:10157000C3F82C2108BD00BF001084500138072893
:1015800005D8DFE800F0100E040A0404040607483A
:101590007047CB6800204B6270478B6800204B621D
:1015A00070474B68F6E70B68F4E700BF310CF100B9
:1015B0000B6802E0082B0B6006D8026A13424FEA60
:1015C0004303F7D00020704700487047310CF1000A
:1015D0000022044B4FF48060C3F82C21C3F8C421CF
:1015E000FFF756B800108450F0B5002483B0B0F176
:1015F000005F8DF8074025D38C468444BCF1804FB2
:1016000004461FD817461D4601220DF1070300F0BE
:1016100097F90646B0B99DF80730099A3C603B71CE
:1016200092B14DB10246089928460DF1070300F02A
:1016300087F938B99DF807303046099A156013715B
:1016400003B0F0BD4FF47506304603B0F0BD00BFE7
:10165000D8B108B50368012B04D0022B0FD043B1D9
:101660000B4808BD20220B490830FFF79FF80020E7
:1016700008BD142208490830FFF798F8F7E7202240
:1016800006490830FFF792F8F1E74FF4730070470E
:101690000100F300BC1E0100FC1E0100DC1E010065
:1016A0002DE9F843002900F0F9800446002800F0F5
:1016B000F98003680F469046002B00F0C380013B81
:1016C000012B00F2D7804FF0FF3178484FF002092C
:1016D000FFF786F8002840F0BF800020FFF7B0F841
:1016E0000646002840F0C280714AD2F81C39002B0F
:1016F000FBD16F4DD5F8203C002BFBD14FF0FF30D4
:10170000FEF7C6FFD5F8040A20F04000FEF7CEFF32
:1017100001230722C5F81838C5F80029C5F8C437D1
:10172000A36CC5F8CC37E36CC5F8D037C5F8C097C3
:1017300023685BB1013B012B18D8636AC5F85C369E
:10174000236AC5F85836E369C5F85436A269584B80
:10175000C3F850266269C3F84C262269C3F84826AC
:10176000E268C3F84426A268C3F84026504AD2F87B
:101770001039002BFBD1B8F1000F5FD06368402017
:10178000012B08BFC2F884363A68494BC3F8282CAD
:10179000C3F82C8CFEF790FF0646454AD2F8103964
:1017A000002BFBD1424AD2F8203C002BFBD123680E
:1017B0005BB1013B012B18D8D2F85C366362D2F8DA
:1017C00058362362D2F85436E361394BD3F85026A9
:1017D000A261D3F84C266261D3F848262261D3F87F
:1017E0004426E260D3F84036A36000230121304A4A
:1017F000D2F8CC07A064D2F8D007E064C2F8C417CE
:10180000C2F88436C2F8C837D2F81039002BFBD1A1
:10181000C2F81838002E3BD1254BD3F8040A40F00B
:101820004000FEF743FF0120FFF70AF860BB1F48A6
:10183000FEF7DEFF10BB3046BDE8F8830423C2F894
:10184000C837AAE74FF0FF3118484FF00109FEF7FB
:10185000C7FF00283FF441AF1648FFF757F80020B4
:10186000FEF7EEFF064600283FF43EAF1248FFF7B2
:101870004DF839E7114E3046BDE8F8831048FFF7C0
:1018800045F83046BDE8F8830E48FFF73FF8CEE74D
:10189000102104F10800FEF78BFFBDE70A4E304629
:1018A000BDE8F8834FF47306C5E700BFE4100020DD
:1018B00000108450B81D0100D01D01000100F3008C
:1018C000101E0100F01D01000300F300A0B3034649
:1018D00070B4D0E90240D3E9041226BA05BA0CBAB2
:1018E00010BAC3E90440D3E90612986A09BAC3E9F9
:1018F000026512BA996100BAD3E9084125BA0CBA57
:10190000C3E90725D3E90B12C3E9094009BAD86B2B
:1019100012BAD962D3E90D4125BAC3E90C250CBA34
:1019200000BAD3E9101209BA12BAC3E90E40196419
:1019300000205A6470BC70474FF47300704700BFBA
:1019400000201870704700BF431810B501D21F2A3D
:1019500001D9002010BD013902F014030144102BFD
:1019600080EA01043CD009DC8BB1042BF1D11F2C9F
:1019700040E840F315D941E840F10EE0142BE8D1DE
:101980001F2C40E8C0F30CD941E8C0F105E01F2C42
:1019900040E800F305D941E800F11C460B468C42B3
:1019A000D7D122F01402013A0A2AD2D801A151F863
:1019B00022F000BF031A0100FD190100EF19010018
:1019C0005319010053190100531901005319010063
:1019D000091A0100031A0100F7190100EF190100AB
:1019E0001F2C40E880F3DCD941E880F1D5E713F4FF
:1019F000001FAFD1ADE713F4801FFAE75B02A9D552
:101A0000A7E713F4002FF4E713F4802FF1E700BFEA
:101A100008B5074B044613B10021AFF30080054B16
:101A20001868836A03B19847204600F029F800BF80
:101A300000000000101F010070B50D4D00260D4C78
:101A4000641BA410A64209D10B4D00260B4C00F0DC
:101A500099F9641BA410A64205D170BD55F8043B4A
:101A600001369847EEE755F8043B01369847F2E710
:101A7000A0110020A0110020A0110020A41100201E
:101A8000FEE700BF002383F300887047FDF70EBB1D
:101A9000EFF30880EFF309812DE9F00F6B467246F2
:101AA000FBF7C4F808B0FFF7F1FFFEE7FDF7FEBA59
:101AB000EFF30880EFF309812DE9F00F6B467246D2
:101AC000FBF7B4F808B0FFF7F1FFFEE7FDF7EEBA59
:101AD000EFF30880EFF309812DE9F00F6B467246B2
:101AE000FBF7A4F808B0FFF7F1FFFEE7FDF7DEBA59
:101AF000EFF30880EFF309812DE9F00F6B46724692
:101B0000FBF794F808B0FFF7F1FFFEE7FDF7CEBA58
:101B1000EFF30880EFF309812DE9F00F6B46724671
:101B2000FBF784F808B0FFF7F1FFFEE7814270B4DD
:101B30000546144602D370BC00F02EB8821821442A
:101B40003CB141EA020313F003030FD1E01803286C
:101B500012D86FF00300A3084343002019441A442D
:101B60002344984210D1284670BC704711F8013DBB
:101B7000013C02F8013DE3E7581850F8046C98184E
:101B800040F8046C043BE1E70C1A14F8016C141AD9
:101B900004F8016C0130E4E770B504463AB141EA5B
:101BA000040313F003030CD1D518032D0FD822F032
:101BB00003031C441944002302F0030293420CD196
:101BC00070BD11F8013B013A04F8013BE6E7CD1A7C
:101BD0002E68E51A2E60043BE6E75D5CE5540133B0
:101BE000ECE7F0B5044662B922F00303234402F0A7
:101BF00003021A44934214D1F0BD04F8011B013AC8
:101C0000F1E7A307F9D115460B0443EA01630B433F
:101C100043EA01231619032DE6D9771B3B60043DE7
:101C2000F9E703F8011BE5E708B5EFF30583C3F314
:101C300008030BB1FDF73AFABDE80840FDF7BEBA5C
:101C400010B50446EFF30583C3F308030BB1FDF7AA
:101C50002DFA2046BDE81040FDF7B3BA2DE9F0415A
:101C600004460D4616461F46EFF30583C3F30803EB
:101C70000BB1FDF71BFA3B46324629462046BDE82C
:101C8000F041FCF7DFBC2DE9F04104460D46164655
:101C90001F46EFF30583C3F308030BB1FDF706FA04
:101CA0003B46324629462046BDE8F041FCF704BDDC
:101CB00008B5EFF30583C3F308030BB1FDF7F6F99D
:101CC000BDE80840FDF74DBA00207047704710B5D9
:101CD000044608B1FDF784FF2046BDE81040FDF73B
:101CE0006FBF10B50446406A10B1A16AFFF7EFFF5D
:101CF0000020C4E9090010BD38B50446FFF7F1FF24
:101D0000236A2C22012B0CBF05466FF0960500219B
:101D10002046FFF766FF284638BD00207047704711
:101D20000020704713B5002001AB1446FEF70CF8F5
:101D300030B9019BA34218BF6FF0930002B010BDF1
:101D40006FF09200FAE7002070472DE9E04F274638
:101D5000A046A146A246A346A446A2B02DEC000A86
:101D600084F3008825462646A447EFF3148515F032
:101D7000080F18BFB0EE400A3DEC000A22B0BDE8E3
:101D8000E08F0000F8B500BFF8BC08BC9E46704765
:101D9000F8B500BFF8BC08BC9E467047FF8FFFFF38
:101DA000FF8FFFFFFE8FFFFFFE8FFFFFFD8FFFFF07
:101DB000FC8FFFFFFC8FFFFF4661696C20746F2072
:101DC00061637175697265206D757465780A0000CC
:101DD0004661696C20746F20696E6372656173651A
:101DE00020504D20636F756E7465720A000000000C
:101DF0004661696C20746F20646563726561736508
:101E000020504D20636F756E7465720A00000000EB
:101E10004661696C20746F2072656C656173652022
:101E20006D757465780A0000436F756C64206E6F81
:101E300074206C6F636B20706F77657220736176AE
:101E400065206D75746578006D757465785F667270
:101E500065652063616C6C65642077697468204EE9
:101E6000554C4C20706172616D65746572000000A4
:101E700043616E277420696E697469616C697A6563
:101E8000206D757465782C20776173204E554C4C0D
:101E90000D0A00004661696C20746F20756E6C6FCE
:101EA000636B206D757465780A0000000A637478AE
:101EB000206973204E554C4C0A00000067E6096A01
:101EC00085AE67BB72F36E3C3AF54FA57F520E515B
:101ED0008C68059BABD9831F19CDE05BD89E05C1EB
:101EE00007D57C3617DD703039590EF7310BC0FF3E
:101EF00011155868A78FF964A44FFABE01234567EE
:101F000089ABCDEFFEDCBA9876543210F0E1D2C343
:101F10004011002054464D5F43525950544F0054D5
:101F2000464D5F504C4154464F524D5F53455256BB
:101F300049434500000000000000000000000000D0
:101F4000FFFFFFFFFFFFFFFFFFFFFFFFFFFFFFFFA1
:101F5000FFFFFFFFFFFFFFFFFFFFFFFFFFFFFFFF91
:101F6000FFFFFFFFFFFFFFFFFFFFFFFFFFFFFFFF81
:101F7000FFFFFFFFFFFFFFFFFFFFFFFFFFFFFFFF71
:101F8000FFFFFFFFFFFFFFFFFFFFFFFFFFFFFFFF61
:101F9000FFFFFFFFFFFFFFFFFFFFFFFFFFFFFFFF51
:101FA000FFFFFFFFFFFFFFFFFFFFFFFFFFFFFFFF41
:101FB000FFFFFFFFFFFFFFFFFFFFFFFFFFFFFFFF31
:101FC000FFFFFFFFFFFFFFFFFFFFFFFFFFFFFFFF21
:101FD000FFFFFFFFFFFFFFFFFFFFFFFFFFFFFFFF11
:101FE000FFFFFFFFFFFFFFFFFFFFFFFFFFFFFFFF01
:101FF000FFFFFFFFFFFFFFFFFFFFFFFFFFFFFFFFF1
:10200000FFFFFFFFFFFFFFFFFFFFFFFFFFFFFFFFE0
:10201000FFFFFFFFFFFFFFFFFFFFFFFFFFFFFFFFD0
:10202000FFFFFFFFFFFFFFFFFFFFFFFFFFFFFFFFC0
:10203000FFFFFFFFFFFFFFFFFFFFFFFFFFFFFFFFB0
:10204000FFFFFFFFFFFFFFFFFFFFFFFFFFFFFFFFA0
:10205000FFFFFFFFFFFFFFFFFFFFFFFFFFFFFFFF90
:10206000FFFFFFFFFFFFFFFFFFFFFFFFFFFFFFFF80
:10207000FFFFFFFFFFFFFFFFFFFFFFFFFFFFFFFF70
:10208000FFFFFFFFFFFFFFFFFFFFFFFFFFFFFFFF60
:10209000FFFFFFFFFFFFFFFFFFFFFFFFFFFFFFFF50
:1020A000FFFFFFFFFFFFFFFFFFFFFFFFFFFFFFFF40
:1020B000FFFFFFFFFFFFFFFFFFFFFFFFFFFFFFFF30
:1020C000FFFFFFFFFFFFFFFFFFFFFFFFFFFFFFFF20
:1020D000FFFFFFFFFFFFFFFFFFFFFFFFFFFFFFFF10
:1020E000FFFFFFFFFFFFFFFFFFFFFFFFFFFFFFFF00
:1020F000FFFFFFFFFFFFFFFFFFFFFFFFFFFFFFFFF0
:10210000FFFFFFFFFFFFFFFFFFFFFFFFFFFFFFFFDF
:10211000FFFFFFFFFFFFFFFFFFFFFFFFFFFFFFFFCF
:10212000FFFFFFFFFFFFFFFFFFFFFFFFFFFFFFFFBF
:10213000FFFFFFFFFFFFFFFFFFFFFFFFFFFFFFFFAF
:10214000FFFFFFFFFFFFFFFFFFFFFFFFFFFFFFFF9F
:10215000FFFFFFFFFFFFFFFFFFFFFFFFFFFFFFFF8F
:10216000FFFFFFFFFFFFFFFFFFFFFFFFFFFFFFFF7F
:10217000FFFFFFFFFFFFFFFFFFFFFFFFFFFFFFFF6F
:10218000FFFFFFFFFFFFFFFFFFFFFFFFFFFFFFFF5F
:10219000FFFFFFFFFFFFFFFFFFFFFFFFFFFFFFFF4F
:1021A000FFFFFFFFFFFFFFFFFFFFFFFFFFFFFFFF3F
:1021B000FFFFFFFFFFFFFFFFFFFFFFFFFFFFFFFF2F
:1021C000FFFFFFFFFFFFFFFFFFFFFFFFFFFFFFFF1F
:1021D000FFFFFFFFFFFFFFFFFFFFFFFFFFFFFFFF0F
:1021E000FFFFFFFFFFFFFFFFFFFFFFFFFFFFFFFFFF
:1021F000FFFFFFFFFFFFFFFFFFFFFFFFFFFFFFFFEF
:10220000FFFFFFFFFFFFFFFFFFFFFFFFFFFFFFFFDE
:10221000FFFFFFFFFFFFFFFFFFFFFFFFFFFFFFFFCE
:10222000FFFFFFFFFFFFFFFFFFFFFFFFFFFFFFFFBE
:10223000FFFFFFFFFFFFFFFFFFFFFFFFFFFFFFFFAE
:10224000FFFFFFFFFFFFFFFFFFFFFFFFFFFFFFFF9E
:10225000FFFFFFFFFFFFFFFFFFFFFFFFFFFFFFFF8E
:10226000FFFFFFFFFFFFFFFFFFFFFFFFFFFFFFFF7E
:10227000FFFFFFFFFFFFFFFFFFFFFFFFFFFFFFFF6E
:10228000FFFFFFFFFFFFFFFFFFFFFFFFFFFFFFFF5E
:10229000FFFFFFFFFFFFFFFFFFFFFFFFFFFFFFFF4E
:1022A000FFFFFFFFFFFFFFFFFFFFFFFFFFFFFFFF3E
:1022B000FFFFFFFFFFFFFFFFFFFFFFFFFFFFFFFF2E
:1022C000FFFFFFFFFFFFFFFFFFFFFFFFFFFFFFFF1E
:1022D000FFFFFFFFFFFFFFFFFFFFFFFFFFFFFFFF0E
:1022E000FFFFFFFFFFFFFFFFFFFFFFFFFFFFFFFFFE
:1022F000FFFFFFFFFFFFFFFFFFFFFFFFFFFFFFFFEE
:10230000FFFFFFFFFFFFFFFFFFFFFFFFFFFFFFFFDD
:10231000FFFFFFFFFFFFFFFFFFFFFFFFFFFFFFFFCD
:10232000FFFFFFFFFFFFFFFFFFFFFFFFFFFFFFFFBD
:10233000FFFFFFFFFFFFFFFFFFFFFFFFFFFFFFFFAD
:10234000FFFFFFFFFFFFFFFFFFFFFFFFFFFFFFFF9D
:10235000FFFFFFFFFFFFFFFFFFFFFFFFFFFFFFFF8D
:10236000FFFFFFFFFFFFFFFFFFFFFFFFFFFFFFFF7D
:10237000FFFFFFFFFFFFFFFFFFFFFFFFFFFFFFFF6D
:10238000FFFFFFFFFFFFFFFFFFFFFFFFFFFFFFFF5D
:10239000FFFFFFFFFFFFFFFFFFFFFFFFFFFFFFFF4D
:1023A000FFFFFFFFFFFFFFFFFFFFFFFFFFFFFFFF3D
:1023B000FFFFFFFFFFFFFFFFFFFFFFFFFFFFFFFF2D
:1023C000FFFFFFFFFFFFFFFFFFFFFFFFFFFFFFFF1D
:1023D000FFFFFFFFFFFFFFFFFFFFFFFFFFFFFFFF0D
:1023E000FFFFFFFFFFFFFFFFFFFFFFFFFFFFFFFFFD
:1023F000FFFFFFFFFFFFFFFFFFFFFFFFFFFFFFFFED
:10240000FFFFFFFFFFFFFFFFFFFFFFFFFFFFFFFFDC
:10241000FFFFFFFFFFFFFFFFFFFFFFFFFFFFFFFFCC
:10242000FFFFFFFFFFFFFFFFFFFFFFFFFFFFFFFFBC
:10243000FFFFFFFFFFFFFFFFFFFFFFFFFFFFFFFFAC
:10244000FFFFFFFFFFFFFFFFFFFFFFFFFFFFFFFF9C
:10245000FFFFFFFFFFFFFFFFFFFFFFFFFFFFFFFF8C
:10246000FFFFFFFFFFFFFFFFFFFFFFFFFFFFFFFF7C
:10247000FFFFFFFFFFFFFFFFFFFFFFFFFFFFFFFF6C
:10248000FFFFFFFFFFFFFFFFFFFFFFFFFFFFFFFF5C
:10249000FFFFFFFFFFFFFFFFFFFFFFFFFFFFFFFF4C
:1024A000FFFFFFFFFFFFFFFFFFFFFFFFFFFFFFFF3C
:1024B000FFFFFFFFFFFFFFFFFFFFFFFFFFFFFFFF2C
:1024C000FFFFFFFFFFFFFFFFFFFFFFFFFFFFFFFF1C
:1024D000FFFFFFFFFFFFFFFFFFFFFFFFFFFFFFFF0C
:1024E000FFFFFFFFFFFFFFFFFFFFFFFFFFFFFFFFFC
:1024F000FFFFFFFFFFFFFFFFFFFFFFFFFFFFFFFFEC
:10250000FFFFFFFFFFFFFFFFFFFFFFFFFFFFFFFFDB
:10251000FFFFFFFFFFFFFFFFFFFFFFFFFFFFFFFFCB
:10252000FFFFFFFFFFFFFFFFFFFFFFFFFFFFFFFFBB
:10253000FFFFFFFFFFFFFFFFFFFFFFFFFFFFFFFFAB
:10254000FFFFFFFFFFFFFFFFFFFFFFFFFFFFFFFF9B
:10255000FFFFFFFFFFFFFFFFFFFFFFFFFFFFFFFF8B
:10256000FFFFFFFFFFFFFFFFFFFFFFFFFFFFFFFF7B
:10257000FFFFFFFFFFFFFFFFFFFFFFFFFFFFFFFF6B
:10258000FFFFFFFFFFFFFFFFFFFFFFFFFFFFFFFF5B
:10259000FFFFFFFFFFFFFFFFFFFFFFFFFFFFFFFF4B
:1025A000FFFFFFFFFFFFFFFFFFFFFFFFFFFFFFFF3B
:1025B000FFFFFFFFFFFFFFFFFFFFFFFFFFFFFFFF2B
:1025C000FFFFFFFFFFFFFFFFFFFFFFFFFFFFFFFF1B
:1025D000FFFFFFFFFFFFFFFFFFFFFFFFFFFFFFFF0B
:1025E000FFFFFFFFFFFFFFFFFFFFFFFFFFFFFFFFFB
:1025F000FFFFFFFFFFFFFFFFFFFFFFFFFFFFFFFFEB
:10260000FFFFFFFFFFFFFFFFFFFFFFFFFFFFFFFFDA
:10261000FFFFFFFFFFFFFFFFFFFFFFFFFFFFFFFFCA
:10262000FFFFFFFFFFFFFFFFFFFFFFFFFFFFFFFFBA
:10263000FFFFFFFFFFFFFFFFFFFFFFFFFFFFFFFFAA
:10264000FFFFFFFFFFFFFFFFFFFFFFFFFFFFFFFF9A
:10265000FFFFFFFFFFFFFFFFFFFFFFFFFFFFFFFF8A
:10266000FFFFFFFFFFFFFFFFFFFFFFFFFFFFFFFF7A
:10267000FFFFFFFFFFFFFFFFFFFFFFFFFFFFFFFF6A
:10268000FFFFFFFFFFFFFFFFFFFFFFFFFFFFFFFF5A
:10269000FFFFFFFFFFFFFFFFFFFFFFFFFFFFFFFF4A
:1026A000FFFFFFFFFFFFFFFFFFFFFFFFFFFFFFFF3A
:1026B000FFFFFFFFFFFFFFFFFFFFFFFFFFFFFFFF2A
:1026C000FFFFFFFFFFFFFFFFFFFFFFFFFFFFFFFF1A
:1026D000FFFFFFFFFFFFFFFFFFFFFFFFFFFFFFFF0A
:1026E000FFFFFFFFFFFFFFFFFFFFFFFFFFFFFFFFFA
:1026F000FFFFFFFFFFFFFFFFFFFFFFFFFFFFFFFFEA
:10270000FFFFFFFFFFFFFFFFFFFFFFFFFFFFFFFFD9
:10271000FFFFFFFFFFFFFFFFFFFFFFFFFFFFFFFFC9
:10272000FFFFFFFFFFFFFFFFFFFFFFFFFFFFFFFFB9
:10273000FFFFFFFFFFFFFFFFFFFFFFFFFFFFFFFFA9
:10274000FFFFFFFFFFFFFFFFFFFFFFFFFFFFFFFF99
:10275000FFFFFFFFFFFFFFFFFFFFFFFFFFFFFFFF89
:10276000FFFFFFFFFFFFFFFFFFFFFFFFFFFFFFFF79
:10277000FFFFFFFFFFFFFFFFFFFFFFFFFFFFFFFF69
:10278000FFFFFFFFFFFFFFFFFFFFFFFFFFFFFFFF59
:10279000FFFFFFFFFFFFFFFFFFFFFFFFFFFFFFFF49
:1027A000FFFFFFFFFFFFFFFFFFFFFFFFFFFFFFFF39
:1027B000FFFFFFFFFFFFFFFFFFFFFFFFFFFFFFFF29
:1027C000FFFFFFFFFFFFFFFFFFFFFFFFFFFFFFFF19
:1027D000FFFFFFFFFFFFFFFFFFFFFFFFFFFFFFFF09
:1027E000FFFFFFFFFFFFFFFFFFFFFFFFFFFFFFFFF9
:1027F000FFFFFFFFFFFFFFFFFFFFFFFFFFFFFFFFE9
:10280000FFFFFFFFFFFFFFFFFFFFFFFFFFFFFFFFD8
:10281000FFFFFFFFFFFFFFFFFFFFFFFFFFFFFFFFC8
:10282000FFFFFFFFFFFFFFFFFFFFFFFFFFFFFFFFB8
:10283000FFFFFFFFFFFFFFFFFFFFFFFFFFFFFFFFA8
:10284000FFFFFFFFFFFFFFFFFFFFFFFFFFFFFFFF98
:10285000FFFFFFFFFFFFFFFFFFFFFFFFFFFFFFFF88
:10286000FFFFFFFFFFFFFFFFFFFFFFFFFFFFFFFF78
:10287000FFFFFFFFFFFFFFFFFFFFFFFFFFFFFFFF68
:10288000FFFFFFFFFFFFFFFFFFFFFFFFFFFFFFFF58
:10289000FFFFFFFFFFFFFFFFFFFFFFFFFFFFFFFF48
:1028A000FFFFFFFFFFFFFFFFFFFFFFFFFFFFFFFF38
:1028B000FFFFFFFFFFFFFFFFFFFFFFFFFFFFFFFF28
:1028C000FFFFFFFFFFFFFFFFFFFFFFFFFFFFFFFF18
:1028D000FFFFFFFFFFFFFFFFFFFFFFFFFFFFFFFF08
:1028E000FFFFFFFFFFFFFFFFFFFFFFFFFFFFFFFFF8
:1028F000FFFFFFFFFFFFFFFFFFFFFFFFFFFFFFFFE8
:10290000FFFFFFFFFFFFFFFFFFFFFFFFFFFFFFFFD7
:10291000FFFFFFFFFFFFFFFFFFFFFFFFFFFFFFFFC7
:10292000FFFFFFFFFFFFFFFFFFFFFFFFFFFFFFFFB7
:10293000FFFFFFFFFFFFFFFFFFFFFFFFFFFFFFFFA7
:10294000FFFFFFFFFFFFFFFFFFFFFFFFFFFFFFFF97
:10295000FFFFFFFFFFFFFFFFFFFFFFFFFFFFFFFF87
:10296000FFFFFFFFFFFFFFFFFFFFFFFFFFFFFFFF77
:10297000FFFFFFFFFFFFFFFFFFFFFFFFFFFFFFFF67
:10298000FFFFFFFFFFFFFFFFFFFFFFFFFFFFFFFF57
:10299000FFFFFFFFFFFFFFFFFFFFFFFFFFFFFFFF47
:1029A000FFFFFFFFFFFFFFFFFFFFFFFFFFFFFFFF37
:1029B000FFFFFFFFFFFFFFFFFFFFFFFFFFFFFFFF27
:1029C000FFFFFFFFFFFFFFFFFFFFFFFFFFFFFFFF17
:1029D000FFFFFFFFFFFFFFFFFFFFFFFFFFFFFFFF07
:1029E000FFFFFFFFFFFFFFFFFFFFFFFFFFFFFFFFF7
:1029F000FFFFFFFFFFFFFFFFFFFFFFFFFFFFFFFFE7
:102A0000FFFFFFFFFFFFFFFFFFFFFFFFFFFFFFFFD6
:102A1000FFFFFFFFFFFFFFFFFFFFFFFFFFFFFFFFC6
:102A2000FFFFFFFFFFFFFFFFFFFFFFFFFFFFFFFFB6
:102A3000FFFFFFFFFFFFFFFFFFFFFFFFFFFFFFFFA6
:102A4000FFFFFFFFFFFFFFFFFFFFFFFFFFFFFFFF96
:102A5000FFFFFFFFFFFFFFFFFFFFFFFFFFFFFFFF86
:102A6000FFFFFFFFFFFFFFFFFFFFFFFFFFFFFFFF76
:102A7000FFFFFFFFFFFFFFFFFFFFFFFFFFFFFFFF66
:102A8000FFFFFFFFFFFFFFFFFFFFFFFFFFFFFFFF56
:102A9000FFFFFFFFFFFFFFFFFFFFFFFFFFFFFFFF46
:102AA000FFFFFFFFFFFFFFFFFFFFFFFFFFFFFFFF36
:102AB000FFFFFFFFFFFFFFFFFFFFFFFFFFFFFFFF26
:102AC000FFFFFFFFFFFFFFFFFFFFFFFFFFFFFFFF16
:102AD000FFFFFFFFFFFFFFFFFFFFFFFFFFFFFFFF06
:102AE000FFFFFFFFFFFFFFFFFFFFFFFFFFFFFFFFF6
:102AF000FFFFFFFFFFFFFFFFFFFFFFFFFFFFFFFFE6
:102B0000FFFFFFFFFFFFFFFFFFFFFFFFFFFFFFFFD5
:102B1000FFFFFFFFFFFFFFFFFFFFFFFFFFFFFFFFC5
:102B2000FFFFFFFFFFFFFFFFFFFFFFFFFFFFFFFFB5
:102B3000FFFFFFFFFFFFFFFFFFFFFFFFFFFFFFFFA5
:102B4000FFFFFFFFFFFFFFFFFFFFFFFFFFFFFFFF95
:102B5000FFFFFFFFFFFFFFFFFFFFFFFFFFFFFFFF85
:102B6000FFFFFFFFFFFFFFFFFFFFFFFFFFFFFFFF75
:102B7000FFFFFFFFFFFFFFFFFFFFFFFFFFFFFFFF65
:102B8000FFFFFFFFFFFFFFFFFFFFFFFFFFFFFFFF55
:102B9000FFFFFFFFFFFFFFFFFFFFFFFFFFFFFFFF45
:102BA000FFFFFFFFFFFFFFFFFFFFFFFFFFFFFFFF35
:102BB000FFFFFFFFFFFFFFFFFFFFFFFFFFFFFFFF25
:102BC000FFFFFFFFFFFFFFFFFFFFFFFFFFFFFFFF15
:102BD000FFFFFFFFFFFFFFFFFFFFFFFFFFFFFFFF05
:102BE000FFFFFFFFFFFFFFFFFFFFFFFFFFFFFFFFF5
:102BF000FFFFFFFFFFFFFFFFFFFFFFFFFFFFFFFFE5
:102C0000FFFFFFFFFFFFFFFFFFFFFFFFFFFFFFFFD4
:102C1000FFFFFFFFFFFFFFFFFFFFFFFFFFFFFFFFC4
:102C2000FFFFFFFFFFFFFFFFFFFFFFFFFFFFFFFFB4
:102C3000FFFFFFFFFFFFFFFFFFFFFFFFFFFFFFFFA4
:102C4000FFFFFFFFFFFFFFFFFFFFFFFFFFFFFFFF94
:102C5000FFFFFFFFFFFFFFFFFFFFFFFFFFFFFFFF84
:102C6000FFFFFFFFFFFFFFFFFFFFFFFFFFFFFFFF74
:102C7000FFFFFFFFFFFFFFFFFFFFFFFFFFFFFFFF64
:102C8000FFFFFFFFFFFFFFFFFFFFFFFFFFFFFFFF54
:102C9000FFFFFFFFFFFFFFFFFFFFFFFFFFFFFFFF44
:102CA000FFFFFFFFFFFFFFFFFFFFFFFFFFFFFFFF34
:102CB000FFFFFFFFFFFFFFFFFFFFFFFFFFFFFFFF24
:102CC000FFFFFFFFFFFFFFFFFFFFFFFFFFFFFFFF14
:102CD000FFFFFFFFFFFFFFFFFFFFFFFFFFFFFFFF04
:102CE000FFFFFFFFFFFFFFFFFFFFFFFFFFFFFFFFF4
:102CF000FFFFFFFFFFFFFFFFFFFFFFFFFFFFFFFFE4
:102D0000FFFFFFFFFFFFFFFFFFFFFFFFFFFFFFFFD3
:102D1000FFFFFFFFFFFFFFFFFFFFFFFFFFFFFFFFC3
:102D2000FFFFFFFFFFFFFFFFFFFFFFFFFFFFFFFFB3
:102D3000FFFFFFFFFFFFFFFFFFFFFFFFFFFFFFFFA3
:102D4000FFFFFFFFFFFFFFFFFFFFFFFFFFFFFFFF93
:102D5000FFFFFFFFFFFFFFFFFFFFFFFFFFFFFFFF83
:102D6000FFFFFFFFFFFFFFFFFFFFFFFFFFFFFFFF73
:102D7000FFFFFFFFFFFFFFFFFFFFFFFFFFFFFFFF63
:102D8000FFFFFFFFFFFFFFFFFFFFFFFFFFFFFFFF53
:102D9000FFFFFFFFFFFFFFFFFFFFFFFFFFFFFFFF43
:102DA000FFFFFFFFFFFFFFFFFFFFFFFFFFFFFFFF33
:102DB000FFFFFFFFFFFFFFFFFFFFFFFFFFFFFFFF23
:102DC000FFFFFFFFFFFFFFFFFFFFFFFFFFFFFFFF13
:102DD000FFFFFFFFFFFFFFFFFFFFFFFFFFFFFFFF03
:102DE000FFFFFFFFFFFFFFFFFFFFFFFFFFFFFFFFF3
:102DF000FFFFFFFFFFFFFFFFFFFFFFFFFFFFFFFFE3
:102E0000FFFFFFFFFFFFFFFFFFFFFFFFFFFFFFFFD2
:102E1000FFFFFFFFFFFFFFFFFFFFFFFFFFFFFFFFC2
:102E2000FFFFFFFFFFFFFFFFFFFFFFFFFFFFFFFFB2
:102E3000FFFFFFFFFFFFFFFFFFFFFFFFFFFFFFFFA2
:102E4000FFFFFFFFFFFFFFFFFFFFFFFFFFFFFFFF92
:102E5000FFFFFFFFFFFFFFFFFFFFFFFFFFFFFFFF82
:102E6000FFFFFFFFFFFFFFFFFFFFFFFFFFFFFFFF72
:102E7000FFFFFFFFFFFFFFFFFFFFFFFFFFFFFFFF62
:102E8000FFFFFFFFFFFFFFFFFFFFFFFFFFFFFFFF52
:102E9000FFFFFFFFFFFFFFFFFFFFFFFFFFFFFFFF42
:102EA000FFFFFFFFFFFFFFFFFFFFFFFFFFFFFFFF32
:102EB000FFFFFFFFFFFFFFFFFFFFFFFFFFFFFFFF22
:102EC000FFFFFFFFFFFFFFFFFFFFFFFFFFFFFFFF12
:102ED000FFFFFFFFFFFFFFFFFFFFFFFFFFFFFFFF02
:102EE000FFFFFFFFFFFFFFFFFFFFFFFFFFFFFFFFF2
:102EF000FFFFFFFFFFFFFFFFFFFFFFFFFFFFFFFFE2
:102F0000FFFFFFFFFFFFFFFFFFFFFFFFFFFFFFFFD1
:102F1000FFFFFFFFFFFFFFFFFFFFFFFFFFFFFFFFC1
:102F2000FFFFFFFFFFFFFFFFFFFFFFFFFFFFFFFFB1
:102F3000FFFFFFFFFFFFFFFFFFFFFFFFFFFFFFFFA1
:102F4000FFFFFFFFFFFFFFFFFFFFFFFFFFFFFFFF91
:102F5000FFFFFFFFFFFFFFFFFFFFFFFFFFFFFFFF81
:102F6000FFFFFFFFFFFFFFFFFFFFFFFFFFFFFFFF71
:102F7000FFFFFFFFFFFFFFFFFFFFFFFFFFFFFFFF61
:102F8000FFFFFFFFFFFFFFFFFFFFFFFFFFFFFFFF51
:102F9000FFFFFFFFFFFFFFFFFFFFFFFFFFFFFFFF41
:102FA000FFFFFFFFFFFFFFFFFFFFFFFFFFFFFFFF31
:102FB000FFFFFFFFFFFFFFFFFFFFFFFFFFFFFFFF21
:102FC000FFFFFFFFFFFFFFFFFFFFFFFFFFFFFFFF11
:102FD000FFFFFFFFFFFFFFFFFFFFFFFFFFFFFFFF01
:102FE000FFFFFFFFFFFFFFFFFFFFFFFFFFFFFFFFF1
:102FF000FFFFFFFFFFFFFFFFFFFFFFFFFFFFFFFFE1
:10300000FFFFFFFFFFFFFFFFFFFFFFFFFFFFFFFFD0
:10301000FFFFFFFFFFFFFFFFFFFFFFFFFFFFFFFFC0
:10302000FFFFFFFFFFFFFFFFFFFFFFFFFFFFFFFFB0
:10303000FFFFFFFFFFFFFFFFFFFFFFFFFFFFFFFFA0
:10304000FFFFFFFFFFFFFFFFFFFFFFFFFFFFFFFF90
:10305000FFFFFFFFFFFFFFFFFFFFFFFFFFFFFFFF80
:10306000FFFFFFFFFFFFFFFFFFFFFFFFFFFFFFFF70
:10307000FFFFFFFFFFFFFFFFFFFFFFFFFFFFFFFF60
:10308000FFFFFFFFFFFFFFFFFFFFFFFFFFFFFFFF50
:10309000FFFFFFFFFFFFFFFFFFFFFFFFFFFFFFFF40
:1030A000FFFFFFFFFFFFFFFFFFFFFFFFFFFFFFFF30
:1030B000FFFFFFFFFFFFFFFFFFFFFFFFFFFFFFFF20
:1030C000FFFFFFFFFFFFFFFFFFFFFFFFFFFFFFFF10
:1030D000FFFFFFFFFFFFFFFFFFFFFFFFFFFFFFFF00
:1030E000FFFFFFFFFFFFFFFFFFFFFFFFFFFFFFFFF0
:1030F000FFFFFFFFFFFFFFFFFFFFFFFFFFFFFFFFE0
:10310000FFFFFFFFFFFFFFFFFFFFFFFFFFFFFFFFCF
:10311000FFFFFFFFFFFFFFFFFFFFFFFFFFFFFFFFBF
:10312000FFFFFFFFFFFFFFFFFFFFFFFFFFFFFFFFAF
:10313000FFFFFFFFFFFFFFFFFFFFFFFFFFFFFFFF9F
:10314000FFFFFFFFFFFFFFFFFFFFFFFFFFFFFFFF8F
:10315000FFFFFFFFFFFFFFFFFFFFFFFFFFFFFFFF7F
:10316000FFFFFFFFFFFFFFFFFFFFFFFFFFFFFFFF6F
:10317000FFFFFFFFFFFFFFFFFFFFFFFFFFFFFFFF5F
:10318000FFFFFFFFFFFFFFFFFFFFFFFFFFFFFFFF4F
:10319000FFFFFFFFFFFFFFFFFFFFFFFFFFFFFFFF3F
:1031A000FFFFFFFFFFFFFFFFFFFFFFFFFFFFFFFF2F
:1031B000FFFFFFFFFFFFFFFFFFFFFFFFFFFFFFFF1F
:1031C000FFFFFFFFFFFFFFFFFFFFFFFFFFFFFFFF0F
:1031D000FFFFFFFFFFFFFFFFFFFFFFFFFFFFFFFFFF
:1031E000FFFFFFFFFFFFFFFFFFFFFFFFFFFFFFFFEF
:1031F000FFFFFFFFFFFFFFFFFFFFFFFFFFFFFFFFDF
:10320000FFFFFFFFFFFFFFFFFFFFFFFFFFFFFFFFCE
:10321000FFFFFFFFFFFFFFFFFFFFFFFFFFFFFFFFBE
:10322000FFFFFFFFFFFFFFFFFFFFFFFFFFFFFFFFAE
:10323000FFFFFFFFFFFFFFFFFFFFFFFFFFFFFFFF9E
:10324000FFFFFFFFFFFFFFFFFFFFFFFFFFFFFFFF8E
:10325000FFFFFFFFFFFFFFFFFFFFFFFFFFFFFFFF7E
:10326000FFFFFFFFFFFFFFFFFFFFFFFFFFFFFFFF6E
:10327000FFFFFFFFFFFFFFFFFFFFFFFFFFFFFFFF5E
:10328000FFFFFFFFFFFFFFFFFFFFFFFFFFFFFFFF4E
:10329000FFFFFFFFFFFFFFFFFFFFFFFFFFFFFFFF3E
:1032A000FFFFFFFFFFFFFFFFFFFFFFFFFFFFFFFF2E
:1032B000FFFFFFFFFFFFFFFFFFFFFFFFFFFFFFFF1E
:1032C000FFFFFFFFFFFFFFFFFFFFFFFFFFFFFFFF0E
:1032D000FFFFFFFFFFFFFFFFFFFFFFFFFFFFFFFFFE
:1032E000FFFFFFFFFFFFFFFFFFFFFFFFFFFFFFFFEE
:1032F000FFFFFFFFFFFFFFFFFFFFFFFFFFFFFFFFDE
:10330000FFFFFFFFFFFFFFFFFFFFFFFFFFFFFFFFCD
:10331000FFFFFFFFFFFFFFFFFFFFFFFFFFFFFFFFBD
:10332000FFFFFFFFFFFFFFFFFFFFFFFFFFFFFFFFAD
:10333000FFFFFFFFFFFFFFFFFFFFFFFFFFFFFFFF9D
:10334000FFFFFFFFFFFFFFFFFFFFFFFFFFFFFFFF8D
:10335000FFFFFFFFFFFFFFFFFFFFFFFFFFFFFFFF7D
:10336000FFFFFFFFFFFFFFFFFFFFFFFFFFFFFFFF6D
:10337000FFFFFFFFFFFFFFFFFFFFFFFFFFFFFFFF5D
:10338000FFFFFFFFFFFFFFFFFFFFFFFFFFFFFFFF4D
:10339000FFFFFFFFFFFFFFFFFFFFFFFFFFFFFFFF3D
:1033A000FFFFFFFFFFFFFFFFFFFFFFFFFFFFFFFF2D
:1033B000FFFFFFFFFFFFFFFFFFFFFFFFFFFFFFFF1D
:1033C000FFFFFFFFFFFFFFFFFFFFFFFFFFFFFFFF0D
:1033D000FFFFFFFFFFFFFFFFFFFFFFFFFFFFFFFFFD
:1033E000FFFFFFFFFFFFFFFFFFFFFFFFFFFFFFFFED
:1033F000FFFFFFFFFFFFFFFFFFFFFFFFFFFFFFFFDD
:10340000FFFFFFFFFFFFFFFFFFFFFFFFFFFFFFFFCC
:10341000FFFFFFFFFFFFFFFFFFFFFFFFFFFFFFFFBC
:10342000FFFFFFFFFFFFFFFFFFFFFFFFFFFFFFFFAC
:10343000FFFFFFFFFFFFFFFFFFFFFFFFFFFFFFFF9C
:10344000FFFFFFFFFFFFFFFFFFFFFFFFFFFFFFFF8C
:10345000FFFFFFFFFFFFFFFFFFFFFFFFFFFFFFFF7C
:10346000FFFFFFFFFFFFFFFFFFFFFFFFFFFFFFFF6C
:10347000FFFFFFFFFFFFFFFFFFFFFFFFFFFFFFFF5C
:10348000FFFFFFFFFFFFFFFFFFFFFFFFFFFFFFFF4C
:10349000FFFFFFFFFFFFFFFFFFFFFFFFFFFFFFFF3C
:1034A000FFFFFFFFFFFFFFFFFFFFFFFFFFFFFFFF2C
:1034B000FFFFFFFFFFFFFFFFFFFFFFFFFFFFFFFF1C
:1034C000FFFFFFFFFFFFFFFFFFFFFFFFFFFFFFFF0C
:1034D000FFFFFFFFFFFFFFFFFFFFFFFFFFFFFFFFFC
:1034E000FFFFFFFFFFFFFFFFFFFFFFFFFFFFFFFFEC
:1034F000FFFFFFFFFFFFFFFFFFFFFFFFFFFFFFFFDC
:10350000FFFFFFFFFFFFFFFFFFFFFFFFFFFFFFFFCB
:10351000FFFFFFFFFFFFFFFFFFFFFFFFFFFFFFFFBB
:10352000FFFFFFFFFFFFFFFFFFFFFFFFFFFFFFFFAB
:10353000FFFFFFFFFFFFFFFFFFFFFFFFFFFFFFFF9B
:10354000FFFFFFFFFFFFFFFFFFFFFFFFFFFFFFFF8B
:10355000FFFFFFFFFFFFFFFFFFFFFFFFFFFFFFFF7B
:10356000FFFFFFFFFFFFFFFFFFFFFFFFFFFFFFFF6B
:10357000FFFFFFFFFFFFFFFFFFFFFFFFFFFFFFFF5B
:10358000FFFFFFFFFFFFFFFFFFFFFFFFFFFFFFFF4B
:10359000FFFFFFFFFFFFFFFFFFFFFFFFFFFFFFFF3B
:1035A000FFFFFFFFFFFFFFFFFFFFFFFFFFFFFFFF2B
:1035B000FFFFFFFFFFFFFFFFFFFFFFFFFFFFFFFF1B
:1035C000FFFFFFFFFFFFFFFFFFFFFFFFFFFFFFFF0B
:1035D000FFFFFFFFFFFFFFFFFFFFFFFFFFFFFFFFFB
:1035E000FFFFFFFFFFFFFFFFFFFFFFFFFFFFFFFFEB
:1035F000FFFFFFFFFFFFFFFFFFFFFFFFFFFFFFFFDB
:10360000FFFFFFFFFFFFFFFFFFFFFFFFFFFFFFFFCA
:10361000FFFFFFFFFFFFFFFFFFFFFFFFFFFFFFFFBA
:10362000FFFFFFFFFFFFFFFFFFFFFFFFFFFFFFFFAA
:10363000FFFFFFFFFFFFFFFFFFFFFFFFFFFFFFFF9A
:10364000FFFFFFFFFFFFFFFFFFFFFFFFFFFFFFFF8A
:10365000FFFFFFFFFFFFFFFFFFFFFFFFFFFFFFFF7A
:10366000FFFFFFFFFFFFFFFFFFFFFFFFFFFFFFFF6A
:10367000FFFFFFFFFFFFFFFFFFFFFFFFFFFFFFFF5A
:10368000FFFFFFFFFFFFFFFFFFFFFFFFFFFFFFFF4A
:10369000FFFFFFFFFFFFFFFFFFFFFFFFFFFFFFFF3A
:1036A000FFFFFFFFFFFFFFFFFFFFFFFFFFFFFFFF2A
:1036B000FFFFFFFFFFFFFFFFFFFFFFFFFFFFFFFF1A
:1036C000FFFFFFFFFFFFFFFFFFFFFFFFFFFFFFFF0A
:1036D000FFFFFFFFFFFFFFFFFFFFFFFFFFFFFFFFFA
:1036E000FFFFFFFFFFFFFFFFFFFFFFFFFFFFFFFFEA
:1036F000FFFFFFFFFFFFFFFFFFFFFFFFFFFFFFFFDA
:10370000FFFFFFFFFFFFFFFFFFFFFFFFFFFFFFFFC9
:10371000FFFFFFFFFFFFFFFFFFFFFFFFFFFFFFFFB9
:10372000FFFFFFFFFFFFFFFFFFFFFFFFFFFFFFFFA9
:10373000FFFFFFFFFFFFFFFFFFFFFFFFFFFFFFFF99
:10374000FFFFFFFFFFFFFFFFFFFFFFFFFFFFFFFF89
:10375000FFFFFFFFFFFFFFFFFFFFFFFFFFFFFFFF79
:10376000FFFFFFFFFFFFFFFFFFFFFFFFFFFFFFFF69
:10377000FFFFFFFFFFFFFFFFFFFFFFFFFFFFFFFF59
:10378000FFFFFFFFFFFFFFFFFFFFFFFFFFFFFFFF49
:10379000FFFFFFFFFFFFFFFFFFFFFFFFFFFFFFFF39
:1037A000FFFFFFFFFFFFFFFFFFFFFFFFFFFFFFFF29
:1037B000FFFFFFFFFFFFFFFFFFFFFFFFFFFFFFFF19
:1037C000FFFFFFFFFFFFFFFFFFFFFFFFFFFFFFFF09
:1037D000FFFFFFFFFFFFFFFFFFFFFFFFFFFFFFFFF9
:1037E000FFFFFFFFFFFFFFFFFFFFFFFFFFFFFFFFE9
:1037F000FFFFFFFFFFFFFFFFFFFFFFFFFFFFFFFFD9
:10380000FFFFFFFFFFFFFFFFFFFFFFFFFFFFFFFFC8
:10381000FFFFFFFFFFFFFFFFFFFFFFFFFFFFFFFFB8
:10382000FFFFFFFFFFFFFFFFFFFFFFFFFFFFFFFFA8
:10383000FFFFFFFFFFFFFFFFFFFFFFFFFFFFFFFF98
:10384000FFFFFFFFFFFFFFFFFFFFFFFFFFFFFFFF88
:10385000FFFFFFFFFFFFFFFFFFFFFFFFFFFFFFFF78
:10386000FFFFFFFFFFFFFFFFFFFFFFFFFFFFFFFF68
:10387000FFFFFFFFFFFFFFFFFFFFFFFFFFFFFFFF58
:10388000FFFFFFFFFFFFFFFFFFFFFFFFFFFFFFFF48
:10389000FFFFFFFFFFFFFFFFFFFFFFFFFFFFFFFF38
:1038A000FFFFFFFFFFFFFFFFFFFFFFFFFFFFFFFF28
:1038B000FFFFFFFFFFFFFFFFFFFFFFFFFFFFFFFF18
:1038C000FFFFFFFFFFFFFFFFFFFFFFFFFFFFFFFF08
:1038D000FFFFFFFFFFFFFFFFFFFFFFFFFFFFFFFFF8
:1038E000FFFFFFFFFFFFFFFFFFFFFFFFFFFFFFFFE8
:1038F000FFFFFFFFFFFFFFFFFFFFFFFFFFFFFFFFD8
:10390000FFFFFFFFFFFFFFFFFFFFFFFFFFFFFFFFC7
:10391000FFFFFFFFFFFFFFFFFFFFFFFFFFFFFFFFB7
:10392000FFFFFFFFFFFFFFFFFFFFFFFFFFFFFFFFA7
:10393000FFFFFFFFFFFFFFFFFFFFFFFFFFFFFFFF97
:10394000FFFFFFFFFFFFFFFFFFFFFFFFFFFFFFFF87
:10395000FFFFFFFFFFFFFFFFFFFFFFFFFFFFFFFF77
:10396000FFFFFFFFFFFFFFFFFFFFFFFFFFFFFFFF67
:10397000FFFFFFFFFFFFFFFFFFFFFFFFFFFFFFFF57
:10398000FFFFFFFFFFFFFFFFFFFFFFFFFFFFFFFF47
:10399000FFFFFFFFFFFFFFFFFFFFFFFFFFFFFFFF37
:1039A000FFFFFFFFFFFFFFFFFFFFFFFFFFFFFFFF27
:1039B000FFFFFFFFFFFFFFFFFFFFFFFFFFFFFFFF17
:1039C000FFFFFFFFFFFFFFFFFFFFFFFFFFFFFFFF07
:1039D000FFFFFFFFFFFFFFFFFFFFFFFFFFFFFFFFF7
:1039E000FFFFFFFFFFFFFFFFFFFFFFFFFFFFFFFFE7
:1039F000FFFFFFFFFFFFFFFFFFFFFFFFFFFFFFFFD7
:103A0000FFFFFFFFFFFFFFFFFFFFFFFFFFFFFFFFC6
:103A1000FFFFFFFFFFFFFFFFFFFFFFFFFFFFFFFFB6
:103A2000FFFFFFFFFFFFFFFFFFFFFFFFFFFFFFFFA6
:103A3000FFFFFFFFFFFFFFFFFFFFFFFFFFFFFFFF96
:103A4000FFFFFFFFFFFFFFFFFFFFFFFFFFFFFFFF86
:103A5000FFFFFFFFFFFFFFFFFFFFFFFFFFFFFFFF76
:103A6000FFFFFFFFFFFFFFFFFFFFFFFFFFFFFFFF66
:103A7000FFFFFFFFFFFFFFFFFFFFFFFFFFFFFFFF56
:103A8000FFFFFFFFFFFFFFFFFFFFFFFFFFFFFFFF46
:103A9000FFFFFFFFFFFFFFFFFFFFFFFFFFFFFFFF36
:103AA000FFFFFFFFFFFFFFFFFFFFFFFFFFFFFFFF26
:103AB000FFFFFFFFFFFFFFFFFFFFFFFFFFFFFFFF16
:103AC000FFFFFFFFFFFFFFFFFFFFFFFFFFFFFFFF06
:103AD000FFFFFFFFFFFFFFFFFFFFFFFFFFFFFFFFF6
:103AE000FFFFFFFFFFFFFFFFFFFFFFFFFFFFFFFFE6
:103AF000FFFFFFFFFFFFFFFFFFFFFFFFFFFFFFFFD6
:103B0000FFFFFFFFFFFFFFFFFFFFFFFFFFFFFFFFC5
:103B1000FFFFFFFFFFFFFFFFFFFFFFFFFFFFFFFFB5
:103B2000FFFFFFFFFFFFFFFFFFFFFFFFFFFFFFFFA5
:103B3000FFFFFFFFFFFFFFFFFFFFFFFFFFFFFFFF95
:103B4000FFFFFFFFFFFFFFFFFFFFFFFFFFFFFFFF85
:103B5000FFFFFFFFFFFFFFFFFFFFFFFFFFFFFFFF75
:103B6000FFFFFFFFFFFFFFFFFFFFFFFFFFFFFFFF65
:103B7000FFFFFFFFFFFFFFFFFFFFFFFFFFFFFFFF55
:103B8000FFFFFFFFFFFFFFFFFFFFFFFFFFFFFFFF45
:103B9000FFFFFFFFFFFFFFFFFFFFFFFFFFFFFFFF35
:103BA000FFFFFFFFFFFFFFFFFFFFFFFFFFFFFFFF25
:103BB000FFFFFFFFFFFFFFFFFFFFFFFFFFFFFFFF15
:103BC000FFFFFFFFFFFFFFFFFFFFFFFFFFFFFFFF05
:103BD000FFFFFFFFFFFFFFFFFFFFFFFFFFFFFFFFF5
:103BE000FFFFFFFFFFFFFFFFFFFFFFFFFFFFFFFFE5
:103BF000FFFFFFFFFFFFFFFFFFFFFFFFFFFFFFFFD5
:103C0000FFFFFFFFFFFFFFFFFFFFFFFFFFFFFFFFC4
:103C1000FFFFFFFFFFFFFFFFFFFFFFFFFFFFFFFFB4
:103C2000FFFFFFFFFFFFFFFFFFFFFFFFFFFFFFFFA4
:103C3000FFFFFFFFFFFFFFFFFFFFFFFFFFFFFFFF94
:103C4000FFFFFFFFFFFFFFFFFFFFFFFFFFFFFFFF84
:103C5000FFFFFFFFFFFFFFFFFFFFFFFFFFFFFFFF74
:103C6000FFFFFFFFFFFFFFFFFFFFFFFFFFFFFFFF64
:103C7000FFFFFFFFFFFFFFFFFFFFFFFFFFFFFFFF54
:103C8000FFFFFFFFFFFFFFFFFFFFFFFFFFFFFFFF44
:103C9000FFFFFFFFFFFFFFFFFFFFFFFFFFFFFFFF34
:103CA000FFFFFFFFFFFFFFFFFFFFFFFFFFFFFFFF24
:103CB000FFFFFFFFFFFFFFFFFFFFFFFFFFFFFFFF14
:103CC000FFFFFFFFFFFFFFFFFFFFFFFFFFFFFFFF04
:103CD000FFFFFFFFFFFFFFFFFFFFFFFFFFFFFFFFF4
:103CE000FFFFFFFFFFFFFFFFFFFFFFFFFFFFFFFFE4
:103CF000FFFFFFFFFFFFFFFFFFFFFFFFFFFFFFFFD4
:103D0000FFFFFFFFFFFFFFFFFFFFFFFFFFFFFFFFC3
:103D1000FFFFFFFFFFFFFFFFFFFFFFFFFFFFFFFFB3
:103D2000FFFFFFFFFFFFFFFFFFFFFFFFFFFFFFFFA3
:103D3000FFFFFFFFFFFFFFFFFFFFFFFFFFFFFFFF93
:103D4000FFFFFFFFFFFFFFFFFFFFFFFFFFFFFFFF83
:103D5000FFFFFFFFFFFFFFFFFFFFFFFFFFFFFFFF73
:103D6000FFFFFFFFFFFFFFFFFFFFFFFFFFFFFFFF63
:103D7000FFFFFFFFFFFFFFFFFFFFFFFFFFFFFFFF53
:103D8000FFFFFFFFFFFFFFFFFFFFFFFFFFFFFFFF43
:103D9000FFFFFFFFFFFFFFFFFFFFFFFFFFFFFFFF33
:103DA000FFFFFFFFFFFFFFFFFFFFFFFFFFFFFFFF23
:103DB000FFFFFFFFFFFFFFFFFFFFFFFFFFFFFFFF13
:103DC000FFFFFFFFFFFFFFFFFFFFFFFFFFFFFFFF03
:103DD000FFFFFFFFFFFFFFFFFFFFFFFFFFFFFFFFF3
:103DE000FFFFFFFFFFFFFFFFFFFFFFFFFFFFFFFFE3
:103DF000FFFFFFFFFFFFFFFFFFFFFFFFFFFFFFFFD3
:103E0000FFFFFFFFFFFFFFFFFFFFFFFFFFFFFFFFC2
:103E1000FFFFFFFFFFFFFFFFFFFFFFFFFFFFFFFFB2
:103E2000FFFFFFFFFFFFFFFFFFFFFFFFFFFFFFFFA2
:103E3000FFFFFFFFFFFFFFFFFFFFFFFFFFFFFFFF92
:103E4000FFFFFFFFFFFFFFFFFFFFFFFFFFFFFFFF82
:103E5000FFFFFFFFFFFFFFFFFFFFFFFFFFFFFFFF72
:103E6000FFFFFFFFFFFFFFFFFFFFFFFFFFFFFFFF62
:103E7000FFFFFFFFFFFFFFFFFFFFFFFFFFFFFFFF52
:103E8000FFFFFFFFFFFFFFFFFFFFFFFFFFFFFFFF42
:103E9000FFFFFFFFFFFFFFFFFFFFFFFFFFFFFFFF32
:103EA000FFFFFFFFFFFFFFFFFFFFFFFFFFFFFFFF22
:103EB000FFFFFFFFFFFFFFFFFFFFFFFFFFFFFFFF12
:103EC000FFFFFFFFFFFFFFFFFFFFFFFFFFFFFFFF02
:103ED000FFFFFFFFFFFFFFFFFFFFFFFFFFFFFFFFF2
:103EE000FFFFFFFFFFFFFFFFFFFFFFFFFFFFFFFFE2
:103EF000FFFFFFFFFFFFFFFFFFFFFFFFFFFFFFFFD2
:103F0000FFFFFFFFFFFFFFFFFFFFFFFFFFFFFFFFC1
:103F1000FFFFFFFFFFFFFFFFFFFFFFFFFFFFFFFFB1
:103F2000FFFFFFFFFFFFFFFFFFFFFFFFFFFFFFFFA1
:103F3000FFFFFFFFFFFFFFFFFFFFFFFFFFFFFFFF91
:103F4000FFFFFFFFFFFFFFFFFFFFFFFFFFFFFFFF81
:103F5000FFFFFFFFFFFFFFFFFFFFFFFFFFFFFFFF71
:103F6000FFFFFFFFFFFFFFFFFFFFFFFFFFFFFFFF61
:103F7000FFFFFFFFFFFFFFFFFFFFFFFFFFFFFFFF51
:103F8000FFFFFFFFFFFFFFFFFFFFFFFFFFFFFFFF41
:103F9000FFFFFFFFFFFFFFFFFFFFFFFFFFFFFFFF31
:103FA000FFFFFFFFFFFFFFFFFFFFFFFFFFFFFFFF21
:103FB000FFFFFFFFFFFFFFFFFFFFFFFFFFFFFFFF11
:103FC000FFFFFFFFFFFFFFFFFFFFFFFFFFFFFFFF01
:103FD000FFFFFFFFFFFFFFFFFFFFFFFFFFFFFFFFF1
:103FE000FFFFFFFFFFFFFFFFFFFFFFFFFFFFFFFFE1
:103FF000FFFFFFFFFFFFFFFFFFFFFFFFFFFFFFFFD1
:10400000FFFFFFFFFFFFFFFFFFFFFFFFFFFFFFFFC0
:10401000FFFFFFFFFFFFFFFFFFFFFFFFFFFFFFFFB0
:10402000FFFFFFFFFFFFFFFFFFFFFFFFFFFFFFFFA0
:10403000FFFFFFFFFFFFFFFFFFFFFFFFFFFFFFFF90
:10404000FFFFFFFFFFFFFFFFFFFFFFFFFFFFFFFF80
:10405000FFFFFFFFFFFFFFFFFFFFFFFFFFFFFFFF70
:10406000FFFFFFFFFFFFFFFFFFFFFFFFFFFFFFFF60
:10407000FFFFFFFFFFFFFFFFFFFFFFFFFFFFFFFF50
:10408000FFFFFFFFFFFFFFFFFFFFFFFFFFFFFFFF40
:10409000FFFFFFFFFFFFFFFFFFFFFFFFFFFFFFFF30
:1040A000FFFFFFFFFFFFFFFFFFFFFFFFFFFFFFFF20
:1040B000FFFFFFFFFFFFFFFFFFFFFFFFFFFFFFFF10
:1040C000FFFFFFFFFFFFFFFFFFFFFFFFFFFFFFFF00
:1040D000FFFFFFFFFFFFFFFFFFFFFFFFFFFFFFFFF0
:1040E000FFFFFFFFFFFFFFFFFFFFFFFFFFFFFFFFE0
:1040F000FFFFFFFFFFFFFFFFFFFFFFFFFFFFFFFFD0
:10410000FFFFFFFFFFFFFFFFFFFFFFFFFFFFFFFFBF
:10411000FFFFFFFFFFFFFFFFFFFFFFFFFFFFFFFFAF
:10412000FFFFFFFFFFFFFFFFFFFFFFFFFFFFFFFF9F
:10413000FFFFFFFFFFFFFFFFFFFFFFFFFFFFFFFF8F
:10414000FFFFFFFFFFFFFFFFFFFFFFFFFFFFFFFF7F
:10415000FFFFFFFFFFFFFFFFFFFFFFFFFFFFFFFF6F
:10416000FFFFFFFFFFFFFFFFFFFFFFFFFFFFFFFF5F
:10417000FFFFFFFFFFFFFFFFFFFFFFFFFFFFFFFF4F
:10418000FFFFFFFFFFFFFFFFFFFFFFFFFFFFFFFF3F
:10419000FFFFFFFFFFFFFFFFFFFFFFFFFFFFFFFF2F
:1041A000FFFFFFFFFFFFFFFFFFFFFFFFFFFFFFFF1F
:1041B000FFFFFFFFFFFFFFFFFFFFFFFFFFFFFFFF0F
:1041C000FFFFFFFFFFFFFFFFFFFFFFFFFFFFFFFFFF
:1041D000FFFFFFFFFFFFFFFFFFFFFFFFFFFFFFFFEF
:1041E000FFFFFFFFFFFFFFFFFFFFFFFFFFFFFFFFDF
:1041F000FFFFFFFFFFFFFFFFFFFFFFFFFFFFFFFFCF
:10420000FFFFFFFFFFFFFFFFFFFFFFFFFFFFFFFFBE
:10421000FFFFFFFFFFFFFFFFFFFFFFFFFFFFFFFFAE
:10422000FFFFFFFFFFFFFFFFFFFFFFFFFFFFFFFF9E
:10423000FFFFFFFFFFFFFFFFFFFFFFFFFFFFFFFF8E
:10424000FFFFFFFFFFFFFFFFFFFFFFFFFFFFFFFF7E
:10425000FFFFFFFFFFFFFFFFFFFFFFFFFFFFFFFF6E
:10426000FFFFFFFFFFFFFFFFFFFFFFFFFFFFFFFF5E
:10427000FFFFFFFFFFFFFFFFFFFFFFFFFFFFFFFF4E
:10428000FFFFFFFFFFFFFFFFFFFFFFFFFFFFFFFF3E
:10429000FFFFFFFFFFFFFFFFFFFFFFFFFFFFFFFF2E
:1042A000FFFFFFFFFFFFFFFFFFFFFFFFFFFFFFFF1E
:1042B000FFFFFFFFFFFFFFFFFFFFFFFFFFFFFFFF0E
:1042C000FFFFFFFFFFFFFFFFFFFFFFFFFFFFFFFFFE
:1042D000FFFFFFFFFFFFFFFFFFFFFFFFFFFFFFFFEE
:1042E000FFFFFFFFFFFFFFFFFFFFFFFFFFFFFFFFDE
:1042F000FFFFFFFFFFFFFFFFFFFFFFFFFFFFFFFFCE
:10430000FFFFFFFFFFFFFFFFFFFFFFFFFFFFFFFFBD
:10431000FFFFFFFFFFFFFFFFFFFFFFFFFFFFFFFFAD
:10432000FFFFFFFFFFFFFFFFFFFFFFFFFFFFFFFF9D
:10433000FFFFFFFFFFFFFFFFFFFFFFFFFFFFFFFF8D
:10434000FFFFFFFFFFFFFFFFFFFFFFFFFFFFFFFF7D
:10435000FFFFFFFFFFFFFFFFFFFFFFFFFFFFFFFF6D
:10436000FFFFFFFFFFFFFFFFFFFFFFFFFFFFFFFF5D
:10437000FFFFFFFFFFFFFFFFFFFFFFFFFFFFFFFF4D
:10438000FFFFFFFFFFFFFFFFFFFFFFFFFFFFFFFF3D
:10439000FFFFFFFFFFFFFFFFFFFFFFFFFFFFFFFF2D
:1043A000FFFFFFFFFFFFFFFFFFFFFFFFFFFFFFFF1D
:1043B000FFFFFFFFFFFFFFFFFFFFFFFFFFFFFFFF0D
:1043C000FFFFFFFFFFFFFFFFFFFFFFFFFFFFFFFFFD
:1043D000FFFFFFFFFFFFFFFFFFFFFFFFFFFFFFFFED
:1043E000FFFFFFFFFFFFFFFFFFFFFFFFFFFFFFFFDD
:1043F000FFFFFFFFFFFFFFFFFFFFFFFFFFFFFFFFCD
:10440000FFFFFFFFFFFFFFFFFFFFFFFFFFFFFFFFBC
:10441000FFFFFFFFFFFFFFFFFFFFFFFFFFFFFFFFAC
:10442000FFFFFFFFFFFFFFFFFFFFFFFFFFFFFFFF9C
:10443000FFFFFFFFFFFFFFFFFFFFFFFFFFFFFFFF8C
:10444000FFFFFFFFFFFFFFFFFFFFFFFFFFFFFFFF7C
:10445000FFFFFFFFFFFFFFFFFFFFFFFFFFFFFFFF6C
:10446000FFFFFFFFFFFFFFFFFFFFFFFFFFFFFFFF5C
:10447000FFFFFFFFFFFFFFFFFFFFFFFFFFFFFFFF4C
:10448000FFFFFFFFFFFFFFFFFFFFFFFFFFFFFFFF3C
:10449000FFFFFFFFFFFFFFFFFFFFFFFFFFFFFFFF2C
:1044A000FFFFFFFFFFFFFFFFFFFFFFFFFFFFFFFF1C
:1044B000FFFFFFFFFFFFFFFFFFFFFFFFFFFFFFFF0C
:1044C000FFFFFFFFFFFFFFFFFFFFFFFFFFFFFFFFFC
:1044D000FFFFFFFFFFFFFFFFFFFFFFFFFFFFFFFFEC
:1044E000FFFFFFFFFFFFFFFFFFFFFFFFFFFFFFFFDC
:1044F000FFFFFFFFFFFFFFFFFFFFFFFFFFFFFFFFCC
:10450000FFFFFFFFFFFFFFFFFFFFFFFFFFFFFFFFBB
:10451000FFFFFFFFFFFFFFFFFFFFFFFFFFFFFFFFAB
:10452000FFFFFFFFFFFFFFFFFFFFFFFFFFFFFFFF9B
:10453000FFFFFFFFFFFFFFFFFFFFFFFFFFFFFFFF8B
:10454000FFFFFFFFFFFFFFFFFFFFFFFFFFFFFFFF7B
:10455000FFFFFFFFFFFFFFFFFFFFFFFFFFFFFFFF6B
:10456000FFFFFFFFFFFFFFFFFFFFFFFFFFFFFFFF5B
:10457000FFFFFFFFFFFFFFFFFFFFFFFFFFFFFFFF4B
:10458000FFFFFFFFFFFFFFFFFFFFFFFFFFFFFFFF3B
:10459000FFFFFFFFFFFFFFFFFFFFFFFFFFFFFFFF2B
:1045A000FFFFFFFFFFFFFFFFFFFFFFFFFFFFFFFF1B
:1045B000FFFFFFFFFFFFFFFFFFFFFFFFFFFFFFFF0B
:1045C000FFFFFFFFFFFFFFFFFFFFFFFFFFFFFFFFFB
:1045D000FFFFFFFFFFFFFFFFFFFFFFFFFFFFFFFFEB
:1045E000FFFFFFFFFFFFFFFFFFFFFFFFFFFFFFFFDB
:1045F000FFFFFFFFFFFFFFFFFFFFFFFFFFFFFFFFCB
:10460000FFFFFFFFFFFFFFFFFFFFFFFFFFFFFFFFBA
:10461000FFFFFFFFFFFFFFFFFFFFFFFFFFFFFFFFAA
:10462000FFFFFFFFFFFFFFFFFFFFFFFFFFFFFFFF9A
:10463000FFFFFFFFFFFFFFFFFFFFFFFFFFFFFFFF8A
:10464000FFFFFFFFFFFFFFFFFFFFFFFFFFFFFFFF7A
:10465000FFFFFFFFFFFFFFFFFFFFFFFFFFFFFFFF6A
:10466000FFFFFFFFFFFFFFFFFFFFFFFFFFFFFFFF5A
:10467000FFFFFFFFFFFFFFFFFFFFFFFFFFFFFFFF4A
:10468000FFFFFFFFFFFFFFFFFFFFFFFFFFFFFFFF3A
:10469000FFFFFFFFFFFFFFFFFFFFFFFFFFFFFFFF2A
:1046A000FFFFFFFFFFFFFFFFFFFFFFFFFFFFFFFF1A
:1046B000FFFFFFFFFFFFFFFFFFFFFFFFFFFFFFFF0A
:1046C000FFFFFFFFFFFFFFFFFFFFFFFFFFFFFFFFFA
:1046D000FFFFFFFFFFFFFFFFFFFFFFFFFFFFFFFFEA
:1046E000FFFFFFFFFFFFFFFFFFFFFFFFFFFFFFFFDA
:1046F000FFFFFFFFFFFFFFFFFFFFFFFFFFFFFFFFCA
:10470000FFFFFFFFFFFFFFFFFFFFFFFFFFFFFFFFB9
:10471000FFFFFFFFFFFFFFFFFFFFFFFFFFFFFFFFA9
:10472000FFFFFFFFFFFFFFFFFFFFFFFFFFFFFFFF99
:10473000FFFFFFFFFFFFFFFFFFFFFFFFFFFFFFFF89
:10474000FFFFFFFFFFFFFFFFFFFFFFFFFFFFFFFF79
:10475000FFFFFFFFFFFFFFFFFFFFFFFFFFFFFFFF69
:10476000FFFFFFFFFFFFFFFFFFFFFFFFFFFFFFFF59
:10477000FFFFFFFFFFFFFFFFFFFFFFFFFFFFFFFF49
:10478000FFFFFFFFFFFFFFFFFFFFFFFFFFFFFFFF39
:10479000FFFFFFFFFFFFFFFFFFFFFFFFFFFFFFFF29
:1047A000FFFFFFFFFFFFFFFFFFFFFFFFFFFFFFFF19
:1047B000FFFFFFFFFFFFFFFFFFFFFFFFFFFFFFFF09
:1047C000FFFFFFFFFFFFFFFFFFFFFFFFFFFFFFFFF9
:1047D000FFFFFFFFFFFFFFFFFFFFFFFFFFFFFFFFE9
:1047E000FFFFFFFFFFFFFFFFFFFFFFFFFFFFFFFFD9
:1047F000FFFFFFFFFFFFFFFFFFFFFFFFFFFFFFFFC9
:10480000FFFFFFFFFFFFFFFFFFFFFFFFFFFFFFFFB8
:10481000FFFFFFFFFFFFFFFFFFFFFFFFFFFFFFFFA8
:10482000FFFFFFFFFFFFFFFFFFFFFFFFFFFFFFFF98
:10483000FFFFFFFFFFFFFFFFFFFFFFFFFFFFFFFF88
:10484000FFFFFFFFFFFFFFFFFFFFFFFFFFFFFFFF78
:10485000FFFFFFFFFFFFFFFFFFFFFFFFFFFFFFFF68
:10486000FFFFFFFFFFFFFFFFFFFFFFFFFFFFFFFF58
:10487000FFFFFFFFFFFFFFFFFFFFFFFFFFFFFFFF48
:10488000FFFFFFFFFFFFFFFFFFFFFFFFFFFFFFFF38
:10489000FFFFFFFFFFFFFFFFFFFFFFFFFFFFFFFF28
:1048A000FFFFFFFFFFFFFFFFFFFFFFFFFFFFFFFF18
:1048B000FFFFFFFFFFFFFFFFFFFFFFFFFFFFFFFF08
:1048C000FFFFFFFFFFFFFFFFFFFFFFFFFFFFFFFFF8
:1048D000FFFFFFFFFFFFFFFFFFFFFFFFFFFFFFFFE8
:1048E000FFFFFFFFFFFFFFFFFFFFFFFFFFFFFFFFD8
:1048F000FFFFFFFFFFFFFFFFFFFFFFFFFFFFFFFFC8
:10490000FFFFFFFFFFFFFFFFFFFFFFFFFFFFFFFFB7
:10491000FFFFFFFFFFFFFFFFFFFFFFFFFFFFFFFFA7
:10492000FFFFFFFFFFFFFFFFFFFFFFFFFFFFFFFF97
:10493000FFFFFFFFFFFFFFFFFFFFFFFFFFFFFFFF87
:10494000FFFFFFFFFFFFFFFFFFFFFFFFFFFFFFFF77
:10495000FFFFFFFFFFFFFFFFFFFFFFFFFFFFFFFF67
:10496000FFFFFFFFFFFFFFFFFFFFFFFFFFFFFFFF57
:10497000FFFFFFFFFFFFFFFFFFFFFFFFFFFFFFFF47
:10498000FFFFFFFFFFFFFFFFFFFFFFFFFFFFFFFF37
:10499000FFFFFFFFFFFFFFFFFFFFFFFFFFFFFFFF27
:1049A000FFFFFFFFFFFFFFFFFFFFFFFFFFFFFFFF17
:1049B000FFFFFFFFFFFFFFFFFFFFFFFFFFFFFFFF07
:1049C000FFFFFFFFFFFFFFFFFFFFFFFFFFFFFFFFF7
:1049D000FFFFFFFFFFFFFFFFFFFFFFFFFFFFFFFFE7
:1049E000FFFFFFFFFFFFFFFFFFFFFFFFFFFFFFFFD7
:1049F000FFFFFFFFFFFFFFFFFFFFFFFFFFFFFFFFC7
:104A0000FFFFFFFFFFFFFFFFFFFFFFFFFFFFFFFFB6
:104A1000FFFFFFFFFFFFFFFFFFFFFFFFFFFFFFFFA6
:104A2000FFFFFFFFFFFFFFFFFFFFFFFFFFFFFFFF96
:104A3000FFFFFFFFFFFFFFFFFFFFFFFFFFFFFFFF86
:104A4000FFFFFFFFFFFFFFFFFFFFFFFFFFFFFFFF76
:104A5000FFFFFFFFFFFFFFFFFFFFFFFFFFFFFFFF66
:104A6000FFFFFFFFFFFFFFFFFFFFFFFFFFFFFFFF56
:104A7000FFFFFFFFFFFFFFFFFFFFFFFFFFFFFFFF46
:104A8000FFFFFFFFFFFFFFFFFFFFFFFFFFFFFFFF36
:104A9000FFFFFFFFFFFFFFFFFFFFFFFFFFFFFFFF26
:104AA000FFFFFFFFFFFFFFFFFFFFFFFFFFFFFFFF16
:104AB000FFFFFFFFFFFFFFFFFFFFFFFFFFFFFFFF06
:104AC000FFFFFFFFFFFFFFFFFFFFFFFFFFFFFFFFF6
:104AD000FFFFFFFFFFFFFFFFFFFFFFFFFFFFFFFFE6
:104AE000FFFFFFFFFFFFFFFFFFFFFFFFFFFFFFFFD6
:104AF000FFFFFFFFFFFFFFFFFFFFFFFFFFFFFFFFC6
:104B0000FFFFFFFFFFFFFFFFFFFFFFFFFFFFFFFFB5
:104B1000FFFFFFFFFFFFFFFFFFFFFFFFFFFFFFFFA5
:104B2000FFFFFFFFFFFFFFFFFFFFFFFFFFFFFFFF95
:104B3000FFFFFFFFFFFFFFFFFFFFFFFFFFFFFFFF85
:104B4000FFFFFFFFFFFFFFFFFFFFFFFFFFFFFFFF75
:104B5000FFFFFFFFFFFFFFFFFFFFFFFFFFFFFFFF65
:104B6000FFFFFFFFFFFFFFFFFFFFFFFFFFFFFFFF55
:104B7000FFFFFFFFFFFFFFFFFFFFFFFFFFFFFFFF45
:104B8000FFFFFFFFFFFFFFFFFFFFFFFFFFFFFFFF35
:104B9000FFFFFFFFFFFFFFFFFFFFFFFFFFFFFFFF25
:104BA000FFFFFFFFFFFFFFFFFFFFFFFFFFFFFFFF15
:104BB000FFFFFFFFFFFFFFFFFFFFFFFFFFFFFFFF05
:104BC000FFFFFFFFFFFFFFFFFFFFFFFFFFFFFFFFF5
:104BD000FFFFFFFFFFFFFFFFFFFFFFFFFFFFFFFFE5
:104BE000FFFFFFFFFFFFFFFFFFFFFFFFFFFFFFFFD5
:104BF000FFFFFFFFFFFFFFFFFFFFFFFFFFFFFFFFC5
:104C0000FFFFFFFFFFFFFFFFFFFFFFFFFFFFFFFFB4
:104C1000FFFFFFFFFFFFFFFFFFFFFFFFFFFFFFFFA4
:104C2000FFFFFFFFFFFFFFFFFFFFFFFFFFFFFFFF94
:104C3000FFFFFFFFFFFFFFFFFFFFFFFFFFFFFFFF84
:104C4000FFFFFFFFFFFFFFFFFFFFFFFFFFFFFFFF74
:104C5000FFFFFFFFFFFFFFFFFFFFFFFFFFFFFFFF64
:104C6000FFFFFFFFFFFFFFFFFFFFFFFFFFFFFFFF54
:104C7000FFFFFFFFFFFFFFFFFFFFFFFFFFFFFFFF44
:104C8000FFFFFFFFFFFFFFFFFFFFFFFFFFFFFFFF34
:104C9000FFFFFFFFFFFFFFFFFFFFFFFFFFFFFFFF24
:104CA000FFFFFFFFFFFFFFFFFFFFFFFFFFFFFFFF14
:104CB000FFFFFFFFFFFFFFFFFFFFFFFFFFFFFFFF04
:104CC000FFFFFFFFFFFFFFFFFFFFFFFFFFFFFFFFF4
:104CD000FFFFFFFFFFFFFFFFFFFFFFFFFFFFFFFFE4
:104CE000FFFFFFFFFFFFFFFFFFFFFFFFFFFFFFFFD4
:104CF000FFFFFFFFFFFFFFFFFFFFFFFFFFFFFFFFC4
:104D0000FFFFFFFFFFFFFFFFFFFFFFFFFFFFFFFFB3
:104D1000FFFFFFFFFFFFFFFFFFFFFFFFFFFFFFFFA3
:104D2000FFFFFFFFFFFFFFFFFFFFFFFFFFFFFFFF93
:104D3000FFFFFFFFFFFFFFFFFFFFFFFFFFFFFFFF83
:104D4000FFFFFFFFFFFFFFFFFFFFFFFFFFFFFFFF73
:104D5000FFFFFFFFFFFFFFFFFFFFFFFFFFFFFFFF63
:104D6000FFFFFFFFFFFFFFFFFFFFFFFFFFFFFFFF53
:104D7000FFFFFFFFFFFFFFFFFFFFFFFFFFFFFFFF43
:104D8000FFFFFFFFFFFFFFFFFFFFFFFFFFFFFFFF33
:104D9000FFFFFFFFFFFFFFFFFFFFFFFFFFFFFFFF23
:104DA000FFFFFFFFFFFFFFFFFFFFFFFFFFFFFFFF13
:104DB000FFFFFFFFFFFFFFFFFFFFFFFFFFFFFFFF03
:104DC000FFFFFFFFFFFFFFFFFFFFFFFFFFFFFFFFF3
:104DD000FFFFFFFFFFFFFFFFFFFFFFFFFFFFFFFFE3
:104DE000FFFFFFFFFFFFFFFFFFFFFFFFFFFFFFFFD3
:104DF000FFFFFFFFFFFFFFFFFFFFFFFFFFFFFFFFC3
:104E0000FFFFFFFFFFFFFFFFFFFFFFFFFFFFFFFFB2
:104E1000FFFFFFFFFFFFFFFFFFFFFFFFFFFFFFFFA2
:104E2000FFFFFFFFFFFFFFFFFFFFFFFFFFFFFFFF92
:104E3000FFFFFFFFFFFFFFFFFFFFFFFFFFFFFFFF82
:104E4000FFFFFFFFFFFFFFFFFFFFFFFFFFFFFFFF72
:104E5000FFFFFFFFFFFFFFFFFFFFFFFFFFFFFFFF62
:104E6000FFFFFFFFFFFFFFFFFFFFFFFFFFFFFFFF52
:104E7000FFFFFFFFFFFFFFFFFFFFFFFFFFFFFFFF42
:104E8000FFFFFFFFFFFFFFFFFFFFFFFFFFFFFFFF32
:104E9000FFFFFFFFFFFFFFFFFFFFFFFFFFFFFFFF22
:104EA000FFFFFFFFFFFFFFFFFFFFFFFFFFFFFFFF12
:104EB000FFFFFFFFFFFFFFFFFFFFFFFFFFFFFFFF02
:104EC000FFFFFFFFFFFFFFFFFFFFFFFFFFFFFFFFF2
:104ED000FFFFFFFFFFFFFFFFFFFFFFFFFFFFFFFFE2
:104EE000FFFFFFFFFFFFFFFFFFFFFFFFFFFFFFFFD2
:104EF000FFFFFFFFFFFFFFFFFFFFFFFFFFFFFFFFC2
:104F0000FFFFFFFFFFFFFFFFFFFFFFFFFFFFFFFFB1
:104F1000FFFFFFFFFFFFFFFFFFFFFFFFFFFFFFFFA1
:104F2000FFFFFFFFFFFFFFFFFFFFFFFFFFFFFFFF91
:104F3000FFFFFFFFFFFFFFFFFFFFFFFFFFFFFFFF81
:104F4000FFFFFFFFFFFFFFFFFFFFFFFFFFFFFFFF71
:104F5000FFFFFFFFFFFFFFFFFFFFFFFFFFFFFFFF61
:104F6000FFFFFFFFFFFFFFFFFFFFFFFFFFFFFFFF51
:104F7000FFFFFFFFFFFFFFFFFFFFFFFFFFFFFFFF41
:104F8000FFFFFFFFFFFFFFFFFFFFFFFFFFFFFFFF31
:104F9000FFFFFFFFFFFFFFFFFFFFFFFFFFFFFFFF21
:104FA000FFFFFFFFFFFFFFFFFFFFFFFFFFFFFFFF11
:104FB000FFFFFFFFFFFFFFFFFFFFFFFFFFFFFFFF01
:104FC000FFFFFFFFFFFFFFFFFFFFFFFFFFFFFFFFF1
:104FD000FFFFFFFFFFFFFFFFFFFFFFFFFFFFFFFFE1
:104FE000FFFFFFFFFFFFFFFFFFFFFFFFFFFFFFFFD1
:104FF000FFFFFFFFFFFFFFFFFFFFFFFFFFFFFFFFC1
:10500000FFFFFFFFFFFFFFFFFFFFFFFFFFFFFFFFB0
:10501000FFFFFFFFFFFFFFFFFFFFFFFFFFFFFFFFA0
:10502000FFFFFFFFFFFFFFFFFFFFFFFFFFFFFFFF90
:10503000FFFFFFFFFFFFFFFFFFFFFFFFFFFFFFFF80
:10504000FFFFFFFFFFFFFFFFFFFFFFFFFFFFFFFF70
:10505000FFFFFFFFFFFFFFFFFFFFFFFFFFFFFFFF60
:10506000FFFFFFFFFFFFFFFFFFFFFFFFFFFFFFFF50
:10507000FFFFFFFFFFFFFFFFFFFFFFFFFFFFFFFF40
:10508000FFFFFFFFFFFFFFFFFFFFFFFFFFFFFFFF30
:10509000FFFFFFFFFFFFFFFFFFFFFFFFFFFFFFFF20
:1050A000FFFFFFFFFFFFFFFFFFFFFFFFFFFFFFFF10
:1050B000FFFFFFFFFFFFFFFFFFFFFFFFFFFFFFFF00
:1050C000FFFFFFFFFFFFFFFFFFFFFFFFFFFFFFFFF0
:1050D000FFFFFFFFFFFFFFFFFFFFFFFFFFFFFFFFE0
:1050E000FFFFFFFFFFFFFFFFFFFFFFFFFFFFFFFFD0
:1050F000FFFFFFFFFFFFFFFFFFFFFFFFFFFFFFFFC0
:10510000FFFFFFFFFFFFFFFFFFFFFFFFFFFFFFFFAF
:10511000FFFFFFFFFFFFFFFFFFFFFFFFFFFFFFFF9F
:10512000FFFFFFFFFFFFFFFFFFFFFFFFFFFFFFFF8F
:10513000FFFFFFFFFFFFFFFFFFFFFFFFFFFFFFFF7F
:10514000FFFFFFFFFFFFFFFFFFFFFFFFFFFFFFFF6F
:10515000FFFFFFFFFFFFFFFFFFFFFFFFFFFFFFFF5F
:10516000FFFFFFFFFFFFFFFFFFFFFFFFFFFFFFFF4F
:10517000FFFFFFFFFFFFFFFFFFFFFFFFFFFFFFFF3F
:10518000FFFFFFFFFFFFFFFFFFFFFFFFFFFFFFFF2F
:10519000FFFFFFFFFFFFFFFFFFFFFFFFFFFFFFFF1F
:1051A000FFFFFFFFFFFFFFFFFFFFFFFFFFFFFFFF0F
:1051B000FFFFFFFFFFFFFFFFFFFFFFFFFFFFFFFFFF
:1051C000FFFFFFFFFFFFFFFFFFFFFFFFFFFFFFFFEF
:1051D000FFFFFFFFFFFFFFFFFFFFFFFFFFFFFFFFDF
:1051E000FFFFFFFFFFFFFFFFFFFFFFFFFFFFFFFFCF
:1051F000FFFFFFFFFFFFFFFFFFFFFFFFFFFFFFFFBF
:10520000FFFFFFFFFFFFFFFFFFFFFFFFFFFFFFFFAE
:10521000FFFFFFFFFFFFFFFFFFFFFFFFFFFFFFFF9E
:10522000FFFFFFFFFFFFFFFFFFFFFFFFFFFFFFFF8E
:10523000FFFFFFFFFFFFFFFFFFFFFFFFFFFFFFFF7E
:10524000FFFFFFFFFFFFFFFFFFFFFFFFFFFFFFFF6E
:10525000FFFFFFFFFFFFFFFFFFFFFFFFFFFFFFFF5E
:10526000FFFFFFFFFFFFFFFFFFFFFFFFFFFFFFFF4E
:10527000FFFFFFFFFFFFFFFFFFFFFFFFFFFFFFFF3E
:10528000FFFFFFFFFFFFFFFFFFFFFFFFFFFFFFFF2E
:10529000FFFFFFFFFFFFFFFFFFFFFFFFFFFFFFFF1E
:1052A000FFFFFFFFFFFFFFFFFFFFFFFFFFFFFFFF0E
:1052B000FFFFFFFFFFFFFFFFFFFFFFFFFFFFFFFFFE
:1052C000FFFFFFFFFFFFFFFFFFFFFFFFFFFFFFFFEE
:1052D000FFFFFFFFFFFFFFFFFFFFFFFFFFFFFFFFDE
:1052E000FFFFFFFFFFFFFFFFFFFFFFFFFFFFFFFFCE
:1052F000FFFFFFFFFFFFFFFFFFFFFFFFFFFFFFFFBE
:10530000FFFFFFFFFFFFFFFFFFFFFFFFFFFFFFFFAD
:10531000FFFFFFFFFFFFFFFFFFFFFFFFFFFFFFFF9D
:10532000FFFFFFFFFFFFFFFFFFFFFFFFFFFFFFFF8D
:10533000FFFFFFFFFFFFFFFFFFFFFFFFFFFFFFFF7D
:10534000FFFFFFFFFFFFFFFFFFFFFFFFFFFFFFFF6D
:10535000FFFFFFFFFFFFFFFFFFFFFFFFFFFFFFFF5D
:10536000FFFFFFFFFFFFFFFFFFFFFFFFFFFFFFFF4D
:10537000FFFFFFFFFFFFFFFFFFFFFFFFFFFFFFFF3D
:10538000FFFFFFFFFFFFFFFFFFFFFFFFFFFFFFFF2D
:10539000FFFFFFFFFFFFFFFFFFFFFFFFFFFFFFFF1D
:1053A000FFFFFFFFFFFFFFFFFFFFFFFFFFFFFFFF0D
:1053B000FFFFFFFFFFFFFFFFFFFFFFFFFFFFFFFFFD
:1053C000FFFFFFFFFFFFFFFFFFFFFFFFFFFFFFFFED
:1053D000FFFFFFFFFFFFFFFFFFFFFFFFFFFFFFFFDD
:1053E000FFFFFFFFFFFFFFFFFFFFFFFFFFFFFFFFCD
:1053F000FFFFFFFFFFFFFFFFFFFFFFFFFFFFFFFFBD
:10540000FFFFFFFFFFFFFFFFFFFFFFFFFFFFFFFFAC
:10541000FFFFFFFFFFFFFFFFFFFFFFFFFFFFFFFF9C
:10542000FFFFFFFFFFFFFFFFFFFFFFFFFFFFFFFF8C
:10543000FFFFFFFFFFFFFFFFFFFFFFFFFFFFFFFF7C
:10544000FFFFFFFFFFFFFFFFFFFFFFFFFFFFFFFF6C
:10545000FFFFFFFFFFFFFFFFFFFFFFFFFFFFFFFF5C
:10546000FFFFFFFFFFFFFFFFFFFFFFFFFFFFFFFF4C
:10547000FFFFFFFFFFFFFFFFFFFFFFFFFFFFFFFF3C
:10548000FFFFFFFFFFFFFFFFFFFFFFFFFFFFFFFF2C
:10549000FFFFFFFFFFFFFFFFFFFFFFFFFFFFFFFF1C
:1054A000FFFFFFFFFFFFFFFFFFFFFFFFFFFFFFFF0C
:1054B000FFFFFFFFFFFFFFFFFFFFFFFFFFFFFFFFFC
:1054C000FFFFFFFFFFFFFFFFFFFFFFFFFFFFFFFFEC
:1054D000FFFFFFFFFFFFFFFFFFFFFFFFFFFFFFFFDC
:1054E000FFFFFFFFFFFFFFFFFFFFFFFFFFFFFFFFCC
:1054F000FFFFFFFFFFFFFFFFFFFFFFFFFFFFFFFFBC
:10550000FFFFFFFFFFFFFFFFFFFFFFFFFFFFFFFFAB
:10551000FFFFFFFFFFFFFFFFFFFFFFFFFFFFFFFF9B
:10552000FFFFFFFFFFFFFFFFFFFFFFFFFFFFFFFF8B
:10553000FFFFFFFFFFFFFFFFFFFFFFFFFFFFFFFF7B
:10554000FFFFFFFFFFFFFFFFFFFFFFFFFFFFFFFF6B
:10555000FFFFFFFFFFFFFFFFFFFFFFFFFFFFFFFF5B
:10556000FFFFFFFFFFFFFFFFFFFFFFFFFFFFFFFF4B
:10557000FFFFFFFFFFFFFFFFFFFFFFFFFFFFFFFF3B
:10558000FFFFFFFFFFFFFFFFFFFFFFFFFFFFFFFF2B
:10559000FFFFFFFFFFFFFFFFFFFFFFFFFFFFFFFF1B
:1055A000FFFFFFFFFFFFFFFFFFFFFFFFFFFFFFFF0B
:1055B000FFFFFFFFFFFFFFFFFFFFFFFFFFFFFFFFFB
:1055C000FFFFFFFFFFFFFFFFFFFFFFFFFFFFFFFFEB
:1055D000FFFFFFFFFFFFFFFFFFFFFFFFFFFFFFFFDB
:1055E000FFFFFFFFFFFFFFFFFFFFFFFFFFFFFFFFCB
:1055F000FFFFFFFFFFFFFFFFFFFFFFFFFFFFFFFFBB
:10560000FFFFFFFFFFFFFFFFFFFFFFFFFFFFFFFFAA
:10561000FFFFFFFFFFFFFFFFFFFFFFFFFFFFFFFF9A
:10562000FFFFFFFFFFFFFFFFFFFFFFFFFFFFFFFF8A
:10563000FFFFFFFFFFFFFFFFFFFFFFFFFFFFFFFF7A
:10564000FFFFFFFFFFFFFFFFFFFFFFFFFFFFFFFF6A
:10565000FFFFFFFFFFFFFFFFFFFFFFFFFFFFFFFF5A
:10566000FFFFFFFFFFFFFFFFFFFFFFFFFFFFFFFF4A
:10567000FFFFFFFFFFFFFFFFFFFFFFFFFFFFFFFF3A
:10568000FFFFFFFFFFFFFFFFFFFFFFFFFFFFFFFF2A
:10569000FFFFFFFFFFFFFFFFFFFFFFFFFFFFFFFF1A
:1056A000FFFFFFFFFFFFFFFFFFFFFFFFFFFFFFFF0A
:1056B000FFFFFFFFFFFFFFFFFFFFFFFFFFFFFFFFFA
:1056C000FFFFFFFFFFFFFFFFFFFFFFFFFFFFFFFFEA
:1056D000FFFFFFFFFFFFFFFFFFFFFFFFFFFFFFFFDA
:1056E000FFFFFFFFFFFFFFFFFFFFFFFFFFFFFFFFCA
:1056F000FFFFFFFFFFFFFFFFFFFFFFFFFFFFFFFFBA
:10570000FFFFFFFFFFFFFFFFFFFFFFFFFFFFFFFFA9
:10571000FFFFFFFFFFFFFFFFFFFFFFFFFFFFFFFF99
:10572000FFFFFFFFFFFFFFFFFFFFFFFFFFFFFFFF89
:10573000FFFFFFFFFFFFFFFFFFFFFFFFFFFFFFFF79
:10574000FFFFFFFFFFFFFFFFFFFFFFFFFFFFFFFF69
:10575000FFFFFFFFFFFFFFFFFFFFFFFFFFFFFFFF59
:10576000FFFFFFFFFFFFFFFFFFFFFFFFFFFFFFFF49
:10577000FFFFFFFFFFFFFFFFFFFFFFFFFFFFFFFF39
:10578000FFFFFFFFFFFFFFFFFFFFFFFFFFFFFFFF29
:10579000FFFFFFFFFFFFFFFFFFFFFFFFFFFFFFFF19
:1057A000FFFFFFFFFFFFFFFFFFFFFFFFFFFFFFFF09
:1057B000FFFFFFFFFFFFFFFFFFFFFFFFFFFFFFFFF9
:1057C000FFFFFFFFFFFFFFFFFFFFFFFFFFFFFFFFE9
:1057D000FFFFFFFFFFFFFFFFFFFFFFFFFFFFFFFFD9
:1057E000FFFFFFFFFFFFFFFFFFFFFFFFFFFFFFFFC9
:1057F000FFFFFFFFFFFFFFFFFFFFFFFFFFFFFFFFB9
:10580000FFFFFFFFFFFFFFFFFFFFFFFFFFFFFFFFA8
:10581000FFFFFFFFFFFFFFFFFFFFFFFFFFFFFFFF98
:10582000FFFFFFFFFFFFFFFFFFFFFFFFFFFFFFFF88
:10583000FFFFFFFFFFFFFFFFFFFFFFFFFFFFFFFF78
:10584000FFFFFFFFFFFFFFFFFFFFFFFFFFFFFFFF68
:10585000FFFFFFFFFFFFFFFFFFFFFFFFFFFFFFFF58
:10586000FFFFFFFFFFFFFFFFFFFFFFFFFFFFFFFF48
:10587000FFFFFFFFFFFFFFFFFFFFFFFFFFFFFFFF38
:10588000FFFFFFFFFFFFFFFFFFFFFFFFFFFFFFFF28
:10589000FFFFFFFFFFFFFFFFFFFFFFFFFFFFFFFF18
:1058A000FFFFFFFFFFFFFFFFFFFFFFFFFFFFFFFF08
:1058B000FFFFFFFFFFFFFFFFFFFFFFFFFFFFFFFFF8
:1058C000FFFFFFFFFFFFFFFFFFFFFFFFFFFFFFFFE8
:1058D000FFFFFFFFFFFFFFFFFFFFFFFFFFFFFFFFD8
:1058E000FFFFFFFFFFFFFFFFFFFFFFFFFFFFFFFFC8
:1058F000FFFFFFFFFFFFFFFFFFFFFFFFFFFFFFFFB8
:10590000FFFFFFFFFFFFFFFFFFFFFFFFFFFFFFFFA7
:10591000FFFFFFFFFFFFFFFFFFFFFFFFFFFFFFFF97
:10592000FFFFFFFFFFFFFFFFFFFFFFFFFFFFFFFF87
:10593000FFFFFFFFFFFFFFFFFFFFFFFFFFFFFFFF77
:10594000FFFFFFFFFFFFFFFFFFFFFFFFFFFFFFFF67
:10595000FFFFFFFFFFFFFFFFFFFFFFFFFFFFFFFF57
:10596000FFFFFFFFFFFFFFFFFFFFFFFFFFFFFFFF47
:10597000FFFFFFFFFFFFFFFFFFFFFFFFFFFFFFFF37
:10598000FFFFFFFFFFFFFFFFFFFFFFFFFFFFFFFF27
:10599000FFFFFFFFFFFFFFFFFFFFFFFFFFFFFFFF17
:1059A000FFFFFFFFFFFFFFFFFFFFFFFFFFFFFFFF07
:1059B000FFFFFFFFFFFFFFFFFFFFFFFFFFFFFFFFF7
:1059C000FFFFFFFFFFFFFFFFFFFFFFFFFFFFFFFFE7
:1059D000FFFFFFFFFFFFFFFFFFFFFFFFFFFFFFFFD7
:1059E000FFFFFFFFFFFFFFFFFFFFFFFFFFFFFFFFC7
:1059F000FFFFFFFFFFFFFFFFFFFFFFFFFFFFFFFFB7
:105A0000FFFFFFFFFFFFFFFFFFFFFFFFFFFFFFFFA6
:105A1000FFFFFFFFFFFFFFFFFFFFFFFFFFFFFFFF96
:105A2000FFFFFFFFFFFFFFFFFFFFFFFFFFFFFFFF86
:105A3000FFFFFFFFFFFFFFFFFFFFFFFFFFFFFFFF76
:105A4000FFFFFFFFFFFFFFFFFFFFFFFFFFFFFFFF66
:105A5000FFFFFFFFFFFFFFFFFFFFFFFFFFFFFFFF56
:105A6000FFFFFFFFFFFFFFFFFFFFFFFFFFFFFFFF46
:105A7000FFFFFFFFFFFFFFFFFFFFFFFFFFFFFFFF36
:105A8000FFFFFFFFFFFFFFFFFFFFFFFFFFFFFFFF26
:105A9000FFFFFFFFFFFFFFFFFFFFFFFFFFFFFFFF16
:105AA000FFFFFFFFFFFFFFFFFFFFFFFFFFFFFFFF06
:105AB000FFFFFFFFFFFFFFFFFFFFFFFFFFFFFFFFF6
:105AC000FFFFFFFFFFFFFFFFFFFFFFFFFFFFFFFFE6
:105AD000FFFFFFFFFFFFFFFFFFFFFFFFFFFFFFFFD6
:105AE000FFFFFFFFFFFFFFFFFFFFFFFFFFFFFFFFC6
:105AF000FFFFFFFFFFFFFFFFFFFFFFFFFFFFFFFFB6
:105B0000FFFFFFFFFFFFFFFFFFFFFFFFFFFFFFFFA5
:105B1000FFFFFFFFFFFFFFFFFFFFFFFFFFFFFFFF95
:105B2000FFFFFFFFFFFFFFFFFFFFFFFFFFFFFFFF85
:105B3000FFFFFFFFFFFFFFFFFFFFFFFFFFFFFFFF75
:105B4000FFFFFFFFFFFFFFFFFFFFFFFFFFFFFFFF65
:105B5000FFFFFFFFFFFFFFFFFFFFFFFFFFFFFFFF55
:105B6000FFFFFFFFFFFFFFFFFFFFFFFFFFFFFFFF45
:105B7000FFFFFFFFFFFFFFFFFFFFFFFFFFFFFFFF35
:105B8000FFFFFFFFFFFFFFFFFFFFFFFFFFFFFFFF25
:105B9000FFFFFFFFFFFFFFFFFFFFFFFFFFFFFFFF15
:105BA000FFFFFFFFFFFFFFFFFFFFFFFFFFFFFFFF05
:105BB000FFFFFFFFFFFFFFFFFFFFFFFFFFFFFFFFF5
:105BC000FFFFFFFFFFFFFFFFFFFFFFFFFFFFFFFFE5
:105BD000FFFFFFFFFFFFFFFFFFFFFFFFFFFFFFFFD5
:105BE000FFFFFFFFFFFFFFFFFFFFFFFFFFFFFFFFC5
:105BF000FFFFFFFFFFFFFFFFFFFFFFFFFFFFFFFFB5
:105C0000FFFFFFFFFFFFFFFFFFFFFFFFFFFFFFFFA4
:105C1000FFFFFFFFFFFFFFFFFFFFFFFFFFFFFFFF94
:105C2000FFFFFFFFFFFFFFFFFFFFFFFFFFFFFFFF84
:105C3000FFFFFFFFFFFFFFFFFFFFFFFFFFFFFFFF74
:105C4000FFFFFFFFFFFFFFFFFFFFFFFFFFFFFFFF64
:105C5000FFFFFFFFFFFFFFFFFFFFFFFFFFFFFFFF54
:105C6000FFFFFFFFFFFFFFFFFFFFFFFFFFFFFFFF44
:105C7000FFFFFFFFFFFFFFFFFFFFFFFFFFFFFFFF34
:105C8000FFFFFFFFFFFFFFFFFFFFFFFFFFFFFFFF24
:105C9000FFFFFFFFFFFFFFFFFFFFFFFFFFFFFFFF14
:105CA000FFFFFFFFFFFFFFFFFFFFFFFFFFFFFFFF04
:105CB000FFFFFFFFFFFFFFFFFFFFFFFFFFFFFFFFF4
:105CC000FFFFFFFFFFFFFFFFFFFFFFFFFFFFFFFFE4
:105CD000FFFFFFFFFFFFFFFFFFFFFFFFFFFFFFFFD4
:105CE000FFFFFFFFFFFFFFFFFFFFFFFFFFFFFFFFC4
:105CF000FFFFFFFFFFFFFFFFFFFFFFFFFFFFFFFFB4
:105D0000FFFFFFFFFFFFFFFFFFFFFFFFFFFFFFFFA3
:105D1000FFFFFFFFFFFFFFFFFFFFFFFFFFFFFFFF93
:105D2000FFFFFFFFFFFFFFFFFFFFFFFFFFFFFFFF83
:105D3000FFFFFFFFFFFFFFFFFFFFFFFFFFFFFFFF73
:105D4000FFFFFFFFFFFFFFFFFFFFFFFFFFFFFFFF63
:105D5000FFFFFFFFFFFFFFFFFFFFFFFFFFFFFFFF53
:105D6000FFFFFFFFFFFFFFFFFFFFFFFFFFFFFFFF43
:105D7000FFFFFFFFFFFFFFFFFFFFFFFFFFFFFFFF33
:105D8000FFFFFFFFFFFFFFFFFFFFFFFFFFFFFFFF23
:105D9000FFFFFFFFFFFFFFFFFFFFFFFFFFFFFFFF13
:105DA000FFFFFFFFFFFFFFFFFFFFFFFFFFFFFFFF03
:105DB000FFFFFFFFFFFFFFFFFFFFFFFFFFFFFFFFF3
:105DC000FFFFFFFFFFFFFFFFFFFFFFFFFFFFFFFFE3
:105DD000FFFFFFFFFFFFFFFFFFFFFFFFFFFFFFFFD3
:105DE000FFFFFFFFFFFFFFFFFFFFFFFFFFFFFFFFC3
:105DF000FFFFFFFFFFFFFFFFFFFFFFFFFFFFFFFFB3
:105E0000FFFFFFFFFFFFFFFFFFFFFFFFFFFFFFFFA2
:105E1000FFFFFFFFFFFFFFFFFFFFFFFFFFFFFFFF92
:105E2000FFFFFFFFFFFFFFFFFFFFFFFFFFFFFFFF82
:105E3000FFFFFFFFFFFFFFFFFFFFFFFFFFFFFFFF72
:105E4000FFFFFFFFFFFFFFFFFFFFFFFFFFFFFFFF62
:105E5000FFFFFFFFFFFFFFFFFFFFFFFFFFFFFFFF52
:105E6000FFFFFFFFFFFFFFFFFFFFFFFFFFFFFFFF42
:105E7000FFFFFFFFFFFFFFFFFFFFFFFFFFFFFFFF32
:105E8000FFFFFFFFFFFFFFFFFFFFFFFFFFFFFFFF22
:105E9000FFFFFFFFFFFFFFFFFFFFFFFFFFFFFFFF12
:105EA000FFFFFFFFFFFFFFFFFFFFFFFFFFFFFFFF02
:105EB000FFFFFFFFFFFFFFFFFFFFFFFFFFFFFFFFF2
:105EC000FFFFFFFFFFFFFFFFFFFFFFFFFFFFFFFFE2
:105ED000FFFFFFFFFFFFFFFFFFFFFFFFFFFFFFFFD2
:105EE000FFFFFFFFFFFFFFFFFFFFFFFFFFFFFFFFC2
:105EF000FFFFFFFFFFFFFFFFFFFFFFFFFFFFFFFFB2
:105F0000FFFFFFFFFFFFFFFFFFFFFFFFFFFFFFFFA1
:105F1000FFFFFFFFFFFFFFFFFFFFFFFFFFFFFFFF91
:105F2000FFFFFFFFFFFFFFFFFFFFFFFFFFFFFFFF81
:105F3000FFFFFFFFFFFFFFFFFFFFFFFFFFFFFFFF71
:105F4000FFFFFFFFFFFFFFFFFFFFFFFFFFFFFFFF61
:105F5000FFFFFFFFFFFFFFFFFFFFFFFFFFFFFFFF51
:105F6000FFFFFFFFFFFFFFFFFFFFFFFFFFFFFFFF41
:105F7000FFFFFFFFFFFFFFFFFFFFFFFFFFFFFFFF31
:105F8000FFFFFFFFFFFFFFFFFFFFFFFFFFFFFFFF21
:105F9000FFFFFFFFFFFFFFFFFFFFFFFFFFFFFFFF11
:105FA000FFFFFFFFFFFFFFFFFFFFFFFFFFFFFFFF01
:105FB000FFFFFFFFFFFFFFFFFFFFFFFFFFFFFFFFF1
:105FC000FFFFFFFFFFFFFFFFFFFFFFFFFFFFFFFFE1
:105FD000FFFFFFFFFFFFFFFFFFFFFFFFFFFFFFFFD1
:105FE000FFFFFFFFFFFFFFFFFFFFFFFFFFFFFFFFC1
:105FF000FFFFFFFFFFFFFFFFFFFFFFFFFFFFFFFFB1
:10600000FFFFFFFFFFFFFFFFFFFFFFFFFFFFFFFFA0
:10601000FFFFFFFFFFFFFFFFFFFFFFFFFFFFFFFF90
:10602000FFFFFFFFFFFFFFFFFFFFFFFFFFFFFFFF80
:10603000FFFFFFFFFFFFFFFFFFFFFFFFFFFFFFFF70
:10604000FFFFFFFFFFFFFFFFFFFFFFFFFFFFFFFF60
:10605000FFFFFFFFFFFFFFFFFFFFFFFFFFFFFFFF50
:10606000FFFFFFFFFFFFFFFFFFFFFFFFFFFFFFFF40
:10607000FFFFFFFFFFFFFFFFFFFFFFFFFFFFFFFF30
:10608000FFFFFFFFFFFFFFFFFFFFFFFFFFFFFFFF20
:10609000FFFFFFFFFFFFFFFFFFFFFFFFFFFFFFFF10
:1060A000FFFFFFFFFFFFFFFFFFFFFFFFFFFFFFFF00
:1060B000FFFFFFFFFFFFFFFFFFFFFFFFFFFFFFFFF0
:1060C000FFFFFFFFFFFFFFFFFFFFFFFFFFFFFFFFE0
:1060D000FFFFFFFFFFFFFFFFFFFFFFFFFFFFFFFFD0
:1060E000FFFFFFFFFFFFFFFFFFFFFFFFFFFFFFFFC0
:1060F000FFFFFFFFFFFFFFFFFFFFFFFFFFFFFFFFB0
:10610000FFFFFFFFFFFFFFFFFFFFFFFFFFFFFFFF9F
:10611000FFFFFFFFFFFFFFFFFFFFFFFFFFFFFFFF8F
:10612000FFFFFFFFFFFFFFFFFFFFFFFFFFFFFFFF7F
:10613000FFFFFFFFFFFFFFFFFFFFFFFFFFFFFFFF6F
:10614000FFFFFFFFFFFFFFFFFFFFFFFFFFFFFFFF5F
:10615000FFFFFFFFFFFFFFFFFFFFFFFFFFFFFFFF4F
:10616000FFFFFFFFFFFFFFFFFFFFFFFFFFFFFFFF3F
:10617000FFFFFFFFFFFFFFFFFFFFFFFFFFFFFFFF2F
:10618000FFFFFFFFFFFFFFFFFFFFFFFFFFFFFFFF1F
:10619000FFFFFFFFFFFFFFFFFFFFFFFFFFFFFFFF0F
:1061A000FFFFFFFFFFFFFFFFFFFFFFFFFFFFFFFFFF
:1061B000FFFFFFFFFFFFFFFFFFFFFFFFFFFFFFFFEF
:1061C000FFFFFFFFFFFFFFFFFFFFFFFFFFFFFFFFDF
:1061D000FFFFFFFFFFFFFFFFFFFFFFFFFFFFFFFFCF
:1061E000FFFFFFFFFFFFFFFFFFFFFFFFFFFFFFFFBF
:1061F000FFFFFFFFFFFFFFFFFFFFFFFFFFFFFFFFAF
:10620000FFFFFFFFFFFFFFFFFFFFFFFFFFFFFFFF9E
:10621000FFFFFFFFFFFFFFFFFFFFFFFFFFFFFFFF8E
:10622000FFFFFFFFFFFFFFFFFFFFFFFFFFFFFFFF7E
:10623000FFFFFFFFFFFFFFFFFFFFFFFFFFFFFFFF6E
:10624000FFFFFFFFFFFFFFFFFFFFFFFFFFFFFFFF5E
:10625000FFFFFFFFFFFFFFFFFFFFFFFFFFFFFFFF4E
:10626000FFFFFFFFFFFFFFFFFFFFFFFFFFFFFFFF3E
:10627000FFFFFFFFFFFFFFFFFFFFFFFFFFFFFFFF2E
:10628000FFFFFFFFFFFFFFFFFFFFFFFFFFFFFFFF1E
:10629000FFFFFFFFFFFFFFFFFFFFFFFFFFFFFFFF0E
:1062A000FFFFFFFFFFFFFFFFFFFFFFFFFFFFFFFFFE
:1062B000FFFFFFFFFFFFFFFFFFFFFFFFFFFFFFFFEE
:1062C000FFFFFFFFFFFFFFFFFFFFFFFFFFFFFFFFDE
:1062D000FFFFFFFFFFFFFFFFFFFFFFFFFFFFFFFFCE
:1062E000FFFFFFFFFFFFFFFFFFFFFFFFFFFFFFFFBE
:1062F000FFFFFFFFFFFFFFFFFFFFFFFFFFFFFFFFAE
:10630000FFFFFFFFFFFFFFFFFFFFFFFFFFFFFFFF9D
:10631000FFFFFFFFFFFFFFFFFFFFFFFFFFFFFFFF8D
:10632000FFFFFFFFFFFFFFFFFFFFFFFFFFFFFFFF7D
:10633000FFFFFFFFFFFFFFFFFFFFFFFFFFFFFFFF6D
:10634000FFFFFFFFFFFFFFFFFFFFFFFFFFFFFFFF5D
:10635000FFFFFFFFFFFFFFFFFFFFFFFFFFFFFFFF4D
:10636000FFFFFFFFFFFFFFFFFFFFFFFFFFFFFFFF3D
:10637000FFFFFFFFFFFFFFFFFFFFFFFFFFFFFFFF2D
:10638000FFFFFFFFFFFFFFFFFFFFFFFFFFFFFFFF1D
:10639000FFFFFFFFFFFFFFFFFFFFFFFFFFFFFFFF0D
:1063A000FFFFFFFFFFFFFFFFFFFFFFFFFFFFFFFFFD
:1063B000FFFFFFFFFFFFFFFFFFFFFFFFFFFFFFFFED
:1063C000FFFFFFFFFFFFFFFFFFFFFFFFFFFFFFFFDD
:1063D000FFFFFFFFFFFFFFFFFFFFFFFFFFFFFFFFCD
:1063E000FFFFFFFFFFFFFFFFFFFFFFFFFFFFFFFFBD
:1063F000FFFFFFFFFFFFFFFFFFFFFFFFFFFFFFFFAD
:10640000FFFFFFFFFFFFFFFFFFFFFFFFFFFFFFFF9C
:10641000FFFFFFFFFFFFFFFFFFFFFFFFFFFFFFFF8C
:10642000FFFFFFFFFFFFFFFFFFFFFFFFFFFFFFFF7C
:10643000FFFFFFFFFFFFFFFFFFFFFFFFFFFFFFFF6C
:10644000FFFFFFFFFFFFFFFFFFFFFFFFFFFFFFFF5C
:10645000FFFFFFFFFFFFFFFFFFFFFFFFFFFFFFFF4C
:10646000FFFFFFFFFFFFFFFFFFFFFFFFFFFFFFFF3C
:10647000FFFFFFFFFFFFFFFFFFFFFFFFFFFFFFFF2C
:10648000FFFFFFFFFFFFFFFFFFFFFFFFFFFFFFFF1C
:10649000FFFFFFFFFFFFFFFFFFFFFFFFFFFFFFFF0C
:1064A000FFFFFFFFFFFFFFFFFFFFFFFFFFFFFFFFFC
:1064B000FFFFFFFFFFFFFFFFFFFFFFFFFFFFFFFFEC
:1064C000FFFFFFFFFFFFFFFFFFFFFFFFFFFFFFFFDC
:1064D000FFFFFFFFFFFFFFFFFFFFFFFFFFFFFFFFCC
:1064E000FFFFFFFFFFFFFFFFFFFFFFFFFFFFFFFFBC
:1064F000FFFFFFFFFFFFFFFFFFFFFFFFFFFFFFFFAC
:10650000FFFFFFFFFFFFFFFFFFFFFFFFFFFFFFFF9B
:10651000FFFFFFFFFFFFFFFFFFFFFFFFFFFFFFFF8B
:10652000FFFFFFFFFFFFFFFFFFFFFFFFFFFFFFFF7B
:10653000FFFFFFFFFFFFFFFFFFFFFFFFFFFFFFFF6B
:10654000FFFFFFFFFFFFFFFFFFFFFFFFFFFFFFFF5B
:10655000FFFFFFFFFFFFFFFFFFFFFFFFFFFFFFFF4B
:10656000FFFFFFFFFFFFFFFFFFFFFFFFFFFFFFFF3B
:10657000FFFFFFFFFFFFFFFFFFFFFFFFFFFFFFFF2B
:10658000FFFFFFFFFFFFFFFFFFFFFFFFFFFFFFFF1B
:10659000FFFFFFFFFFFFFFFFFFFFFFFFFFFFFFFF0B
:1065A000FFFFFFFFFFFFFFFFFFFFFFFFFFFFFFFFFB
:1065B000FFFFFFFFFFFFFFFFFFFFFFFFFFFFFFFFEB
:1065C000FFFFFFFFFFFFFFFFFFFFFFFFFFFFFFFFDB
:1065D000FFFFFFFFFFFFFFFFFFFFFFFFFFFFFFFFCB
:1065E000FFFFFFFFFFFFFFFFFFFFFFFFFFFFFFFFBB
:1065F000FFFFFFFFFFFFFFFFFFFFFFFFFFFFFFFFAB
:10660000FFFFFFFFFFFFFFFFFFFFFFFFFFFFFFFF9A
:10661000FFFFFFFFFFFFFFFFFFFFFFFFFFFFFFFF8A
:10662000FFFFFFFFFFFFFFFFFFFFFFFFFFFFFFFF7A
:10663000FFFFFFFFFFFFFFFFFFFFFFFFFFFFFFFF6A
:10664000FFFFFFFFFFFFFFFFFFFFFFFFFFFFFFFF5A
:10665000FFFFFFFFFFFFFFFFFFFFFFFFFFFFFFFF4A
:10666000FFFFFFFFFFFFFFFFFFFFFFFFFFFFFFFF3A
:10667000FFFFFFFFFFFFFFFFFFFFFFFFFFFFFFFF2A
:10668000FFFFFFFFFFFFFFFFFFFFFFFFFFFFFFFF1A
:10669000FFFFFFFFFFFFFFFFFFFFFFFFFFFFFFFF0A
:1066A000FFFFFFFFFFFFFFFFFFFFFFFFFFFFFFFFFA
:1066B000FFFFFFFFFFFFFFFFFFFFFFFFFFFFFFFFEA
:1066C000FFFFFFFFFFFFFFFFFFFFFFFFFFFFFFFFDA
:1066D000FFFFFFFFFFFFFFFFFFFFFFFFFFFFFFFFCA
:1066E000FFFFFFFFFFFFFFFFFFFFFFFFFFFFFFFFBA
:1066F000FFFFFFFFFFFFFFFFFFFFFFFFFFFFFFFFAA
:10670000FFFFFFFFFFFFFFFFFFFFFFFFFFFFFFFF99
:10671000FFFFFFFFFFFFFFFFFFFFFFFFFFFFFFFF89
:10672000FFFFFFFFFFFFFFFFFFFFFFFFFFFFFFFF79
:10673000FFFFFFFFFFFFFFFFFFFFFFFFFFFFFFFF69
:10674000FFFFFFFFFFFFFFFFFFFFFFFFFFFFFFFF59
:10675000FFFFFFFFFFFFFFFFFFFFFFFFFFFFFFFF49
:10676000FFFFFFFFFFFFFFFFFFFFFFFFFFFFFFFF39
:10677000FFFFFFFFFFFFFFFFFFFFFFFFFFFFFFFF29
:10678000FFFFFFFFFFFFFFFFFFFFFFFFFFFFFFFF19
:10679000FFFFFFFFFFFFFFFFFFFFFFFFFFFFFFFF09
:1067A000FFFFFFFFFFFFFFFFFFFFFFFFFFFFFFFFF9
:1067B000FFFFFFFFFFFFFFFFFFFFFFFFFFFFFFFFE9
:1067C000FFFFFFFFFFFFFFFFFFFFFFFFFFFFFFFFD9
:1067D000FFFFFFFFFFFFFFFFFFFFFFFFFFFFFFFFC9
:1067E000FFFFFFFFFFFFFFFFFFFFFFFFFFFFFFFFB9
:1067F000FFFFFFFFFFFFFFFFFFFFFFFFFFFFFFFFA9
:10680000FFFFFFFFFFFFFFFFFFFFFFFFFFFFFFFF98
:10681000FFFFFFFFFFFFFFFFFFFFFFFFFFFFFFFF88
:10682000FFFFFFFFFFFFFFFFFFFFFFFFFFFFFFFF78
:10683000FFFFFFFFFFFFFFFFFFFFFFFFFFFFFFFF68
:10684000FFFFFFFFFFFFFFFFFFFFFFFFFFFFFFFF58
:10685000FFFFFFFFFFFFFFFFFFFFFFFFFFFFFFFF48
:10686000FFFFFFFFFFFFFFFFFFFFFFFFFFFFFFFF38
:10687000FFFFFFFFFFFFFFFFFFFFFFFFFFFFFFFF28
:10688000FFFFFFFFFFFFFFFFFFFFFFFFFFFFFFFF18
:10689000FFFFFFFFFFFFFFFFFFFFFFFFFFFFFFFF08
:1068A000FFFFFFFFFFFFFFFFFFFFFFFFFFFFFFFFF8
:1068B000FFFFFFFFFFFFFFFFFFFFFFFFFFFFFFFFE8
:1068C000FFFFFFFFFFFFFFFFFFFFFFFFFFFFFFFFD8
:1068D000FFFFFFFFFFFFFFFFFFFFFFFFFFFFFFFFC8
:1068E000FFFFFFFFFFFFFFFFFFFFFFFFFFFFFFFFB8
:1068F000FFFFFFFFFFFFFFFFFFFFFFFFFFFFFFFFA8
:10690000FFFFFFFFFFFFFFFFFFFFFFFFFFFFFFFF97
:10691000FFFFFFFFFFFFFFFFFFFFFFFFFFFFFFFF87
:10692000FFFFFFFFFFFFFFFFFFFFFFFFFFFFFFFF77
:10693000FFFFFFFFFFFFFFFFFFFFFFFFFFFFFFFF67
:10694000FFFFFFFFFFFFFFFFFFFFFFFFFFFFFFFF57
:10695000FFFFFFFFFFFFFFFFFFFFFFFFFFFFFFFF47
:10696000FFFFFFFFFFFFFFFFFFFFFFFFFFFFFFFF37
:10697000FFFFFFFFFFFFFFFFFFFFFFFFFFFFFFFF27
:10698000FFFFFFFFFFFFFFFFFFFFFFFFFFFFFFFF17
:10699000FFFFFFFFFFFFFFFFFFFFFFFFFFFFFFFF07
:1069A000FFFFFFFFFFFFFFFFFFFFFFFFFFFFFFFFF7
:1069B000FFFFFFFFFFFFFFFFFFFFFFFFFFFFFFFFE7
:1069C000FFFFFFFFFFFFFFFFFFFFFFFFFFFFFFFFD7
:1069D000FFFFFFFFFFFFFFFFFFFFFFFFFFFFFFFFC7
:1069E000FFFFFFFFFFFFFFFFFFFFFFFFFFFFFFFFB7
:1069F000FFFFFFFFFFFFFFFFFFFFFFFFFFFFFFFFA7
:106A0000FFFFFFFFFFFFFFFFFFFFFFFFFFFFFFFF96
:106A1000FFFFFFFFFFFFFFFFFFFFFFFFFFFFFFFF86
:106A2000FFFFFFFFFFFFFFFFFFFFFFFFFFFFFFFF76
:106A3000FFFFFFFFFFFFFFFFFFFFFFFFFFFFFFFF66
:106A4000FFFFFFFFFFFFFFFFFFFFFFFFFFFFFFFF56
:106A5000FFFFFFFFFFFFFFFFFFFFFFFFFFFFFFFF46
:106A6000FFFFFFFFFFFFFFFFFFFFFFFFFFFFFFFF36
:106A7000FFFFFFFFFFFFFFFFFFFFFFFFFFFFFFFF26
:106A8000FFFFFFFFFFFFFFFFFFFFFFFFFFFFFFFF16
:106A9000FFFFFFFFFFFFFFFFFFFFFFFFFFFFFFFF06
:106AA000FFFFFFFFFFFFFFFFFFFFFFFFFFFFFFFFF6
:106AB000FFFFFFFFFFFFFFFFFFFFFFFFFFFFFFFFE6
:106AC000FFFFFFFFFFFFFFFFFFFFFFFFFFFFFFFFD6
:106AD000FFFFFFFFFFFFFFFFFFFFFFFFFFFFFFFFC6
:106AE000FFFFFFFFFFFFFFFFFFFFFFFFFFFFFFFFB6
:106AF000FFFFFFFFFFFFFFFFFFFFFFFFFFFFFFFFA6
:106B0000FFFFFFFFFFFFFFFFFFFFFFFFFFFFFFFF95
:106B1000FFFFFFFFFFFFFFFFFFFFFFFFFFFFFFFF85
:106B2000FFFFFFFFFFFFFFFFFFFFFFFFFFFFFFFF75
:106B3000FFFFFFFFFFFFFFFFFFFFFFFFFFFFFFFF65
:106B4000FFFFFFFFFFFFFFFFFFFFFFFFFFFFFFFF55
:106B5000FFFFFFFFFFFFFFFFFFFFFFFFFFFFFFFF45
:106B6000FFFFFFFFFFFFFFFFFFFFFFFFFFFFFFFF35
:106B7000FFFFFFFFFFFFFFFFFFFFFFFFFFFFFFFF25
:106B8000FFFFFFFFFFFFFFFFFFFFFFFFFFFFFFFF15
:106B9000FFFFFFFFFFFFFFFFFFFFFFFFFFFFFFFF05
:106BA000FFFFFFFFFFFFFFFFFFFFFFFFFFFFFFFFF5
:106BB000FFFFFFFFFFFFFFFFFFFFFFFFFFFFFFFFE5
:106BC000FFFFFFFFFFFFFFFFFFFFFFFFFFFFFFFFD5
:106BD000FFFFFFFFFFFFFFFFFFFFFFFFFFFFFFFFC5
:106BE000FFFFFFFFFFFFFFFFFFFFFFFFFFFFFFFFB5
:106BF000FFFFFFFFFFFFFFFFFFFFFFFFFFFFFFFFA5
:106C0000FFFFFFFFFFFFFFFFFFFFFFFFFFFFFFFF94
:106C1000FFFFFFFFFFFFFFFFFFFFFFFFFFFFFFFF84
:106C2000FFFFFFFFFFFFFFFFFFFFFFFFFFFFFFFF74
:106C3000FFFFFFFFFFFFFFFFFFFFFFFFFFFFFFFF64
:106C4000FFFFFFFFFFFFFFFFFFFFFFFFFFFFFFFF54
:106C5000FFFFFFFFFFFFFFFFFFFFFFFFFFFFFFFF44
:106C6000FFFFFFFFFFFFFFFFFFFFFFFFFFFFFFFF34
:106C7000FFFFFFFFFFFFFFFFFFFFFFFFFFFFFFFF24
:106C8000FFFFFFFFFFFFFFFFFFFFFFFFFFFFFFFF14
:106C9000FFFFFFFFFFFFFFFFFFFFFFFFFFFFFFFF04
:106CA000FFFFFFFFFFFFFFFFFFFFFFFFFFFFFFFFF4
:106CB000FFFFFFFFFFFFFFFFFFFFFFFFFFFFFFFFE4
:106CC000FFFFFFFFFFFFFFFFFFFFFFFFFFFFFFFFD4
:106CD000FFFFFFFFFFFFFFFFFFFFFFFFFFFFFFFFC4
:106CE000FFFFFFFFFFFFFFFFFFFFFFFFFFFFFFFFB4
:106CF000FFFFFFFFFFFFFFFFFFFFFFFFFFFFFFFFA4
:106D0000FFFFFFFFFFFFFFFFFFFFFFFFFFFFFFFF93
:106D1000FFFFFFFFFFFFFFFFFFFFFFFFFFFFFFFF83
:106D2000FFFFFFFFFFFFFFFFFFFFFFFFFFFFFFFF73
:106D3000FFFFFFFFFFFFFFFFFFFFFFFFFFFFFFFF63
:106D4000FFFFFFFFFFFFFFFFFFFFFFFFFFFFFFFF53
:106D5000FFFFFFFFFFFFFFFFFFFFFFFFFFFFFFFF43
:106D6000FFFFFFFFFFFFFFFFFFFFFFFFFFFFFFFF33
:106D7000FFFFFFFFFFFFFFFFFFFFFFFFFFFFFFFF23
:106D8000FFFFFFFFFFFFFFFFFFFFFFFFFFFFFFFF13
:106D9000FFFFFFFFFFFFFFFFFFFFFFFFFFFFFFFF03
:106DA000FFFFFFFFFFFFFFFFFFFFFFFFFFFFFFFFF3
:106DB000FFFFFFFFFFFFFFFFFFFFFFFFFFFFFFFFE3
:106DC000FFFFFFFFFFFFFFFFFFFFFFFFFFFFFFFFD3
:106DD000FFFFFFFFFFFFFFFFFFFFFFFFFFFFFFFFC3
:106DE000FFFFFFFFFFFFFFFFFFFFFFFFFFFFFFFFB3
:106DF000FFFFFFFFFFFFFFFFFFFFFFFFFFFFFFFFA3
:106E0000FFFFFFFFFFFFFFFFFFFFFFFFFFFFFFFF92
:106E1000FFFFFFFFFFFFFFFFFFFFFFFFFFFFFFFF82
:106E2000FFFFFFFFFFFFFFFFFFFFFFFFFFFFFFFF72
:106E3000FFFFFFFFFFFFFFFFFFFFFFFFFFFFFFFF62
:106E4000FFFFFFFFFFFFFFFFFFFFFFFFFFFFFFFF52
:106E5000FFFFFFFFFFFFFFFFFFFFFFFFFFFFFFFF42
:106E6000FFFFFFFFFFFFFFFFFFFFFFFFFFFFFFFF32
:106E7000FFFFFFFFFFFFFFFFFFFFFFFFFFFFFFFF22
:106E8000FFFFFFFFFFFFFFFFFFFFFFFFFFFFFFFF12
:106E9000FFFFFFFFFFFFFFFFFFFFFFFFFFFFFFFF02
:106EA000FFFFFFFFFFFFFFFFFFFFFFFFFFFFFFFFF2
:106EB000FFFFFFFFFFFFFFFFFFFFFFFFFFFFFFFFE2
:106EC000FFFFFFFFFFFFFFFFFFFFFFFFFFFFFFFFD2
:106ED000FFFFFFFFFFFFFFFFFFFFFFFFFFFFFFFFC2
:106EE000FFFFFFFFFFFFFFFFFFFFFFFFFFFFFFFFB2
:106EF000FFFFFFFFFFFFFFFFFFFFFFFFFFFFFFFFA2
:106F0000FFFFFFFFFFFFFFFFFFFFFFFFFFFFFFFF91
:106F1000FFFFFFFFFFFFFFFFFFFFFFFFFFFFFFFF81
:106F2000FFFFFFFFFFFFFFFFFFFFFFFFFFFFFFFF71
:106F3000FFFFFFFFFFFFFFFFFFFFFFFFFFFFFFFF61
:106F4000FFFFFFFFFFFFFFFFFFFFFFFFFFFFFFFF51
:106F5000FFFFFFFFFFFFFFFFFFFFFFFFFFFFFFFF41
:106F6000FFFFFFFFFFFFFFFFFFFFFFFFFFFFFFFF31
:106F7000FFFFFFFFFFFFFFFFFFFFFFFFFFFFFFFF21
:106F8000FFFFFFFFFFFFFFFFFFFFFFFFFFFFFFFF11
:106F9000FFFFFFFFFFFFFFFFFFFFFFFFFFFFFFFF01
:106FA000FFFFFFFFFFFFFFFFFFFFFFFFFFFFFFFFF1
:106FB000FFFFFFFFFFFFFFFFFFFFFFFFFFFFFFFFE1
:106FC000FFFFFFFFFFFFFFFFFFFFFFFFFFFFFFFFD1
:106FD000FFFFFFFFFFFFFFFFFFFFFFFFFFFFFFFFC1
:106FE000FFFFFFFFFFFFFFFFFFFFFFFFFFFFFFFFB1
:106FF000FFFFFFFFFFFFFFFFFFFFFFFFFFFFFFFFA1
:10700000FFFFFFFFFFFFFFFFFFFFFFFFFFFFFFFF90
:10701000FFFFFFFFFFFFFFFFFFFFFFFFFFFFFFFF80
:10702000FFFFFFFFFFFFFFFFFFFFFFFFFFFFFFFF70
:10703000FFFFFFFFFFFFFFFFFFFFFFFFFFFFFFFF60
:10704000FFFFFFFFFFFFFFFFFFFFFFFFFFFFFFFF50
:10705000FFFFFFFFFFFFFFFFFFFFFFFFFFFFFFFF40
:10706000FFFFFFFFFFFFFFFFFFFFFFFFFFFFFFFF30
:10707000FFFFFFFFFFFFFFFFFFFFFFFFFFFFFFFF20
:10708000FFFFFFFFFFFFFFFFFFFFFFFFFFFFFFFF10
:10709000FFFFFFFFFFFFFFFFFFFFFFFFFFFFFFFF00
:1070A000FFFFFFFFFFFFFFFFFFFFFFFFFFFFFFFFF0
:1070B000FFFFFFFFFFFFFFFFFFFFFFFFFFFFFFFFE0
:1070C000FFFFFFFFFFFFFFFFFFFFFFFFFFFFFFFFD0
:1070D000FFFFFFFFFFFFFFFFFFFFFFFFFFFFFFFFC0
:1070E000FFFFFFFFFFFFFFFFFFFFFFFFFFFFFFFFB0
:1070F000FFFFFFFFFFFFFFFFFFFFFFFFFFFFFFFFA0
:10710000FFFFFFFFFFFFFFFFFFFFFFFFFFFFFFFF8F
:10711000FFFFFFFFFFFFFFFFFFFFFFFFFFFFFFFF7F
:10712000FFFFFFFFFFFFFFFFFFFFFFFFFFFFFFFF6F
:10713000FFFFFFFFFFFFFFFFFFFFFFFFFFFFFFFF5F
:10714000FFFFFFFFFFFFFFFFFFFFFFFFFFFFFFFF4F
:10715000FFFFFFFFFFFFFFFFFFFFFFFFFFFFFFFF3F
:10716000FFFFFFFFFFFFFFFFFFFFFFFFFFFFFFFF2F
:10717000FFFFFFFFFFFFFFFFFFFFFFFFFFFFFFFF1F
:10718000FFFFFFFFFFFFFFFFFFFFFFFFFFFFFFFF0F
:10719000FFFFFFFFFFFFFFFFFFFFFFFFFFFFFFFFFF
:1071A000FFFFFFFFFFFFFFFFFFFFFFFFFFFFFFFFEF
:1071B000FFFFFFFFFFFFFFFFFFFFFFFFFFFFFFFFDF
:1071C000FFFFFFFFFFFFFFFFFFFFFFFFFFFFFFFFCF
:1071D000FFFFFFFFFFFFFFFFFFFFFFFFFFFFFFFFBF
:1071E000FFFFFFFFFFFFFFFFFFFFFFFFFFFFFFFFAF
:1071F000FFFFFFFFFFFFFFFFFFFFFFFFFFFFFFFF9F
:10720000FFFFFFFFFFFFFFFFFFFFFFFFFFFFFFFF8E
:10721000FFFFFFFFFFFFFFFFFFFFFFFFFFFFFFFF7E
:10722000FFFFFFFFFFFFFFFFFFFFFFFFFFFFFFFF6E
:10723000FFFFFFFFFFFFFFFFFFFFFFFFFFFFFFFF5E
:10724000FFFFFFFFFFFFFFFFFFFFFFFFFFFFFFFF4E
:10725000FFFFFFFFFFFFFFFFFFFFFFFFFFFFFFFF3E
:10726000FFFFFFFFFFFFFFFFFFFFFFFFFFFFFFFF2E
:10727000FFFFFFFFFFFFFFFFFFFFFFFFFFFFFFFF1E
:10728000FFFFFFFFFFFFFFFFFFFFFFFFFFFFFFFF0E
:10729000FFFFFFFFFFFFFFFFFFFFFFFFFFFFFFFFFE
:1072A000FFFFFFFFFFFFFFFFFFFFFFFFFFFFFFFFEE
:1072B000FFFFFFFFFFFFFFFFFFFFFFFFFFFFFFFFDE
:1072C000FFFFFFFFFFFFFFFFFFFFFFFFFFFFFFFFCE
:1072D000FFFFFFFFFFFFFFFFFFFFFFFFFFFFFFFFBE
:1072E000FFFFFFFFFFFFFFFFFFFFFFFFFFFFFFFFAE
:1072F000FFFFFFFFFFFFFFFFFFFFFFFFFFFFFFFF9E
:10730000FFFFFFFFFFFFFFFFFFFFFFFFFFFFFFFF8D
:10731000FFFFFFFFFFFFFFFFFFFFFFFFFFFFFFFF7D
:10732000FFFFFFFFFFFFFFFFFFFFFFFFFFFFFFFF6D
:10733000FFFFFFFFFFFFFFFFFFFFFFFFFFFFFFFF5D
:10734000FFFFFFFFFFFFFFFFFFFFFFFFFFFFFFFF4D
:10735000FFFFFFFFFFFFFFFFFFFFFFFFFFFFFFFF3D
:10736000FFFFFFFFFFFFFFFFFFFFFFFFFFFFFFFF2D
:10737000FFFFFFFFFFFFFFFFFFFFFFFFFFFFFFFF1D
:10738000FFFFFFFFFFFFFFFFFFFFFFFFFFFFFFFF0D
:10739000FFFFFFFFFFFFFFFFFFFFFFFFFFFFFFFFFD
:1073A000FFFFFFFFFFFFFFFFFFFFFFFFFFFFFFFFED
:1073B000FFFFFFFFFFFFFFFFFFFFFFFFFFFFFFFFDD
:1073C000FFFFFFFFFFFFFFFFFFFFFFFFFFFFFFFFCD
:1073D000FFFFFFFFFFFFFFFFFFFFFFFFFFFFFFFFBD
:1073E000FFFFFFFFFFFFFFFFFFFFFFFFFFFFFFFFAD
:1073F000FFFFFFFFFFFFFFFFFFFFFFFFFFFFFFFF9D
:10740000FFFFFFFFFFFFFFFFFFFFFFFFFFFFFFFF8C
:10741000FFFFFFFFFFFFFFFFFFFFFFFFFFFFFFFF7C
:10742000FFFFFFFFFFFFFFFFFFFFFFFFFFFFFFFF6C
:10743000FFFFFFFFFFFFFFFFFFFFFFFFFFFFFFFF5C
:10744000FFFFFFFFFFFFFFFFFFFFFFFFFFFFFFFF4C
:10745000FFFFFFFFFFFFFFFFFFFFFFFFFFFFFFFF3C
:10746000FFFFFFFFFFFFFFFFFFFFFFFFFFFFFFFF2C
:10747000FFFFFFFFFFFFFFFFFFFFFFFFFFFFFFFF1C
:10748000FFFFFFFFFFFFFFFFFFFFFFFFFFFFFFFF0C
:10749000FFFFFFFFFFFFFFFFFFFFFFFFFFFFFFFFFC
:1074A000FFFFFFFFFFFFFFFFFFFFFFFFFFFFFFFFEC
:1074B000FFFFFFFFFFFFFFFFFFFFFFFFFFFFFFFFDC
:1074C000FFFFFFFFFFFFFFFFFFFFFFFFFFFFFFFFCC
:1074D000FFFFFFFFFFFFFFFFFFFFFFFFFFFFFFFFBC
:1074E000FFFFFFFFFFFFFFFFFFFFFFFFFFFFFFFFAC
:1074F000FFFFFFFFFFFFFFFFFFFFFFFFFFFFFFFF9C
:10750000FFFFFFFFFFFFFFFFFFFFFFFFFFFFFFFF8B
:10751000FFFFFFFFFFFFFFFFFFFFFFFFFFFFFFFF7B
:10752000FFFFFFFFFFFFFFFFFFFFFFFFFFFFFFFF6B
:10753000FFFFFFFFFFFFFFFFFFFFFFFFFFFFFFFF5B
:10754000FFFFFFFFFFFFFFFFFFFFFFFFFFFFFFFF4B
:10755000FFFFFFFFFFFFFFFFFFFFFFFFFFFFFFFF3B
:10756000FFFFFFFFFFFFFFFFFFFFFFFFFFFFFFFF2B
:10757000FFFFFFFFFFFFFFFFFFFFFFFFFFFFFFFF1B
:10758000FFFFFFFFFFFFFFFFFFFFFFFFFFFFFFFF0B
:10759000FFFFFFFFFFFFFFFFFFFFFFFFFFFFFFFFFB
:1075A000FFFFFFFFFFFFFFFFFFFFFFFFFFFFFFFFEB
:1075B000FFFFFFFFFFFFFFFFFFFFFFFFFFFFFFFFDB
:1075C000FFFFFFFFFFFFFFFFFFFFFFFFFFFFFFFFCB
:1075D000FFFFFFFFFFFFFFFFFFFFFFFFFFFFFFFFBB
:1075E000FFFFFFFFFFFFFFFFFFFFFFFFFFFFFFFFAB
:1075F000FFFFFFFFFFFFFFFFFFFFFFFFFFFFFFFF9B
:10760000FFFFFFFFFFFFFFFFFFFFFFFFFFFFFFFF8A
:10761000FFFFFFFFFFFFFFFFFFFFFFFFFFFFFFFF7A
:10762000FFFFFFFFFFFFFFFFFFFFFFFFFFFFFFFF6A
:10763000FFFFFFFFFFFFFFFFFFFFFFFFFFFFFFFF5A
:10764000FFFFFFFFFFFFFFFFFFFFFFFFFFFFFFFF4A
:10765000FFFFFFFFFFFFFFFFFFFFFFFFFFFFFFFF3A
:10766000FFFFFFFFFFFFFFFFFFFFFFFFFFFFFFFF2A
:10767000FFFFFFFFFFFFFFFFFFFFFFFFFFFFFFFF1A
:10768000FFFFFFFFFFFFFFFFFFFFFFFFFFFFFFFF0A
:10769000FFFFFFFFFFFFFFFFFFFFFFFFFFFFFFFFFA
:1076A000FFFFFFFFFFFFFFFFFFFFFFFFFFFFFFFFEA
:1076B000FFFFFFFFFFFFFFFFFFFFFFFFFFFFFFFFDA
:1076C000FFFFFFFFFFFFFFFFFFFFFFFFFFFFFFFFCA
:1076D000FFFFFFFFFFFFFFFFFFFFFFFFFFFFFFFFBA
:1076E000FFFFFFFFFFFFFFFFFFFFFFFFFFFFFFFFAA
:1076F000FFFFFFFFFFFFFFFFFFFFFFFFFFFFFFFF9A
:10770000FFFFFFFFFFFFFFFFFFFFFFFFFFFFFFFF89
:10771000FFFFFFFFFFFFFFFFFFFFFFFFFFFFFFFF79
:10772000FFFFFFFFFFFFFFFFFFFFFFFFFFFFFFFF69
:10773000FFFFFFFFFFFFFFFFFFFFFFFFFFFFFFFF59
:10774000FFFFFFFFFFFFFFFFFFFFFFFFFFFFFFFF49
:10775000FFFFFFFFFFFFFFFFFFFFFFFFFFFFFFFF39
:10776000FFFFFFFFFFFFFFFFFFFFFFFFFFFFFFFF29
:10777000FFFFFFFFFFFFFFFFFFFFFFFFFFFFFFFF19
:10778000FFFFFFFFFFFFFFFFFFFFFFFFFFFFFFFF09
:10779000FFFFFFFFFFFFFFFFFFFFFFFFFFFFFFFFF9
:1077A000FFFFFFFFFFFFFFFFFFFFFFFFFFFFFFFFE9
:1077B000FFFFFFFFFFFFFFFFFFFFFFFFFFFFFFFFD9
:1077C000FFFFFFFFFFFFFFFFFFFFFFFFFFFFFFFFC9
:1077D000FFFFFFFFFFFFFFFFFFFFFFFFFFFFFFFFB9
:1077E000FFFFFFFFFFFFFFFFFFFFFFFFFFFFFFFFA9
:1077F000FFFFFFFFFFFFFFFFFFFFFFFFFFFFFFFF99
:10780000FFFFFFFFFFFFFFFFFFFFFFFFFFFFFFFF88
:10781000FFFFFFFFFFFFFFFFFFFFFFFFFFFFFFFF78
:10782000FFFFFFFFFFFFFFFFFFFFFFFFFFFFFFFF68
:10783000FFFFFFFFFFFFFFFFFFFFFFFFFFFFFFFF58
:10784000FFFFFFFFFFFFFFFFFFFFFFFFFFFFFFFF48
:10785000FFFFFFFFFFFFFFFFFFFFFFFFFFFFFFFF38
:10786000FFFFFFFFFFFFFFFFFFFFFFFFFFFFFFFF28
:10787000FFFFFFFFFFFFFFFFFFFFFFFFFFFFFFFF18
:10788000FFFFFFFFFFFFFFFFFFFFFFFFFFFFFFFF08
:10789000FFFFFFFFFFFFFFFFFFFFFFFFFFFFFFFFF8
:1078A000FFFFFFFFFFFFFFFFFFFFFFFFFFFFFFFFE8
:1078B000FFFFFFFFFFFFFFFFFFFFFFFFFFFFFFFFD8
:1078C000FFFFFFFFFFFFFFFFFFFFFFFFFFFFFFFFC8
:1078D000FFFFFFFFFFFFFFFFFFFFFFFFFFFFFFFFB8
:1078E000FFFFFFFFFFFFFFFFFFFFFFFFFFFFFFFFA8
:1078F000FFFFFFFFFFFFFFFFFFFFFFFFFFFFFFFF98
:10790000FFFFFFFFFFFFFFFFFFFFFFFFFFFFFFFF87
:10791000FFFFFFFFFFFFFFFFFFFFFFFFFFFFFFFF77
:10792000FFFFFFFFFFFFFFFFFFFFFFFFFFFFFFFF67
:10793000FFFFFFFFFFFFFFFFFFFFFFFFFFFFFFFF57
:10794000FFFFFFFFFFFFFFFFFFFFFFFFFFFFFFFF47
:10795000FFFFFFFFFFFFFFFFFFFFFFFFFFFFFFFF37
:10796000FFFFFFFFFFFFFFFFFFFFFFFFFFFFFFFF27
:10797000FFFFFFFFFFFFFFFFFFFFFFFFFFFFFFFF17
:10798000FFFFFFFFFFFFFFFFFFFFFFFFFFFFFFFF07
:10799000FFFFFFFFFFFFFFFFFFFFFFFFFFFFFFFFF7
:1079A000FFFFFFFFFFFFFFFFFFFFFFFFFFFFFFFFE7
:1079B000FFFFFFFFFFFFFFFFFFFFFFFFFFFFFFFFD7
:1079C000FFFFFFFFFFFFFFFFFFFFFFFFFFFFFFFFC7
:1079D000FFFFFFFFFFFFFFFFFFFFFFFFFFFFFFFFB7
:1079E000FFFFFFFFFFFFFFFFFFFFFFFFFFFFFFFFA7
:1079F000FFFFFFFFFFFFFFFFFFFFFFFFFFFFFFFF97
:107A0000FFFFFFFFFFFFFFFFFFFFFFFFFFFFFFFF86
:107A1000FFFFFFFFFFFFFFFFFFFFFFFFFFFFFFFF76
:107A2000FFFFFFFFFFFFFFFFFFFFFFFFFFFFFFFF66
:107A3000FFFFFFFFFFFFFFFFFFFFFFFFFFFFFFFF56
:107A4000FFFFFFFFFFFFFFFFFFFFFFFFFFFFFFFF46
:107A5000FFFFFFFFFFFFFFFFFFFFFFFFFFFFFFFF36
:107A6000FFFFFFFFFFFFFFFFFFFFFFFFFFFFFFFF26
:107A7000FFFFFFFFFFFFFFFFFFFFFFFFFFFFFFFF16
:107A8000FFFFFFFFFFFFFFFFFFFFFFFFFFFFFFFF06
:107A9000FFFFFFFFFFFFFFFFFFFFFFFFFFFFFFFFF6
:107AA000FFFFFFFFFFFFFFFFFFFFFFFFFFFFFFFFE6
:107AB000FFFFFFFFFFFFFFFFFFFFFFFFFFFFFFFFD6
:107AC000FFFFFFFFFFFFFFFFFFFFFFFFFFFFFFFFC6
:107AD000FFFFFFFFFFFFFFFFFFFFFFFFFFFFFFFFB6
:107AE000FFFFFFFFFFFFFFFFFFFFFFFFFFFFFFFFA6
:107AF000FFFFFFFFFFFFFFFFFFFFFFFFFFFFFFFF96
:107B0000FFFFFFFFFFFFFFFFFFFFFFFFFFFFFFFF85
:107B1000FFFFFFFFFFFFFFFFFFFFFFFFFFFFFFFF75
:107B2000FFFFFFFFFFFFFFFFFFFFFFFFFFFFFFFF65
:107B3000FFFFFFFFFFFFFFFFFFFFFFFFFFFFFFFF55
:107B4000FFFFFFFFFFFFFFFFFFFFFFFFFFFFFFFF45
:107B5000FFFFFFFFFFFFFFFFFFFFFFFFFFFFFFFF35
:107B6000FFFFFFFFFFFFFFFFFFFFFFFFFFFFFFFF25
:107B7000FFFFFFFFFFFFFFFFFFFFFFFFFFFFFFFF15
:107B8000FFFFFFFFFFFFFFFFFFFFFFFFFFFFFFFF05
:107B9000FFFFFFFFFFFFFFFFFFFFFFFFFFFFFFFFF5
:107BA000FFFFFFFFFFFFFFFFFFFFFFFFFFFFFFFFE5
:107BB000FFFFFFFFFFFFFFFFFFFFFFFFFFFFFFFFD5
:107BC000FFFFFFFFFFFFFFFFFFFFFFFFFFFFFFFFC5
:107BD000FFFFFFFFFFFFFFFFFFFFFFFFFFFFFFFFB5
:107BE000FFFFFFFFFFFFFFFFFFFFFFFFFFFFFFFFA5
:107BF000FFFFFFFFFFFFFFFFFFFFFFFFFFFFFFFF95
:107C00007FE97FE9F7F78CBD7FE97FE9F7F797BD5B
:107C10007FE97FE9F7F7BFBD7FE97FE9F7F7B2BDFD
:107C20007FE97FE9F7F79ABD00000000000000003F
:107C30000000000000000000000000000000000044
:107C40007AFFFFFF00900050000000004CF500009C
:107C50000400000000000000000000000000000020
:107C6000000000000000000090ED00E000A00350C4
:107C70007FA60350009000506F9500501412002012
:107C8000A811002044C30000CD1C0100C91C010044
:107C9000E31B0100DC1000200C1100200411002067
:107CA00000110020FC100020DD080100D1080100B7
:107CB000C508010000000000E9080100381100209B
:107CC00030110020281100200000000020110020A9
:107CD000F50901004109010075090100BD09010014
:107CE000682500203A00003A6C2500203A00003A4E
:107CF000702500203A00003A742500203A00003A2E
:107D00000000000000000000000000000000000073
:107D10000000000000000000000000000000000063
:107D20000000000000000000000000000000000053
:107D30000000000000000000000000000000000043
:107D40000000000000000000000000000000000033
:107D50000000000000000000000000000000000023
:107D600015F80000EDF70000FFFFFFFFFFFFFFFF2A
:107D7000FFFFFFFFFFFFFFFFFFFFFFFFFFFFFFFF13
:107D8000FFFFFFFFFFFFFFFFFFFFFFFFFFFFFFFF03
:107D9000FFFFFFFFFFFFFFFFFFFFFFFFFFFFFFFFF3
:107DA000FFFFFFFFFFFFFFFFFFFFFFFFFFFFFFFFE3
:107DB000FFFFFFFFFFFFFFFFFFFFFFFFFFFFFFFFD3
:107DC000FFFFFFFFFFFFFFFFFFFFFFFFFFFFFFFFC3
:107DD000FFFFFFFFFFFFFFFFFFFFFFFFFFFFFFFFB3
:107DE000FFFFFFFFFFFFFFFFFFFFFFFFFFFFFFFFA3
:107DF000FFFFFFFFFFFFFFFFFFFFFFFFFFFFFFFF93
:107E0000FFFFFFFFFFFFFFFFFFFFFFFFFFFFFFFF82
:107E1000FFFFFFFFFFFFFFFFFFFFFFFFFFFFFFFF72
:107E2000FFFFFFFFFFFFFFFFFFFFFFFFFFFFFFFF62
:107E3000FFFFFFFFFFFFFFFFFFFFFFFFFFFFFFFF52
:107E4000FFFFFFFFFFFFFFFFFFFFFFFFFFFFFFFF42
:107E5000FFFFFFFFFFFFFFFFFFFFFFFFFFFFFFFF32
:107E6000FFFFFFFFFFFFFFFFFFFFFFFFFFFFFFFF22
:107E7000FFFFFFFFFFFFFFFFFFFFFFFFFFFFFFFF12
:107E8000FFFFFFFFFFFFFFFFFFFFFFFFFFFFFFFF02
:107E9000FFFFFFFFFFFFFFFFFFFFFFFFFFFFFFFFF2
:107EA000FFFFFFFFFFFFFFFFFFFFFFFFFFFFFFFFE2
:107EB000FFFFFFFFFFFFFFFFFFFFFFFFFFFFFFFFD2
:107EC000FFFFFFFFFFFFFFFFFFFFFFFFFFFFFFFFC2
:107ED000FFFFFFFFFFFFFFFFFFFFFFFFFFFFFFFFB2
:107EE000FFFFFFFFFFFFFFFFFFFFFFFFFFFFFFFFA2
:107EF000FFFFFFFFFFFFFFFFFFFFFFFFFFFFFFFF92
:107F0000FFFFFFFFFFFFFFFFFFFFFFFFFFFFFFFF81
:107F1000FFFFFFFFFFFFFFFFFFFFFFFFFFFFFFFF71
:107F2000FFFFFFFFFFFFFFFFFFFFFFFFFFFFFFFF61
:107F3000FFFFFFFFFFFFFFFFFFFFFFFFFFFFFFFF51
:107F4000FFFFFFFFFFFFFFFFFFFFFFFFFFFFFFFF41
:107F5000FFFFFFFFFFFFFFFFFFFFFFFFFFFFFFFF31
:107F6000FFFFFFFFFFFFFFFFFFFFFFFFFFFFFFFF21
:107F7000FFFFFFFFFFFFFFFFFFFFFFFFFFFFFFFF11
:107F8000FFFFFFFFFFFFFFFFFFFFFFFFFFFFFFFF01
:107F9000FFFFFFFFFFFFFFFFFFFFFFFFFFFFFFFFF1
:107FA000FFFFFFFFFFFFFFFFFFFFFFFFFFFFFFFFE1
:107FB000FFFFFFFFFFFFFFFFFFFFFFFFFFFFFFFFD1
:107FC000FFFFFFFFFFFFFFFFFFFFFFFFFFFFFFFFC1
:107FD000FFFFFFFFFFFFFFFFFFFFFFFFFFFFFFFFB1
:107FE000FFFFFFFFFFFFFFFFFFFFFFFFFFFFFFFFA1
:107FF000FFFFFFFFFFFFFFFFFFFFFFFFFFFFFFFF91
:10800000080C012009930100854C0200F592010043
:10801000F5920100F5920100F5920100F592010040
:10802000000000000000000000000000CD940100EE
:10803000F59201000000000085940100F592010016
:108040009196010091960100919601009196010090
:108050009196010091960100919601009196010080
:108060009196010091960100919601009196010070
:108070009196010091960100919601009196010060
:108080009196010091960100919601009196010050
:108090009196010091960100919601009196010040
:1080A0009196010091960100919601009196010030
:1080B0009196010091960100919601009196010020
:1080C0009196010091960100919601009196010010
:1080D0009196010091960100919601009196010000
:1080E00091960100919601009196010091960100F0
:1080F00091960100919601009196010091960100E0
:1081000091960100919601009196010091960100CF
:1081100091960100919601009196010091960100BF
:1081200091960100919601009196010091960100AF
:10813000919601009196010091960100919601009F
:108140009196010053B94AB9002908BF00281CBF05
:108150004FF0FF314FF0FF3000F00CB8ADF1080CDC
:108160006DE904CE00F008F8DDF804E0DDE9022353
:1081700004B07047704700BF2DE9F04786468C4633
:108180000846089E154674461946002B40F0C180EB
:108190008542B2FA82F245D94AB1C2F1200300FA0F
:1081A00002FC954094402EFA03F343EA0C0C4FEA8C
:1081B000154EA8B2230CBCFBFEF80EFB18CC08FB36
:1081C00000F943EA0C43994528D9EB1808F1FF3729
:1081D00004D2994502D9A8F102072B44A3EB090365
:1081E000A4B2B3FBFEFC0EFB1C330CFB00F044EA14
:1081F0000344A04214D92C190CF1FF3304D2A0423D
:1082000002D9ACF102032C44241A43EA07401EB100
:10821000D440002334607360BDE8F0874746DDE753
:108220006346F1E792BB431B01214FEA154EAFB203
:10823000200CB3FBFEFC0EFB1C330CFB07F840EAE2
:108240000343984561D9EB180CF1FF3004D29845EF
:1082500002D9ACF102002B44A3EB0803A4B2B3FB98
:10826000FEFC0EFB1C330CFB07F744EA0344A74259
:108270004DD92C190CF1FF3304D2A74202D9ACF12D
:1082800002032C44E41B43EA0040C0E7C2F1200390
:108290009540944020FA03F12EFA03F34FEA154E6D
:1082A0009040AFB20343B1FBFEFC0EFB1C10190C57
:1082B0000CFB07F841EA0041884522D969180CF106
:1082C000FF3004D2884502D9ACF102002944A1EB69
:1082D00008019BB2B1FBFEFC0EFB1C110CFB07F767
:1082E00043EA01439F420ED9EB180CF1FF3104D24F
:1082F0009F4202D9ACF102012B44DB1B41EA004151
:1083000093E76046E3E76146F7E76046A4E7634624
:10831000B8E7834206D916B9002108467CE7C6E9CA
:1083200000E0F9E7B3FA83F78FB9834201D37245CE
:1083300008D8BEEB020460EB030301209C461EB983
:10834000002169E73846FAE7C6E9004CF8E7C7F1CB
:10835000200CBB400EFA07F522FA0CF42EFA0CF1B1
:10836000BA401C4320FA0CF3B8404FEA14490143C9
:108370001FFA84FEB3FBF9F809FB18300B0C08FB5D
:108380000EFA43EA00439A4540D9E31808F1FF305A
:1083900004D29A4502D9A8F102002344A3EB0A03B0
:1083A00089B2B3FBF9F809FB183308FB0EFE41EA6A
:1083B00003418E452CD9611808F1FF3304D28E4554
:1083C00002D9A8F10203214443EA0040A1EB0E01C7
:1083D000A0FB02984145CE46434602D306D14D4507
:1083E00004D20138B9EB020E68EB0403002EA7D0CB
:1083F000B5EB0E0261EB030101FA0CFC22FA07F364
:10840000F9404CEA0303C6E9003199E74046C5E765
:108410004346D9E7034611F8012B03F8012B002A44
:10842000F9D17047034613F8012B002AFBD1181A23
:108430000138704708B5002002F0E0F90023044934
:108440004B60CB6001238B60BDE8084000F058BC56
:1084500068D2002008B509480CF044FB03F06CFD1D
:10846000014620B106480CF03DFB002008BDFFF797
:10847000E1FF04480CF036FBF7E700BF368002004E
:108480005280020082800200F8B50F4600293BD0DE
:108490000668012230460CF08AF90146044630464F
:1084A0000CF04DF9C3070DD4AF23184A18491948E9
:1084B0000CF045FB394618480CF041FBAF2113483E
:1084C0000CF034FB214630460CF04FF925182946B4
:1084D000002230460CF033F92D1AAC420BD0B723F2
:1084E0000A4A0E490B480CF02AFB39460C480CF09E
:1084F00026FBB721E3E7214630460CF03CF9214644
:10850000BDE8F8400CF078BAF8BD00BF89800200E1
:10851000AC800200BD800200DA80020012810200FD
:10852000388102002DE9F8430F4606681446B26808
:108530004B1EB2F5004F34BF042108213B4010D040
:10854000C7F1000909EA0709494503F1FF3028BFCF
:10855000494618420CD11F46DCB900252846BDE823
:10856000F8838F4213D82146BDE8F8430CF086BA51
:108570002E494FF4A2732E4A2E480CF0E0FA2E48F2
:108580000CF0DDFA4FF4A27129480CF0CFFA9946AD
:10859000E2E7B2EBD40FE0D9E319591A10460CF018
:1085A00010F9014630460CF066F980460028D4D018
:1085B000B36809EBC005B3F5004F34BF04230823AB
:1085C0001D4435447B1E1D44B5FBF7F57D43A5EBEB
:1085D0000905294630460CF0EAF82C44073424F00B
:1085E0000704A41B804507464FEAE40408D202466C
:1085F000414630460CF079F9414630460CF0BAF964
:10860000394630460CF0B1F83844844208D2394635
:10861000304622460CF069F9214630460CF0AAF9A2
:108620000122394630460CF0A6F897E77481020023
:1086300089800200BD8002008F810200B2F5802F88
:108640002DE9F04110D2042A28D843494FF4F97398
:10865000424A43480CF073FA42480CF070FA4FF467
:10866000F9713E480CF062FA0823D21ACC1D11446D
:1086700024F0070421F00701091B17294FEAD1064E
:108680000ED8394940F2FB13344A35480CF057FAFA
:1086900034480CF054FA40F2FB11E2E70423E4E71B
:1086A0000027046031463046A660E7600CF092F87F
:1086B0000121421D804630460CF083F89200D51D02
:1086C000ED082844B0423AD8B8F1FF3F3946A2F14C
:1086D000100204F11000B8BF3A460EF05FFF2A46C0
:1086E000394620460CF05FF83B463A46394620466C
:1086F0000CF030F8A6EB05082046394601220CF0B4
:108700003AF8424629460CF04EF82B463A4629469E
:1087100020460CF01FF8314620460CF044F8434642
:108720003A46314620460CF015F8314620460122E3
:108730000CF021F82946BDE8F0410CF01BB90B49BB
:108740004FF40373054A06480CF0F9F905480CF09C
:10875000F6F94FF4037184E7AC81020089800200CE
:10876000BD800200CD810200E68102000F8202007E
:10877000014B1B68184700BF80C5002030B585B08D
:1087800004460D461022002168460EF007FF022322
:108790008DF80230044B2A462146684601930BF0BF
:1087A0004BFD05B030BD00BF71870100014B186063
:1087B000704700BF80C5002080B505460E461746AD
:1087C00098460AF061FE03460EF0F8FE0446DFF814
:1087D0001890424649F8003039463046A84754F8C8
:1087E000090000F0F9FD00BF0800000000B51622E6
:1087F0000EF0E4FE024B1A504FF0FF305DF804FB20
:108800000C0000002823434330B50D4908330B44C6
:10881000D3E8AF2F92B1541ED3E8EF5F954204D155
:10882000C3E8EC4FBCF1000FF6D1F1D1012A05D11C
:108830002823584300230A180B50536030BD00BF53
:1088400084C5002070B500254FF0FF334FF0FF3294
:10885000174808F0F1FF174BD3E8AF2F82B101356D
:10886000102D03F12803F7D10EF0A8FE17224FF0C8
:10887000FF35114B1A500E480CF054F9284670BDC4
:1088800028246C43D3E8EF0F0130C3E8E10F00293F
:10889000F8D10A4E331932515A6004F10C003044B9
:1088A0000EF064FC04F1200030440EF0AFFCE2E76F
:1088B0008CCA00208CC500200C00000084C500205C
:1088C00010B40446104628225443084B1A19195173
:1088D000506040B1C26832B10C34234440F20512FA
:1088E00010BC0CF00EB910BC704700BF84C500204E
:1088F0002DE9F84F0446A38B08461907154612D4F4
:10890000022803F0070165D120460CF025F988B153
:108910000138042800F23781DFE810F05C003501EF
:108920008200D400040101280CBF43F0100143F081
:108930002001A183143420460AF070FF002840F083
:108940009D819A4940F23113994A9A480CF0F7F800
:108950002146B1E003F00702501F01281ED8002075
:10896000062A2768C4E9000014D13A4603E0E08BE8
:108970000130E0831268002AF9D123F0070343F0A5
:1089800002022046A2830CF0E7F890B342F02002E6
:10899000A2832EE023F007039AB2F2E7042A33D130
:1089A00023F007039AB22046A2830CF0D5F810B149
:1089B00042F02002A283A38B03F00709894540F00F
:1089C000EC80A18BCA0640F1508121F01003A383F3
:1089D00001F00701D4F81880A38BB8F1000FB9DAC1
:1089E0000022276823F00703C4E9002243F00103B3
:1089F000A383A38B03F00709894540F0CF80002FA4
:108A0000DFD00026B24644E06B4940F21B136B4AAC
:108A100068480CF094F840F21B1168480CF086F896
:108A200049B167494FF4AB73644A62480CF087F868
:108A30004FF4AB71F1E723684BB9624940F2571329
:108A40005E4A5C480CF07BF840F25711E5E7236979
:108A50001E684EB95C494FF4AD73584A55480CF046
:108A60006EF84FF4AD71D8E70F4688464FF006090F
:108A7000A38B23F0070343F006039BB2A383A268F2
:108A8000002A40F08D80002F40F08D80002E98D07D
:108A9000BA4643F0080304F1140B5846A3830AF0C6
:108AA000BDFE002840F09A80404940F23113404A10
:108AB00040480CF044F8594644480CF040F840F265
:108AC0003111ADE0022909D0414940F25D133B4A22
:108AD00038480CF034F840F25D119EE7E78B4FB157
:108AE0003C494FF4AF73354A32480CF028F84FF444
:108AF000AF7192E723695E684EB9334940F2611362
:108B00002E4A2C480CF01BF840F2611185E7A38B2C
:108B1000B84623F0070343F004039BB24FF0040967
:108B2000A383ACE7012909D02B494FF4B273234A40
:108B300020480CF004F84FF4B2716EE723684BB98B
:108B4000204940F265131D4A1A480BF0F8FF40F225
:108B5000651162E723699E684EB91B494FF4B473EF
:108B6000164A14480BF0EBFF4FF4B47155E7002799
:108B7000A38BB84623F0070343F005039BB24FF0E5
:108B80000509A3837BE70C4940F26B130B4A0948A4
:108B90000BF0D5FF40F26B113FE7002700266EE790
:108BA0004FF0010A75E7924673E700BF0D8302009C
:108BB000E0820200BD8002000BAD02003A8202009A
:108BC0005F8202006B8202008E8202002483020018
:108BD000A5820200BB820200CA82020085F31188CE
:108BE000BFF36F8FBAF1000F1CD177BB16B12046CF
:108BF0002549B047EFF31185202383F31288BFF393
:108C00006F8F58460AF0FCFD38BB88231F4A204965
:108C100020480BF094FF59461F480BF090FF882125
:108C20001A48FBE6A1680029DFD00D680029DCD0D6
:108C300043464A462046D1F804A0D0471DB12B68D0
:108C400029461D46F2E72B46FAE7394643464A468F
:108C500020463F680BF0ACFFC7E758460AF0F4FD2A
:108C6000A38B23F00803A383ABE68B067FF562AEEC
:108C700021F02003A38301F0070145E685F3118865
:108C8000BFF36F8FBDE8F88F9D8C0100E08202007A
:108C900039830200BD8002004E830200F8B504460D
:108CA0000D4600F11406EFF31187202383F3128899
:108CB000BFF36F8F30460AF0A3FD68B988230C4AD2
:108CC0000C490D480BF03BFF31460C480BF037FFC9
:108CD000882107480BF02AFF30460AF0B5FDA56150
:108CE0003A462046BDE8F8400121FFF701BE00BF2B
:108CF000E082020039830200BD8002004E83020040
:108D00002DE9F04704460F460BF042FF051E68DBD5
:108D100004F11409EFF3118A202383F31288BFF3BF
:108D20006F8F48460AF06CFD804660B98823384A48
:108D3000384939480BF003FF494638480BF0FFFE2D
:108D40008821334842E048460AF07EFD4FF6FF7224
:108D5000E38BA68B934206F0070645D0022E15D171
:108D600035460133E38348460AF058FD002841D1D7
:108D700040F23113264A2A4927480BF0E0FE4946C3
:108D800028480BF0DCFE40F23111DAE7062E13D84A
:108D9000DFE806F0092D1212090409006FF08505BD
:108DA0004FF00008DFE700233B60636883B9C4E944
:108DB000007786B13546F3E71B4917484FF4E47353
:108DC0001A4A0BF0BCFE4FF4E47118480BF0AEFEEB
:108DD0001F606760EDE7524602212046FFF788FDDD
:108DE00035462846BDE8F0876FF00A05D8E76FF0F2
:108DF0000405D5E78AF31188BFF36F8FB8F1000F30
:108E0000EFD000233246394620460BF0D1FEE8E78A
:108E1000E082020039830200BD8002004E8302001E
:108E20000D83020024830200CA8202003A820200FB
:108E300008B54268034602F00302022A81600AD0A4
:108E4000032A4FF0000103D0012A0AD1596006E03D
:108E50001868596008BD186800225A6058B9002087
:108E6000F8E7064906484523064A0BF068FE452107
:108E700004480BF05BFE0AF0F3FFF0E70BAD0200D5
:108E8000BD80020064830200014B03600020704734
:108E9000D8790200034610B588B08DF807300DF17F
:108EA000070302930123094ACDE9051310680393D0
:108EB000002207238DF810208DF81C3083680222D1
:108EC0009C6802A94623A04708B010BD78D20020B4
:108ED00070B586B00E460DF1070105461446FFF742
:108EE000D9FFC8B99DF807308DF8085023EA06016C
:108EF0000A4B44EA0102186802AB039302238DF87F
:108F000007208DF8092004938DF81430836801221E
:108F10009C6803A94623A04706B070BD78D2002004
:108F200010B504460EF0C0F818B10020024B1C60CA
:108F300010BD6FF01200FBE778D2002008B504489E
:108F40000BF0D0FDBDE8084002480BF0CBBD00BFE0
:108F50008A830200C083020030BFFFF7FDBF00BF5D
:108F60002DE9F04105460B4EDFF82C80324606EB2A
:108F70000807CC1B204609490EF003FBA019424606
:108F80000021083C0EF00AFB6C6707F10800BDE801
:108F9000F08100BF000000000800000074790200AA
:108FA000074A936893F90E10002907DB5269934230
:108FB0001FBF044A536843F080535360704700BF9B
:108FC00094DB002000ED00E0154B9A6A12F0007F60
:108FD0009A6A14BF1E201D2012F0807F9A6A18BF63
:108FE0001F2012F4801F9A6A18BF022012F4002F6B
:108FF0009A6A18BF212012F4802F9A6A18BF222083
:1090000012F4003F9A6A18BF232012F4803F9A6A34
:1090100018BF24206FEA02426FEA12429A62704738
:1090200000ED00E010B5194B0246986A9C6A10F4F6
:10903000805F14BF1720162014F4006F9C6A18BFBD
:109040001820A40509D5986B986A000404D51AB1B4
:109050009A6A22F400429A6219200C4B9A6A12F41E
:10906000806F9A6A18BF1A20D2050CD49B6A13F439
:10907000005F18BF1C20054A936A43F47F43936244
:1090800000230B7010BD1B20F5E700BF00ED00E0D2
:1090900010B5264B0246986A9C6A10F0100F14BF58
:1090A0001120102014F0080F9C6A18BF1220A4078A
:1090B00009D5586B986A000604D51AB19A6A22F04D
:1090C00080029A621320194B9A6A12F0010F9A6A71
:1090D00018BF142012F0200F9A6A18BF1520D2066C
:1090E00002D49B6A9B0712D5104B9B6ADC060ED5F7
:1090F0000F4940F263130F4A0F480BF020FD0F4851
:109100000BF01DFD40F263110A480BF00FFD074BF9
:109110009A6A920642BF5A6A22F400525A629A6AC6
:1091200042F0FF029A6200230B7010BD00ED00E0D8
:1091300020840200EE830200BD8002006A840200E7
:10914000F0B55E4B04465D688BB00023C5F308059F
:1091500083F31188BFF36F8F02F07F43B3F17F4F2A
:109160000DD112F001030AD1560603D4100703D41F
:10917000012603E0520700D50C46002674B9504979
:109180004FF48B634F4A50480BF0D9FC4F480BF01B
:10919000D6FC4FF48B614B480BF0C8FC00228DF8D5
:1091A0000720EA1E032A30D8DFE802F002797D5C4E
:1091B000424AD16A11F0020127D1D36A002B76DB33
:1091C000D36A5B005ED55369A16943F48073536130
:1091D000BFF34F8FBFF36F8F536931F8021C23F435
:1091E00080735361BFF34F8FBFF36F8F4DF60273E0
:1091F000994209D0936ADBB233B301200DF1070124
:10920000FFF746FF034600E023689DF80720CAB930
:1092100002AD04F120072A4620686168083403C2C1
:10922000BC421546F7D1099A002E42D0C2F308017C
:1092300021B96FEA52226FEA42220992184602A926
:109240000BF016FD0BB0F0BD936A13F47F4F05D001
:1092500001200DF10701FFF7E5FED3E7936AB3F5AF
:10926000803F02D3FFF7B0FECCE7194940F22A3322
:10927000144A15480BF063FC16480BF060FC40F2F2
:109280002A3188E7124940F22E330E4A0E480BF07D
:1092900056FC11480BF053FC40F22E317BE70020C6
:1092A0000DF10701ACE700200DF10701D3E70B46F4
:1092B000ABE722F4FF7222F00102BEE700ED00E00E
:1092C000CE840200EE830200BD800200E184020031
:1092D0000BAD02001F85020043850200044B5A6952
:1092E00042F010025A615A6942F480625A61704732
:1092F00000ED00E0EFF30880EFF3098101B572465D
:10930000FFF71EFF01BD00BF002080F31488BFF3EC
:109310006F8F002080F30A8880F30B880CF0C4FB69
:1093200000200E490860BFF34F8F0D4880F3088876
:1093300000F02CF8202080F311880A484FF40061D7
:10934000401880F30988EFF314800221084380F36A
:109350001488BFF36F8F00F02BF9000094ED00E04C
:10936000080C0120C8F60020002318460649D1F851
:109370009020C2F30722934200DB7047C1F8983077
:10938000C1F8A0000133F6E700ED00E010B572B6B9
:10939000002484F31388FFF7E7FF23464FF0FF30E4
:1093A0000C4A03F120010133102B42F82100F8D1BF
:1093B00000234FF0FF30074A03F160010133102B07
:1093C00042F82100F8D162B6BFF34F8FBFF36F8F21
:1093D00010BD00BF00E100E0084B9B6883420BD149
:1093E000EFF3058343B1064B5A6842F080525A604E
:1093F0005A6A22F400425A620AF04CB894DB002008
:1094000000ED00E06FF00A01084A9368D967084947
:1094100098674B6843F080534B60002383F31188B7
:10942000BFF36F8F9368D86F704700BF94DB002045
:1094300000ED00E0104A936883F88100EFF3118398
:10944000202383F31288BFF36F8F4FF000615369BD
:1094500020F0FF009360094A5160596F084A11607B
:10946000002193F8812010439A6F996782F3118845
:10947000BFF36F8F704700BF94DB002000ED00E06A
:109480007CD2002010498A6882F881E04FF03000D9
:109490001044EFF3098C80E8F01F74467046FFF724
:1094A000C9FFA64608498A68864602F1300090E85E
:1094B000F01F8CF3098802F1000004B50BF0EFFBFC
:1094C000BDE804407047000094DB00201EF0040F4C
:1094D0000CBFEFF30880EFF30980816911F8021CDB
:1094E0000229FFD001B50BF0C9FB01BD40B2002835
:1094F00007DB01234109034A00F01F00834042F8C3
:109500002130704700E100E040B200280CDB01226E
:109510000649430900F01F008240203341F8232010
:10952000BFF34F8FBFF36F8F704700BF00E100E0C4
:10953000054B420953F82220012300F01F0003FAD3
:1095400000F01040704700BF00E100E038B54B1C50
:10955000072B04460D460FD95823104A10491148CD
:109560000BF0EDFA29461048072322460BF0E7FAE4
:1095700058210A480BF0DAFA40B20028ACBF00F1DB
:1095800060400A4A4FEA4313DBB2ABBF00F56140CB
:1095900000F00F0080F80033135438BD73850200CB
:1095A000AA850200BD800200C585020014ED00E01E
:1095B0000B4A08B50B4B22F07F029A60BFF34F8F26
:1095C000BFF36F8FD3F8882022F47002C3F888208D
:1095D00007F01CFF0AF040F900F04EF807F056FFC4
:1095E0000080010000ED00E042F8203C009B0D49A6
:1095F00042F81C3C019B21F0010142F8183C029BFF
:1096000042F8081C42F8143C4FF0807342F8043CC6
:10961000002383674FF43C43203A0265C0F8803052
:10962000704700BFB98701000C4B15469860426F28
:109630000B4B0E461A60436E83F30B882C4686F361
:1096400009884FF00000074B984720464FF0000173
:109650004FF000024FF00003034C204794DB002042
:109660007CD20020A74C0200B98701001022014BD8
:109670001A61704700ED00E0002320210348C21862
:109680000133412B82F80013F9D1704700E100E06B
:1096900008B5EFF30583064A103B02EBC30152F80D
:1096A000330049688847BDE80840FFF779BC00BF30
:1096B0005C7702001FB5094C094A2346012109487D
:1096C00000F0FAF800230393074B0121E41A01A8E4
:1096D0000193029400F014F904B010BD00000420BE
:1096E00080C50020D879020080CB002010B50C7A0C
:1096F0000B6804F01F0223F01F031A43CB686409B0
:1097000023F01F03054943EA440343F00103C1F872
:109710009800C1F89C20C1F8A03010BD00ED00E019
:1097200010B5074BD3F89030C3F30723013B9842A1
:1097300002D8FFF7DBFF10BD6FF01500FBE700BF9D
:1097400000ED00E02DE9F04F0F46144606464FF0BD
:1097500000084D4D85B0B84580F29280D6F804904F
:10976000B9F1000F36D0B9F11F0F40F2878019F020
:109770001F0F40F08380D6F800A01AF01F0F7DD194
:1097800050460BF0B3FA834609EB0A0001380BF0A0
:10979000ADFA834572D11BF1160F6FD05C456DDDBC
:1097A000C5F898B0D5F89C10C5F898B0D5F8A03099
:1097B00021F01F0143F01F0AD6E900321A449942F2
:1097C00002F1FF391ED1CA4508D131465FFA8BF04C
:1097D0000BF095FA08F101080C36BCE73146C5F8E4
:1097E00098B0D5F89C3022F01F0203F01F031343FA
:1097F000C5F89C30E0B20BF082FA10F1160F3DD0A4
:10980000441CE7E7C5F898B0D5F8A020013B23F049
:109810001F0302F01F021343CA453146E0B2C5F8E8
:10982000A030E8D00BF06BFA10F1160F26D0C5F877
:1098300098B0D5F89C209DF808300AF1FF3A62F301
:1098400004038DF80830D5F8A0309DF808205B0897
:1098500063F347128DF80820D6E9003213440093D1
:1098600023F01F035344A3EB0903013023F01F032C
:109870006946C0B20393FFF753FFBEE76FF01504CC
:10988000204605B0BDE8F08F00ED00E00522044B56
:10989000C3F89420BFF34F8FBFF36F8F704700BFA3
:1098A00000ED00E0BFF35F8F0022024BC3F894206D
:1098B000704700BF00ED00E038B50C4D0C462A782B
:1098C000FFF740FF287016300FD140F26913084AA5
:1098D000084909480BF033F9214608480BF02FF9E5
:1098E00040F2691102480BF021F938BDEADB002093
:1098F000058602000BAD0200BD8002003486020026
:109900002DE9F74F314E894605464FF00008B34622
:109910002F4FC84502DB03B0BDE8F08FD5F804A097
:10992000BAF1000F4CD02968084601910BF0DEF91E
:10993000019904460AEB010001380BF0D7F9844283
:109940004FF01402234B15D002FB08F36FF0150201
:109950004BF8032040F279131F4A204920480BF0AE
:10996000EEF849461F480BF0EAF840F279111A4820
:109970000BF0DCF814F1160F3460EBD01978A1422B
:10998000E8DD02FB08B0C7F89840C7F89840D7F860
:109990009C4000F10801007B64F304000871D7F8D3
:1099A000A0000C79400860F347140C71D7F89C10A4
:1099B00021F01F017160D7F8A01021F01F01316163
:1099C00008F1010814360C35A3E700BF80D200204F
:1099D00000ED00E0EADB0020058602000BAD02008E
:1099E000BD80020060860200F0B5564C564ED4F899
:1099F00090303568C3F307239D4287B013D94FF4E5
:109A0000D073524A524953480BF099F8D4F8902039
:109A100029465148C2F307220BF091F84FF4D07158
:109A20004A480BF083F80020FFF73CFF4B4BC4F88B
:109A3000C030854217D14A4C01A82570FFF724FA9F
:109A400000250646474FAE4214D1002023783D49F9
:109A5000D1F89020C2F3072293426DDB0020FFF77C
:109A600015FF07B0F0BD716801EB0011FFF73EFE76
:109A70000130DEE7019A290102EB0513D3F80CC08F
:109A80000CEA0700B0F5001F1FD0B0F5800F39D0E9
:109A9000B0F5801F43D1586852589B68CDE9020247
:109AA0002122013B20F01F010B4423F01F038DF8FE
:109AB00010200593207802A9FFF732FE00282EDB44
:109AC0002378013501332370BDE7586852589B68ED
:109AD000CDE902024122013B20F01F010B4423F09B
:109AE0001F031CF0010F8DF810200593E2D01E49D2
:109AF0006C23164A17480BF022F81C480BF01FF88D
:109B00006C218DE758689B685258013B20F01F017B
:109B10000B44CDE9020223F01F030622C7E70C49DC
:109B20004FF4E573094A0B480BF009F810480BF0A5
:109B300006F84FF4E57173E7C1F89830C1F8A0005A
:109B4000013385E700ED00E0E479020005860200BC
:109B50000BAD0200BD8002008F860200AAFF440008
:109B6000EADB00200000F0FFC3860200E986020065
:109B70001887020008B5024B1B689847002008BDF3
:109B800094D20020034B044A1860937843F00203F8
:109B90009370704794D2002004C8002008B506498D
:109BA000064821F00701C1F1005202F58022FEF7BC
:109BB00045FD002008BD00BF0F50012098D20020B5
:109BC00038B50025104C20460DF0D0FA48B10F49A9
:109BD000CD230F4A0F480AF0B2FFCD210C480AF0FE
:109BE000A5FF04F114000DF011FB38B10749CF2394
:109BF000074A08480AF0A3FFCF21EFE70135052DFA
:109C000004F12404DFD138BDA4D2002080870200F3
:109C100051870200BD80020038B500240A4D284655
:109C20000DF0F4FA48B109490948DB23094A0AF062
:109C300086FFDB2107480AF079FF0134052C05F186
:109C40000805ECD138BD00BF58D300208087020042
:109C5000BD8002008987020038B500240B4D2846DC
:109C60000DF084FA58B10A490A484FF4C3730A4AFE
:109C70000AF065FF4FF4C37107480AF057FF01343B
:109C8000052C05F11405EAD138BD00BF80D30020B2
:109C900080870200BD800200BE870200002230B52E
:109CA0001546094B09494C68013203F19000052A19
:109CB000C3E92414206003F1C00303F8085C486082
:109CC000F1D1002030BD00BF80CB002014C800209F
:109CD0000122024B0020C3F840257047009003404A
:109CE00020B1034B800143F001031847704700BFC8
:109CF000C079020008B50D48FFF712F9A8B907208E
:109D00000AF09AFF88B91F200AF090FF68B907206F
:109D10000AF09DFF48B901200AF094FF28B9BDE878
:109D20000840012108460AF099BF08BD0C770200DF
:109D30002DE9F04105460E4617461D4CDFF87480AC
:109D400044452BD91C49DB231C4A1D480AF0F7FE69
:109D50001C480AF0F4FEDB210FE02368AB4200D080
:109D6000D3B9A36863B91849E323144A14480AF025
:109D7000E6FE16480AF0E3FEE32110480AF0D6FE9C
:109D80003A4631462846984730B13A463146284649
:109D9000E368BDE8F04118471034D1E7DDD30DF09A
:109DA0000DFC6A220A4B1A504FF0FF30BDE8F081DB
:109DB0006479020074790200788802002A8802001F
:109DC000BD800200A58802005E880200278802008C
:109DD0000C00000008B548B90B4913230B4A0C4886
:109DE0000AF0ADFE132109480AF0A0FE094B1A68DB
:109DF0003AB109491423054A05480AF0A0FE142186
:109E0000F1E7186008BD00BFFF880200C4880200A7
:109E1000BD800200E4D300200389020010B570B9B0
:109E200013494FF46B73134A13480AF088FE134822
:109E30000AF085FE4FF46B710E480AF077FE036856
:109E400063B90F4940F2AD330A4A0B480AF077FE76
:109E50000A480AF074FE40F2AD31EDE71B689B68DA
:109E600023B15B6813B1BDE810401847002010BD56
:109E70004D8902001E890200BD8002002788020071
:109E80005389020008B570B9114940F2F533114AFF
:109E900011480AF054FE11480AF051FE40F2F53123
:109EA0000C480AF043FE036863B90D4940F2F633EB
:109EB000084A09480AF043FE08480AF040FE40F20A
:109EC000F631EDE7D869003818BF012008BD00BFA2
:109ED0004D8902001E890200BD8002002788020011
:109EE0005389020008B570B90F4940F232430F4A56
:109EF0000F480AF024FE0F480AF021FE40F23241DA
:109F00000A480AF013FE006860B90B4940F2334377
:109F1000064A07480AF013FE06480AF010FE40F20F
:109F20003341EDE7103008BD4D8902001E89020063
:109F3000BD800200278802005389020008B570B96D
:109F40000F494FF46B730F4A0F480AF0F8FD0F48A2
:109F50000AF0F5FD4FF46B710A480AF0E7FD03685B
:109F600063B90B4940F2AD33064A07480AF0E7FDF2
:109F700006480AF0E4FD40F2AD31EDE7186808BD8F
:109F80004D8902001E890200BD8002002788020060
:109F90005389020008B570B9124940F24233124A9F
:109FA00012480AF0CCFD12480AF0C9FD40F24231D5
:109FB0000D480AF0BBFD036863B90E4940F2433314
:109FC000094A0A480AF0BBFD09480AF0B8FD40F208
:109FD0004331EDE70C33D3E8AF0F084100F0010047
:109FE00008BD00BF4D8902001E890200BD8002002D
:109FF000278802005389020008B570B914494FF44C
:10A000004073144A14480AF09AFD14480AF097FD68
:10A010004FF440710F480AF089FD036863B9104995
:10A0200040F201330B4A0C480AF089FD0B480AF054
:10A0300086FD40F20131EDE701220C3302FA01F115
:10A04000D3E8EF0F0843C3E8E20F002AF8D108BDB8
:10A050004D8902001E890200BD800200278802008F
:10A060005389020008B570B915494FF44873154A71
:10A0700015480AF064FD15480AF061FD4FF4487177
:10A0800010480AF053FD036863B9114940F22133C7
:10A090000C4A0D480AF053FD0C480AF050FD40F2FE
:10A0A0002131EDE7012202FA01F1C9430C33D3E873
:10A0B000EF0F0840C3E8E20F002AF8D108BD00BF47
:10A0C0004D8902001E890200BD800200278802001F
:10A0D0005389020010B570B90B494FF434730B4A21
:10A0E0000B480AF02CFD0B480AF029FD4FF434719F
:10A0F00006480AF01BFD4FF0FF32BDE810404FF05C
:10A10000FF3310300AF025BE4D8902001E8902007F
:10A11000BD8002002788020008B570B9094940F2E5
:10A12000D723094A09480AF00AFD09480AF007FD41
:10A1300040F2D72104480AF0F9FC1030BDE808408D
:10A140000AF015BE4D8902001E890200BD80020082
:10A150002788020038B503680021044693F8205090
:10A16000FFF718FF88B90220236823BB2D494FF45D
:10A1700056732D4A2D480AF0E2FC2D480AF0DFFC08
:10A180004FF4567128480AF0D1FC2046FFF7D6FE5E
:10A190000CF08AFF68B109212046FFF7FBFE00287A
:10A1A000E1D00A212046FFF7F5FEC0F10600C0B25B
:10A1B000DAE70320D8E783F82000236893F82030FB
:10A1C00098422ED1062825D1062D2AD02046FFF709
:10A1D00059FE90B92046FFF785FE03686BB9154913
:10A1E00041F2BE33144A11480AF0A9FC10480AF0A3
:10A1F000A6FC41F2BE311048C5E708212046FFF712
:10A20000FBFE2046FFF73EFE58B92046BDE8384029
:10A210000AF0A1BD062D04D108212046FFF722FF38
:10A22000EFE738BD538902001E890200BD8002009D
:10A23000278802008B8902006189020038B5054633
:10A24000FFF748FF00212846FFF7A4FE88BB2846F9
:10A250000AF07AFD044600B38468F4B12846FFF79B
:10A260006DFE70B9164941F26743164A16480AF066
:10A2700066FC16480AF063FC41F2674111480AF097
:10A2800055FC0CF011FFB8B128460AF05DFD012124
:10A29000836828469847041E06DB28460021FFF7FE
:10A2A000ABFE2846FFF756FF2846FFF735FF20464E
:10A2B00038BD6FF07704F7E76FF00504F4E700BFEF
:10A2C0005D89020061890200BD80020027880200CA
:10A2D0002DE9F8430C46054678B371B30846FEF7FE
:10A2E000A1F8082806462BD8184FDFF8648000F143
:10A2F0000109474518D9174941F2E853164A17484A
:10A300000AF01DFC16480AF01AFC41F2E851124806
:10A310000AF00CFCAF4205D04A462146381D0DF02C
:10A320006EF880B13C37E4E7F4D32146721C281D57
:10A330000DF027F90020BDE8F8836FF01500FAE76B
:10A340006FF05A00F7E76FF07700F4E70CCB0020CE
:10A3500048CB0020D689020061890200BD8002003E
:10A36000A58802002DE9FF47404C4FF0FF324FF027
:10A37000FF333F480AF0EDFC0026A0463D4D3E4F1E
:10A38000DFF8F890AC4254D93D4941F265633D4A4B
:10A390003D480AF0D4FB3D480AF0D1FB41F265612B
:10A3A00038480AF0C3FB00222046C4E90122227388
:10A3B000FFF7C4FDD0F808A0BAF1000F14D0DAF806
:10A3C00000308BB104F110000CF0D0FE04F1240039
:10A3D0000CF0CCFEDAF800302046984794F838307C
:10A3E00023F0030384F838302379FBB92046CDE904
:10A3F00001338DF80C300AF0BCFC40B1244A01A8AE
:10A400001368591C11600821224A09F00DFE9DF8BD
:10A4100004303BB93B6808215A1C3A6001A84A46FF
:10A4200009F002FE204601A9FFF752FF01363C3435
:10A43000A8E7B8D39EB13C23A5EB0805B5FBF3F51F
:10A44000AE420CD0144941F285630E4A0E480AF020
:10A4500076FB12480AF073FB41F28561A0E70448DD
:10A4600004B0BDE8F0470AF082BC00BF0CCB00206E
:10A47000B4CA002048CB0020E8D30020FD890200A8
:10A48000BC89020061890200BD800200A58802002B
:10A49000ECD30020F6890200038A0200278802001C
:10A4A00038B50F4C0F4DAC4218D90F4941F29D639E
:10A4B0000E4A0F480AF043FB0E480AF040FB41F2F7
:10A4C0009D610A480AF032FB03212046FFF762FD36
:10A4D00010B92046FFF7B2FE3C34E4E7F4D338BDB0
:10A4E0000CCB002048CB0020BC890200618902000F
:10A4F000BD800200A588020037B540230C460A49FA
:10A500000093411A491105462346084A08480AF0B3
:10A5100040FC011E05DA2846234603B0BDE8304062
:10A52000184703B030BD00BF04D40020FD4D020029
:10A53000BC760200C9B2012908B509D90849094801
:10A540007A23094A0AF0FBFA7A2107480AF0EEFA60
:10A550000C22036901FB0233986C00F0070008BD70
:10A56000558A0200BD800200188A020070B5C9B287
:10A57000012903690BD91949194840F25D13194A99
:10A580000AF0DDFA40F25D1116480AF0CFFAEFF357
:10A590001185202484F31288BFF36F8F0C2606FBED
:10A5A0000134A46C14F0C00408D0A24206D085F394
:10A5B0001188BFF36F8F4FF0FF3070BD012206FB93
:10A5C00001339A6485F31188BFF36F8F436803EBFF
:10A5D000C1035B6898470020EFE700BF558A02007F
:10A5E000BD800200188A020070B50D460649044677
:10A5F000411A491140220548FFF7B8FF2B46014692
:10A600002046BDE87040184704D40020BC76020004
:10A6100070B50022012104460520FEF797FF0F4880
:10A6200003F0BEF80E4B984215D103F0C9F8266925
:10A630000C4930460AF0D2FA00280BDB0125B5643C
:10A640002469084904F120000AF0C8FA002801DB57
:10A650000020656570BD6FF00400FBE725A70100D1
:10A660000000AD0B0C7A02007FB500220123CDE97A
:10A67000022304ABCDE90433094A6B46CDF800D080
:10A68000CDF804D00AF0B3FB002805DB4FF480427C
:10A690000023684607F078FB07B05DF804FB00BFB5
:10A6A000154E020010B5EFF31184202383F31288B6
:10A6B000BFF36F8F074A136823F00201DB071160B5
:10A6C00002D4012003F01EF984F31188BFF36F8FC9
:10A6D00010BD00BF5CD400200C22104B014602FBD1
:10A6E0000033002030B4D3E910521864EFF3118026
:10A6F000202484F31288BFF36F8F9C6C04F0C00495
:10A7000044F002049C6480F31188BFF36F8F1DB185
:10A710002B4630BC0248184730BC704704D4002098
:10A72000BC760200012808B506D0042808D098B9E4
:10A730000F4B9B6C5B0719D1BDE80840FFF7CCBFFE
:10A740000C4940F26E230C4A0C480AF0F8F940F22A
:10A750006E2109480AF0EAF9064940F27223064AD6
:10A7600006480AF0ECF940F27221F2E708BD00BF9A
:10A7700004D400200BAD0200188A0200BD80020044
:10A7800010B4EFF31182202383F31288BFF36F8F8D
:10A790001748016841F002040460C80707D482F337
:10A7A0001188BFF36F8F012010BC03F031B811493D
:10A7B000D1F80C04D1F80C14C907F0D5EFF31180CF
:10A7C00083F31288BFF36F8F0B498B6C03F0C003C8
:10A7D00043F002038B6480F31188BFF36F8F82F321
:10A7E0001188BFF36F8F002010BCFFF775BF00BF4B
:10A7F0005CD400200050004004D40020024BC0B2C2
:10A8000003EB4010704700BF04D400202DE9F04155
:10A81000012206464149D1E8EF3FC1E8E02F002878
:10A82000F9D1A3B93E493F484B60CB608A60FEF73F
:10A8300067FA00280BDA3C494FF40C733B4A3C485A
:10A840000AF07DF94FF40C7138480AF06FF95EB3E5
:10A85000731E012B57D8012E06D1364BD3F81C346A
:10A8600003F00303022B1FD00CF0D4FC0546E8B91B
:10A87000314B1B78D3B1022207462E4BC3F8082375
:10A880002C4CDFF8B880D4F81824D4F81834D2034C
:10A8900015D503F00303022B01D0012E0FD16DB3A8
:10A8A00087F31188BFF36F8FBDE8F081EFF3118755
:10A8B000202383F31288BFF36F8F0125E0E7C5B132
:10A8C00038460AF004FAD4F81835DBB2012BDAD195
:10A8D000D4F80421002AD6D00022C4F80421D4F8E8
:10A8E00004210222C4F818252022C8F88021A36080
:10A8F000C9E70021212008F091FDE4E702220D4B79
:10A90000C3F80423D0E70E4940F24223074A08481F
:10A910000AF015F940F2422196E700BF00D400206A
:10A92000F0D3002024D40020798A0200188A020083
:10A93000BD80020000500040C0F0002000E100E0B7
:10A940000BAD020008B507480CF0AEFB38B1064865
:10A95000FFF718F90448FDF729FF002008BD6FF044
:10A960001200FBE7F87602006DA901000A2838B54D
:10A970000446074D04D1AB680D2128465B68984713
:10A98000AB6803485B68E1B29847204638BD00BF1A
:10A99000F876020010B5036961B920493A23204ACC
:10A9A00020480AF0CCF820480AF0C9F83A211C489F
:10A9B0000AF0BCF8486850B91C493B23184A1948AA
:10A9C0000AF0BDF81A480AF0BAF83B21EFE75868D8
:10A9D000F8B1884219D19C680868A142586000D13A
:10A9E0009860002008602AB15A680A609A68596025
:10A9F00002B99960002010E0814206D10868206009
:10AA000098688142EDD19C60EBE70446006800281D
:10AA1000F2D1002AE8D16FF0150010BDD18A0200F2
:10AA2000958A0200BD800200DA8A0200E98A0200EB
:10AA3000FB8A020038B545682B69B3B1103528464A
:10AA400003F022FC044680B90146284603F0C0FB0F
:10AA5000084B98420BD122462846074903F07CFB5D
:10AA6000224605213120FEF771FD002038BD6FF030
:10AA70000400FBE70000AD0BA1AB010008B50268C4
:10AA8000530904D14FF0FF33D340DB070BD4074900
:10AA9000074840F26933074A0AF051F840F2693139
:10AAA00004480AF043F8044808BD00BF458B020083
:10AAB000BD800200128B020000258440F0B5406882
:10AAC00001F01F04057B87B044EA45140569002D99
:10AAD0005BD0B2F5001F00F1100506D121462846D3
:10AAE0000BF0ABF8002007B0F0BD0027B2F5800FE7
:10AAF00001AE0197776033D1B3F1007F14BF052316
:10AB000004238DF804300023CDE9046303938368A4
:10AB1000CB40D90716D4B2F1A07F13D16846009478
:10AB2000FFF7ACFF04F1800350F82330DB0709D4B2
:10AB30006A462146284603F01DFB174B98421AD05F
:10AB4000CDF808D02146284603AA03F085F9134B17
:10AB500098421DD101222146284603F0BBFBC1E7E4
:10AB6000B3F1C06F05D0B3F1007F14BF01230223FE
:10AB7000C7E70323C5E76946284603F09FFB074B59
:10AB80009842DDD06FF00B00ADE76FF08500AAE7CB
:10AB90006FF01500A7E700BF0400AD0B0000AD0B80
:10ABA000430970B507D1124B596821B101250C68D2
:10ABB000104E854001B970BD8A682A4010D04B689C
:10ABC00063B90D495D230D4A0D4809F0B8FF0D48E2
:10ABD00009F0B5FF5D21094809F0A8FF3046984704
:10ABE0001CB1236821461C46E4E72346FAE700BF70
:10ABF00060D40020D076020062980200958A02009C
:10AC0000BD800200FB8A02002DE9F043466840F255
:10AC10000635337BD00601F01F0747EA431748BFCC
:10AC2000032302EA050558BFC2F3401387B0B5F508
:10AC3000837F14468DF8033042D00FD8062D18D0EC
:10AC400007D8B5B1022D3DD06FF0150007B0BDE8B3
:10AC5000F083B5F5807FF7D101250AE040F20222AA
:10AC6000954231D0B5F5407F30D0B5F5007FEBD1BE
:10AC7000022522032CD5012372688B40936033692F
:10AC80006BBB03A80397FFF7F9FE84F4803300EB56
:10AC90008700C3F30043C4F34044D0F8002244EAE1
:10ACA00043049DF8033022F4E16244EA830422F075
:10ACB000070244EA05231343C0F800320020C5E729
:10ACC0000725D6E70425D4E70525D2E70325D0E7F5
:10ACD000630341BF012372688B40D360CFE7103616
:10ACE000394630460DF1020203F044FA14F4403FB5
:10ACF000804617D1394630460AF09DFF244B9845CF
:10AD0000DCD130469DF8021003F0CCFA4045D5D096
:10AD100020492148AB23214A09F011FFAB211F48EC
:10AD200009F004FF4FF0000901AB3946304603AA91
:10AD3000CDE90439CDE90199CDF80C9003F08CF8F8
:10AD4000134B984280D114F4003315D09DF8033092
:10AD500084F48034C4F300448DF80E3039464B46F9
:10AD6000304603AA8DF80C508DF80D4003F064F9BD
:10AD7000074B9842C2D067E7CDE9043339460DF15D
:10AD80000303304603AA039303F066F8F0E700BF1D
:10AD90000000AD0B948B0200BD800200688B0200A6
:10ADA00038B544680569E3699847206A0AF08AF86B
:10ADB00000280DDB2B462046074A04F1080103F06A
:10ADC000B7FF064B984204D1204603F0F5FF002060
:10ADD00038BD6FF00400FBE71DAE01000000AD0BB5
:10ADE00070B5446823682046D3F80855D3F80C653D
:10ADF00004F008F83146284604F024FB0546206A92
:10AE00000AF060F8204603F0D7FF034B9D4214BFC1
:10AE10006FF00F00002070BD0000AD0B0378012B18
:10AE200008D0022B08D04BB9054B0B6301F1180079
:10AE300006F068BF034BF8E7034BF6E7034BF4E774
:10AE40000000AD0B0100AE0B0200AE0B0100AD0B1C
:10AE50002DE9F04F934614221D46D0F804A08BB084
:10AE60000669BAF8183080460C460DEB0200002146
:10AE7000D6F8349002930CF091FB8DF815504FF0FA
:10AE8000FF324FF0FF33304606F07EFF06F1180325
:10AE9000019300270022002306F1180006F074FF3A
:10AEA0003D465F4501D3002460E0207A020700F1AF
:10AEB000818001375F4521680AD2830708D4237D4A
:10AEC00080EA030202F0010203F004031A4307D0F0
:10AED00025B901F06043B3F1005F17D0002300E013
:10AEE00001236268DDF808E005EB020CF44564D844
:10AEF000C00705D409EB050003930CF042FB039B4C
:10AF000062682A4495B2002B3FD1FDB90025236821
:10AF100008936368227A069302F001018DF81410F9
:10AF2000BAF8241099424BD382F00202C2F34002D5
:10AF30005046520105A903F099FF234B984209D0CE
:10AF40000B33984210D16FF00F040FE02B46CDF871
:10AF50002090DFE74FF480420023019806F014FFB1
:10AF600058B14046FFF73CFF6FF00404304606F04E
:10AF7000C9FE20460BB0BDE8F08F336B124A9342F6
:10AF8000F2D1237ADB0702D400250C3489E7089B31
:10AF90009945F9D1234608E0A91AD8688DB219FA63
:10AFA00081F103930CF0EDFA039B5A680C3B954238
:10AFB000F2D2E9E76FF08504D8E76FF01B04D5E71C
:10AFC0006FF01B04D5E700BF0000AD0B08B50268A9
:10AFD000530904D14FF0FF33D340DB070BD40749AB
:10AFE000074840F26933074A09F0A9FD40F2693188
:10AFF000044809F09BFD044808BD00BF458B0200D2
:10B00000BD800200128B0200002584402DE9F04F24
:10B010001546824640F2FF19DFF848B185B000EBD3
:10B020008108D04503D1002005B0BDE8F08FDAF8E3
:10B0300000305A04C3F3C321C3F3080400F18C8029
:10B04000494A5B0C4C4508BF4FF0FF34575C192B45
:10B0500000F28580DFE803F00D141A1D20261D8301
:10B06000838383346083838383838383838363774E
:10B070007A7DC5F80C45631C5BD10AF1040AD0E760
:10B08000C5F81445661CF8D000265AE0C5F80845F6
:10B09000F1E7C5F81045F5E7601CC5F80845ECD0A8
:10B0A000002604E0611CC5F80C45E6D0012603A883
:10B0B0000394FFF78BFF012101FA04F3C36008E05A
:10B0C000C5F80845002FDDD1631CD6D00026062721
:10B0D0003146DAF80030039403F40040002818BF2A
:10B0E000002103A818BF012601930091FFF76EFF0E
:10B0F000019B00EB8400D0F80042C3F3412C00997F
:10B100003B0243EA8C030B4304EA0B04234343EA68
:10B110004603C0F80032B0E7C5F80C45D2E7C5F8E1
:10B120006045621CDAF80030A7D0C3F30043002B5F
:10B13000BCD0012603A80394FFF748FF06FA04F3E6
:10B1400083603146C5E7C5F86445EAE7C5F8684558
:10B15000E7E7C5F86C45E4E76FF0150064E76FF0CA
:10B16000850061E7F0F8FCFFBD8B020038B570B1D7
:10B170004FF400450021064C0023E0FB0541054A41
:10B180002046FCF7DFFFBDE8384008F047B938BD7E
:10B190003F420F0040420F002DE9F74306464FF0B3
:10B1A0000008002201210820FEF7D0F90820FEF750
:10B1B0009DF9776835693C684146C4F800852E6082
:10B1C000D7F80C9001AA484609F08CFE002839DB1C
:10B1D000019BD9F8002019791868FFF717FF00289C
:10B1E00030DB6B7AD6F810C0012B03D0032B27D1AC
:10B1F0004FF01008AB7A032B22D1E97A09B101296B
:10B200001ED12A7A12B1022A1AD10E226B687068F6
:10B21000B3F5164F006800F0B28034D8B3F5165F6E
:10B2200000F0B0801AD8B3F5966F00F0AD800CD85E
:10B23000B3F5967F00F0AB80B3F5167F00F0AA80DF
:10B240006FF0850003B0BDE8F083B3F5166F00F032
:10B25000A480B3F5965FF3D15C4B43E0B3F5E14FC7
:10B2600000F09E8008D8B3F5615F00F09B80B3F5D5
:10B27000964FE5D1564B35E047F6122E7345DFD198
:10B280004FF400032EE0B3F5613F00F08D8015D838
:10B29000B3F5963F00F08B800AD84DF6C02E73456B
:10B2A00000F08780B3F5614FCAD14FF46B0319E00A
:10B2B000B3F5E13FC4D14FF0EB7313E0B3F5612F69
:10B2C0007AD009D8DFF80CE1734578D0B3F5E12FD7
:10B2D000B6D14FF0E86305E0DFF8FCE07345AFD18D
:10B2E0004FF08053C0F82435736841EA08011B68A9
:10B2F0000A43C3F86C250CF10403D5E9010183E886
:10B3000003007B68990712D505F11C0002F048FB89
:10B31000324B984256D1287F04F10C0204F590710B
:10B320000AF0C6FB01202B7F984002F091F9082318
:10B33000C4F800353B7A53B9C4F81031D4F8103151
:10B34000AB69C4F834350123C4F8383523607B6811
:10B3500000209A075CBF4FF48073C4F804337B6805
:10B36000DB0644BF4FF48003C4F804336B69C4F8B0
:10B3700044350123C4F84805A360E36062E74FF455
:10B380001D03AFE7164BADE74FF49E23AAE74FF43A
:10B39000A033A7E74FF41C33A4E74FF41D23A1E724
:10B3A000104B9FE7104B9DE74FF06C739AE70F4BE4
:10B3B00098E74FF4650395E74FF0706392E74FF01D
:10B3C00080638FE76FF004003CE700BF00B013001C
:10B3D00000A04E0090D0030040420F000000AD0BD3
:10B3E0000050270000C0750000F03A0000903A01BC
:10B3F0002DE9F04104460D4607690BF00BFF4FF0B5
:10B400002008B0B91F4B1B789BB1642660680AF016
:10B41000E9F8F0B901200AF049FB013EF6D100211C
:10B42000212007F0FBFFF0E781F31188BFF36F8F56
:10B43000F5E7EFF311810E4688F31288BFF36F8FA3
:10B4400060680AF0CFF880B981F31188BFF36F8F7D
:10B45000EFE7EFF311810E4688F31288BFF36F8F89
:10B4600060680AF0BFF80028DED07B6901221D70F9
:10B470002046796909F0F7FF86F31188BFF36F8FD3
:10B48000BDE8F081C0F0002008B50268530904D17E
:10B490004FF0FF33D340DB070BD40749074840F296
:10B4A0006933074A09F04BFB40F26931044809F05F
:10B4B0003DFB044808BD00BF458B0200BD80020073
:10B4C000128B020000258440012310B503FA01F11C
:10B4D000436804691B6819420ED10E494FF4CB63CF
:10B4E0000D4A0E4809F02BFB0D4809F028FB4FF4DC
:10B4F000CB61094809F01AFB2368194218BF82F092
:10B50000010222B18368DB68BDE8104018478368F8
:10B510001B69F9E70F8C0200DE8B0200BD80020080
:10B520004D8C02002DE9F34144680569666B0021EA
:10B53000304601AA09F0D6FC002825DB019B3268C1
:10B5400019791868FFF762FD00281DDBA16B481C04
:10B5500011D10126E36A9847AC680834D5E9023274
:10B5600003EBC203A4F10802934210D828460AF064
:10B5700017F9002008E004F13C0000F089FA10F10E
:10B58000130F01D0411DE4D102B0BDE8F08154F8A1
:10B59000080C0BF089FD002857D054F8080C14F85B
:10B5A000041C34F8023C03F03002302AD0F810E0DA
:10B5B000D0E901780ED1264940F2D333254A2648F6
:10B5C00009F0BDFA254809F0BAFA40F2D331214812
:10B5D00009F0ACFA03F00602042A09D1204940F22E
:10B5E000DA331C4A1C4809F0AAFA40F2DA31EEE7D5
:10B5F0003F68DA0706FA01FC54BF43F4B01383F442
:10B60000D0131CEA070F23F480120CD1154940F225
:10B61000ED33104A104809F092FA134809F08FFAF6
:10B6200040F2ED31D3E7DEF80070DB074CBF47EAAC
:10B630000C0727EA0C07CEF80070D8F800309847BE
:10B64000002804F1080489DA9EE76FF012009BE7F6
:10B650005F8C0200DE8B0200BD800200988C02002D
:10B66000D58C02000F8C02004D8C02002DE9FF41A9
:10B6700005690746AA6DD0F804802B6E002A3AD1DE
:10B680006BB3B8F83040686D9C4228BF1C46EE6D25
:10B69000EB6D53B12A6E42B106F06042B2F1005F29
:10B6A00003D0082C28BF08246E6F6A6DAC6600902A
:10B6B0001AB1AA6D002A18BF2246CDE901261BB196
:10B6C0002B6E002B18BF2346002269464046039389
:10B6D00003F070F9164B98420AD06FF004033C69EE
:10B6E000236404F1280006F00DFB002384F86C307D
:10B6F00004B0BDE8F081696DEE6D0846B8F83040E1
:10B7000013B19A4228BF1A46944228BF1446002912
:10B71000BED001F06043B3F1005FB9D0082C28BF60
:10B720000824286F22460BF02CFF286FB0E700BFDB
:10B730000000AD0B2DE9F04F994643688FB001939F
:10B740008B880E46990407469246046900F11081E1
:10B750004FF0FF324FF0FF3304F1100006F014FBFE
:10B760006660D7F804B0D7F81080DBF80830039390
:10B7700098F86D301BB1D8F800309E4275D0B6F8FD
:10B7800004E01EF4006F40F021811EF0090F40F02C
:10B790001A81CEF34513082B40F0158133680293CC
:10B7A000029A9C4B9A4240F20E8106AD0BF10C0CB2
:10B7B000BCE80F000FC59CE80F0085E80F00DDE92D
:10B7C00002329A4228BF1A46934B9A4215D2934BA3
:10B7D0009A4200F2D680924B9A4200F2D480914B6A
:10B7E0009A4200F2D280904B9A4200F2D0808F4869
:10B7F0008F4B9049824288BF0B461EF0020F0B937D
:10B800000EF0040300F0C580002B14BF03230223B5
:10B810008DF83030CEF300138DF83130DBF8003086
:10B820001EF0020FD3F8085505A8059540F0B58025
:10B83000FFF72AFE0123AB40C36098F86D302BB1AF
:10B84000584603F065F8002388F86D3043465846A3
:10B85000794A06A903F01CF8784B984240F0A3807F
:10B860000123C8F8006088F86D30012384F86C303B
:10B87000019B996B4A1C03D003F13C0000F038F99E
:10B88000BAF1000F40F0A580C4F844A00023A364DF
:10B8900004F1580204F1480104F1440009F04CFF9E
:10B8A0006065B9F1000F40F09D80C4F84C90002312
:10B8B000236504F1600204F1500104F14C0009F029
:10B8C0003BFF002501212A46E0652564204609F05A
:10B8D00046FF3846FFF7CAFE2A462B46A06C834235
:10B8E00040F0898000231946256DA94240F08A80E6
:10B8F000934238BF134626464FF4FA524FF00008E1
:10B9000002FB03F556F8283B4FF4004C1B684146F8
:10B91000B5FBF3F540F2E730C8354FF47A720023F7
:10B92000E5FB0C01FCF70EFC02460B46304606F028
:10B930002BFA18B9256C15F1740F13D16FF073053C
:10B940000198C4F8688002F0E3FF84F86D803F69D5
:10B950003D6407F1280006F0D5F987F86C80304681
:10B9600006F08CFA00222046114609F0F8FE1CE091
:10B97000A369002B7FF4ECAE63689E427FF4E8AECF
:10B98000EFE62F4B39E72F4B37E72F4B35E72F4BA0
:10B9900033E7003B18BF01233AE7FFF775FD0123AA
:10B9A000AB40836049E76FF0040523689B8813F47C
:10B9B000005304D1636004F1100006F0A3F9284697
:10B9C0000FB0BDE8F08F6FF01505EEE76FF085055D
:10B9D000EBE7DAF800306364002B3FF457AFDAF896
:10B9E000043054E7D9F80030E364002B3FF45FAF34
:10B9F000D9F804305CE7616C01EBC301496801339D
:10BA00000A446CE7E06C00EBC1004068013103447C
:10BA10006BE700BF47E8010000127A00FF083D0015
:10BA20007F841E003F420F001FA107008FD003003C
:10BA300048E8010090D00300E55702000000AD0B7C
:10BA400000093D0080841E0040420F0020A1070035
:10BA500008B50268530904D14FF0FF33D340DB0728
:10BA60000BD40749074840F26933074A09F067F8E1
:10BA700040F26931044809F059F8044808BD00BF94
:10BA8000458B0200BD800200128B0200002584401D
:10BA90000123F0B587B08DF80230022300248DF821
:10BAA00004306B4403930F4601AB0DF10301049383
:10BAB00005460291059402F001FC0C4B06469842A3
:10BAC0000FD13946284603AA02F0C6F9B0420BD07E
:10BAD00028469DF8031002F0E5FB6FF0040007B064
:10BAE000F0BD6FF01200FAE72046F8E70000AD0B5A
:10BAF0002DE9F3410C4605460AF0A1F80022214643
:10BB00000746284602F0E6FB01A80194FFF7A0FFD4
:10BB100000EB8402D2F80012154BA6000B4043F054
:10BB20000C03C2F8003209F0BAFE80462B68DB59DC
:10BB3000ABB10027214628460AF07FF801A80194FE
:10BB4000FFF786FF3044D0F80022094B134043F042
:10BB50000403C0F80032384602B0BDE8F08109F0B5
:10BB60009EFEA0EB08000628E0D96FF07307E1E71E
:10BB7000F0F8FCFF70B40E4922F07F46D1E90034A2
:10BB8000D01AC31844F10004C1E90034A6F500132B
:10BB9000B3F5400F09D2074B1B681A0A1B069C1904
:10BBA000054B42F10005C3E9004570BC07F0C8BF72
:10BBB00050CF0020A4D4002058CF00200D4B18688F
:10BBC000010A0006BFF35F8F0B4BD3F8043518183A
:10BBD00041F10001B3F5801F0AD2084BD3E90023DD
:10BBE000904271EB030303D210F1807041F1000128
:10BBF000704700BFA4D400200050014058CF00205F
:10BC00002DE9F7432E4BD3F8042390070BD5D3F837
:10BC1000042142B10022C3F804212A4AD3F8043196
:10BC2000136801331360264AD2F80433D90326D5AA
:10BC3000254BD3E8EF1F21F00100C3E8E40F002CEF
:10BC4000F7D1CB0702D4D2F84031C3B100251C4C48
:10BC5000C4F84051D4F84031FFF7B0FFEFF3118240
:10BC6000202383F31288BFF36F8F184BD3E9026749
:10BC7000B042B94106D282F31188BFF36F8F03B08F
:10BC8000BDE8F0834FF0FF38D3E900104FF0FF39E3
:10BC90001D60C3E902894FF48033C4F84833C4F807
:10BCA0004051D4F8403182F31188BFF36F8F0029DF
:10BCB000E5D0009032463B4628468847DFE700BF84
:10BCC00000500140A4D400209CD4002040CF00208C
:10BCD0002DE9F84F04460D46434FD7E8EF8F28F083
:10BCE0000103C7E8E23F002AF7D14FF480393F4E05
:10BCF000C6F80893BFF35F8FBFF36F8FFFF75EFF48
:10BD0000A04271EB050308F0010840D2384B201A1D
:10BD100065EB0101984271F1000148D2354BD3E93E
:10BD200002239D4208BF94423AD04FF0000C24F009
:10BD30007F40834603216FF0020EC6F84893C6F891
:10BD400040C1D6F84031DFF8B0A02BF07F43C6F8F1
:10BD50004035C6F84493D6F80425AEEB02035B44A5
:10BD600023F07F4353451BD9D6F840315BB1D6F859
:10BD70000425131A23F07F43B3F5000F10D9C6F83A
:10BD800040C1D6F8403101EB020B0131DDE71B4B1E
:10BD9000D3E8EF1F41F00101C3E8E21F002AF7D109
:10BDA000144B174AC3E902451A6000225A60B8F1E1
:10BDB000000F16D0D7E8EF3F43F00103C7E8E23F9A
:10BDC000002AF7D14FF48032084BC3F804230B4B01
:10BDD000D3E8AF3FDB0742BF4FF40012094BC3F873
:10BDE0000021BDE8F88F00BFA0D400200050014022
:10BDF0000100800040CF0020FDFF7F009CD4002088
:10BE000075BB010000E100E070B54FF0FF30002588
:10BE10004FF0FF31164C174B0226C4F80833C4F814
:10BE20004833154BC4F80855C3E902014FF4803379
:10BE30004FF40012C4F80433104B0121C4F804631A
:10BE40001520C3F880212A46FDF780FB1520FDF759
:10BE50004DFB01230A4AA3600021236009481360B7
:10BE6000FFF736FF3046FEF7D1FC284670BD00BF15
:10BE70000050014003000F0040CF002000E100E02F
:10BE8000A0D40020FFFF7F00431C10B50F4C05D04D
:10BE90008442A8BF0446012CB8BF0124FFF78EFEE0
:10BEA0000B4AD2E90031C01AB0F5000F074A0AD296
:10BEB0002044904228BF1046BDE81040C01841F110
:10BEC0000001FFF705BF1046F6E700BFFFFF7F0048
:10BED00050CF002008B5FFF771FE024B1B68C01A57
:10BEE00008BD00BF50CF002070B505460C4C0D4E6C
:10BEF000B44212D90C497A230C4A0D4808F01FFEAF
:10BF00000C4808F01CFE7A21084808F00FFED4E91E
:10BF10000031284698470834EAE7F8D370BD00BFDF
:10BF20004CAD02004CAD0200438D0200118D0200A9
:10BF3000BD800200A588020070B5002201212A20E0
:10BF4000FDF704FB0E4805F06FF805460D4C0E4E4C
:10BF5000B44212D90D499A230D4A0E4808F0EFFD5C
:10BF60000D4808F0ECFD9A21094808F0DFFDD4E9FE
:10BF70000031284698470834EAE7F8D3284670BDD0
:10BF8000C87C02004CAD02005CAD0200678D02006F
:10BF9000118D0200BD800200A5880200F0B50F4B94
:10BFA00001461A680E4B0B25002618461F46B8425C
:10BFB00001D3013D04D11846013A19605A60F0BD21
:10BFC00004688C42FBD03CB14468141BA642BCBF41
:10BFD000034626460830EAE70346ECE764D500202E
:10BFE00070D500200020054BC3E90000044BD3E8C6
:10BFF000EF2FC3E8E10F0029F9D1704768D5002081
:10C0000064D500202DE9F04F89B005460E460BF0AF
:10C0100045F820B96FF06D0009B0BDE8F08F0BF066
:10C020004CF933680446002B0F4604D107F0B2F8F0
:10C030006FF00A00F0E7BCBF4FF0FF33336001221E
:10C04000002101A80BF0B0F8E8460795EFF3118B3B
:10C05000202383F31288BFF36F8F0BF0AFFADFF862
:10C0600028A1DFF828915AF80000FFF797FFD9F8C8
:10C07000003042689A426ED10023454D00936B68B0
:10C08000002B6FD1C5E900888BF31188BFF36F8F48
:10C0900033685A1C6BD04FF4004E40F2E730002159
:10C0A00023EAE37C4FF47A720023CCFB0E01FCF709
:10C0B00049F802460B4601A805F066FEEFF3118B26
:10C0C000202383F31288BFF36F8F00222B685BB1AC
:10C0D000434556D10099002A4DD16A6829609A4299
:10C0E00000D16960002300930BF068FA5AF8000051
:10C0F000FFF754FFD9F8003043608BF31188BFF38A
:10C100006F8F0AF0CBFF002884D035686B1C27D0D6
:10C110000BF0D3F84FF47A7EA0FB0E320EFB012118
:10C12000A4FB0E420EFB0722DB0BE40B43EA414368
:10C1300044EA42441B1B4FEAD1314FEAE57C61EBF4
:10C14000D231ED1A6CEB010CBCF1000FB8BF002529
:10C1500035602DB96CE743608BF31188BFF36F8FA7
:10C16000002059E7C3F80080C5F804808CE74FF041
:10C17000FF3213469FE711606968994208BF6A6001
:10C18000B0E71A461B68A2E70800000064D500204B
:10C1900068D5002010B5041E0DDCEB23084A0949C0
:10C1A000094808F0CCFC2146084808F0C8FCEB21FF
:10C1B000034808F0BBFC0BF001FA054B1C5010BD06
:10C1C0008C8D0200BD8D0200BD800200CA8D020070
:10C1D0000C00000070B50368124C2BB1A34203D3CE
:10C1E00004F1A805AB4217D30F4D2B78062B0CD9C1
:10C1F0000E49FF230E4A0F4808F0A1FC0E4808F034
:10C200009EFCFF210A4808F091FC5E1C03EB4303EF
:10C2100004EBC3042E7004600068BDE870400AF0AF
:10C22000C3BF00BFBCD400202EDC0020F18D020073
:10C230008C8D0200BD800200FA8D020008B528B185
:10C240000C4A904202D3A83290420ED30A494FF4CE
:10C2500087730A4A0A4808F072FC0A4808F06FFC23
:10C260004FF48771054808F061FCBDE8084005F00F
:10C2700049BD00BFBCD40020208E02008C8D02007E
:10C28000BD800200A68F020070B5054628B1194B8B
:10C29000984202D3A83398420ED317494FF48C73B7
:10C2A000164A174808F04BFC164808F048FC4FF4B3
:10C2B0008C71124808F03AFC4B1C17D021EAE1744B
:10C2C0004FF4004640F2E73000214FF47A72002329
:10C2D000C4FB0601FBF736FF02460B46284605F075
:10C2E00053FD002818BF6FF00A0070BD4FF0FF32F9
:10C2F0001346F3E7BCD40020208E02008C8D020090
:10C30000BD800200A68F020008B50268104B2AB15A
:10C310009A4203D303F114018A4214D30D4A1178CF
:10C3200071B10D494FF499730C4A0D4808F007FCA0
:10C330000C4808F004FC4FF49971084808F0F6FB2B
:10C340000121036011700068BDE808400AF00EBFCB
:10C35000A8D400202DDC0020C08F02008C8D0200AC
:10C36000BD800200C98F020008B528B10C4A904276
:10C3700002D3143290420ED30A4940F241130A4AC2
:10C380000A4808F0DCFB0A4808F0D9FB40F24111EA
:10C39000054808F0CBFBBDE8084005F01DBB00BF19
:10C3A000A8D40020EC8F02008C8D0200BD8002001A
:10C3B0009091020070B5054628B1194B984202D3FE
:10C3C000143398420ED3174940F24B13164A1748BC
:10C3D00008F0B5FB164808F0B2FB40F24B111248CA
:10C3E00008F0A4FB4B1C17D021EAE1744FF400467F
:10C3F00040F2E73000214FF47A720023C4FB0601BB
:10C40000FBF7A0FE02460B46284605F015FA002869
:10C4100018BF6FF00A0070BD4FF0FF321346F3E70C
:10C42000A8D40020EC8F02008C8D0200BD80020099
:10C430009091020038B505460A4BD3E8EF1F013151
:10C44000C3E8E21F002AF8D1074B1C6804B938BDC5
:10C45000E369AB4201D005B113B9201D05F052FCD0
:10C460002468F3E764D5002068D500200146002247
:10C47000002301480AF052BEC0D500200146014801
:10C4800005F03AB9C0D5002001460022002301483A
:10C490000AF044BED8D500200146014805F02CB969
:10C4A000D8D5002008B54FF48062064906480AF046
:10C4B0002DFEBDE808404FF40252044904480AF03A
:10C4C00025BE00BF2FDC0020C0D50020E88400205E
:10C4D000D8D5002010B5044B1C6804B910BD201D30
:10C4E00005F010FC2468F8E768D50020014803F047
:10C4F000A9BB00BFF9C4010070B505460C4C0D4E38
:10C50000B44212D90C4913230C4A0D4808F017FB0A
:10C510000C4808F014FB1321084808F007FBD4E985
:10C520000031284698470834EAE7F8D370BD00BFC9
:10C530004CAD02004CAD0200D5910200A691020064
:10C54000BD800200A5880200292800F099800ADC3D
:10C5500001284FD0062800F09580002800F08E803A
:10C560004FF0FF307047B0F58D7F04D0B0F5007FFD
:10C57000F6D11E2948E04B1E142BF1D801A050F82B
:10C5800023F000BFDBC50100DBC50100DBC50100F6
:10C59000DBC50100DBC50100DBC5010061C5010091
:10C5A00061C5010061C5010061C5010061C50100EF
:10C5B000DBC50100DBC50100E1C50100E5C50100E7
:10C5C00061C5010061C50100D9C50100E9C50100CF
:10C5D000EDC50100F1C501000E210020116070477A
:10C5E0000F21FAE71021F8E71121F6E71221F4E70D
:10C5F0001321F2E736293FDC202907DC1429ECD08F
:10C6000038DC0229E9D00429E7D0A9E7A1F1210308
:10C61000152BA5D801A050F823F000BFDBC5010001
:10C62000DBC5010061C5010061C5010061C50100F4
:10C6300061C5010061C50100DBC5010061C50100E4
:10C6400061C5010061C5010061C5010061C501004E
:10C6500061C5010061C5010061C5010061C501003E
:10C66000DBC50100DBC50100DBC50100DBC5010046
:10C67000DBC501001529C7E73D29C5E71F29C3E729
:10C680002029C1E73729BFE74FF0FF32064B0020D2
:10C690001A609A611A639A641A669A67C3F89020BE
:10C6A000C3F8A820704700BFF4D500202DE9F04161
:10C6B0001446002286B001290D461E46CDE904220B
:10C6C000DDF83080076803D1192C12D15F2307E011
:10C6D0002146284603AAFFF737FF002824DA6D23F6
:10C6E0000AF06CFF144A13504FF0FF3006B0BDE85B
:10C6F000F0812146284603AAFFF726FF0028EEDB3B
:10C70000143C012C07D836B14FF008083268B368E2
:10C710000492059304AE334629463846039ACDF871
:10C72000008004F041F8E1E7B5F58D7FF3D10C2CE2
:10C7300008BF4FF00408EEE70C0000002DE9F041BF
:10C740001C46002386B00F461546CDE90433082366
:10C750000668294638460DEB0302DDF83080039366
:10C76000FFF7F2FE00280ADA0AF028FF6D224FF0E8
:10C77000FF361A4B1A50304606B0BDE8F081012F43
:10C780001DD1A5F11403012B19D803AA04AB30461F
:10C7900000923946029A04F035F906460028EAD19B
:10C7A000012FE8D1042D0DD120680028E3D0FFF738
:10C7B000F1FC0AF003FF094B1B582360DBE74246FC
:10C7C0002346E4E7143D012DD5D8049BC4E900308D
:10C7D000059BA3601023C8F80030CCE70C000000D4
:10C7E0000B490346087880B90A49097839B1A2F59E
:10C7F000807102290AD9A2F58872012A06D9013B63
:10C80000022B8CBF0020012070470020704700BF22
:10C81000B0E00020AFE0002070B4002318250168CC
:10C82000084C05FB03F2A658B14206D1B0F9061038
:10C830000832A01870BC07F013BB0133082BF0D1ED
:10C8400070BC7047F4D500202DE9F04389B005464F
:10C85000D0E900900E4617469846109C08B109F0A2
:10C860003AF8A4B9CDE9004443463A463146484631
:10C8700009F08FFF0446686828B14FF0FF324FF08F
:10C88000FF3309F026F8204609B0BDE8F08323887D
:10C89000012B0BD1ADF8083063686288039308233D
:10C8A000ADF80A2001936B440093DDE7022B18D109
:10C8B0006288ADF80830ADF80A20231D0DF10C0C8C
:10C8C00004F1140E624618685968083303C27345B0
:10C8D0009446F7D1237D8DF81C301623019302ABCB
:10C8E000E2E70AF06BFE6A22024B4FF0FF341A5067
:10C8F000C1E700BF0C0000002DE9F3470746904652
:10C900000C4679B300231A46C868834235D1802A81
:10C9100072D800254FF0FF324FF0FF33394808F04E
:10C92000D8FFA946384EE368AB422DD800263546DD
:10C93000DFF8D4A0B14511DD85B9636838460193AD
:10C940002368A9EB060200930AEB06014346FFF7B2
:10C950007BFF051EEEDD2E44B145EEDC294808F0D4
:10C96000BAFF06E00AF02AFE16224FF0FF35274BE9
:10C970001A50284602B0BDE8F087A16801EBC30158
:10C98000496801330A44C0E7A36806EB090003EBDA
:10C99000C50253F8351052680AF0F3FDA3684FEA58
:10C9A000C50A53445B6801359944BCE7A3684FEA64
:10C9B000C60A03EBC6035B683BB14FF00009A368EE
:10C9C00003EB0A025268914504D30136E368B3428F
:10C9D000ECD8CEE753F80A10636849440193236802
:10C9E00038460093A2EB09024346FFF72DFF011ED4
:10C9F00005DB89440D44E2E700263546E6E70D46AF
:10CA0000B7E700BFC8CA00202FE000200C000000DC
:10CA10004FF0FF324FF0FF3370B505460B4808F07A
:10CA200058FF002318200A4A00FB03F156588C18BF
:10CA3000013605D15550054808F04DFF204670BD20
:10CA40000133082BF0D10024F5E700BF78CA00209D
:10CA5000F4D5002038B5094D04464FF0FF32284682
:10CA60004FF0FF3308F035FF00234FF0FF32C4E9E9
:10CA700000232846BDE8384008F02DBF78CA0020C2
:10CA800010B50446114B124A186003681148DA6168
:10CA9000FDF7A0F9236873B90F4940F201330F4A3B
:10CAA0000F4808F04CF80F4808F049F840F20131FF
:10CAB0000A4808F03BF80C33D3E8EF1F41F00801B7
:10CAC000C3E8E21F002AF7D110BD00BFF0D5002057
:10CAD000FDCB0100F47C0200538902001E89020094
:10CAE000BD80020027880200F0B5A1F581730468BB
:10CAF00087B0032B58D8DFE803F002417A540127AE
:10CB0000D2E9016113683B4AB3F904300492ADF8ED
:10CB100014308DF816703368994205D10AF04EFD35
:10CB20000C22354B1A5014E000F1080528460AF093
:10CB300051FC2B4600223946306807F0FDF80823E7
:10CB4000204600933C22394604AB03F02DFE0446F8
:10CB500010B14FF0FF340EE0336814333360CDE989
:10CB60000200284602AA03A90AF039FC039B002B05
:10CB700018BF6FF07704204607B0F0BDD2E900423D
:10CB80001368143313600023CDE9033303AA04A907
:10CB900008300AF024FC049B0BB1039BE3800024C3
:10CBA000E9E713684360FAE7032913D0042919D190
:10CBB000126832F4804304D00AF000FD16210E4BB7
:10CBC000195004212046C2F3803207B0BDE8F0407E
:10CBD0000AF049B8204600220AF045F8840304F41C
:10CBE0008044C8E70AF0EAFC1622034B9AE76FF08C
:10CBF0005E04C0E719C801000C0000002DE9F041F7
:10CC00000D1E0746904612DA06F0D2F91C4E01239B
:10CC100033704246384625F04041FDF789F800233D
:10CC20003370044606F032FA2046BDE8F0816B000E
:10CC300003D506F0BDF9134EE9E7FBF703FE041E2A
:10CC400009DB29464246384609F08CFB051E05DA09
:10CC5000204607F069FF4FF0FF34E5E7FFF7D8FE05
:10CC6000014640B90AF0AAFC0C22074B1A5028468C
:10CC700003F068FDECE72046044AFBF721FED3E70A
:10CC8000B0E00020AFE000200C000000FC7C0200BF
:10CC90002DE9F04F14460E4600218BB005462022A8
:10CCA00002A81F4601910AF079FC5CB16368029307
:10CCB000E3680493A368039323690593236A03B18C
:10CCC000089302AC4FF0FF324FF0FF333B4808F0BF
:10CCD00000FE31462246284601AB03F047FA0646DD
:10CCE00048B9804681464FF0180A019D38604DB919
:10CCF000019809F019FB314808F0EDFD30460BB002
:10CD0000BDE8F08F54200AF076FB044600284FD08F
:10CD1000C0F80090C0F820902B684360AB68C360F7
:10CD20006B688360EB680361D5F804B0BBF1010F59
:10CD300015D108200AF05FFBE061002835D00823F8
:10CD4000A3616B695A88A0F800B042805B684360B9
:10CD5000B8F1000F2FD13C60A046ED69C7E7BBF1E9
:10CD6000020F09D00AF040FB6FF00506386808F0A2
:10CD7000A3FD00233B60BBE718200AF03CFBE06109
:10CD800098B1C4F818A06A695388111D43800346FE
:10CD900002F1140C23F804BB51F804EB614543F88D
:10CDA00004EBF9D1137D0375D2E720460AF01CFB92
:10CDB0006FF00906DAE7C8F80040CDE7A0CA002006
:10CDC0002DE9F04389B007460C461546FBF73AFDBE
:10CDD0000646002E38681EDB04B315B32B6801AA83
:10CDE000082B18BF16230DF108090193494609F0D5
:10CDF00033FCB0F100080BDBFFF70AFE074698B9D9
:10CE00000AF0DCFB0C22274B1A50404603F09AFC38
:10CE1000304607F089FE4FF0FF3618E02246A14663
:10CE2000E4E72A46A946E1E764B15DB1B9F800201C
:10CE3000012A10D108232B60BDF80A3022806380BC
:10CE4000039B636039463046174AFBF739FD30468D
:10CE500009B0BDE8F083022A17D118232B60BDF872
:10CE60000A3003AD638023460DF11C0C23F8042B1C
:10CE70002A4603CA624518605960154603F1080343
:10CE8000F6D19DF81C302375DCE70AF097FB86226B
:10CE9000044B1A50404603F055FC3846FFF7DAFDC4
:10CEA000B6E700BF0C000000FC7C0200F0B50A8869
:10CEB0000B46012A066887B00DD1ADF80020082284
:10CEC00049885B68ADF8021001936946304609F065
:10CED00049FB07B0F0BD022A15D14988ADF8002002
:10CEE000ADF802101A1D01AD03F114072C461068AD
:10CEF0005168083203C4BA422546F7D11B7D162279
:10CF00008DF81430E1E70AF059FB6A22024B1A50FF
:10CF10004FF0FF30DDE700BF0C00000008B502480D
:10CF200002F08AFE002008BDBDCF01002DE9F843C4
:10CF30001A4E1B4FDFF86C8000220023304604F0AD
:10CF400075FE0546F8B9BDE8F883237ADA070AD4F6
:10CF50009B0708D4216819B148460AF0A6FA10B117
:10CF60004846636898470C34BC4210D90E49602388
:10CF70000E4A0F4807F0E3FD0E4807F0E0FD602180
:10CF80000A4807F0D3FD0C4C05F10409ECE7DCD3AB
:10CF90002946404604F0B0FBCEE700BFF0CA0020AF
:10CFA00034CA002060CA0020369202000A920200B1
:10CFB000BD800200A588020028CA00202DE9F041AA
:10CFC000044638BB2A4936232A4A2B4807F0B7FDC6
:10CFD0003621284807F0AAFD2F7AFA070AD42968D3
:10CFE00019B120460AF061FA20B1BB0710D52046DE
:10CFF0006B6898470C35454511D9204939231D4A9E
:10D000001D4807F09CFD1E4807F099FD3921E0E717
:10D010000126EFE700261B4DDFF86C80EBE7DBD342
:10D020001EB32046FBF7FEF90022411D00231748DE
:10D030000AF074F8054658B94F230E4A14490E48B1
:10D0400007F07DFD2146134807F079FD4F21C0E729
:10D0500021460430FBF7DEF929460F480AF099F81B
:10D06000BDE8F0410D4805F04FB9BDE8F08100BFC3
:10D07000569202000A920200BD800200369202001F
:10D08000A588020028CA002034CA002060CA0020F7
:10D090006B92020074920200F0CA00201CC90020AA
:10D0A000024883681B6A03B118477047F87602008C
:10D0B00038B5054D441E14F8011F01B938BDAB68E1
:10D0C00001485B689847F6E7F876020010B5094C0E
:10D0D0004FF480512346084A204602F01DFE2046A8
:10D0E000FFF7E6FF0022054B1A70BDE81040FFF77E
:10D0F000D7BF00BFB2E00020A2920200B2F0002031
:10D100000322F0B52B4B85B01A702B4809F0CCFFE9
:10D11000002845D00AF0D1F84FF47A72A0FB020340
:10D1200002FB0133244DC00BAE6840EA4344B368B0
:10D13000B3B128469847074690B9336C002B34D1D9
:10D140001E491F4805F050F800234FF480620093F9
:10D150001C490A231C4805F0DDF8FFF7A1FF21E078
:10D160000AF0ABF84FF47A72A0FB020302FB013124
:10D17000C30B43EA41431B1BB3F5FA7F10D8AF68DA
:10D180003B69002BFCD0012228460DF10F01984786
:10D190000028F5D100214FF4A47006F03FF9C6E74E
:10D1A0006FF00D07384605B0F0BD0246074902484A
:10D1B0009847C5E7B3F00020F8760200CDD0010013
:10D1C000B8D60020C8F2002060CF0020D1D10100E5
:10D1D000F7B504468368DB6B03B19847A368DB6A45
:10D1E000C3B9454E454D3378C3B9A3681B692BB10C
:10D1F000012220460DF10701984778B19DF80730CC
:10D20000082B01D07F2B0BD12B68002BEBD0013BDF
:10D210002B60E8E7204698470028E2D103B0F0BD34
:10D2200037480278002A48D10A2B24D00D2B14D07D
:10D23000002B42D1334B1B78002BD4D100222F4935
:10D24000314B0F680A601946DA55027013F8012B4A
:10D25000202A42D8002AF9D1C5E72A4A1278012AA1
:10D26000ECD0264A1068411CB1F5805FBBD2264F36
:10D2700011603B54B7E7234A1778022FDED01F49CD
:10D28000032F0A6813D1204F6AB107EB020C1CF878
:10D2900001CCBCF10D0FD1D0501CB0F5805FA2D2F3
:10D2A000BB5408609FE73B7001230B609BE7501C59
:10D2B000B0F5805F97D2144FF2E72F68791CB1F573
:10D2C000805F90D2DFF840C0222B0CF80730296035
:10D2D00089D182F00102027085E70B78002B82D0A1
:10D2E0000A4883685B6A03B19847012308490948E3
:10D2F000337009F07BFF76E7B2F00020B4D600204F
:10D30000B1E00020B3F00020B2E00020F876020087
:10D31000B8D6002060CF00200378014613B1024840
:10D3200002F096BC704700BFA292020008B5B0B9E7
:10D330000B48FFF7F1FF0B48FFF7EEFF0A48FFF736
:10D34000EBFF0948FFF7E8FF0748FFF7E5FF06484E
:10D35000FFF7E2FFBDE808400348FFF7DDBF08BD67
:10D36000A5920200029302002988020001490248A6
:10D3700008F06FBB39D40100C8D600202C4A00F059
:10D380000800136F072B2BD0132B1CD0052B3AD181
:10D39000526D12F4805F14BF1723162312F4006F2E
:10D3A00018BF182312F4007F1EBF224B9B6B19235A
:10D3B00012F4806F18BF1A2312F4807F25D112F463
:10D3C000005F18BF1C23CA6968BBC2F3080020B9FC
:10D3D0006FEA52226FEA4222CA61184607F048BC3F
:10D3E000D36DDA0713D49A0713D45A0713D41A0744
:10D3F00013D4DA0613D49A0613D413F0800F14BF93
:10D400002C232523DFE70023DDE71B23DBE726238F
:10D41000D9E72723D7E72823D5E72923D3E72A23EA
:10D42000D1E72B23CFE722F4FF7222F00102D3E7EA
:10D43000C8D6002000ED00E000B5184B89B01A787E
:10D4400072B917494FF49273164A174807F077FBE1
:10D45000164807F074FB4FF49271124807F066FB10
:10D460005A6AD86C00929A6A20F005000192DA6A32
:10D47000694602921A6B03925A6B04929A6B059258
:10D48000DA6B06921A6C1B6D07929B0748BF40F03F
:10D490000400FFF773FF09B05DF804FBC8D6002055
:10D4A0004D9302001A930200BD8002005D930200BA
:10D4B0002DE9F0411F46164B044693F800800D46B7
:10D4C0001646A2B0B8F1000F15D1684607F0E1FB8F
:10D4D0003A4631462846289BA0470446684607F04E
:10D4E000D9FBB8F1000F02D00A4804F075FA2046C3
:10D4F00022B0BDE8F0814FF0FF324FF0FF33054816
:10D5000004F09AF90028E0D06FF08304EFE700BF41
:10D51000C0F00020DCCA0020002300B589B0CDE9AE
:10D52000063303AB0493042303900593A9B10B685E
:10D5300006934B6807930223111E18BF0121084868
:10D54000CDE9002140F2F53104AA00F02BF80028C3
:10D55000B8BF012009B05DF804FB0123ECE700BF70
:10D560000501004070B5382694B006AB05460C4660
:10D570003246002118460AF011F8CDE90454CDE9ED
:10D58000020654B1012304AA009200210448019329
:10D5900002AA00F007F814B070BD2046FBE700BFF8
:10D5A0000001004010B4B1F5004F029C0ED2042BD4
:10D5B0000CD8042C0AD8240444EA0364134644EA31
:10D5C0000102014610BC0348FFF772BF6FF08000F4
:10D5D00010BC7047217C010030B50468ACB1B4FACE
:10D5E00084F30122C3F11F03DBB29A4024EA020252
:10D5F000D0E8EF5FA54204D1C0E8EC2FBCF1000FEA
:10D60000F6D1EAD102480B7030BD0248FCE700BFFA
:10D610000000AD0B0200AD0B10B50368CB40DB077B
:10D6200010D401238B40026843EA0201D0E8EF4F97
:10D63000944204D1C0E8EC1FBCF1000FF6D1F2D146
:10D64000014810BD0148FCE70000AD0B0400AD0B24
:10D65000014BC3F8040570470070014008B549B993
:10D66000074908484423084A07F069FA4421064854
:10D6700007F05CFA40F00040C1F8800008BD00BF30
:10D6800026940200BD800200E993020008B549B962
:10D69000074908484A23084A07F051FA4A21064830
:10D6A00007F044FA40F00040C1F8800008BD00BF18
:10D6B0002A940200BD800200E9930200F7B5334BC3
:10D6C000044658B1012827D031493248DC23324A78
:10D6D00007F035FADC21304807F028FA0222C3F8B7
:10D6E000082301220646DA60C3F80401D3F80431A6
:10D6F000012342F21075254F8DF8073074B3012CC9
:10D700001BD0234923484FF47473244A07F017FAB7
:10D710004FF474712148DFE70022C3F80803586012
:10D72000C3F80021D3F800310DF10706E0E70BB391
:10D73000012008F0BBF9013D1CD0D7F80C3403F4EC
:10D740008033002EF3D0D7F80C2402F001020FE052
:10D7500083B1012008F0AAF9013D0BD0D7F81834A5
:10D7600003F48033002EF3D0D7F8182402F003021C
:10D7700032700BB903B0F0BD9DF807000128F9D154
:10D7800008F094F9013DB9D1F4E700BF0050004022
:10D790000BAD0200BD8002002E9402006B940200CB
:10D7A000044B1A7922B9012218601A710248704795
:10D7B000024870473CD700200000AD0B0C00AD0BB9
:10D7C00008B50E4B1A795AB90D490E484FF49873A3
:10D7D0000D4A07F0B4F94FF498710B4807F0A6F919
:10D7E0001B6833B10520FBF7A3FE10B90520FBF73A
:10D7F0007DFE0122054BC3F8182508BD3CD700204B
:10D800009F940200BD8002002E9402000050004050
:10D8100038B5364C23795BB935494FF4BD73354A79
:10D82000354807F08CF94FF4BD71324807F07EF9A6
:10D8300058B101284FD031494FF4DF732D4A2E489B
:10D8400007F07DF94FF4DF71EFE72D4BD3F8181493
:10D85000D3F81824C90323D502F00303022B05D003
:10D86000012B02D00020FFF729FF0123244A0220C8
:10D87000C2F8183508224FF48273002103F1804367
:10D8800003F5A04319601D68012502F1804202F5ED
:10D89000A0421560226812B3194BC3F804030FE0CD
:10D8A000D3F81424D207E0D5D3F81C2402F00302E5
:10D8B000013A012AD6D822681AB10222C3F80423F9
:10D8C00038BDD3F80421002AFBD00022C3F804217C
:10D8D000D3F80431F4E700224FF48073CDE71A68DF
:10D8E000002AFCD019601B68EAE700BF3CD7002083
:10D8F0009F9402002E940200BD8002000BAD020036
:10D900000050004008B5094B1B795BB9084909482C
:10D910004FF4EC73084A07F012F94FF4EC71064823
:10D9200007F004F9BDE80840FFF7C8BE3CD7002067
:10D930009F940200BD8002002E94020010B5164B89
:10D94000D3F8002152B10020C3F80001D3F8002120
:10D950000122C3F80823114B1B6898470E4BD3F8DC
:10D96000042182B10022C3F80421D3F80421D3F8A2
:10D970001824D3F81824022102F00302012A03D14B
:10D98000C3F818159A6010BDC3F80813034B0120A3
:10D99000BDE810401B681847005000403CD70020ED
:10D9A00001460148FFF718BE2CC9002070B532248B
:10D9B00002791E4B624352FA81F2083233F8124068
:10D9C000E10526D5C4F3432124F4F85423F812408A
:10D9D00064240026027904FB02340E3434F8025F1A
:10D9E00015F4807F03D0C5F34325A94211D0013639
:10D9F000202EF3D164240025624302EBC1029D5026
:10DA0000027904FB02305830FFF706FE084B9842BB
:10DA100000D170BD074908484FF4DC73074A07F08E
:10DA20008EF84FF4DC71054807F080F830C900200B
:10DA30000000AD0B948B0200BD800200FC9402003C
:10DA400008B502680146104608F03DF858B90E497D
:10DA500040F269330D4A0E4807F071F840F269311F
:10DA60000A4807F063F802F01F0352090B6009D05F
:10DA7000084940F27233054A054807F060F840F261
:10DA80007231EDE7044808BD458B0200128B02009D
:10DA9000BD8002000BAD020000258440072808B5B8
:10DAA0000BD90849084840F2AA33084A07F047F85A
:10DAB00040F2AA31054807F039F8800000F580707F
:10DAC00008BD00BFF2940200BD800200BD940200B8
:10DAD00032235843034B50FA81F1083133F81100D7
:10DAE000400B704730C9002032235843044B50FA92
:10DAF00081F1083133F81100C0F34000704700BFD6
:10DB000030C9002032235843054B50FA81F10831C7
:10DB100033F8110010F01C0018BF0120704700BF3F
:10DB200030C9002032235843044B50FA81F10831A8
:10DB300033F81100C0F34010704700BF30C9002017
:10DB400010B5044608460A4607F0BDFF58B91D49FE
:10DB500040F2E5131C4A1D4806F0F1FF40F2E511C2
:10DB6000194806F0E3FF24792046FFF7BDFF48B1CE
:10DB700017494FF4F373144A144806F0E0FF4FF4CA
:10DB8000F371EDE711462046FFF7BCFF48B9114994
:10DB900040F2E7130C4A0D4806F0D1FF40F2E711BE
:10DBA000DEE711462046FFF7BDFF38B1204611469B
:10DBB000FFF78EFFBDE81040FFF770BF4FF4BE7057
:10DBC00010BD00BF3A950200FC940200BD80020027
:10DBD0005B95020079950200024611F0010004D025
:10DBE00003490B6A13600B6203B90020704700BF42
:10DBF000002584402DE9F843002407460E462546BB
:10DC00004FF00108A146B5420DD1124BD3F87C214B
:10DC100032B10022C3F87C21D3F87C3144F00044B7
:10DC20002046BDE8F883E8B2FFF738FFA0F5807220
:10DC3000920808FA02F2174209D000F1804303F576
:10DC40004433196819B1C3F800901B6814430135B7
:10DC5000D9E700BF001003402DE9F74F0546554BAB
:10DC6000296DD3F80403C0B240F00040FFF7C2FFB3
:10DC7000061E18DA00236846E96D00934FF001088C
:10DC8000FFF7AAFF95F85C30DB0759D4296D4FF0F8
:10DC90000040FFF7AFFF6846E96DFFF79DFF0028E2
:10DCA000F0D126F000460124002E69D103B0BDE872
:10DCB000F08F94FAA4F4B4FA84F4E10804F10803B0
:10DCC00035F8139004F007021DF8013008FA02F24B
:10DCD00023EA020301A80DF801300194FFF7B0FE1A
:10DCE000019B4FEA990B803350F82370C9F3820AE5
:10DCF0001BF0040FD146C7F3014725D052462146F9
:10DD0000284607F0EAFE01A80194FFF799FE019B5F
:10DD1000FFB2803350F82330C3F301439F4207D151
:10DD20000021204607F043FF3946204607F03FFF19
:10DD300001A80194FFF784FE019B08FA03F3036234
:10DD4000009C002CB5D1A1E7022F0DD10321204664
:10DD500007F02DFF0AF00503012BE9D14A462146C1
:10DD6000284607F0BAFEE3E70221204607F01FFF2E
:10DD7000BAF1030FF2D0032FDAD1BAF1020FECE7B8
:10DD800096FAA6F3B3FA83F304FA03F29B0003F1C5
:10DD9000804303F54433D3F8101526EA0206D3F87E
:10DDA00010252846C2F30142C1F3042107F095FE75
:10DDB0007AE700BF0010034032222DE9F3410379D6
:10DDC000214F534353FA81F3083337F81330054694
:10DDD000DB070C46CEB234D507F006FF95F8048079
:10DDE00021464046FFF79EFE60B121464046FFF7C0
:10DDF0006FFE2A6800B202EB80030022C3F81025F0
:10DE0000C3F8102521462846FFF7D0FD32222B7992
:10DE100001A802FB03660023083627F81630019498
:10DE2000FFF70EFE019B00EB8300D0F80022074BAA
:10DE3000134043F00203C0F80032054802B0BDE8C9
:10DE4000F0810448FAE700BF30C90020F0F8FCFF79
:10DE50000000AD0B0400AD0B2DE9FF411668044630
:10DE60000D46174646B307F0B1FEA0BB3346CDE9D9
:10DE700000008DF80E008DF80F000DF10F022846FE
:10DE80000DF10E0107F046FE32202379674A434325
:10DE900053FA85F3083332F8131021F0020122F807
:10DEA00013102379434353FA85F3083332F81310E0
:10DEB00041F0010122F813107B68002B47D026792E
:10DEC000294630461A78D3F80480FFF70DFE20B1BA
:10DED000B8F1000F23D056483CE04FF0320E0EFB55
:10DEE00006F6DFF848C156FA85F608363CF81630D3
:10DEF000E8B223F4604323F020032CF81630B8F185
:10DF0000000F0CD0032AE6D87B6821685B681E7876
:10DF100001EB86010ABBC1F81025C1F81025322695
:10DF200023794249734353FA85F3083331F81300D8
:10DF300020F01C0021F813002379734353FA85F372
:10DF4000083331F8130040EA820221F81320BB683D
:10DF500063BB384804B0BDE8F081D1F8108528F0E3
:10DF60000308C1F81085216801EB8603D3F810156A
:10DF700021F4473121F44071C3F810152902D3F878
:10DF8000108501F4F85141EA024141EA0801C3F861
:10DF9000101523790EFB030008303CF8103043EADB
:10DFA000463343F020032CF81030B8E72946D3E974
:10DFB00000872046FFF7FAFCB8F1000FC9D06423B0
:10DFC00020791A4E4343F218F358984504D1536808
:10DFD0009F4201D100210CE0642303FB00600DF19E
:10DFE0000F015830FFF7F8FA124B9842B2D19DF862
:10DFF0000F1064222379534303EBC10346F80380D7
:10E0000023795343322203EBC10333445F60237906
:10E01000534353FA85F3083336F8132042EA41227A
:10E0200042F4807226F8132093E700BF30C9002025
:10E030000400AD0B0000AD0B2DE9FF4105460C4679
:10E040001E465AB307793846FFF74EFD20B92146E0
:10E050003846FFF767FD40BB21463846FFF752FDC3
:10E0600010B15378012B20D001238DF80F300023FD
:10E070000DF10F01CDE900232046931C013207F07A
:10E0800049FD32222B793149534353FA84F3083343
:10E0900031F8132042F0030221F81320002E53D050
:10E0A00021462879FFF720FD18B9294804B0BDE8BA
:10E0B000F08196F800C0322761468B0000212A6863
:10E0C000224802EB8C02C2F81015C2F810152A790A
:10E0D000E1B27A4352FA84F2083230F812E02EF4B8
:10E0E000604E2EF0200E20F812E096F801E0BEF10E
:10E0F000000F29D02A68B6781A44D2F810354FEAB2
:10E100000E4E23F4981323F4F853C2F8103523026B
:10E1100003F4F8530EF4403E3605D2F8108543EA76
:10E120000E0306F48016334343EA0803C2F81035A1
:10E130002B7907FB0311083130F8113043EA4C33D7
:10E1400043F0200320F811300248AFE730C9002027
:10E150000400AD0B0000AD0B30B564250479044B11
:10E1600005FB0434A160017905FB0133DA6030BDA1
:10E1700030C9002038B50C465AB90F490F4840F253
:10E180000D330F4A06F0DBFC40F20D310C4806F06F
:10E19000CDFC05792846FFF7C5FC58B132235D4315
:10E1A000084B55FA84F4083433F8143006485B0BF6
:10E1B000137038BD0548FCE79A950200BD80020047
:10E1C000FC94020030C900200000AD0B0400AD0B30
:10E1D0002DE9F843254B026806469A420BD02449A4
:10E1E000244840F21E33244A06F0A9FC40F21E31B6
:10E1F000214806F09BFC07796420204D00FB07585E
:10E2000098F860407CBB4046A14640222146103031
:10E2100009F0C4F93668D8F85080A04516D100231B
:10E2200046F30730C6F87C31D6F87C31FBF75EF94F
:10E230004FF00043C6F80433642303FB0755012362
:10E240000F4885F86030AB65BDE8F883E0B2FFF7B2
:10E2500025FCA0F580739B081F2B04BF46F8009097
:10E2600033580134D9E70748EEE700BF00100340F8
:10E27000A4950200BD800200FC94020030C9002079
:10E280000000AD0B0C00AD0B64210279044B01FBC7
:10E29000023393F86000003818BF0120704700BFB8
:10E2A00030C9002064235422007913FB0023024864
:10E2B0001844FFF7B1B900BF30C9002064235422CD
:10E2C000007913FB002302481844FFF785B900BF0B
:10E2D00030C900202DE9F3410479064620460D4659
:10E2E0001746FFF70FFC58B9304940F2FA33304A6D
:10E2F000304806F024FC40F2FA312D4806F016FCB6
:10E3000029462046FFF70EFC18B329462046FFF7A2
:10E31000EBFB8046E8B929462046FFF7D9FB0446C7
:10E32000FFF7BCFB356822B245F800802B583368F4
:10E3300003EB8203D3F8102542F00102C3F8102545
:10E3400027B101233268A340C2F8043302B0BDE80C
:10E35000F0814FB9184940F20943154A154806F0B3
:10E36000EEFB40F20941C8E732235C43134B54FAF9
:10E3700085F4083433F81430C3F38203042B11D02E
:10E38000052B11D001A80195FFF75AFB019A0369EB
:10E39000D34003F00103991C284602B0BDE8F041C8
:10E3A00007F005BC0321F7E70221F5E779950200A4
:10E3B000FC940200BD800200DB95020030C9002001
:10E3C0000148FFF749BC00BF94C9002070B516464C
:10E3D0000D4649B90B490C4837230C4A06F0AFFBF0
:10E3E00037210A4806F0A2FB094C237943B92A20B9
:10E3F000FBF77CF80123074823712560A66070BDF8
:10E400000548FCE766980200BD800200E695020020
:10E4100044D700200000AD0B0C00AD0B38B548B957
:10E4200018494A23184A194806F089FB4A21164818
:10E4300006F07CFB164B1B79012B07D015494B23AB
:10E44000114A124806F07BFB4B21F0E70023124AE9
:10E4500050F8234003F5A2710133082B42F8214004
:10E46000F6D100230C4A00F11C0103F5B27451F8F7
:10E47000045F0133082B42F82450F6D1036CC2F834
:10E48000043338BD21960200E6950200BD800200EB
:10E4900044D700202A96020000A0024070B51C4E0E
:10E4A0003379012B09D01B491B485F231B4A06F017
:10E4B00046FB5F21194806F039FB0024184D2A203D
:10E4C000C5F81045C5F81445C5F81845C5F81C45EC
:10E4D000C5F82045C5F82445C5F82845C5F82C459C
:10E4E000C5F89045C5F89445C5F89845C5F89C45CC
:10E4F000C5F8A045C5F8A445C5F8A845C5F8AC457C
:10E50000FBF702F84FF0FF33C5F80833347170BDE4
:10E5100044D700202A960200BD800200E695020042
:10E5200000A0024008B5094B1B79012B09D008490E
:10E5300008487A23084A06F002FB7A21064806F0CA
:10E54000F5FA064A8340C2F8043308BD44D70020D8
:10E550002A960200BD800200E695020000A002405B
:10E5600008B5094B1B79012B09D0084908488223BB
:10E57000084A06F0E4FA8221064806F0D7FA064A6D
:10E580008340C2F8083308BD44D700202A96020011
:10E59000BD800200E695020000A00240F8B5012609
:10E5A0000027124B124DD3F80C4304B9F8BD94FA6E
:10E5B000A4F0B0FA80F006FA00F3072824EA030476
:10E5C0000BDD0C490C4840F2F3130C4A06F0B7FA85
:10E5D00040F2F311094806F0A9FA094B82009F5056
:10E5E0002B68002BE1D0A9689847DEE700A0024025
:10E5F00044D70020F2940200BD800200539602002E
:10E6000000A1024008B50268530904D14FF0FF335E
:10E61000D340DB070BD40749074840F26933074A68
:10E6200006F08DFA40F26931044806F07FFA04489A
:10E6300008BD00BF458B0200BD800200128B0200A6
:10E64000002584400C4B984213D00AD80B4B9842BB
:10E650000FD00B4B98420CD00A4BC31A584258416A
:10E660007047094B984204D0084B984201D0084BA0
:10E67000F3E70120704700BF40420F0090D0030035
:10E6800020A1070048E8010000093D0000127A00BF
:10E6900080841E0073B51446421C06460D4615D0F4
:10E6A000012902D1A3B107F035FB01A80196FFF7BC
:10E6B000A9FF00EB8600D0F80022074B45EA84044E
:10E6C00013401C4344EA4504C0F8004202B070BD48
:10E6D00007F02CFBE9E700BFF0F8FCFF2DE9F84359
:10E6E000554A4B69054693420C4690F8049024D055
:10E6F00017D8524A934200F08780514A934200F063
:10E700008680504A934200F085804F494F484FF42D
:10E71000B3734F4A06F013FA4FF4B3714C4806F046
:10E7200005FA4C4A934278D04B4A934278D04B4AF0
:10E730009342EAD14FF0005601E04FF08056242278
:10E74000DFF81C81E07E02FB0983997F60F3000102
:10E7500099772B79217C02FB0383D977E77EEFB988
:10E76000237E3A46012B94BF002301230121206818
:10E77000FFF790FF3B463A4601216068FFF78AFFAA
:10E780003B463946A27EA068FFF784FF237C3A46C9
:10E790000121E06883F00103FFF77CFF242202FBE4
:10E7A0000989E368C9F82030237C89F81F30277F66
:10E7B000A07C217E637E2A6847B9D4E900C7A4689B
:10E7C000C2F808C5C2F80C75C2F81045003B18BF66
:10E7D00001230229C2F8C005C2F8246523D0032909
:10E7E00024D0012901D143F00203C2F85435242278
:10E7F0002B79534358F80330DBB12868BDE8F84360
:10E8000040F30730FAF772BE4FF0806697E74FF09B
:10E81000006694E74FF0007691E74FF080468EE770
:10E820004FF000468BE743F00403DEE743F00603B6
:10E83000DBE7BDE8F88300BF40420F0090D0030043
:10E8400020A1070048E801000BAD0200BD800200D6
:10E850008596020000093D0000127A0080841E00A7
:10E8600050D70020431C13B504460DD0019001A8D9
:10E87000FFF7C8FE00EB8400D0F80022034B1340E2
:10E8800043F00203C0F8003202B010BDF0F8FCFF04
:10E890002DE9F84305461F4659B91649164840F276
:10E8A0002223164A06F04BF940F22221134806F0C3
:10E8B0003DF924232E79DFF848905E4309EB0604E6
:10E8C00094F81C80B8F1000F10D14869FFF7BAFE28
:10E8D00070B1284649F806206760FFF7FFFE012364
:10E8E000084884F81D802377BDE8F8830648FBE7D5
:10E8F0000648F9E721960200BD80020085960200D5
:10E9000050D700200000AD0B0C00AD0B0400AD0B88
:10E910002DE9F04124270679214C7743E3191B7F29
:10E9200005465BB91F49204840F283231F4A06F081
:10E9300006F940F283211D4806F0F8F8006840F31C
:10E940000730FAF7E1FDE35953B12B68184A06EB9B
:10E95000C601C3F80823286804EB810107F0C4F955
:10E960002B68242505FB0645D3F80805D3F80C755C
:10E97000D3F81085AB7FDB070AD4FFF773FF40465F
:10E98000FFF770FF3846FFF76DFF286AFFF76AFF51
:10E99000242303FB064400232377BDE8F08100BF56
:10E9A00050D70020C1960200BD800200859602006B
:10E9B000520108002DE9FF4724230779784E82464B
:10E9C00003FB07631B7F0D4690465BB975494FF407
:10E9D0005473754A754806F0B2F84FF45471724892
:10E9E00006F0A4F80B685BB94B684BB1704940F274
:10E9F00051336D4A6D4806F0A2F840F25131EEE70E
:10EA0000D5E9022352B95BB16A4940F25233664AF2
:10EA1000664806F094F840F25231E0E75B0B02D111
:10EA20006B685B0B09D0644940F253335E4A5F4820
:10EA300006F085F840F25331D1E718F008090FD0FD
:10EA4000242303FB07631B6A013309D05B4940F2AF
:10EA50005633554A554806F072F840F25631BEE733
:10EA600024237B43F218517F002940F09780F3580C
:10EA700023B118F0140F04BF01235377242495E821
:10EA80000F0004FB076404F10C0C8CE80F00206AF3
:10EA9000431C03D0E37FD3B107F03CF92B68DAF8CD
:10EAA000004023B103F06043B3F1005F06D1AB68CF
:10EAB00083B103F06043B3F1005F0BD02423002245
:10EAC00003FB07633E485A7704B0BDE8F08707F0C0
:10EAD0002DF9E3E718F0010318BF0123C4F85035FE
:10EAE00018F0020318BF0123EC46C4F8403595E83E
:10EAF0000F008CE80F00039BC4F84405C4F84815C8
:10EB0000C4F83425C4F838350023C4F81831D4F8D3
:10EB100018310723C4F8003524237B43F218B9F1D8
:10EB2000000F1DD10121F058216158B9D4F81831D6
:10EB3000002BFBD062464021204607F097F82423A3
:10EB40007B43F218F35803BB106A411C12D107EB48
:10EB5000C707204606EB870107F0C6F81948B3E758
:10EB6000F35893B9106A431CF8D0D37F53B107F020
:10EB7000DDF8F3E7D37F13B107F0D8F8E7E707F044
:10EB8000C9F8E4E707F0C6F8E8E7402318F0040FF7
:10EB900014BFC4F80833C4F80433DFE70A4893E726
:10EBA00050D70020C196020085960200BD80020069
:10EBB000ED960200349702007B9702002A9802002B
:10EBC0000A00AD0B0000AD0B0B00AD0B70B5184D7E
:10EBD00040212A46174807F049F840B355F80C3C45
:10EBE000A5F10C045BB9144914484FF46A73144A34
:10EBF00005F0A5FF4FF46A71114805F097FF206AF0
:10EC0000431C03D0E37F7BB107F090F8637F1BB117
:10EC10000C49084807F068F8002323720A48D4E931
:10EC20000031BDE87040184707F074F8EEE770BD9A
:10EC30005CD7002000B0004060980200BD80020058
:10EC40008596020050D7002058D7002038B54409D7
:10EC500014D14FF0FF34C440E4070FD50D4C04EB42
:10EC60008000D0F800520C4C2C4044EA032444EAC3
:10EC7000820242EA4101C0F8001238BD0749084843
:10EC800040F26933074A05F05AFF40F269310548FE
:10EC900005F04CFF00258440F0F8FCFF458B020096
:10ECA000BD800200128B020038B5857B0446C5B9D1
:10ECB000D0E90003984209D10B490C48F8230C4ACB
:10ECC00005F03DFFF8210A4805F030FF0623032236
:10ECD0002946FFF7BBFF0623032229466068FFF79A
:10ECE000B5FF012038BD00BFAA980200BD80020018
:10ECF0006E98020010B4CC7B8A6803682CB9D1E905
:10ED00000041C3F80845C3F80C15C3F82425282290
:10ED100003795343054AD3582BB1006810BC40F324
:10ED20000730FAF7E3BB10BC704700BF74D7002070
:10ED3000F8B506460D4659B9184919484FF4867377
:10ED4000184A05F0FCFE4FF48671164805F0EEFEF9
:10ED500028210079144F48433C1894F82210C9B96F
:10ED60003A50A160636084F8251084F82410AB7BCE
:10ED7000284684F82730FFF797FF68B16B7B304651
:10ED8000294684F82630FFF7B5FF0123074884F8A9
:10ED90002230F8BD0648FCE70648FAE72196020053
:10EDA000BD8002006E98020074D700200000AD0BF9
:10EDB0000C00AD0B0400AD0B282108B50D4B0279FA
:10EDC00001FB023393F82220012A0BD00A490B4899
:10EDD00040F28F130A4A05F0B2FE40F28F11084844
:10EDE00005F0A4FE06210268C2F80015022283F88D
:10EDF000222008BD74D70020D1980200BD800200F7
:10EE00006E980200282108B5134B027901FB0233EA
:10EE100093F822205AB91149114840F29B13114A24
:10EE200005F08DFE40F29B110E4805F07FFE00219B
:10EE3000996002680C48C2F80803D2F8000220F476
:10EE4000BC50C2F80002C2F80015012283F8241059
:10EE500083F8222008BD00BF74D70020C1960200AD
:10EE6000BD8002006E98020002029C012DE9F84F5D
:10EE700003790E4617463BB94B68B3F5005F03D2E2
:10EE80008B68B3F5005F0BD3AA4940F27623AA4AF8
:10EE9000AA4805F054FE40F27621A74805F046FE48
:10EEA000A74D95F82230022B09D0A64940F27D23C8
:10EEB000A14AA24805F043FE40F27D21EDE72B6810
:10EEC000C3B90B78022B09D19F494FF420739A4A9A
:10EED0009A4805F034FE4FF42071DEE7032B09D188
:10EEE0009A4940F28123944A944805F028FE40F262
:10EEF0008121D2E70023046885F82330736833B199
:10EF0000F36803F06043B3F1005F40F09181337820
:10EF1000023B012B06D8336903F06043B3F1005F75
:10EF200040F086818A4BC4F8083395F8243003F00A
:10EF3000FF013BB1AB68DFF81C82C4F804334046E4
:10EF4000BDE8F88F17F0140F0CBF0123002385F8DC
:10EF500024303378C7F3001E85F82030737807F02B
:10EF6000080985F82130F268EA6073682B61D6F8E9
:10EF700010C0C5F814C0B06885F825E0A861EF613D
:10EF800096F801E0C4F888E5C4F86011D4F860E1AF
:10EF9000C4F84811D4F848E1C4F82411D4F824E1A5
:10EFA000C4F80411D4F8041117F0010118BF0121AD
:10EFB000C4F8501517F0020118BF0121C4F840151C
:10EFC0003178032900F2B080DFE801F091A78102D7
:10EFD000F80609D5604940F2F913574A574805F039
:10EFE000AEFD40F2F91158E7B9F1000F09D05B49C5
:10EFF0004FF4FD73504A514805F0A1FD4FF4FD71E7
:10F000004BE7790709D5564940F2FB134A4A4B486A
:10F0100005F095FD40F2FB113FE74FF48071C4F815
:10F020000012C4F84425C4F848350123A3604FF406
:10F030008011204606F0C8FE0028F8D1D5E9052346
:10F04000C4F84425C4F848354FF48023AB60DFF89A
:10F0500014812A68B9F1000F40F0C0803378032B87
:10F0600000F0BC80012B40F0858023609AB92A69AA
:10F07000002A5CD04FF0010BDFF8ECA0DFF8EC9039
:10F080005146204606F0A0FE830548BFC4F814B0E0
:10F0900010EA090FF4D072682B68002A40F09E80B5
:10F0A000002B00F09F8001236361790744BF002398
:10F0B000AB607A065EBFAB6843F00203AB60AB683F
:10F0C00043F40073AB60AB68C4F8043337E7C4F8AB
:10F0D0004425C4F848354FF48453C4F834C5C4F803
:10F0E0003805C4F80032012323620223AEE7C4F8D6
:10F0F0004425BA06C4F848354BBF4FF480734FF42B
:10F100000073C4F80032C4F800324CBF4FF48023BF
:10F110000223AB600123236299E7C4F83425C4F8C5
:10F1200038354FF48053DCE7DFF8448091E76361C2
:10F13000A0E700BFFB9802006E980200BD800200AD
:10F1400074D70020B8A00200E1A0020031A10200A3
:10F1500002029C010B00AD0B81A1020097A10200ED
:10F16000ADA102000000AD0B020204000200040089
:10F170000400AD0B0123A360002A8CD12A692AB3B5
:10F18000DFF8B4A0DFF8B4B019EA0A0F83D159460A
:10F19000204606F019FE10F4007F8146F4D04FF0AF
:10F1A0008071204606F010FED4F8003280B113F4CE
:10F1B000007103D10122894622626261D805E3D53C
:10F1C0004FF48021204606F0FFFD04E06361D7E79D
:10F1D0000123236263614FF00009D5E72B68002B00
:10F1E0007FF463AF0022D4F8C434C4F8C43485F883
:10F1F00024208BB1124A134913F0010F14BF90461B
:10F200008846013213F0020F18BF904613F0040F26
:10F210000D4B18BF984692E67B063FF590AE204610
:10F220000A4906F08FFD074B002808BF984686E67E
:10F23000DFF81C8083E600BF020004000202040025
:10F240000000AE0B0100AD0B0200AE0B74D7002026
:10F250000A00AD0B70B5644C86B023685BB9634996
:10F26000634840F2C223634A05F069FC40F2C221C0
:10F27000604805F05BFC604D0221284606F0A4FDC5
:10F280004FF400710646284606F09EFDD8B1E6B957
:10F29000A3684FF08071C5F808330223A360A36808
:10F2A0002846C5F8043306F08FFD18B1D5F80032B2
:10F2B0009B0503D40122504B1A625A61012384F842
:10F2C000233006B070BD002E58D0E5696E060AD412
:10F2D00094F823303BB94449474806F033FD80F0A9
:10F2E000010084F8230015F0040525D1424B94F861
:10F2F0002520C3F86051D3F86011C3F85C51D3F8EE
:10F300005C1112B194F823205AB10022C3F80022F4
:10F31000A2603A4AC3F808234FF48062384BC3F81E
:10F320008021238CADF80430E368049323690293B1
:10F3300063690593A36903932F4AD2F8C4349807ED
:10F34000C2F8C4344AD459074AD4DA074AD494F8E4
:10F3500023309B00DBB28DF8003094F825300BB9D8
:10F3600084F82430E3695B0703D594F82330002B3D
:10F37000A7D0D4E9003168469847A2E74FF480212E
:10F38000284606F021FD94F82030ABB994F82530DA
:10F3900053B94FF48062C5F80032A360174BC5F82B
:10F3A0000833174BC3F8802100238DF8043094F8FC
:10F3B00021308DF80530B7E74FF40073C5F80032FF
:10F3C00040F20223A36003F1CE73C5F80833A368AB
:10F3D000C5F804330123AB602B6272E70123BAE75F
:10F3E0000223B8E70323B6E774D700206098020031
:10F3F000BD8002006E98020000A0004002029C0145
:10F4000000E100E008B50268530904D14FF0FF3372
:10F41000D340DB070BD40749074840F26933074A5A
:10F4200005F08DFB40F26931044805F07FFB04488C
:10F4300008BD00BF458B0200BD800200128B020098
:10F44000002584402DE9F3410C46054606F0E6FC14
:10F45000204606F0E3FC01A80195FFF7D3FF40F238
:10F460000D6600EB8500D0F80032274F01943B4039
:10F470003343C0F8003201A8FFF7C4FF00EB84005B
:10F48000D0F800323B4033430127C0F8003204205B
:10F4900006F00CFB092607FA04F8AF4001A8019416
:10F4A000FFF7B0FF036918EA030F11D101A8019516
:10F4B000FFF7A8FFC760042006F0F8FA284606F018
:10F4C000ADFC013E042006F0F1FA16F0FF06E5D18E
:10F4D00001A80194FFF796FFC0F80C80042006F005
:10F4E000E5FA204606F09AFC042006F0DFFA01A8AF
:10F4F0000194FFF787FF03690448E34003F0010329
:10F50000C01A02B0BDE8F081F0F8FCFF0100AD0BBD
:10F5100070B503680446033BDBB2052B03D8094AE8
:10F5200052F823502DB9A06858B1BDE8704000F0E2
:10F530001DB806F0CAFC21682B46BDE87040090CD6
:10F54000184770BD407D0200014B5B69184700BF42
:10F55000F8C90020014B1B68184700BFF8C90020FC
:10F56000014B5B68184700BFF8C90020014B1B69BD
:10F57000184700BFF8C90020014B9B68184700BF1F
:10F58000F8C90020014B1B6A184700BFF8C90020CA
:10F59000014B5B6A184700BFF8C90020014B1B688C
:10F5A000D86870479CD70020002230B50B4B1968F3
:10F5B0000C6894420FD001EBC2039D68A8420BD1A6
:10F5C0004FF003020433D3E8CF1F002903D1C3E86F
:10F5D000C02F0028F7D130BD0132EAE7B4D70020B0
:10F5E0002DE9F041002406460F462046DFF85480FE
:10F5F0003368A34201D8BDE8F08106EBC4056B680F
:10F60000DBB2012B16D16A68B8F80030B3EB124FA9
:10F6100010D1022FA8680FD1FFF77AFF01206B6885
:10F6200023F0FF0343F003036B60B8F800300133AD
:10F63000A8F800300134DBE70168090C06F0FAFB9A
:10F64000ECE700BFE4DB002010B5074C0221606846
:10F65000FFF7C6FF0028F9D101212068FFF7C0FF9E
:10F660000028F3D110BD00BFBCD7002070B507281B
:10F6700060D8DFE800F00B5F475F435F3C0401F0B8
:10F6800075FD0320BDE87040FCF7D4BE03202A4B73
:10F69000D3F81446D3F81866284B1D781870EDB2CD
:10F6A00001F03AFD012D10D1254B264A9C4212D083
:10F6B000230C1B04B3F1886F0DD0A4F58033203BDD
:10F6C000022B0FD96FF0040313603146C4F30B0013
:10F6D00001F016FD00E014601B4B1868FCF7AEFD4E
:10F6E0000020CFE7194931F913301360F4E7002403
:10F6F000124B20461C7001F00FFDEDE7FFF7A4FF51
:10F700000220BFE70D4B1A78012AD0B20ED1104A61
:10F710001168104A8C6854604968116002221A709E
:10F7200001F0FAFC084B1868FCF788FDFFF78CFF26
:10F730000120A7E770BD00BF00A00240B5F0002087
:10F7400001005005B8D70020A4D700203080020067
:10F75000A0D70020BCD700200A23F7B54FF47A7554
:10F760000C4E0D4F01933168386806F089FB044652
:10F7700040B906F09AF840B9012001A9FCF742FC13
:10F780006E30F0D1204603B0F0BD0198684306F01A
:10F790008AF8E8E7A8D70020B0D70020054B1B78EF
:10F7A0002BB9054B1968054B186806F069BB00209A
:10F7B000704700BFB4F00020ACD70020B4D70020C1
:10F7C00070B5164B42681B6822F0FF0242F002023D
:10F7D000C31A42601248134A0168C3F38913D2E87E
:10F7E000DF4F651CC2E8D65F002EF8D101EBC301E4
:10F7F0004A6892B242EA04424A600268032002EB7D
:10F80000C302536823F0FF0343F00103536006F083
:10F810004AF80122044BDA6070BD00BFACD700206B
:10F82000B4D70020E6DB002000A002402DE9F04F15
:10F8300095B038220021064603A807F0AFFE022348
:10F840000493082306932023089304230D93102385
:10F8500040250F9380230122CDE91153D5230021A8
:10F8600057480B921393FCF7B5FC0546002840F06F
:10F87000A380024653493079FEF7A8FD03A8FEF79E
:10F88000CDFD34686268B2F59D6F40F09280616989
:10F89000E3680B44E16903F59D630B44B3F5003F56
:10F8A00000F287802068294607F078FE33681C68DC
:10F8B000D3F81C9004F53A72019204F16007424AB1
:10F8C00004F1A40804F1200BB9F1000F5BD1C2F8D8
:10F8D00000B000254FF0010A2570657084F802A081
:10F8E000E570336840461B69636033685B69C4F840
:10F8F00014B0A360354BC4F81890C3F80080344BA3
:10F90000E7601F600823C4F8108084F8A43088F8EA
:10F91000015088F8025088F8035084F860307D70F8
:10F92000BD70FD7006F094FA384606F091FA294B46
:10F9300004F53A721A60284B04F1E80231681A6043
:10F94000264B274E1960274B2749C3F81046C3F8AA
:10F950001456264B264C1D80264B86F800A01D8091
:10F96000254B029525601D611B690293029B144B78
:10F970001868FCF789FC98B103236FF073043370A7
:10F98000FEF78CFD11E09B6904F140096364336864
:10F990004846DB69C2F800B0236401F0CBFB98E76E
:10F9A0002468002CECD1154B1C70204615B0BDE826
:10F9B000F08F6FF01504E3E76FF02D04F5E700BF5B
:10F9C000A4D700206DF60100A0D70020B4D70020F6
:10F9D000B0D70020ACD70020A8D700209CD70020AB
:10F9E000B5F0002000A00240F0490200E6DB002054
:10F9F000B8D70020E4DB002000560040B4F000201F
:10FA000070B5164B42681B6822F0FF0242F00102FB
:10FA1000C31A42601248134A0168C3F38913D2E83B
:10FA2000DF4F651CC2E8D65F002EF8D101EBC301A1
:10FA30004A6892B242EA04424A600268032002EB3A
:10FA4000C302536823F0FF0343F00103536005F042
:10FA50002AFF0122044B5A6070BD00BFA8D70020C6
:10FA6000B0D70020E6DB002000A0024010B5FFF771
:10FA700073FE012400220321047081704270C27061
:10FA8000FFF7BEFF054B1C7006F0F5F9BDE810400E
:10FA9000034B47F230511868FCF7F6BBB4F0002076
:10FAA000A4D7002038B50A4B04461B78022BDDB2E0
:10FAB0000DD1FFF751FE50B1002201218460017089
:10FAC00042708570C270BDE83840FFF799BF38BDFD
:10FAD000B5F00020034A126812B1002800DB10477D
:10FAE000704700BFD0D700202DE9F743002581469D
:10FAF0000F461048294690461E46019304F0F6FD35
:10FB0000041E11DB0134204606F008FAC9F8000093
:10FB100068B1334642462146019604F0E7FD284687
:10FB20003C6003B0BDE8F0836FF01500F9E76FF0BB
:10FB30000B00F6E7B079020010B50E4B04461B68C7
:10FB4000A3B1F8F76FFC082810D9237A3F2B0DD00A
:10FB500009490822204607F06FFC014630B904F13C
:10FB600008000A22BDE8104004F000BB4FF0FF304F
:10FB700010BD00BFD0D70020C3A102002DE9F34182
:10FB800005460020174688461E4606F0A0F90246A4
:10FB900040B915B1284606F0C3F96FF00B0002B06A
:10FBA000BDE8F0816FF0580300240373042305605F
:10FBB0000E4D037244738473C47344728472C472AE
:10FBC000C0F80480394603202C7006F09CF94FF0F1
:10FBD000FF3301932B78B34201D10020DFE70220ED
:10FBE00001A9FCF70FFA0028F4D0D8E7B6F00020FE
:10FBF000F8B5054600240F4F57F8046B28463146E8
:10FC000007F053FC28B90134042CF5D14FF48030AF
:10FC10000DE06CB1A31E012BF8D83046F8F702FCBA
:10FC20000A220021284404F02BFA40EA0440F8BDDF
:10FC30002046FCE7587D0200014B18600020704709
:10FC4000D4D70020014B1860704700BFD0D70020E8
:10FC50000FB42DE9FF410A9C01F064FA00284AD054
:10FC6000002C4BD0284E294F31683868FCF7A2FB96
:10FC7000002846D1264D31682868FCF705FB00288E
:10FC800036D122460BAB03A902A80193FFF72CFF44
:10FC9000044658B12868FCF7D1FA3868FCF764FBD1
:10FCA000204604B0BDE8F04104B07047029C2046F5
:10FCB000FFF742FF02230646012220460399FFF781
:10FCC0005DFF04460028E5D1DFF84880D8F8000041
:10FCD000FFF78EFF0446D8F8000006F01BF92868ED
:10FCE000FCF7ACFA002CD8D13046FFF7F3FED4E78E
:10FCF0006FF00A04D1E74FF0FF34D1E76FF00D0445
:10FD0000CEE76FF00A04CBE7E8D70020E0D7002069
:10FD1000E4D70020D8D700200CB42DE9F04F87B0ED
:10FD200007460E46109C01F0FDF9002800F09B806C
:10FD3000002F00F09B80002C00F09880002E00F037
:10FD40009880DFF83C81DFF83CA1D8F80010DAF8A1
:10FD50000000FCF72FFB002840F08E804A4DD8F8B9
:10FD600000102868FCF790FA002879D1224611ABE0
:10FD700005A904A80393FFF7B7FE044618B1286845
:10FD8000FCF75CFA52E0414BDDF81080D3F80090AC
:10FD9000B9F1000F14D03E4BD3F800B05C450FD042
:10FDA00059F8341008460191F8F73CFB01990246D6
:10FDB000404607F041FB38BB09EBC40464682CBB28
:10FDC0004046FFF7B9FE02238146012240460599CD
:10FDD000FFF7D4FE04460028D1D1DFF8B8803846BA
:10FDE000D8E9004BB3455A46214628BF324607F0B2
:10FDF000C8FBB345204623D906F08CF82868FCF7E9
:10FE00001DFA6FF0060411E00134C7E72868FCF71B
:10FE100015FA424631463846A047044618B93846D6
:10FE2000FFF7E6FE0446404606F07AF8DAF80000EE
:10FE3000FCF79AFA204607B0BDE8F04F02B07047D1
:10FE4000FFF7D6FE0446D8F8000006F063F82868ED
:10FE5000FCF7F4F9002CE9D14846FFF73BFEE5E753
:10FE60006FF00A04E2E74FF0FF34E3E76FF00D04B0
:10FE7000E0E76FF01504DDE76FF00A04DAE700BF92
:10FE8000E8D70020E0D70020E4D70020C8D7002022
:10FE9000C4D70020D8D7002038B5C3680446A72BA4
:10FEA00001D0206810E0032907D0042926D00229B8
:10FEB00002D10122154B1A7038BD144B00681A7814
:10FEC000022A05D10028F7D0BDE8384006F022B854
:10FED0000F4D2A6862B12B689847002320682B6079
:10FEE00006F018F80B4B1868BDE83840FCF7A6B9C7
:10FEF000094A1060616851600222DCE7074B1B6809
:10FF0000002BCED000689847CBE700BFB6F00020AA
:10FF1000CCD70020E4D70020D8D70020D4D70020A9
:10FF2000012210B511460B48FCF754F970B90A4884
:10FF3000FCF7EAF9014648B94FF0FF32074B1A6067
:10FF4000BDE8104001230522FFF718BE6FF02D0019
:10FF500010BD00BFE4D70020E0D70020E8D7002084
:10FF600010B400F11C03D3E8EF2F511EC3E8E41FC7
:10FF7000002CF8D1012A0CDC074BD0E8EF2FC0E8A9
:10FF8000E13F0029F9D16422002110BC043007F0C0
:10FF900005BB10BC704700BF1EF1010010B5002466
:10FFA0000A4B4FF45072214609481C7007F0F6FACC
:10FFB00021462246064B074801310829C3E90002C1
:10FFC0009A6003F16803F7D110BD00BFB7F00020BD
:10FFD000ECD700201EF10100164830B50022034680
:10FFE0004FF0FF34144DD0E8EF1FA94204D1C0E810
:10FFF000EC4FBCF1000FF6D10CBF0121002112D152
:020000040002F8
:10000000682101FB023301220C49DA61097893F877
:10001000202061F3451283F820200222A3F8482013
:1000200083F84A2030BD0132082A00F16800DAD195
:100030000846F7E7ECD700201EF10100B7F00020DA
:1000400030B5024600236825054905FB03F4601816
:100050000C59944203D00133082BF6D1002030BD57
:10006000ECD7002010B50446043006F04DF9606C62
:1000700008B1FCF703FA064BD4E8EF2FC4E8E13FE0
:100080000029F9D12046BDE81040FFF769BF00BF45
:100090001EF1ADDE70B50825064C074E2368B3424D
:1000A00002D02046FFF7DEFF013D04F16804F5D1E0
:1000B00070BD00BFECD700201EF101002DE9F84310
:1000C0000F4C06460025A0464FF068090D4B0E4F19
:1000D00018702368BB420CD009FB058393F82020DD
:1000E00066F3451283F82020A36B13B1204605F078
:1000F00079FF0135082D04F16804EAD1BDE8F883E1
:10010000ECD70020B7F000201EF10100112806DC1A
:1001100000280DDB084BC34003F001007047B0F529
:10012000817F07D040F21113C31A584258417047DB
:10013000002070470120704741000200034B026815
:100140005A6082699A6042691A6070472CDB00200D
:10015000012208B511460448FCF73CF8002818BFF6
:100160006FF02D0008BD00BF38DB00202DE9F04FF7
:1001700085B082460F4616461D4600F0D3FF28B9CB
:100180000120FCF707F86FF00A041CE05AEA0703A5
:1001900000F051811EB3336823F4A05323F002030F
:1001A000002B40F04B81706838B9B06878B106F028
:1001B0004EF860B96FF0060405E006F042F800283A
:1001C000F3D16FF00504204605B0BDE8F08FF0686C
:1001D00028B1B16806F04FF808B96B20D1E79A4B07
:1001E0004FF47A611868FCF74FF80446002840F095
:1001F0002881002F64D0F6B1336803F4A053B3F51F
:10020000805F18D13368DB0445D44FF0FF37706846
:1002100008B100F093FD8D4B8D4A1860B368002B38
:1002200008BF01231360F3688A4A002B08BF062326
:10023000136033681CE00A220021384603F096FF61
:100240004FF6FE73421E9A4200F2F280824A030287
:1002500043EA10231380002ED4D1002301217B4ACE
:100260004FF0FF3713607A4A11600621794A116016
:10027000DFF8E8815046C8F80030BAF1000F65D1C8
:1002800005F025FE064600BB6FF009046E4B1868AA
:10029000FBF7D4FF97E73A21384607F0C0F800B1E2
:1002A000471C38466E4907F000F90A2228B10021A0
:1002B000033003F0E5FE0746A9E701463846F8E7B4
:1002C000654B1880002EC8D09FE707615F4BDFF8B1
:1002D00080B11B68DFF87CA1B361DBF800303246E7
:1002E000F361DAF8003047F20D013362D8F80030DC
:1002F0000420736105F007FE4FF0FF33594F5A4E4B
:1003000003933E603868B04231D0002840F08C80C2
:100310002020D7F80490FCF7A9F8286070B109F103
:1003200018034D4A019318461288B9F8141005F0C5
:10033000FFFD064638BB2868FCF7A0F86FF00904FB
:1003400078680028A2D005F0E5FD9FE7F8F76AF885
:1003500005F0BDFD0646002896D007615046F8F727
:1003600061F851460246306807F00BF9AEE702200B
:1003700003A9FBF747FE0028C4D06E20FBF70AFF55
:100380006FF00A0482E7D9F808102A6801290AD018
:1003900002291FD01046FCF771F83046FCF76EF8C2
:1003A0006FF00504CCE708211161D8F8001011F0B6
:1003B000020137D00192B9F816000130FCF756F867
:1003C000019A90612A68906930B91046FCF756F896
:1003D0003046B1E71621E7E7B9F8141009F1180320
:1003E0000B441946B9F8162007F0CBF8002029680D
:1003F000B9F81620896988542A680192D9F808004A
:1004000006F04AFC019A2B685060DBF800205E6120
:100410009A60DAF80020DA60D8F800201A6000222A
:10042000DA618DE79161E7E706F07CFC044687E737
:100430006FF007042AE76FF00104C4E64FF0FF34C1
:10044000C1E66FF00204BEE638DB002044DB00208A
:1004500040DB00203CDB0020E8DB002048DB002004
:10046000F1A102002CDB0020EEC100BCF8B548F27F
:100470000F03994205460E4640D022D848F20D039C
:10048000994233D048F20E03994233D00069FFF706
:10049000D7FD044610B3B6F5004F1FD9A6F50046A8
:1004A000013E0B2E1AD8DFE816F0AE00E800B600C9
:1004B000B600B6003A013A01B600C40019001900AE
:1004C0000B0149F2040399421CD0B1F5104F3FD9FA
:1004D000C068FFF7B5FD0446002848D12868002809
:1004E00000F02D81BDE8F84005F014BDBDE8F840EE
:1004F000FFF724BEBDE8F84005F027BFBDE8F8408F
:1005000005F010BF0369082B00F21981DFE813F032
:100510001000160009000E00160017011701180040
:100520001E000020BDE8F840FFF7C8BD0120F9E734
:100530000021E868BDE8F84005F047BE0121F8E772
:100540000021E868BDE8F84005F04BBE0121F8E75E
:100550000069FFF775FD04460028BFD048F281030B
:100560009E42BBD10146284600F038FB56E049F2D6
:1005700002039E4200F0CD8037D805F0AEFD07465D
:10058000E0B91020FBF772FF0646B8B139461022D9
:1005900007F004F82B6873606B683381698A00295F
:1005A00000F0C8802A8A05F1140005F0C1FCF06053
:1005B000002840F0BF803046FBF760FF286805F058
:1005C000A9FC204605F04BFD58B1204605F085FDFD
:1005D00038B994F8203043F0800384F820300C239D
:1005E000A361204605F040FD18E049F203039E4256
:1005F0003DD049F282039E427FF470AF0146284607
:1006000000F004FB0AE06B692BB9284606F0A4FB56
:10061000AA6943681A60284606F0A0FB204605F048
:100620006CFD002800F08B802046BDE8F84005F006
:10063000D9BC90F8203043F0010380F8203005F059
:1006400033FD18B13E4B1868FBF7F8FD94F82030E5
:10065000204623F00A0384F8203005F04EFD10B147
:10066000204605F0BFFC2046FFF7FCFCD3E72869D5
:1006700069280BD16823A361D0E790F82030EE6899
:100680006FF3410380F82030686918B100F06AFB0D
:10069000A061C3E7204605F0F1FC28B994F82030AA
:1006A00043F0040384F82030204605F0E7FC0028DE
:1006B000B4D0002EB2D00021204600F0C5FAADE73C
:1006C0006B69F3B9284606F047FBAA6943681A60CC
:1006D000426892F8203043F0040382F820304368E7
:1006E00022691A61436862695A6183684BB105F1F6
:1006F000180205F1300152F8040B8A4243F8040B4A
:10070000F9D194F82230002B85D0013B84F82230B7
:1007100081E790F82230013380F822307EE72846C6
:1007200006F01AFB6B6913B9AB69436073E74FF0CE
:10073000FF33FAE73146204605F071FC6EE7F8BD5D
:100740004CDB002030B585B00546FFF779FC044648
:1007500028B90920FBF71EFD4FF0FF300EE000F036
:10076000E1FC68B9204605F09FFC18B10D4B1868F4
:10077000FBF764FD2046FFF775FC002005B030BD97
:10078000002005F0A4FB014608B96920E2E70561F5
:1007900001AA47F2090000F0FDFA0028EDD0162862
:1007A000EBD0D7E74CDB00202DE9F04385B0814644
:1007B000884615461C460C9FFFF742FC40B90920AD
:1007C000FBF7E8FC4FF0FF33184605B0BDE8F083B7
:1007D00014B90FB11620F3E7B8F1290F00F0ED803E
:1007E0000CDCB8F1010F12D0B8F1060F00F0E18077
:1007F000B8F1000F00F0DF806D20E1E7B8F58D7FE4
:1008000000F08880B8F5007FF6D11E2D08E03D2D60
:10081000F2DC202D0EDC142D4ED0152D53D0022DE0
:10082000EAD1384605F053FB0646002840F0C78061
:100830006920C5E7A5F121031C2BDDD801A252F8E0
:1008400023F000BF2308020023080200F90702007A
:10085000F9070200F9070200F9070200F907020090
:1008600023080200F9070200F9070200F907020055
:10087000F9070200F9070200F9070200F907020070
:10088000F9070200F9070200E3080200EB08020082
:10089000EF080200F308020003090200F907020052
:1008A000F9070200F9070200F9070200F907020040
:1008B000D5080200070902003A46214605B0BDE806
:1008C000F04306F04FBA3A46214605B0BDE8F04382
:1008D00006F056BA3A46214605B0BDE8F04306F0A8
:1008E0005DBA01230422019305E00223FAE7032302
:1008F000F8E7042201920DEB020106F06FFA0346BD
:1009000062E70523EEE73A46214605B0BDE8F0432D
:1009100006F064BA6B1E112B3FF66EAF01A252F8BF
:1009200023F000BF7B090200A50902002308020092
:10093000F9070200970902006D090200F907020099
:10094000F9070200F9070200F9070200F90702009F
:10095000890902002308020023080200230802007C
:10096000F907020023080200230802003A46214644
:1009700005B0BDE8F04306F054BA3A46214605B04A
:10098000BDE8F04306F061BA3A46214605B0BDE83D
:10099000F04306F06FBA3A46214605B0BDE8F04391
:1009A00006F07ABA3A46214605B0BDE8F04306F0B3
:1009B00082BA372D34E71F2D32E7202D30E7002390
:1009C0000822437202728372C372C0F810904046CC
:1009D00006F08BF97061284600F0B8F9B06124B1D7
:1009E0003A462146306806F0CCFD314647F2030016
:1009F000776001AA00F0CEF9034600283FF4E4AE88
:100A0000DEE600BF2DE9F04385B0814688461746F3
:100A10001D460C9EFFF714FB40B90920FBF7BAFBFB
:100A20004FF0FF37384605B0BDE8F08305B10EB989
:100A30000E20F3E7B8F1290F00F08F800CDCB8F13D
:100A4000010F11D0B8F1060F00F08380B8F1000F4C
:100A500000F081806D20E1E7B8F58D7F2AD0B8F5F0
:100A6000007FF7D11E2F0EE0152F1CD00ADC042FBB
:100A700012D0142FEED13246294605B0BDE8F0431E
:100A800006F050BA212FE5D1306805F020FA04466F
:100A9000002864D16920C1E73246294605B0BDE887
:100AA000F04306F02FBA3246294605B0BDE8F043C0
:100AB00006F047BA7A1E122ACCD801A151F822F0CA
:100AC000370B0200450B0200890A0200890A020066
:100AD000290B02000D0B0200550A0200550A020004
:100AE000550A0200550A0200550A02001B0B0200BB
:100AF000550A0200890A0200890A0200890A0200D6
:100B0000550A0200550A0200890A020032462946A7
:100B100005B0BDE8F04306F023BA3246294605B0D9
:100B2000BDE8F04306F02EBA3246294605B0BDE8CE
:100B3000F04306F039BA3246294605B0BDE8F04325
:100B400006F044BA3246294605B0BDE8F04306F047
:100B50004FBA372F97E71F2F95E7202F93E70023F2
:100B60000822437202728372C372C0F8109040462A
:100B700006F0BBF86061384600F0E8F82146A06155
:100B800001AA47F20400D4F8008000F003F90746F8
:100B900020B1404605F0C4F938463FE76268336843
:100BA00041469A4228BF1A462846326006F0E9FCC0
:100BB000404605F0B5F935E708B5FFF7EFF9FFF75F
:100BC000C7FA40B9012204481146FBF703FB00288D
:100BD00018BF6FF02D0008BD4CDB002010B5436935
:100BE0000C467BB191F820306FF3C30381F82030BD
:100BF000406900F0B7F8044BA061BDE810401868E8
:100C0000FBF71CBB10BD00BF4CDB002010B591F8FA
:100C100020300C466FF3C30381F82030006960B9BF
:100C2000DBB223F0140343F0140381F82030054BAA
:100C3000BDE810401868FBF701BB00F093F8A06115
:100C4000F5E700BF4CDB00202DE9F341DFF8E88039
:100C50000546D8F800000191FBF716FB074650B196
:100C6000019B002B65D11023AB614FF0FF37384655
:100C700002B0BDE8F081686CA8B1F7F7D3FB461C61
:100C8000304605F024F9044678B9284605F011FAF3
:100C900008B16923AB61D8F80000FBF7CFFA6920EF
:100CA000FBF778FAE1E73E46EAE72B6804220361A6
:100CB0000023027243728372C37295F84B2005F1D0
:100CC0004801013292008260143006F05AFCF6B1FD
:100CD0003246696C206806F0CCFB666095F82030DF
:100CE000042043F00803224647F2810185F82030B2
:100CF00005F009F9284605F0DCF90028B7D12846A7
:100D000005F0D2F940B9A8690028B0D0C8E726702C
:100D10006670A670E670E0E7022001A9FBF772F9A1
:100D200010F10B0F05D00028E9D00028B8BF4042D1
:100D3000B6E77420B4E700BF4CDB002003289CBF5B
:100D4000014B1856704700BFF5A102000238352844
:100D50009ABF034B53F820004FF0FF30704700BF9D
:100D6000407F020070289ABF024B53F820000248CF
:100D7000704700BF7C7D0200ADBAADBA01380428CF
:100D80009ABF034B53F820004FF0FF30704700BF6D
:100D9000687D02004FF0FF3337B50D4DCA60144631
:100DA00015600A4601460420019305F0ACF820685E
:100DB000A84202D0FFF7D6FF08E0022001A9FBF706
:100DC00021F90028F3D00028B8BF404203B030BD5D
:100DD000EEC100BC2DE9F041056807460C463DB167
:100DE00001F47043B3F5005F04D1404BC3E9001533
:100DF000BDE8F0813E4E336863B144F20402914293
:100E000064D00CD844F2020399424ED044F203035A
:100E1000994253D03868BDE8F04105F07BB844F200
:100E2000012221F4807393420FD044F203139942BC
:100E3000F0D1304C206808B105F06CF801222E4B3F
:100E40001A7025600420336826E0DFF8B080D8F8F7
:100E5000000008B105F05EF844F201339C420CBF7B
:100E60000322022295F85170254B264C1A70C8F8BF
:100E7000005017F008053368227810D01AB9052001
:100E800098470123237007F04107012F02D1022068
:100E90003368984701203368BDE8F0411847002ABD
:100EA000F1D0062098472570EDE7174C206808B16F
:100EB00005F030F8032033682560EDE70D4C20681D
:100EC00008B105F027F800220B4BB9E72A78032A6E
:100ED000A0D8DFE802F0020507090720984799E744
:100EE0000820FBE70920F9E70A20F7E760DB00208C
:100EF00050DB002054DB0020B8F000205CDB002039
:100F0000B9F00020BAF0002058DB002008B500231B
:100F1000094A0A4813700A4A13700A4A13700A4AA7
:100F200013700A4A136001221146FBF753F9002897
:100F300018BF6FF02D0008BDBAF0002068DB00205C
:100F4000BCF00020BBF00020B9F0002050DB0020F6
:100F500010B50B4C206818B104F0DCFF00232360AF
:100F6000084C206818B104F0D5FF00232360064C1C
:100F7000206818B104F0CEFF00232360002010BDCC
:100F80005CDB002058DB002054DB002030B4074B32
:100F90001C6844B143688589A4460268C1899BB234
:100FA000E8B230BC604730BC704700BF6CDB00204B
:100FB00037B50125074C4FF4FA70656104F073FCF6
:100FC000002363610193256123690193019B03B0B1
:100FD00030BD00BF0056004030B50D4D89B0036AEA
:100FE00003AC01908DF808300FCD0FC42B6801A819
:100FF000236004F02BFF40B9044603AD55F8043BD1
:10100000984710B90134052CF8D109B030BD00BFA4
:1010100080790200034BD3E8EF2FC3E8E10F0029EA
:10102000F9D1704770DB002038B50546002850D054
:10103000436A002B50D0836A002B4DD00124294BEA
:10104000D3E8EF2F002A03D1C3E8E14F0029F7D1FD
:1010500045D1686A00F04EF8FBF724FA224BC8200D
:101060009C6604F020FC2846FFF7B6FF044640B912
:1010700001221D4B0220DA66FFF7CCFF0024204638
:1010800038BDFFF795FF002C11DBAB6A204698476F
:10109000164B9C421AD013DCA4F18864033C012C4B
:1010A00011D82846FFF798FF04460028E0D0012217
:1010B0000D4BDA66FBF70EFA0020FFF7ABFFDEE719
:1010C0000B4B9C42EDD06FF00404F0E76FF00A0484
:1010D000EDE76FF00D04D2E76FF01504CFE74FF0A6
:1010E000FF34CCE770DB00200050004005004004D6
:1010F00001005005014B1860704700BF74DB0020F1
:1011000007B5044BCDE900011B686846984703B05A
:101110005DF804FB74DB0020014B1870704700BFC2
:10112000BDF00020024B1878431E584258417047CA
:10113000BDF000200021074B01221970064B1970E9
:10114000064B1960064B1960064B18600648FBF702
:1011500041B800BFBEF00020BFF000207CDB0020C3
:1011600080DB002090DB002078DB002070B42D4B6A
:101170001B68196958691A7C00221A745C7C5A74BD
:101180009C7C9A74DC7CDA741C7D1A755C7D5A75C3
:101190009C7D03299A75DC7DDA7529D0042933D02A
:1011A00001292FD18568204E954210D101211A7A4C
:1011B00000221972597A5A72997A9A72DA7A6FF011
:1011C0005F02DA72194B70BC1868FBF737B8911CD4
:1011D00000EB81014C682178622907D0633918BF80
:1011E0000121490046F821400132DDE70121F9E7FC
:1011F000187A1972597A5A72997A9A72DA7A6FF061
:101200005F02DA7270BC7047187A1972597A5A7292
:10121000997A9A72DA7A6FF05F02DA720122044BDD
:101220001A70EFE790DB002084DB002078DB0020E1
:10123000BFF0002008B50A4A0A4B93420ED90A496A
:1012400017230A4A0A4803F07AFC0A4803F077FC9D
:101250001721064803F06AFC1433EEE7FCD308BDFF
:101260005C770200A87602001CA20200F9A102002D
:10127000BD800200A588020070B50446EFF3118618
:10128000202383F31288BFF36F8F0E4B9D6805F008
:101290001EFF042C0CD10C4986230C4A0C4803F089
:1012A0004EFC0C4803F04BFC8621084803F03EFC42
:1012B00086F31188BFF36F8F2846BDE87040F8F7BA
:1012C0008BB800BF94DB002056A2020034A20200BB
:1012D000BD80020073A2020038B5094B53F82040CC
:1012E000013053F82050A54200D838BD636823B1BF
:1012F000204605F0EFFE0834F5E723689847FAE743
:1013000018800200012270B5374B032086B01A7096
:10131000FFF7E2FFF7F712FE0420FFF7DDFF334C83
:10132000334DAC42264628D932494323324A33480A
:1013300003F005FC324803F002FC43212E4803F081
:10134000F5FB54F80C3C059354F8103C049354F806
:10135000143C039354F8183C029354F81C3C01933A
:1013600054F8203C009354E90A2354E90C0101F09D
:101370003FF854F8303C5E65D3E7AE4204F13004E8
:10138000DFD301F015FE194C1E4EAC421FD919498E
:101390006723194A194803F0D2FB194803F0CFFB21
:1013A0006721CBE7D4E90A23B3F1FF3F08BFB2F1CD
:1013B000FF3F05D052EA0301206803D105F033FF57
:1013C0003034E2E73146183002F0A6FAF8E7E9D304
:1013D00001F05CFEF7F73EF80B4A137B23F00103A4
:1013E000137306B070BD00BFC0F000206479020026
:1013F00064790200C9A20200A8A20200BD80020016
:10140000A58802008B72020090D0002008B5034826
:10141000034A0021121A05F075FE08BD80CB00209A
:10142000C4F00020882370B5134E012203FB006630
:10143000002386B0CDE904230F220193CDE90232C7
:1014400014234FF4A0720D4D0D4903FB00550446C3
:1014500002FB00110B4B3046009500F0C9FF737B77
:101460002C7423F004037373074B013403EBC42380
:10147000EE606B6006B070BD08D0002094DB0020E9
:10148000C8FE0020F1170200C8F60020BFB50020FA
:10149000FFF722FF2D4B03F5006282F3088883F3E8
:1014A0000A880024E0232A4D2A4E85F82230EC7762
:1014B0002C766C76AC7685F820406B6A264F43F428
:1014C000E0236B6285F82340F7F708FFF8F7CEF8C2
:1014D0004FF0FF33AB62EB62F8F786FAF8F7EAF801
:1014E00040F201131D4D2846AB81C5E9194402F0B5
:1014F0007DFDB560FFF79EFE0120FFF7EDFE0220A7
:10150000174DFFF7E9FE01F03DFE164B756105939F
:10151000012315494FF44062CDE9034328463B4679
:10152000CDE90144009400F063FF06466A7B28463B
:1015300022F004026A7301F0E9F92046FFF772FF16
:101540003A4631462846F8F76FF800BFC8F6002043
:1015500000ED00E094DB002005130200C0D1002064
:1015600090D00020F6A202000800012038B50D4CF2
:101570000D4DAC4213D90D4919230D4A0D4803F006
:10158000DEFA0D4803F0DBFA1921094803F0CEFA20
:101590002046D4E9011205F0B9FD1834E9E7F7D384
:1015A000002038BD48CA002078CA00201DA30200D0
:1015B000FBA20200BD800200A58802002DE9F04FC9
:1015C000064689B09046DDE9122306A899461746DB
:1015D000059105F074FEDDE90634CDE9023406F12B
:1015E0001404EFF31185202383F31288BFF36F8F68
:1015F000204602F005F960B98823364A3649374853
:1016000003F09DFA2146364803F099FA88213148C3
:1016100033E0204602F018F9EFF30583FBB94FF0F1
:10162000200B06F10C0A424630460599F6F77AFF80
:10163000034620B32046029302F0F0F8029B0028F4
:101640003FD140F23113234A2649244803F077FA68
:101650002146254803F073FA40F23111D7E757EAE3
:101660000903DCD021494B23214A1C4803F067FAC7
:10167000204803F064FA4B211D4803F057FA57EA5B
:101680000907D7D0DDE9022306A805F03CFEDDE915
:1016900006232946CDE9002317462046524699469F
:1016A00001F022FAEFF311858BF31288BFF36F8FED
:1016B000204602F0A5F800289ED0204602F0C4F88B
:1016C000B1E785F31188BFF36F8F184609B0BDE805
:1016D000F08F00BFE082020039830200BD8002006B
:1016E0004E8302000D8302002483020036A3020011
:1016F000FBA2020027880200F8B505460E4600F15D
:101700001404EFF31187202383F31288BFF36F8F44
:10171000204602F075F868B988231B4A1B491C480B
:1017200003F00DFA21461B4803F009FA88211648F8
:1017300003F0FCF9204602F087F828463146F6F718
:10174000A3FE05F10C0005F0A4FD28B139462046A2
:10175000BDE8F84001F080BB204602F05FF868B9B0
:1017600040F23113084A0C49094803F0E8F92146D0
:101770000A4803F0E4F940F23111D8E787F3118801
:10178000BFF36F8FF8BD00BFE08202003983020013
:10179000BD8002004E8302000D83020024830200FC
:1017A000002038B50C4C0D4DAC4213D90C49952393
:1017B0000C4A0D4803F0C3F90C4803F0C0F9952119
:1017C000084803F0B3F9204605F0B2FC002802DB1C
:1017D0002034E9E7F7D338BD46CA002046CA0020C6
:1017E000A1A302007CA30200BD800200A588020024
:1017F00008B50D4B9B6893F90E30002B09DB2024B4
:10180000EFF3118384F31288BFF36F8F03F052FA62
:10181000F6E7064906482A23064A03F090F92A21EA
:10182000044803F083F900BF94DB0020DFA302002B
:10183000BD800200BEA302002DE9F3410446174615
:101840001E46EFF3058565B158496F23584A59483C
:1018500003F075F9584803F072F96F21544803F00A
:1018600065F9EFF31188202383F31288BFF36F8F9C
:10187000524801F0C5FF60B98823514A51494D488B
:1018800003F05DF94D49504803F059F988214C485F
:10189000E5E74A4801F0D8FFE3684C4A9BB1A068ED
:1018A0009168884229D057EA06032ED1434801F0B7
:1018B000B5FFA0B188F31188BFF36F8F6FF00F00F1
:1018C00002B0BDE8F081916891F90E100133E36038
:1018D00093683A482161A36001F0A0FF78B940F213
:1018E0003113374A3A49334803F029F93349394823
:1018F00003F025F940F23111C9E72169E6E788F3E1
:101900001188BFF36F8F0020DAE791F90E1090F97C
:101910000E306FF07E029942A8BF19469142B8BFBF
:1019200011468B4202DD05F019FC05462246414670
:10193000CDE90076214801F0D7F80028E3D0EFF395
:101940001186202383F31288BFF36F8F1B4801F0A9
:1019500057FF002890D0194801F076FFA068C0B169
:10196000236821699C420AD04BB193F90E30994209
:10197000A8BF19466FF07E039942B8BF194605F01B
:10198000EDFB30B131460D4801F066FA6FF00A0008
:1019900096E7002DF6D1094801F040FF00289ED0BF
:1019A00086F31188BFF36F8FF0E700BF29A4020010
:1019B00007A40200BD8002003BA40200B4DB0020AB
:1019C000E0820200398302004E83020094DB002093
:1019D0000D8302002483020070B50446EFF30586F0
:1019E00066B13849D723384A384803F0A8F8384850
:1019F00003F0A5F8D721344803F098F88368002B4A
:101A00005AD0344A9268934259D1C3683BB932499B
:101A1000EF232D4A2D4803F092F8EF21EBE7012B3D
:101A200003D0013BC360002070BDEFF3118520237C
:101A300083F31288BFF36F8F284801F0E1FE60B98D
:101A40008823274A2749214803F079F82349264863
:101A500003F075F888212248CEE7204801F0F4FE13
:101A60002169A06805F07AFB204601F0C3F8A06068
:101A700050B190F90E202261C66700F047FF294659
:101A8000164801F0E9F9CEE7E060144801F0C6FE1F
:101A900068B940F23113124A14490C4803F04FF868
:101AA0000E49134803F04BF840F23111D3E785F3A8
:101AB0001188BFF36F8FB6E76FF01500B4E74FF0F2
:101AC000FF30B1E729A4020007A40200BD80020094
:101AD0003BA4020094DB002060A40200B4DB0020E1
:101AE000E0820200398302004E8302000D8302006F
:101AF000248302002DE9F04704460E46904699469D
:101B00009DF820A000F10805EFF31187202383F34F
:101B10001288BFF36F8F284601F072FE68B98823E0
:101B20003C4A3D493D4803F00AF829463C4803F049
:101B300006F88821374802F0F9FF284601F084FEB4
:101B4000BAF1000F00D0666804F10C0001F052F801
:101B500058B10023C0F81480C36700F0D7FE2846B0
:101B6000394601F079F900201EE0B9F1000F2DD0BF
:101B7000082102F041FAC8B9284601F04FFE68B9C1
:101B800040F23113234A2749244802F0D8FF29465E
:101B9000254802F0D4FF40F23111CBE787F31188DA
:101BA000BFF36F8F6FF00B00BDE8F0870122C0F824
:101BB00004800260016801F003015EB922680A43F3
:101BC0000260626820606AB960600BE04046C8F855
:101BD0000090EFE73268032A10D80160616839B9D4
:101BE000C4E90000042104F1140002F0E7F8B6E7AC
:101BF0000A6802F0030202430A60E5E722F00302EA
:101C00000A430260326802F0030240EA02033360D2
:101C1000E8E700BFE082020039830200BD800200D5
:101C20004E8302000D830200248302002DE9F74356
:101C3000064690461F4600F10805EFF31189202360
:101C400083F31288BFF36F8F284601F0D9FD68B97E
:101C50008823254A2549264802F071FF2946254850
:101C600002F06DFF8821204802F060FF284601F055
:101C7000EBFD3468FCB12368726823F003039442DF
:101C800020464FF00101336008BF736005F075FA1C
:101C90000446284601F0C2FDE8B940F23113124A69
:101CA0001549134802F04BFF2946144802F047FF3C
:101CB00040F23111D7E758EA0703EAD049462846EF
:101CC000CDE9008706F10C0200F00EFF38B90C4B8D
:101CD0009B685C6903E089F31188BFF36F8F20462E
:101CE00003B0BDE8F08300BFE08202003983020048
:101CF000BD8002004E8302000D8302002483020097
:101D000094DB002038B50446EFF31185202383F3DC
:101D10001288BFF36F8F174801F072FD68B98823EE
:101D2000154A1649164802F00AFF1249154802F0F2
:101D300006FF8821104802F0F9FE0E4801F084FDEC
:101D4000204600F057FF48B10022C26700F0DEFDD8
:101D50002946BDE83840074801F07EB8D4E9023290
:101D60009A4218BF01330221A36004F1100002F06F
:101D700025F8EDE7B8DB0020E0820200398302009D
:101D8000BD8002004E830200F7B5044616461D468C
:101D9000EFF305837BB152EA05030CD02D4988236C
:101DA0002D4A2E4802F0CBFE2D4802F0C8FE8821B5
:101DB000294802F0BBFEEFF31187202383F312883A
:101DC000BFF36F8F274801F01BFD60B98823264AB7
:101DD0002649224802F0B3FE2249254802F0AFFE10
:101DE00088212148E5E71F4801F02EFDA368D3B103
:101DF000013B1C48A36001F011FD68B940F23113AA
:101E0000194A1C49154802F09AFE16491A4802F070
:101E100096FE40F23111E4E787F31188BFF36F8F2C
:101E2000002003B0F0BD56EA05030BD10D4801F0C8
:101E3000F5FC0028E2D087F31188BFF36F8F6FF0B5
:101E40000F00EEE722463946CDE90065054800F06F
:101E50004BFEE6E797A4020077A40200BD800200D3
:101E600027880200B8DB0020E082020039830200EC
:101E70004E8302000D8302002483020070B50446E5
:101E8000EFF31185202383F31288BFF36F8F15487A
:101E900001F0B6FC68B98823134A1449144802F0CB
:101EA0004EFE1049134802F04AFE88210E4802F007
:101EB0003DFE0C4801F0C8FC6FF00A06204600F019
:101EC00099FE18B1C66700F021FDF7E7A060022176
:101ED00004F1100001F072FF2946BDE8704001488E
:101EE00000F0BABFB8DB0020E082020039830200B4
:101EF000BD8002004E8302001FB5094A02AB92E882
:101F000003004FF4806283E80300009305494FF01B
:101F1000FF33054800F0FEF9002005B05DF804FB32
:101F2000A8790200080C012018D100202DE9F04307
:101F300005466D4E6D4F85B0EFF31188202383F376
:101F40001288BFF36F8F304601F05AFC68B98823BE
:101F5000674A6849684802F0F2FD6349674802F041
:101F6000EEFD8821624802F0E1FD304601F06CFC94
:101F7000D5F88840ACB9022105F1A00005F024F99C
:101F8000002837D100234FF0FF3202934FF0FF3388
:101F90004146CDE90023304605F1900201F046FBB1
:101FA000CAE7D5F88C202368944208BFC5F88C3066
:101FB000C5F88830D5F8A030304643F00203C5F8A4
:101FC000A030E368D4F8049023F0040343F0010345
:101FD000E36001F023FCB8B940F23113444A4849A8
:101FE000454802F0ACFD4049464802F0A8FD40F2E9
:101FF0003111B7E705F1980400220121204601F0D4
:10200000B7FA0028F8D1BDE788F31188BFF36F8FC6
:10201000B9F1000F0AD13C49374840F2AF233B4A9F
:1020200002F08DFD40F2AF2138489CE72046C847BA
:10203000EFF31188202383F31288BFF36F8F3046AC
:1020400001F0DEFB002882D0304601F0FDFBE368A2
:10205000D90623F0010231D4E260E3689A0716D56D
:10206000386823F00203E36088B10021036870B18F
:102070004268944230D1036841BB7A683B60824237
:1020800000D17B60002340F8083BFFF73BFED5F80A
:10209000A030304623F00203C5F8A030C3F300247B
:1020A00001F0BCFB002897D088F31188BFF36F8F35
:1020B000002C7FF441AF01F06DF83DE723F01103F0
:1020C000E36004F11000FFF71DFEC6E70B607B68BC
:1020D000834208BF7960D5E723B11A6801461846E4
:1020E0001346C4E71A46F9E7C4DB0020BCDB002036
:1020F000E082020039830200BD8002004E830200AC
:102100000D8302002483020044A50200EEA4020015
:10211000F8B5C36804469A070F46C3F3400639D49E
:102120005B0725D40B680BB983680B60E368DD0798
:1021300021D5A3685BB9284928484FF4AF73284AD2
:1021400002F0FDFC4FF4AF71254802F0EFFC0226CF
:102150003B603D68002D3CD0224B9B68AB420CD0CD
:10216000D5F8A030D807C3F3800216D46FF012065A
:1021700000233B6027E00126EBE705F04BF8D5F89C
:10218000A0300028EED1D907C3F3C002EED552B17A
:102190005B0708D46FF00F06EAE7002AFAD1C3F311
:1021A000C003002BF6D100232360D5F88C3063B92F
:1021B000C5E92244284605F012F8E36843F0040319
:1021C000E3603B68A3603046F8BD1C60C5F88C40F6
:1021D000F0E76FF01506CBE70FA50200BD80020007
:1021E000EEA4020094DB002038B50D46044648B941
:1021F0000C4999230C4A0D4802F0A1FC99210A4888
:1022000002F094FC39B90A499A23074A074802F0B8
:1022100096FC9A21F3E71022002105F0BFF96560D2
:1022200038BD00BF2AA50200EEA40200BD80020056
:1022300044A5020037B50C46019059B928494FF41E
:10224000C273284A284802F07AFC4FF4C27125482C
:1022500002F06CFC4B684BB9244940F28513214ACB
:10226000214802F06CFC40F28511F0E7EFF3118594
:10227000202383F31288BFF36F8F1D4801F0C0FA4B
:1022800060B988231B4A1C49174802F058FC1849BA
:102290001A4802F054FC88211648D9E7144801F086
:1022A000D3FA204601A9FFF733FF0446104801F096
:1022B000B5FA68B940F231130E4A11490A4802F0E2
:1022C0003EFC0B490F4802F03AFC40F23111E3E7C3
:1022D00085F31188BFF36F8F204603B030BD00BF78
:1022E0002AA50200EEA40200BD8002003EA5020065
:1022F000C4DB0020E0820200398302004E8302002A
:102300000D830200248302000146014804F06EBFE1
:1023100018D10020F0B589B004460E9D58B92E4959
:1023200040F2DF232D4A2E4802F009FC40F2DF2163
:102330002A4802F0FBFB49B92A494FF43873274A6F
:10234000274802F0FCFB4FF43871F1E7D0F8A00009
:1023500010F0010009D0244940F2E1231F4A20482F
:1023600002F0EDFB40F2E121E2E7C4E9220004F1D2
:102370009000C4E9240004F19800C4E926004DB39C
:102380002879002840F2011008BF0120C4F8A000FD
:1023900000204FF0FF364FF0FF37CDE90330CDE995
:1023A0000100CDE906672046104B009400F084F848
:1023B00055B1296811B1204604F032FF6B791BB189
:1023C000237B43F001032373204609B0BDE8F040AE
:1023D00004F029BF0120D9E75BA50200EEA40200AA
:1023E000BD80020061A5020067A502002D1F02004A
:1023F0002DE9F04385B00F9D04460F2D0E469846FB
:1024000037D1274B984538D104F15803C4E9163326
:10241000109B0027237304230732A57322F00705BE
:1024200006EB0509494663732046C4E90677A760B1
:10243000E773F6F795FD0E9B073020F00700E06686
:10244000C4E9196502930D9BA9EB000901930C9B4C
:102450004A460093314643462046F7F7C5F8114BEC
:1024600067659B6803B11B6F4846236705B0BDE8ED
:10247000F08305F110031E2BC6D94FF403730A4AEB
:102480000A490B4802F05BFB29460A486FF00F032C
:102490000E2202F054FB4FF40371034802F046FB96
:1024A000F117020094DB00209BA50200BEA50200EC
:1024B000BD8002003EA60200F0B587B00446DDE90B
:1024C0001276EFF3058575B1194940F29623194A42
:1024D000194802F034FB194802F031FB40F2962112
:1024E000144802F023FB0595109D04950F9D03955C
:1024F0000E9D02950D9D01950C9D0095FFF778FFAF
:10250000B6F1FF3F08BFB7F1FF3F05D056EA07031A
:1025100005D1204600F0E6FC204607B0F0BD3A4663
:102520003346074904F1180001F0F6F9F4E700BF5B
:1025300029A402009BA50200BD8002006FA6020034
:102540008B72020038B5144D2B4653F8184F9C423D
:1025500000D004B9EC68AB68A8B963B90F49C823C7
:102560000F4A104802F0EBFA0F4802F0E8FAC821CF
:102570000B4802F0DBFA5A7BD20604D1A26912B9E9
:10258000DA897F2A05D89C4202D0204601F0ACF8B7
:1025900023466B6138BD00BF94DB0020C0A602005B
:1025A00094A60200BD8002002788020008B590F9B9
:1025B0000D200146002A437B11DA03F07F034373A9
:1025C0000B4B984209D10B490B4880230B4A02F070
:1025D000B6FA8021094802F0A9FA04F026FE084B59
:1025E0009868431A58425841BDE80840FFF7AABF0F
:1025F00008D0002009A70200BD800200E7A6020063
:1026000094DB002008B583685BB90A490A4840F2A8
:102610002E230A4A02F093FA40F22E21074802F0D4
:1026200085FA04F002FE437B23F002034373002388
:10263000836008BD2AA70200BD800200E7A6020051
:1026400070B590F90D30427B002B38DBD30636D1C4
:102650008369002B33D162F07F024273184A9042A3
:1026600009D1184918487923184A02F068FA7921E3
:10267000164802F05BFA16490A4652F8184F94427F
:1026800018BF2346CC6923B9C0E900242060C86183
:102690000CE090F90E5093F90E60B5420BD0AE42AB
:1026A00009DD5A68C0E90032106058600020BDE8BA
:1026B0007040FFF747BFA342E6D01B68E3E770BD59
:1026C00008D0002009A70200BD800200E7A6020092
:1026D00094DB00202DE9F843171E0E4614BF082195
:1026E0001021427B044611420FD141EA0203D20974
:1026F00028D14373082937D00120FFF723FFBFF308
:102700005F8F637B23F060036373484B9B68A34236
:1027100073D1EFF30583002B6FD1454801F07EF8AC
:10272000002859D140F26B13424A4349434802F012
:1027300006FA3F49424802F002FA40F26B113D4866
:1027400002F0F4F903F07F0343733E4B984208D143
:102750003D4980233D4A394802F0F1F980213B4848
:10276000EEE704F062FDC5E7A36813B12046FFF76A
:1027700049FF04F1180001F095F94FF0000904F148
:102780005808A56D454500D0CDB9DFF8A080D8F830
:1027900008309C42B0D1EFF30583002BACD0012070
:1027A000FFF7D0FE40F20113294DAB8100232846EC
:1027B000C5E9193301F01AFCC8F808509FE728460C
:1027C000FFF720FF05F1180001F06CF92846C5F865
:1027D0007C90FFF735FFD4E73046F6F713FE17B3CA
:1027E0001C4940F2E513194A144802F0A8F91A48A6
:1027F00002F0A5F940F2E511B1E70D4801F00EF83D
:1028000068B940F231130B4A0B490C4802F097F9B2
:1028100007490B4802F093F940F231118FE786F334
:102820001188BFF36F8FBDE8F88300BF94DB0020F1
:10283000C8DB0020E08202000D830200BD800200A0
:102840002483020008D0002009A70200E7A60200A6
:10285000C0D1002041A702004CA7020070B590F93A
:102860000D200146002A437B234C10DA03F07F033E
:10287000A042437309D121498023214A214802F013
:102880005EF980211E4802F051F904F0CEFC4B7B2A
:10289000A14263F07F034B7307D118497923184A8B
:1028A000184802F04CF97921ECE7174A104650F825
:1028B000183FD469834208BF002323B9C1E900044B
:1028C0002160D1610CE091F90E5093F90E60B54290
:1028D0000ED0AE420CDD5868C1E90030016059608D
:1028E0009068BDE87040431A58425841FFF72ABE2D
:1028F0009C42E3D01B68E0E708D0002009A7020053
:10290000E7A60200BD80020094DB002038B5044633
:10291000EFF31185202383F31288BFF36F8F1748DD
:1029200000F06EFF68B98823154A1649164802F070
:1029300006F91249154802F002F98821104802F000
:10294000F5F80E4800F080FF2046FFF779FE0B48AF
:1029500000F064FF68B940F23113094A0C490A4893
:1029600002F0EDF805490B4802F0E9F840F23111A8
:10297000E4E785F31188BFF36F8F38BDC8DB002013
:10298000E082020039830200BD8002004E83020013
:102990000D8302002483020038B50446183001F08C
:1029A00081F8EFF31185202383F31288BFF36F8F33
:1029B0001A4800F025FF68B98823194A19491A48AE
:1029C00002F0BDF81549194802F0B9F888211448F9
:1029D00002F0ACF8114800F037FF627B12F01002F1
:1029E00016D00E4800F01AFF68B940F231130C4AB5
:1029F0000F490D4802F0A3F808490E4802F09FF86D
:102A000040F23111E3E785F31188BFF36F8F38BDD2
:102A100029462046BDE83840FFF75CBEC8DB0020F1
:102A2000E082020039830200BD8002004E83020072
:102A30000D8302002483020070B504460D46EFF3B7
:102A40001186202383F31288BFF36F8F1F4800F095
:102A5000D7FE68B988231E4A1E491F4802F06FF846
:102A60001A491E4802F06BF88821194802F05EF8F6
:102A7000164800F0E9FE637B13F0280F0CD1A36821
:102A800013B12046FFF7BEFD637BBDB903F0FB0326
:102A900020466373FFF7D4FD0C4800F0BFFE80B9F9
:102AA00040F231130A4A0E490B4802F048F8074930
:102AB0000C4802F044F840F23111D6E703F0EB0382
:102AC000E6E786F31188BFF36F8F70BDC8DB002087
:102AD000E082020039830200BD8002004E830200C2
:102AE0000D830200248302002DE9F047DFF8D4A013
:102AF000354D1746DDE90898DAF80820334BA8422F
:102B000004460E461A600BD13149324840F2A323E5
:102B1000314A02F014F840F2A3212F4802F006F8DF
:102B2000EFF31183202383F31288BFF36F8F2846BE
:102B300000F066FE60B98823284A2949254801F03B
:102B4000FEFF2946274801F0FAFF88212348E5E7E0
:102B5000284600F079FEDAF808503946284604F095
:102B60006CFBB8F1FF3F08BFB9F1FF3F06D04A4602
:102B700043461D4905F1180000F0CEFE204600F046
:102B80004DFE68B9194940F26B13144A114801F01F
:102B9000D6FF2146164801F0D2FF40F26B11D5E76F
:102BA000094800F03BFE40B9104940F26B130B4A54
:102BB000084801F0C4FF0449ECE73046BDE8F0479F
:102BC000F6F720BC94DB0020C8DB0020CCDB002023
:102BD0006EA70200BD800200E7A60200E0820200AC
:102BE000398302004E8302008B7202000D830200C3
:102BF0002483020070B50546EFF31186202383F38A
:102C00001288BFF36F8F1D4800F0FAFD68B9882362
:102C10001B4A1C491C4801F092FF18491B4801F04F
:102C20008EFF8821164801F081FF144800F00CFE49
:102C30002C68A54219D034B12046FFF7E3FC04F11B
:102C4000180000F02FFF0D4800F0E8FD78B940F2C1
:102C500031130B4A0E490C4801F071FF07490D482A
:102C600001F06DFF40F23111DCE70024EBE786F361
:102C70001188BFF36F8F204670BD00BFC8DB0020F6
:102C8000E082020039830200BD8002004E83020010
:102C90000D8302002483020038B50446EFF311854A
:102CA000202383F31288BFF36F8F1B4800F0A8FD29
:102CB00068B98823194A1A491A4801F040FF164991
:102CC000194801F03CFF8821144801F02FFF1248F9
:102CD00000F0BAFDA36813B12046FFF793FC0E483D
:102CE00000F09CFD68B940F231130C4A0F490D48C1
:102CF00001F025FF08490E4801F021FF40F2311193
:102D0000E2E785F31188BFF36F8F04F11800BDE887
:102D1000384000F0C7BE00BFC8DB0020E0820200E0
:102D200039830200BD8002004E8302000D83020041
:102D3000248302002DE9F04104460E46EFF311888A
:102D4000202383F31288BFF36F8F384800F058FDBB
:102D5000074660B98823364A3649374801F0EFFE06
:102D60003249364801F0EBFE8821314815E02F4802
:102D700000F06AFD637BDA0611D1A5697DB903F025
:102D80007F0363732E4B9C421ED12E492A48802319
:102D90002D4A01F0D4FE80212B4801F0C7FE002708
:102DA000A673224800F03AFD002837D140F23113D3
:102DB0001F4A2649204801F0C2FE1C49244801F060
:102DC000BEFE40F23111D0E7204604F02EFA637BBC
:102DD000204A63F07F036373134671B2A17353F803
:102DE000180F984218BF0546D06925B9C4E90030CC
:102DF0000460D4610AE095F90E60B1420AD08E42B7
:102E000008DD6B68C4E900531C606C600120FFF7AB
:102E100099FBC6E7A842E9D02D68E6E788F3118858
:102E2000BFF36F8F3846BDE8F08100BFC8DB0020DC
:102E3000E082020039830200BD8002004E8302005E
:102E400008D0002009A70200E7A602000D830200B7
:102E50002483020094DB002070B504460D46F9B9C6
:102E6000EFF30586E6B91A4B5A699B689A4217D068
:102E700000F0D4FC78B940F26B13164A1649174893
:102E800001F05DFE2146164801F059FE40F26B113B
:102E9000104801F04BFE3046BDE87040F6F7B2BA7C
:102EA000204600F0BBFC68B940F23113094A0A49D8
:102EB0000A4801F044FE2146094801F040FE40F274
:102EC0003111E5E785F31188BFF36F8F70BD00BF47
:102ED00094DB0020E08202000D830200BD8002002E
:102EE0002483020038B50446EFF31185202383F3D1
:102EF0001288BFF36F8F1D4800F082FC68B98823E9
:102F00001B4A1C491C4801F01AFE18491B4801F0D5
:102F100016FE8821164801F009FE144800F094FCC2
:102F2000637B5A0716D4114800F078FC68B940F268
:102F300031130F4A1249104801F001FE0B491148A4
:102F400001F0FDFD40F23111E4E785F31188BFF394
:102F50006F8F38BD23F0040320466373FFF770FBC7
:102F60002946BDE838400148FFF776BFC8DB00209E
:102F7000E082020039830200BD8002004E8302001D
:102F80000D83020024830200034648B9EFF3058253
:102F900032B9064A51699268914201D0F6F732BAC5
:102FA00083F31188BFF36F8F704700BF94DB00205D
:102FB00010B5EFF31184202383F31288BFF36F8FD2
:102FC000264800F01DFC60B98823254A254926487B
:102FD00001F0B5FD2149254801F0B1FD88212048C7
:102FE00010E01E4800F030FCEFF3058363B1204988
:102FF0008B23204A1C4801F0A2FD1F4801F09FFDD1
:103000008B211C4801F092FD1C4B9A68D37B012B4D
:103010000AD11B498C23174A134801F090FD16482A
:1030200001F08DFD8C21ECE7013BD3730B4800F0E0
:10303000F5FB68B940F23113094A12490A4801F018
:103040007EFD0649104801F07AFD40F23111C6E7D5
:1030500084F31188BFF36F8F10BD00BFC8DB002061
:10306000E082020039830200BD8002004E8302002C
:1030700029A40200A7A702002788020094DB0020F1
:10308000D2A702000D8302002483020038B5EFF3BB
:103090001185202484F31288BFF36F8F2D4800F030
:1030A000AFFB60B988232C4A2C492D4801F047FD1D
:1030B00028492C4801F043FD8821274813E0254882
:1030C00000F0C2FB284B9A68D37B73B9274940F2C2
:1030D0003133274A224801F032FD264801F02FFD06
:1030E00040F23131224801F021FDEFF3058060B15B
:1030F000214940F232331E4A194801F020FD1D4893
:1031000001F01DFD40F23231ECE70133D373FFF7DC
:1031100019FA104800F082FB68B940F231130E4AE8
:1031200016490F4801F00BFD0A49154801F007FD4B
:1031300040F23111C1E785F31188BFF36F8FEFF3D0
:10314000118084F31288BFF36F8FBDE83840FFF71A
:103150001BBF00BFC8DB0020E082020039830200F1
:10316000BD8002004E83020094DB002003A8020011
:10317000E7A602002788020029A402000D830200AE
:1031800024830200024B03F11802C3E906227047B0
:1031900094DB0020F8B5EFF305836BB1414940F2B1
:1031A0003643414A414801F0CAFC414801F0C7FC9E
:1031B00040F236413C4816E0EFF31185202383F3BB
:1031C0001288BFF36F8F3B4800F01AFB68B9882361
:1031D000394A3A49354801F0B2FC3649384801F0DD
:1031E000AEFC8821344801F0A1FC324800F02CFBF1
:1031F0003449354C8868437BA04203F07F03437316
:1032000007D132498023284A284801F098FC8021C0
:10321000D0E704F00AF88B685A7BA34262F07F0281
:103220005A7307D1294979231F4A204801F087FCA6
:103230007921BFE7084650F8182FCC69824208BFB1
:10324000002222B9C3E900042360CB610CE093F9AA
:103250000E6092F90E70BE421BD0B74219DD516864
:10326000C3E900210B6053600120FFF76BF911489F
:1032700000F0D4FA88B940F26B130F4A14490B4896
:1032800001F05DFC0B49134801F059FC40F26B1151
:10329000A8E7A242D6D01268D3E72846BDE8F84096
:1032A000F6F7B0B829A40200E7A60200BD8002002C
:1032B00027880200C8DB0020E08202003983020078
:1032C0004E83020094DB002008D0002009A70200F2
:1032D0000D830200248302002DE9F04105460E46CD
:1032E000EFF305836BB13F4940F251433E4A3F48FB
:1032F00001F025FC3E4801F022FC40F251413A48E1
:1033000024E050EA010303D1FFF744FF002067E007
:10331000821C71F1FF331BDB03F0CBFF2C18EFF3A2
:103320001188202383F31288BFF36F8F314800F098
:1033300067FA88B98823304A30492C4801F0FFFBEE
:103340002C492F4801F0FBFB88212B4801F0EEFBB4
:103350006FF00104241AE2E72A4F264800F074FABD
:10336000B868294B1860FFF721F9B8682A46334638
:103370001830264900F0D0FABA681E48537B43F053
:103380001003537300F04AFA68B940F26B131A4AFB
:103390001F49164801F0D3FB16491E4801F0CFFB28
:1033A00040F26B11D1E74046F6F72CF8BB685B7B27
:1033B000DB060CD5184940F26D430B4A0B4801F06F
:1033C000BEFB0B4801F0BBFB40F26D4197E703F0F9
:1033D00070FF201A63EB0303012873F1000395DBF0
:1033E000BDE8F08129A40200E7A60200BD8002002A
:1033F00027880200C8DB0020E08202003983020037
:103400004E83020094DB0020CCDB00208B72020094
:103410000D8302002483020034A8020010B5EFF3EC
:10342000058474B1134940F27B43134A134801F0F9
:1034300086FB134801F083FB40F27B410E4801F00C
:1034400075FBB1F1FF3F08BFB0F1FF3F06D10D4B57
:103450009868FFF7A1FA4FF0FF3010BDFFF73CFF6F
:103460004FF47A7247F6FF73C0FB0234D80B40EA80
:103470004440F2E729A40200E7A60200BD80020052
:103480002788020094DB0020014B9868704700BF3A
:1034900094DB002038B50446EFF31185202383F335
:1034A0001288BFF36F8F284800F0AAF968B9882303
:1034B000264A2749274801F042FB2349264801F0C4
:1034C0003EFB8821214801F031FB1F4800F0BCF988
:1034D000237BDA0724D51C4800F0A0F968B940F234
:1034E00031131A4A1D491B4801F029FB16491C4893
:1034F00001F025FB40F23111E4E785F31188BFF3B9
:103500006F8F4FF4AE63174A1749124801F017FB4B
:103510002146164801F013FB4FF4AE611148D2E783
:10352000637B1B0709D5084800F078F90028D6D03E
:1035300085F31188BFF36F8F38BD29462046BDE85B
:1035400038400122FFF7C6B8C8DB0020E082020045
:1035500039830200BD8002004E8302000D83020009
:1035600024830200E7A602000BAD020074A802004B
:103570002DE9F843064688461746EFF311892023C4
:1035800083F31288BFF36F8F214800F039F90546A5
:1035900068B988231F4A2049204801F0D0FA1C4905
:1035A0001F4801F0CCFA88211A4801F0BFFA1848E8
:1035B00000F04AF93468A6421FD004B32046C4F88C
:1035C0007C806761FFF71EF804F1180000F06AFACA
:1035D0002046FFF735F80E4800F020F988B940F290
:1035E00031130C4A0F490D4801F0A9FA08490E4859
:1035F00001F0A5FA40F23111D6E70025EBE72546A8
:10360000E9E789F31188BFF36F8F2846BDE8F88397
:10361000C8DB0020E082020039830200BD80020086
:103620004E8302000D83020024830200D3B5DDE93E
:103630000667089CCDE90067FFF756FA1CB1034BFB
:103640009B685B69236002B0D0BD00BF94DB0020A3
:1036500008B568B10F4B98420AD303F118029042A3
:1036600006D21822C01AB0FBF2F302FB13034BB1CF
:1036700009490A4838230A4A01F061FA3821084802
:1036800001F054FA0122074BC0105843064B1A545C
:1036900008BD00BF48D20020BBA80200BD800200C8
:1036A00093A80200ABAAAAAAC1F00020C3897F2B6D
:1036B00012D80A4B1B6863B1094B90F90E201B68A6
:1036C0009A4209DB437BDB0606D1064BC31A18BFBF
:1036D000012303F0010070470023FAE7D4DB002048
:1036E000D0DB002008D0002070B50E4B0E4C1E7CA5
:1036F000054606EB460304EBC304204600F0D2F96E
:1037000000220A4B28469A55FFF7D0FF48B1084BD4
:103710002046BDE870401A680649013AD31700F008
:10372000FBB870BD94DB002048D20020C1F000201F
:10373000D4DB00205136020038B5EFF31185202389
:1037400083F31288BFF36F8F234800F059F868B9EC
:103750008823224A2249234801F0F1F91E492248D0
:1037600001F0EDF988211D4801F0E0F91A4800F058
:103770006BF81E4B1E4A9C681068A04213D1FFF7DD
:10378000B3FF154800F04AF808BB40F23113134A62
:103790001849144801F0D3F90F49174801F0CFF93F
:1037A00040F23111DFE700211B7C1160134AD35C2A
:1037B000002BE6D02046FFF779FF0028E1D0637B9D
:1037C000DB0602D12046FFF749F82046D7E785F30C
:1037D0001188BFF36F8F38BDC8DB0020E082020084
:1037E00039830200BD8002004E83020094DB00207A
:1037F000CCDB00200D83020024830200C1F00020F6
:10380000006838B1044B00F003001B7CC01A18BFDD
:10381000012070470120704794DB002000230268DC
:103820000360EFF30581074B19B19968497BC9071C
:1038300006D4197C98680843831A58425841704747
:103840000120704794DB0020024B1A7C9B681343D5
:103850000360704794DB002008B50648064A074914
:10386000121A03F051FCBDE80840054A0549064814
:1038700003F04ABC80C500207CCB002074AD020060
:10388000000000005CAD020080C50020034B1B68F7
:103890000BB9F8F71FBB0020704700BFD8DB002032
:1038A00030B570B10B4B5B6898420AD0036843B1E6
:1038B000D3E90421D0E90445121941EB0501C3E91C
:1038C0000421D0E9003213605A600023C0E90033BC
:1038D00030BD00BF20CA002010B50E4B1C689C42B2
:1038E00004D1FFF7D3FF6FF0004010BDFFF7CEFF0C
:1038F000002CF8D0D4E904321B1A62EBE072B3F169
:10390000004F72F10001EEDA002AACBF1846002029
:10391000EBE700BF20CA0020B3F1FF3F08BFB2F1C0
:10392000FF3F2DE9F047044692461D4600F09D807A
:10393000066866B14E496E234E4A4F4801F0FFF8C3
:103940004E4801F0FCF86E214A4801F0EFF8816022
:10395000EFF31187202383F31288BFF36F8F48485A
:10396000FFF74EFF60B98823464A4749424801F0B5
:10397000E6F84349454801F0E2F888214148E4E788
:103980003F48FFF761FFBAF1FF3F75F1FF3323DADC
:103990006FF001033E49D1E900209B1A4FF0FF323E
:1039A00062EB0000B3EB0A0360EB0500012B70F142
:1039B000000201DA01233046C4E90430354B1A68AD
:1039C000D3F804C09A4218BF164686B9C4E9003C31
:1039D000CCF800405C601CE0FFF758FF1AF10108CA
:1039E00045F1000518EB000345EBE070E4E7D6E98C
:1039F0000415D4E904208A4270EB050E28DA891AEE
:103A0000726865EB0005C6E90415C4E9006214603C
:103A100074601A689A4209D0944207D11E4B1C6800
:103A200024B9FFF759FF2146F8F72EFA1448FFF79B
:103A3000F5FEB0B940F23113124A18490E4801F0B0
:103A40007EF80F49164801F07AF840F2311195E7F7
:103A5000521A60EB05006645C4E90420B6D036680A
:103A6000B3E787F31188BFF36F8FBDE8F08700BF1E
:103A700090AA02006CAA0200BD8002002788020002
:103A8000DCDB0020E0820200398302004E8302006A
:103A900060D2002020CA0020D8DB00200D83020065
:103AA0002483020038B50446EFF31185202383F305
:103AB0001288BFF36F8F1B48FFF7A2FE68B98823F7
:103AC000194A1A491A4801F03AF81649194801F0FA
:103AD00036F88821144801F029F81248FFF7B4FE9F
:103AE0002368ABB12046FFF7DBFE00240D48FFF74B
:103AF00095FE80B940F231130B4A0F490C4801F092
:103B00001EF808490D4801F01AF840F23111E1E7BA
:103B10006FF01504EAE785F31188BFF36F8F204635
:103B200038BD00BFDCDB0020E082020039830200E8
:103B3000BD8002004E8302000D8302002483020038
:103B40002DE9F84F0446EFF31188202383F3128800
:103B5000BFF36F8F4748FFF753FE68B98823464A83
:103B60004649474800F0EBFF4249464800F0E7FF6E
:103B70008821414800F0DAFFDFF80C91DFF80CB142
:103B80003C48FFF761FECBF80040D9F80040002622
:103B90004C4508BF00240027DFF8F4A0DBF8003014
:103BA000DAE90021002C4AD0D4E904504FEAE37C42
:103BB000AB427CEB000E05DAED1A60EB0C00C4E9B9
:103BC00004503CE0AA1841EBE5712046C4E90467C3
:103BD000CAE90021FFF764FE2648FFF71FFE68B917
:103BE00040F23113244A2B49254800F0A8FF21490F
:103BF000294800F0A4FF40F23111BAE788F3118898
:103C0000BFF36F8F2046A3689847EFF311882023F6
:103C100083F31288BFF36F8F1648FFF7F1FD00287A
:103C20009CD01448FFF710FEDBF80030D9F80040B4
:103C30005B1B4C45CBF80030B0D1DAE90021002401
:103C40009A1841EBE371CAE90021CBF80040FFF775
:103C500043FE2146F8F718F90648FFF7DFFD002874
:103C6000BED088F31188BFF36F8FBDE8F84FFFF720
:103C700063BD00BFDCDB0020E0820200398302006C
:103C8000BD8002004E83020020CA0020D8DB002045
:103C900060D200200D8302002483020070B5EFF390
:103CA0001186202383F31288BFF36F8F1A48FFF722
:103CB000A7FD68B98823194A19491A4800F03FFF3F
:103CC0001549194800F03BFF8821144800F02EFFE9
:103CD0001148FFF7B9FDFFF7D9FD144AD2E90045B5
:103CE000041945EBE0750C48FFF798FD68B940F200
:103CF00031130A4A0E490B4800F021FF06490D48CE
:103D000000F01DFF40F23111DFE786F31188BFF3A9
:103D10006F8F2046294670BDDCDB0020E082020068
:103D200039830200BD8002004E83020060D2002071
:103D30000D8302002483020008B562B117492E23C7
:103D4000174A184800F0FBFE174800F0F8FE2E2135
:103D5000134800F0EBFE3F290AD914493023104ADA
:103D6000104800F0ECFE124800F0E9FE3021EFE7C9
:103D700053B9104931230A4A0A4800F0E0FE0E48C0
:103D800000F0DDFE3121E3E782600902027B01F4ED
:103D90007C511143C0E9031308BD00BFABAB020067
:103DA000B0AA0200BD800200CBAB0200F1AB020062
:103DB00015AC020025AC020038AC020070B5044618
:103DC0000D46EFF31186202383F31288BFF36F8F24
:103DD0001C48FFF715FD68B988231B4A1B491C487E
:103DE00000F0ADFE17491B4800F0A9FE88211648D7
:103DF00000F09CFE1348FFF727FD2068844209D09D
:103E0000D0E9003213605A6000232946C0E900332C
:103E100003F09AFA0B48FFF701FD68B940F231133D
:103E2000094A0D490A4800F08AFE06490B4800F08D
:103E300086FE40F23111DAE786F31188BFF36F8F07
:103E400070BD00BFE0DB0020E08202003983020089
:103E5000BD8002004E8302000D8302002483020015
:103E600070B504460D46EFF31186202383F31288C4
:103E7000BFF36F8F2148FFF7C3FC68B98823204A3E
:103E80002049214800F05BFE1C49204800F057FE05
:103E900088211B4800F04AFE1848FFF7D5FC012195
:103EA0002068E5608442A16011D11448FFF7B6FC98
:103EB000E8B940F23113124A1549134800F03FFEA9
:103EC0000E49144800F03BFE40F23111E1E7D0E921
:103ED000003213605A600023C0E9003303F034FA63
:103EE000314604460548FEF7B7FF204670BD86F30D
:103EF0001188BFF36F8F0024F7E700BFE0DB0020DD
:103F0000E082020039830200BD8002004E8302007D
:103F10000D8302002483020004322DE97343064618
:103F20000D4620D24FF000084FF0000941F0040187
:103F3000CDE90089FDF742FB0446A0B144F8046BCB
:103F400095B16B1E1C420FD02523094A09490A4826
:103F500000F0F5FD214609482A4600F0F0FD252134
:103F6000034800F0E3FD0024204602B0BDE8708362
:103F700052AC020076AC0200BD800200A8AC020088
:103F800003280A4608B501D983070CD010494223FB
:103F9000104A114800F0D3FD104800F0D0FD422136
:103FA0000C4800F0C3FD431E03420AD00C494623CF
:103FB000084A094800F0C3FD0A4800F0C0FD462148
:103FC000EEE70146BDE808400748FFF7A5BF00BF80
:103FD000D0AC020052AC0200BD8002000DAD020068
:103FE000748102008F81020048CA0020014B0367E0
:103FF000704700BF48CA002038B504460D4603F09C
:1040000009F920B9064B9B681B6F0BB938BD054BEE
:104010002A4621461846BDE83840FFF77DBF00BF5D
:1040200094DB002048CA00200CB430B589B00546A6
:104030000C461C22002101A803F0B0FA02230595CA
:104040008DF806300D4B029323462CB1B4F1004F8E
:1040500028BF4FF00043013B1D440DAA0C9901A855
:104060000695009200F0E8F814B1059B00221A7042
:1040700009B0BDE8304002B0704700BFAD75020026
:10408000242A2DE9F041044601D8012A4CD1364BAF
:10409000162203F093FA1A5001B10C60002738463B
:1040A000BDE8F08135462E4616F8010B2028F9D0E0
:1040B000A0F109070346042FF4D92B2836D02D2868
:1040C00037D14FF0010CAE1C6B78302B38D13078E3
:1040D00040F0200078282FD132F010002CD17378D6
:1040E0003446102202360CF1004000270138B0FBA4
:1040F000F2FE02FB1E08392B82BF03F1FF3343F0AF
:104100002003263B303B9A421ED9774502DC03D17F
:10411000984501D24CF0020C354607FB0237344675
:1041200015F8013B2E46E6E70546BCE74FF0000CCC
:10413000C9E74FF0000CC8E7002A08BF0822D2E701
:10414000002A08BF0A22CEE701B10C601CF0010F63
:1041500018BF7F421CF0020FA1D0034B222207465A
:1041600003F02CFA1A509AE70C000000242AF0B54C
:10417000044601D8012A40D12E4B162203F01EFA24
:104180001A5001B10C600020F0BD2F463D4615F8D5
:10419000010B2028F9D0A0F109060346042EF4D91A
:1041A0002B282CD02D282CD10126BD1C7B78302B20
:1041B0002DD1287840F02000782824D132F010004A
:1041C00021D16B782C46102202350020392B82BF7A
:1041D00003F1FF3343F02003263B303B9A421AD9C8
:1041E000A0FB02040CB9C01801D346F002062F460A
:1041F0002C4617F8013B3D46E8E70746C6E7002690
:10420000D3E70026D3E7002A08BF0822DDE7002A0B
:1042100008BF0A22D9E701B10C60F20748BF40424B
:10422000B307B1D5034B222203F0C8F91A504FF05F
:10423000FF30A9E70C0000002DE9F04F43688DB076
:1042400015468046029383789A0740F10D81002439
:104250000E78002E00F00A81252E0BD04B1C039304
:10426000013441463046029B98470028C0F2F68050
:104270000399EDE74E788B1C252E0393F0D0002791
:10428000B946BB46BBF11F0F38D8A6F12003102B4F
:104290000AD8DFE803F02A090930090909210909C8
:1042A0000928092D09091F00A6F13003092B33D96C
:1042B0002A2E37D11BF0400F55F8043B40F0828086
:1042C000002BA7BF4BF0200B9946C3F100094BF020
:1042D000280B01E04BF0010B039B13F8016B0393D8
:1042E000002ECFD130E04BF0020B4BF0040BF3E784
:1042F0004BF0080BF0E74BF0100BEDE7BBF17F0F35
:1043000019D8A6F13003092BD2D81BF0400F03D0E7
:104310000A2101FB0737DFE70A214BF0200B01FBE5
:104320000939D9E72E2E06D11BF0400F40F09E80B0
:104330004BF0400BD0E76C2E31D02BD8682E36D006
:104340006A2E3CD04C2E3AD0002F46F02003B8BF46
:104350002BF04002A3F16501BCBF00271FFA82FBCE
:10436000022901D9612B2FD107350727DFF8ACA22D
:1043700025F0070508351BF0080F66D00AEB070B80
:1043800056465E4563D1A4EB0A0AA9EB070906EB82
:104390000A026FE1742E9FD07A2E9DD0D4E71BF0D5
:1043A000800F18BF4BF4007B4BF0800B94E71BF49D
:1043B000807F18BF4BF4007B4BF4807B8CE74BF481
:1043C000207B89E71F4687E7A6F16301122900F2E7
:1043D000F080DFE811F013004F00EE00EE00EE0079
:1043E000EE004F00EE00EE00EE00EE00EE00FE00EC
:1043F000E900EE00EE001B00EE00AF0055F8043BB4
:1044000001270DF1180A8DF81830B4E755F804AB00
:10441000834BBAF1000F08BF9A461BF0400F50467D
:1044200014BF39464FF0FF3103F033F80746A2E7D7
:1044300041462020029B984700280FDB013EB742EF
:10444000F6D34C44B146A41B98E74E46F7E74146E5
:1044500016F8010B029B9847002892DA98F8023070
:1044600043F0040388F802304FF0FF3420460DB0CB
:10447000BDE8F08F1BF0800F34D01BF4007F2CD0F0
:10448000073525F00705AA4669685AF8080B2BF08E
:1044900010050029ADB237DA404245F4806561EB82
:1044A00041010DF1180B0A235A4603F014F8A0EB52
:1044B0000B0301936B0662D5019B25F001019F421E
:1044C00089B240F3A180002E00F0998015F010020F
:1044D00040F09C80BB460D4623E0AA465AF8040BE8
:1044E000C117D4E7AA461BF4807F5AF8041B01D1F8
:1044F0000846F5E71BF4007F19BF48B241F3C0112D
:1045000008B241F3C031C2E750EA0103C9D11BF040
:10451000400FC6D0002FC4D12BF01102BB4601972B
:1045200095B240F2064115EA01021CBF0BF1010BE6
:1045300000222CE02BF010020A231FFA82FB1BF052
:10454000800C49D01BF4007115BF0735AA4625F031
:1045500007055AF8040B1EBFAA4669685AF8080BEB
:1045600050EA010545D12BF016051BF0400FADB206
:1045700042D0002F40D12BF01702019795B215F0D1
:10458000100248D0019B002E42D103F1010B2907F4
:104590005AD4EB0706D5D9456FDDA9EB0B0301997A
:1045A000CB465F185B4649E04BF0100B1023782692
:1045B000C5E7782B04D1C6F1780343F01003BEE7BA
:1045C00041462520029B98470028FFF647AF02345A
:1045D00047E608230026B2E7AA461BF480715AF882
:1045E000040BBDD01BF400711ABFC0B2614680B28B
:1045F000B6E72BF0060295B20DF1180B54E725F043
:104600001105BB46ADB28CE70D46B8E73B460D46FB
:1046100003F1020BBBE7DDF804B082E741AD020015
:104620003AAD0200CDE9043241462020029B984772
:104630000028FFF613AF049B059A01339945F1DC7E
:10464000A4EB0B019B46CC180AB341463020029BD9
:1046500098470028FFF602AF8EB901342744391B72
:10466000019B994224DC1D4655BB019AA9EB0B091D
:10467000554622441446914433E0019F92E70234A8
:1046800041463046029B98470028E7DAE6E640F2CA
:1046900006410D42E2D015F0020F04F1010441463B
:1046A00014BF2B20202015F4806F18BF2D20E9E7C0
:1046B00041463020029B013498470028CFDACDE6EE
:1046C00006AB013D4146585D029B98470028CBDA76
:1046D000C4E641462020029B013498470028FFF69B
:1046E000BDAEA9EB0403002BF3DCC1E5F0B589B046
:1046F00005460C46164600211C2201A81F4602F062
:104700004DFF0223204605958DF806300A4B029393
:104710002CB1B4F1004F28BF4FF0004001380544E0
:104720003A46314601A80695FFF786FD14B1059B70
:1047300000221A7009B0F0BDAD75020070478368A1
:1047400000EBC101B3F5004F2CBF51F8220031F846
:104750001200704700EBC1018068B0F5004F2CBF1C
:1047600041F8223021F812307047012208B5FFF7D6
:10477000E6FFD04008BD836800EBC101B3F5004FF0
:1047800008D34B681AB143F001034B60704723F024
:104790000103FAE74B881AB143F001034B807047DD
:1047A00023F00103FAE753000122FFF7D3BF836828
:1047B000B3F5004F34BF04230823C91A081AC008F0
:1047C0007047B0F5004F34BF042308230731C818E1
:1047D000C00870470A4608B50121FFF7F2FF013211
:1047E000121AB2FA82F0C0F11F0008BD2DE9F041A3
:1047F000174603220E460446FFF7A1FF86420546F0
:1048000007F104080AD10122E368BA4023EA02034F
:10481000E360002344F82830BDE8F08131460222ED
:104820002046FFF78CFF06462B4601460322204612
:1048300044F82850FFF78EFF334629462046BDE84E
:10484000F0410222FFF786BF70B50D468668044628
:10485000FFF78BFFB6F5004F014601D3012809D0C1
:104860003046FFF7B7FF294602462046BDE87040B4
:10487000FFF7BCBF70BD2DE9F0470546806888464C
:10488000FFF7A8FF05EB800ADAF810900646B9F1A9
:10489000000F1BD00327DAF8104028462146FFF707
:1048A00064FF404507D3324621462846FFF79EFF66
:1048B0002046BDE8F087032221462846FFF73FFF48
:1048C000013FCAF8100001D08145E4D14FF0FF3418
:1048D000EB680136B4401C40EAD094FAA4F2B2FA74
:1048E00082F2131D55F82340DEE72DE9F04114460E
:1048F0000E460546FFF739FFA4EB0608371B0744B1
:10490000424631462846FFF74EFF3A4621462846A2
:10491000FFF749FF4346002221462846FFF71AFFCA
:1049200021462846FFF721FF3B4621180022284652
:10493000BDE8F041FFF70EBF2DE9F04116460446F1
:104940000F46FFF712FF314605462046FFF70DFFE1
:1049500005442A4639462046FFF725FF31462046C2
:10496000FFF703FF2B46311800222046BDE8F04137
:10497000FFF7F0BE2DE9F0410D4686680446FFF7CB
:10498000F4FEB6F5004F014601D3012832D030467F
:10499000FFF720FF04EB80010E6996B90122E3685E
:1049A00082401343E36002220D612B4629462046D4
:1049B000FFF7D0FE032229462046BDE8F041FFF76D
:1049C000C9BE022231462046FFF7B9FE074603461C
:1049D00029462046FFF7BEFE0322334629462046DD
:1049E000FFF7B8FE39462B462046FFF7B3FE0222FA
:1049F0003146E1E7BDE8F081F8B50C460546FFF722
:104A0000B4FE2618012231462846FFF798FEC30758
:104A10000CD431462846FFF717FF21462846FFF7FA
:104A2000A4FE214622182846FFF786FF00222146D1
:104A30002846FFF784FE271A012239462846FFF749
:104A40007EFE10EA020613D139462846FFF7FCFE27
:104A5000214632462846FFF772FE2246211A284692
:104A6000FFF76AFF214632462846FFF768FE241A00
:104A700021462846BDE8F840FFF77CBF70B50668C0
:104A800009B9002070BDB068B0EBD10FF9D9FFF7BC
:104A900098FE014605463046FFF7EDFE0446002825
:104AA000EFD001463046FFF760FEA84209D9254401
:104AB000214630462A46FFF718FF29463046FFF7C1
:104AC00059FF304601222146FFF755FEB368B3F582
:104AD000004F34BF0423082303EBC4031844D1E779
:104AE000002070470FB407B504A951F8040B0191D9
:104AF000F3F744FE03B05DF804EB04B07047002008
:104B000070470CB4034607B504AA084652F8041BC4
:104B1000DB680192984703B05DF804EB02B0704780
:104B200000207047FCF758BFF3F76CBE002383F3F7
:104B30001188BFF36F8F0423184602DF70470FB44C
:104B400007B504A951F8040B0191F3F717FE03B060
:104B50005DF804EB04B07047838B13F0070305D1B5
:104B60000368002B0CBF002003207047022B05D1E7
:104B7000C08BB0FA80F0400980007047012B05D14E
:104B80000368002B0CBF00200520704700207047F1
:104B900010B50C4600B111B96FF0150010BD081D1D
:104BA00000F02FF80028F9D1A368032BF6D9F3E71A
:104BB0002DE9F0410D4607461946281D90461E4630
:104BC000F4F736F9044638B13346424629463846AA
:104BD000A446BDE8F0416047BDE8F08138B50C4619
:104BE000054658B151B10B6843B14B6833B120222F
:104BF000002102F0D3FC00202C6138BD6FF01500BD
:104C0000FBE7034640B1426802F00302022A06D0E5
:104C1000032A04D0012A05D06FF0150070471A68E6
:104C2000002AF9D0002098607047704700F01F02FA
:104C30001F210420F4F74CB900F0070207210220DD
:104C4000F4F746B9024601210720F4F741B94201C1
:104C5000E021152002F0E002F4F73AB9490001F032
:104C6000020100F001020A4327200321F4F730B9C2
:104C7000012801D1EFF30583FCF7FEBA0146006875
:104C8000FFF7F6BF08B5F4F767F9BDE80840F4F799
:104C900087B97047704700210120FFF7E9BF436ED5
:104CA00083F30B88704761B662B680F31188BFF357
:104CB0006F8F704772B6002383F31188BFF36F8F35
:104CC000BFF34F8F30BF62B6BFF36F8F704772B6BE
:104CD000002383F31188BFF36F8FBFF34F8F20BF83
:104CE00080F31188BFF36F8F62B6704740E800F31E
:104CF00013F4803FD8B208BF6FF01500704730B58D
:104D00000C684B6885B00A894D890094013B24F0FA
:104D10001F04234402F01F0242EA451223F01F033E
:104D200069468DF808200393F4F7FAFC05B030BD0E
:104D300008B5F4F71FFF002008BD08B5F5F712FB12
:104D4000F5F7AEFB002008BD10B1006800B1406867
:104D50007047FCF771BD10B50346FFF7F5FF28B1AA
:104D6000C2681AB1BDE810401846104710BDFCF7E4
:104D700033BE10B50446F5F785F848B12046F5F77F
:104D8000DDF88368986818B18047C31E58425841BF
:104D900010BDF8B5069F0469C9B2EFF3118620254E
:104DA00085F31288BFF36F8F0C2505FB0144A56CBA
:104DB00005F0070CBCF1010F0CD1A76486F3118834
:104DC000BFF36F8FC4E91023436853F8313098471D
:104DD0000020F8BD05F0C005AF4286F31188BFF38F
:104DE0006F8F0CBF6FF077004FF0FF30F1E713B516
:104DF00080240094FFF7CDFF02B010BD0069CBB254
:104E000000EB4310002110470020F8F701BD0020FF
:104E1000F8F778BD1046FCF775BF8022F5F7A6BB02
:104E2000084608B51146F8F79DFB002818BF6FF03B
:104E3000040008BD08B500F035FE002818BF6FF06B
:104E4000040008BD436800205B681B690B60704765
:104E5000436802EA01005B6821EA020198600020D1
:104E6000D9607047436800205B6899607047436869
:104E700000205B68D960704743685A68536821EA2C
:104E800003000B4090600020D3607047CA0743685E
:104E900005D4C1F34201012904D0022909D06FF0E1
:104EA000150070474FF0CC721B680020C3F8242512
:104EB00070474FF0C8621B68F7E7002201210A2003
:104EC000F4F744BB13B5002101AA044600F00AF828
:104ED000002805DB019B226819791868F6F796F817
:104EE00002B010BD30B543681360057A446804EB26
:104EF000C504A34202D36FF0010030BD5C798C423F
:104F000001D00833F0E70020F7E710B50469204628
:104F100002F02CF90023636110BDF8B587680646DE
:104F20007C68E4B1436893F8264014F0010418D17A
:104F300005694FF0FF334FF0FF322846FCF77CFC49
:104F40006B69013B6B613BB97B6830469847041E37
:104F5000BEBF6B6901336B612846FCF73DFD2046FF
:104F6000F8BD0024FBE7F0B4D0E901631B693BB155
:104F700077688F4208DB3568954205DCF0BC18473E
:104F80006FF05700F0BC70476FF01500FAE7F0B40F
:104F9000D0E901631B6A3BB137698F4208DBF568D2
:104FA000954205DCF0BC18476FF05700F0BC704725
:104FB0006FF01500FAE770B4D0E90162956A034614
:104FC0000C46A5B196F8242012B92B4670BC1847A0
:104FD000306A024410F8011BA14202D12146184652
:104FE000F3E79042F6D16FF0850070BC70476FF028
:104FF0005700FAE72DE9F3410E46D0E9014794F84E
:1050000025108046FF2905690FD194F82610C1F3B9
:105010008101022914D0D8F8083000391B6B18BF61
:1050200001214BB96FF0570003E0FFF7C4FF0028E0
:10503000EBDA02B0BDE8F081404698470028F8DB83
:10504000A268B2F1004F05D011464046FFF78BFF32
:105050000028EEDB6269B2F1004F05D011464046F0
:10506000FFF795FF0028E4DB2368B3F1004F14D06D
:10507000D8F808305B69002BD4D0404601A9984786
:105080000028D6DB2268019B9A421CDD114640466F
:10509000FFF769FF002805DACBE76FF0004362688D
:1050A0009A42E5D19EB994F826309B0716D0404627
:1050B0003B6898470028BCDBA069F6F757F86B6996
:1050C00001336B610AE062689342EBDDDEE76B69F6
:1050D00001336B6194F82630DA0601D40020A8E78A
:1050E0004046FFF71AFFA4E710B48468A468A446FA
:1050F00010BC604770B5B1B101240589AA420CD338
:105100004689964209D3D0E900140020521B04FBC3
:1051100002121A6070BD2C46EFE7A14200F10C00AC
:1051200004F10105F7D86FF01500F3E7002130B561
:10513000436808461B6B1C7A5B6808338C4203F19A
:105140000C0300D830BD33F80A2C33F80C5C013165
:10515000521B01321044F1E713464268106B8AB2C9
:10516000017A4068FFF7C6BF2DE9F0479846002353
:10517000012788B08DF810300DF10303CDE9053714
:10518000072301AD0E461446D0F8009090F804A015
:105190008DF80410029503978DF81C3002225346B7
:1051A000484602A9FFF7A0FFB8B99DF8032022EAFC
:1051B000040304EA08041C43A2420ED002238DF823
:1051C00004608DF80540029503938DF81030534626
:1051D0003A46484602A9FFF787FF08B0BDE8F087C6
:1051E00010B44068046BA37853B1012908D8C900F2
:1051F00001F0F80308222178283010BCFFF7B4BF73
:105200006FF0850010BC7047012340681A46016B9F
:1052100028300978FFF7A8BF40680023016B0122FE
:1052200009782830FFF7A0BF2DE9F0474FF00008BC
:105230004068066B96F808A07568C24523D9D5E981
:1052400000472B89B5F80A909E46A9EB030C07FB93
:105250000C4C614503DD0C3508F10108EDE7A24275
:1052600011DBA14214DB624511DC8FB1091B7D1EED
:105270002944B1FBF7F119448BB2A3EB0E0E07FBE7
:105280000E44944204D96FF01500BDE8F0874B46F8
:1052900071783F22BDE8F047DBB22830FFF764BFEA
:1052A00010B588B08DF807100DF1070102910121AA
:1052B00003460024CDE90521072200689B8803915D
:1052C0008DF810408DF81C20022202A9FFF70CFF78
:1052D00008B010BD37B545680C462B6B0DF10702C1
:1052E000597805F12800FFF7DBFF00280BDB9DF85C
:1052F0000720286B02F03F02017A234640688DF8B0
:105300000720FFF7F7FE03B030BD13B540680C4629
:10531000036B9A787AB119780DF107022830FFF7FC
:10532000BFFF002805DB00209DF80730C3F3C00352
:10533000237002B010BD6FF08500FAE770B54468C5
:1053400086B0054604F12806FFF7DFFDA06A01F0EC
:10535000ABFE00287DD0236B304659780DF1070253
:10536000FFF79EFF00280DDB94F93430216B002BF2
:105370000ADA236B304619780DF10702FFF790FF28
:1053800000281BDA06B070BD9DF80720A06A02F065
:105390003F0242EA83124978A38D8DF8092002AAC0
:1053A000039202228DF8081004928DF81420012235
:1053B00003A9FFF799FE0028DBDAE3E794F935301B
:1053C00094F93610002BB3BF00229B01C022134674
:1053D000A8BFDBB2002994F8376094F8380021DBCD
:1053E000C90001F0380142F038020B43DEB900BBBE
:1053F000216BA06A0E789DF8071021EA02021A4379
:10540000A38D8DF8092002AA039202228DF808606C
:1054100004928DF81420012203A9FFF765FE0028ED
:105420000DDAAFE726B142F0040243F00403DEE7F1
:1054300020B142F0020243F00203D9E73AB99DF8E5
:105440000710284601F00101FFF7D4FD9AE7C022BA
:10545000CEE76FF0120095E743681B68D3F880042D
:10546000C3F88004704710B544682368C3F8441536
:10547000C3F848250022C3F82021D3F82011C3F82F
:105480005821D3F858216268D20608D5082142680D
:105490001268C2F800154FF48002C3F804230122F9
:1054A0009A6010BD436802691B68D3F8100150B1BF
:1054B0000020926912780A70C3F81001D3F8102105
:1054C00001221A6070474FF0FF307047002A10B574
:1054D000044610DD43681B68D3F8100150B100206A
:1054E0002269C3F81001D3F81001012092691278E3
:1054F0000A70186010BD0020FCE7436801691A6853
:10550000EFF31183202080F31288BFF36F8F002008
:10551000C96888734FF48001C2F8041383F31188BB
:10552000BFF36F8F704701220369DB689A7370477E
:105530000369DB689A7B02F0FF0162B94268126876
:10554000D2F8580140B1D2F8040310F4800003D01F
:105550000120196170470020704743681B68D3F829
:105560001001003818BF01207047102243681B68E3
:10557000C3F804237047102243681B68C3F808234C
:1055800070474FF4007243681B68C3F804237047E8
:105590004FF4007243681B68C3F80823704738B59E
:1055A000436804461D68D5F804335B0205D4D5F87A
:1055B000040310F0100006D138BDFFF7B9FF002832
:1055C000F5D00120F8E72046FFF7C7FF003818BFE5
:1055D0000120F1E7012070470369D8680160DB68AA
:1055E0005A60704702680346D2F8580140B95B68B8
:1055F0009B0706D4D2F82001003818BF012070475D
:1056000001207047F8B506690546F3689C89103398
:105610009442A8BF14460122D3E8EF0F002803D11B
:10562000C3E8E72F002FF7D10CBF134600231ED18C
:10563000F3682246986801F0A4FFEFF31187202356
:1056400083F31288BFF36F8F6868FFF7CBFFF368AF
:1056500038B90446186187F31188BFF36F8F20466D
:10566000F8BD224628469968FFF7FDFEF3E71C4681
:10567000F5E710B442681368D3F80413C90517D5C9
:10568000D3F82011A1B1EFF31181202484F3128803
:10569000BFF36F8FD3F8204134B10024C3F8204109
:1056A000D3F820410124DC6081F31188BFF36F8FB0
:1056B0005268D20619D5EFF31181202282F31288A5
:1056C000BFF36F8FD3F8582112B10022C3F8002521
:1056D0000269D2680AB112691AB94FF48002C3F89C
:1056E000082381F31188BFF36F8F0269D4686CB10E
:1056F000D3F8581161B100212161D468A47B3CB179
:105700004FF48000C3F80803D368997310BC704746
:10571000D3F8241121B10021C3F82411D3F8243186
:10572000D2681368002BF1D0516810BC18470022D2
:1057300001210B20F3F70ABF10B50B6813B9184607
:10574000136005E003685C681CB1146003681868A6
:1057500010BD083303600B68013B0B60EDE710B52B
:1057600003680446DBB19868C8B149B1197B0122CE
:10577000F5F7AAFE23681869BDE8104001F090BC57
:1057800012B99A88D2040AD4186901F089FC2368F6
:105790000022BDE81040197B9868F5F795BE10BD52
:1057A00010B5012200210446FFF7D9FFA36933B9E0
:1057B000636004F11000BDE81040FCF7A3BA10BD0F
:1057C00010B5006903688B4206D190F86C4034B97B
:1057D000FFF7E6FF204610BD6FF01500FBE76FF006
:1057E0000F00F8E738B5027803460C4662B98D6EB3
:1057F0005DB94B6E1C696FF07303236404F12800DC
:10580000FCF780FA84F86C5038BDC86D48B10A6E58
:105810003AB1DB682BB1984203D02A46496F01F0B8
:10582000B0FEA36DA56E9BB19D4211D85B1BA36515
:105830004BBB636C04F1580208336364A36C04F13E
:105840004801013BA36404F14400FFF775FF606564
:10585000236E9BB19D4211D85B1B2366CBB9E36CD1
:1058600004F160020833E364236D04F15001013B4D
:10587000236504F14C00FFF75FFFE065606EBDE853
:105880003840F5F7F3BE636D002BE1D02B44636520
:10589000DEE7E36D002BF1D02B44E365EEE708B5BE
:1058A000F6F78CF908BD01F0FBBB01F0B3BC00209A
:1058B0007047006800F0A2BE38B5044604B938BD90
:1058C000E069256801F090FD204601F08DFD2C4631
:1058D000F4E7FBF7B1BFFCF77FB8002307B5CDE9CC
:1058E0000033F6F7B1FF03B05DF804FB2DE9F04F8C
:1058F000064640688BB00C46DDE914579046994641
:1059000008B1FFF7E8FFD6F800A005B1AFB9002352
:105910002146CDE9003342464B46504601F07AF825
:105920000446706828B14FF0FF324FF0FF33FFF7A5
:10593000D0FF20460BB0BDE8F08F4FF0160B04AB44
:105940005A460021184601F029FE03AACDE90002BB
:1059500021464B4642465046CDF80CB001F05AF86D
:10596000041EDEDBBDF81020012A0AD1039B082BA0
:10597000D7D1BDF812102A80059A69806A603B6011
:10598000CFE7022ACDD1039B162BCAD1BDF8123026
:105990000DF1140C6B802B460DF1240E23F8042B13
:1059A000624603CA724518605960944603F10803C1
:1059B000F6D19DF824302B751823E0E7002307B5B6
:1059C000CDE90033FFF792FF03B05DF804FB38B573
:1059D00005460068FAF7B6FE044610B92846F7F700
:1059E00039F8204638BDF0B5056808880B4601280F
:1059F00087B00DD14A884B68ADF802200822ADF877
:105A0000000001936946284600F00AFD07B0F0BD8A
:105A1000022815D14A88ADF80000ADF8022001AE89
:105A20000A1D01F11407344610685168083203C496
:105A3000BA422646F7D11B7D16228DF81430E1E7D5
:105A4000284607B0BDE8F04000F0EABC7047F7F721
:105A50002FBB00B589B006AB02930823039301ABBB
:105A6000049304230791CDE9053004AA032002A979
:105A7000F7F752FD0228019B09D003280AD060B92C
:105A8000181E18BF0120404209B05DF804FB6FF0FA
:105A90001500F9E76FF08500F6E74FF0FF30F3E708
:105AA00000207047002070477047004701F0F8BAA7
:105AB00038B504461546F7F7D1FD29462046BDE81E
:105AC0003840F7F7E3BD430903BF4FF0FF3323FA34
:105AD00000F000F001000020704770B501F10803EC
:105AE00030F813301646DA0504460D4609D5C3F3DF
:105AF000432300EBC302314650F833305268284646
:105B00009847A3682BB131462846E268BDE870404B
:105B1000184770BD2DE9F3411746DDE9085801909B
:105B200001A80C461E46F7F78BFF019B391E18BFD4
:105B3000012100EB8300231E18BF0123002E43EA3E
:105B4000410314BF0C210021002D43EA010314BFBF
:105B50004FF4E0610021B8F1000F43EA010314BFE4
:105B60004FF440310021D0F800220B4322EA030316
:105B700004B124780FB13F787F001C430EB1367812
:105B8000B6003C438DB1297809023443B8F1000FC7
:105B900003D098F800804FEA0848214341EA080101
:105BA000C0F8001202B0BDE8F0812946EDE71FB54C
:105BB0000DF10F03019300238DF80F101A461946BB
:105BC0000093FFF7A7FF05B05DF804FB10B504795B
:105BD0000A462046F7F788FF18B111462046F7F726
:105BE000A1FF00F0010010BD38B505790446284634
:105BF0000A46F7F797FFC0B111462846F7F774FF3A
:105C000098B911462846F7F763FF012322688340BD
:105C1000C2F80833226803B202EB8303D3F81025DD
:105C200022F00302C3F8102538BD0021BDE838403A
:105C30001046FFF7BCBFF8F7BFB8FFF7D5BFF7F7BF
:105C40007FBF70B50126A2F58074A40806FA04F49B
:105C5000054614EA010008D0A85830B100213046AA
:105C6000A950AA581A6822431A6070BD00232DE972
:105C7000F34104460D460193904601AB4FF4A672E2
:105C8000FFF7DFFF4FF4827229462046FFF7D9FF66
:105C90004FF48C72074629462046FFF7D2FF06468E
:105CA00030B1B8F1000F1DD017B13E46D4F83C35E5
:105CB0004FF488722946204601ABFFF7C2FF30B18E
:105CC000B8F1000F03D016B90FB1D4F83C354FF43A
:105CD00090722946204601ABFFF7B3FF019802B04E
:105CE000BDE8F0814646E3E7012370B504460D4662
:105CF00064264361002202212046FFF7B7FF20B946
:105D00000120FFF7D3FE013EF4D100236B77C4F8E6
:105D1000003570BD07B5019001A8F8F773FC0123A9
:105D2000019A9340836003B05DF804FB07B50190CE
:105D300001A8F8F767FC0123019A9340C36003B000
:105D40005DF804FB91F820200346032A29D8DFE8F8
:105D500002F0212519028A68500304D5D3F84C2596
:105D60000869904207D18A6852031AD4D3F84C25A7
:105D70008969914215D000200622C3F80005C3F8B6
:105D800000257047D3F84C2508699042F3D1D3F829
:105D90003C25EDE7D3F84C250969EAE7D3F83C2523
:105DA000FAE70120704730B50124A2F58075AD08EF
:105DB000AC400C4207D0815829B100218150825853
:105DC0001A6822431A6030BD002313B50C460193B4
:105DD0004FF4A47201ABFFF7E6FF21464FF4827245
:105DE000FFF7E1FF21464FF49272FFF7DCFF2146F7
:105DF0004FF4A872FFF7D7FF21464FF4A672FFF7C2
:105E0000D2FF21464FF4B072FFF7CDFF4FF4AE72D0
:105E10002146FFF7C8FF019802B010BD07B50190F9
:105E200001A8F9F7EFFA0123019A9340836003B0C8
:105E30005DF804FB022904D0042906D0012900D111
:105E40007047806808B1F6F727BB7047F9F77CBB4D
:105E5000002210B50468944200D110BD00EBC201CD
:105E60004B68013223F0FF0343F003034B60F2E77A
:105E70000420F8F757BB0420F8F772BBF8F70EBB05
:105E800038B504460025031D2268AA4201D8002324
:105E900019E04FF00002D3E8CF0F032804D1C3E884
:105EA000CC2FBCF1000FF6D102D008330135EBE75F
:105EB00001EB851318464022002101F06FFB0346D9
:105EC00004EBC504A060184638BD0830704738B5EB
:105ED000054620B9F9F73EFB80B9002038BDF6F73A
:105EE000D3FA04460028F8D0F9F734FB38B9204635
:105EF000F6F7D2FA0120F6F79DFAEEE72C46C560D8
:105F000040F8084FEAE740EA0141104640F8081D12
:105F1000F9F732BBF9F72ABBF9F722BBF6F7B4BAA7
:105F200008B5F6F7B9FABDE808400120F6F782BADD
:105F30000429F8B50546174603D0102910D00024CF
:105F40000CE00820F6F792FA04460028F7D0002368
:105F500043600123478003802B6843602046F8BDDF
:105F60001620F6F783FA04460028E8D0061D122210
:105F70000021304601F012FB022323802B4667806C
:105F800005F1100253F8041B934246F8041BF9D1A3
:105F9000E4E7134609B9116070470A88012A02D064
:105FA000022A07D070471A68082A28BF08221A60F8
:105FB00001F0E7BA1A68162A28BF1622F7E708B5D3
:105FC000FAF73EF840B100F11C03D3E8EF1F0131AE
:105FD000C3E8E21F002AF8D108BD006808B1F9F74C
:105FE000BFBF704737B50025036804460093838F11
:105FF0006846ADF80650ADF8043000F0EBFD38B15E
:10600000A36B6846984794F83E300BB1A563E563EF
:1060100003B030BD4068003818BF0120704700232E
:106020000B60836813B9C0E9011170471960816082
:10603000704738B505460C46F9F7A4FAAA682368F4
:1060400094426B6008BFAB6000232046236000F0E1
:106050004DF9BDE83840F9F79BBA406870470069D0
:10606000431E5842584170470069831E58425841A8
:1060700070470069C31E5842584170474069B0F5E7
:10608000817F05D040F21113C31A5842584170471E
:106090000120704790F82000C0F34000704790F84E
:1060A0002000C0F38000704790F82000C0F3C000CB
:1060B0007047006C00F00100704790F8200000F07D
:1060C000010070470369012B05D18069A0F18003AD
:1060D0005842584170470020704790F82000C0098E
:1060E0007047836933F0800314BF0120002070479C
:1060F00090F82000C0F340107047806B003818BF44
:106100000120704790F83400431E584258417047B0
:1061100008B590F82030014613F001020BD1FFF7CB
:10612000E0FF28B90846FFF7CDFF80F00100C2B2BA
:1061300002F0010008BD0022FAE770B504460D46E2
:1061400016462046FFF7E4FF70B155B1284600F02F
:10615000BCF848B931460220F5F754FF0028F0D0CA
:1061600070BD6368002BF5D00020F9E74068003867
:1061700018BF0120704790F82200003818BF012096
:10618000704710B50446FFF7ACFF94F82010C1F338
:10619000401340EA0302236982F00102012B14BF7D
:1061A0000123C1F38003D2B220461A40FFF766FFF5
:1061B00048B1C1F300112046FFF784FF0A4080F088
:1061C0000100104010BD0121F5E710B50C46F9F7AC
:1061D00037FF28B190F8203064F3861380F8203020
:1061E00010BD10B50C46F9F72BFF28B190F82130FF
:1061F00064F3000380F8213010BDD0E9092353EA8D
:10620000020109D04FF47A71B3FBF1F001FB0200F7
:106210000128B8BF012070474FF0FF307047D0E928
:106220000B2353EA020109D04FF47A71B3FBF1F06A
:1062300001FB02000128B8BF012070474FF0FF307A
:106240007047013802288CBF0020012070470138B8
:1062500002288CBF0020012070470388012B03D047
:10626000022B06D001207047082914BF002001200E
:1062700070471629F9E7032915D011280CD004DC42
:1062800088B106280AD000207047B0F5817F05D07C
:1062900040F211139842F6D1022900E0012914BFFF
:1062A00000200120704701207047C368012B03D0F4
:1062B000022B07D0012070470888012814BF002056
:1062C0000120704708880228F8E700B1006800380C
:1062D00018BF0120704700B10068704743894068CB
:1062E0001844704702894089101A704710B5044657
:1062F0004068FFF70FFEE06808B1F6F7BFF82046E8
:10630000BDE81040F6F7BAB810B50446206800B9E9
:1063100010BD626803689042236008BF6360FFF7A6
:10632000E5FFF3E700F01ABD10B5044660B140691F
:1063300008B1F6F7A3F8A06908B1F6F79FF8204670
:10634000BDE81040F6F79AB810BD10B5044600F04D
:1063500003FD23684360A36983602046BDE81040C5
:1063600000F0FCBC2DE9FF4180460F461646FFF7C2
:1063700068FF38B96A20F5F70DFF4FF0FF3004B021
:10638000BDE8F0813046F9F7C1FE08B97B20F2E79D
:106390003846FFF75CFF08B96B20ECE7394630461A
:1063A000FFF769FF0028F7D0F9F716FE054608B990
:1063B0001720E0E70020FFF78AFD044620B92846B1
:1063C000F9F750FE6920D6E74FF0FF330C22037433
:1063D00043748374C3740023027243728372C37262
:1063E0004046FAF7ABFC6061384600F05DFC0146C0
:1063F000A061304600F059FC2146E06101AA47F255
:1064000001000295FAF7C6FC044620B12846F9F7C8
:1064100029FE2046AFE7C5E9038728686E61AEE72D
:1064200073B506460C461546FFF7C9FD019050B9F5
:106430000920F5F7AFFE4FF0FF3401A8FFF7CDFDBF
:10644000204602B070BDFFF74CFE10B1019B986969
:10645000EFE70198FFF723FE08B17F20E9E70198F5
:10646000FFF718FE08B17820E3E70CB90E20E0E74B
:1064700021460198FFF719FF08B96A20D9E7294694
:106480002046FFF7EAFE08B91620D2E70198FFF789
:1064900010FE054620B1019B5D69113D18BF012525
:1064A0000020FFF714FD024608B96920C1E7002368
:1064B00014210661017243728372C372218801291B
:1064C00011D0022917D00199042091F8203043F00F
:1064D000020381F8203047F20201D560FFF713FD77
:1064E000CDB17720A5E76188C375818204218175CC
:1064F00063688361E7E76188C37581821021231D8A
:106500008175143400F1180153F8040BA34241F8CB
:10651000040BF9D1D7E70198FFF781FE00900198AD
:10652000FFF7B8FD20B90198846984B1204680E75F
:1065300069460220F5F766FD10F10B0F05D0002823
:10654000EDD00028B8BF404273E7742071E7FFF731
:1065500095FD00283FF471AFDDE90010FAF774FBF8
:1065600004466AE730B585B005460C46F9F768FD84
:1065700038B90920F5F70EFE4FF0FF33184605B085
:1065800030BD0CB90E20F5E72146FFF78EFE08B9A5
:106590006A20EFE70020FFF79AFC014608B969205E
:1065A000E8E7002314220561027243728372C3720A
:1065B0002288012A0AD0022A10D047F2050001AA37
:1065C000FAF7E8FB03460028D8D0D3E76288C37502
:1065D00082820422827563688361EEE76288C375F4
:1065E00082821022231D8275143400F1180253F8A0
:1065F000040BA34242F8040BF9D1DEE730B585B0B5
:1066000005460C46F9F71CFD38B90920F5F7C2FD1F
:106610004FF0FF33184605B030BDFFF720FD08B935
:106620005F20F3E70020FFF752FC014608B969201C
:10663000ECE70023042224EAE474027243728372BA
:10664000C372056144616A4447F20800FAF7A2FB8D
:1066500003460028DED0D9E7F0B593B007460D46D3
:106660001446FFF7ACFC029050B90920F5F792FDF3
:106670004FF0FF3402A8FFF7B0FC204613B0F0BD86
:1066800015B11CB90E20F1E7002CFBD1FFF7E7FC98
:1066900008B95F20EAE70298FFF70BFD28B10298DE
:1066A000FFF769FD08B90B20E0E70298FFF7A5FDA9
:1066B00001900298FFF701FD50B10298FFF75BFDD2
:1066C0000028D2D0F9F788FC064680B91720CDE71C
:1066D0000298FFF750FD0028EFD1022001A9F5F73D
:1066E00091FC0028E5D00028B8BF4042BEE700205A
:1066F000FFF7EDFB014620B93046F9F7B3FC6920FE
:10670000B4E70761049675B17CB10CAB47F20C009D
:1067100003AA0593FAF73EFB074640B13046F9F766
:10672000A1FC3846A2E72B46F0E72346EEE73DB151
:1067300034B1BDF83630042B04D0102B15D02760AF
:10674000346897E701232768ADF81830082F28BF71
:106750000827BDF83430ADF81A300E9B07933A463F
:10676000284606A900F00DFFE9E70223ADF818302E
:10677000BDF8343007AFADF81A3012ABADF82C00CD
:1067800013E90F0087E80F002768162F28BF162788
:10679000E5E72DE9F04F87B0894616461D46109F64
:1067A000009003F0400803F4007AF9F749FC04462E
:1067B00038B90920F5F7EEFC4FF0FF3007B0BDE81F
:1067C000F08F35F4107305D1B8F1000F11D0BAF184
:1067D000000F01D05F20EDE7FFF721FD029020467A
:1067E000FFF767FCA8B9B8F1000818BF4FF001081F
:1067F00005E0FFF714FD0290BAF1000FEFD020463C
:10680000FFF780FC40B12046FFF76BFC68B1A06940
:10681000D0E74FF00108F2E72046FFF762FC0028BE
:10682000F5D12046FFF74EFCF0E72046D7B1FFF741
:1068300016FC00BB39462046FFF737FD08B96A2031
:10684000B8E738461199FFF708FD08B91620B1E7F7
:106850002046FFF709FC70B12046FFF70FFC50B14E
:106860007F20A7E7FFF700FC28B12046FFF717FCC1
:1068700008B979209EE72046FFF7F1FB40B120469A
:10688000FFF7FCFB20B1B6F5006F28BF4FF40066A0
:10689000FFF742FBB04206D22046FFF7E0FBC8B14B
:1068A000FFF73AFB064600252046FFF721FC18B10A
:1068B0002046FFF72DFC78B93046FFF708FB8346EA
:1068C000C8B9012002A9F5F79DFB80B9B8F1000F06
:1068D000F2D004E07A206DE7B8F1000F01D00B2070
:1068E00068E7022002A9F5F78DFB0028DCD000281C
:1068F000B8BF40425EE7009B0361B9F1000F04D0CE
:1069000032464946006800F03CFE94F83400002806
:106910003CD0FAF733FA0021024684F83410BAF179
:10692000000F0ED0029D42F040026B1C30D04FF49D
:106930007A7195FBF1F5ADB2B5F5167F28BF4FF42E
:106940001675002F47D020460192FFF788FB019A69
:10695000002840D11A218BF809008BF808108BF819
:106960000A008BF80B00CBF81420ABF82C503A88B7
:10697000012A10D0022A1AD047F20700594603AA6A
:10698000FAF708FA0346B8BB049817E70246C6E7C9
:106990004FF41675D5E77A888BF81B00ABF81820F2
:1069A00004228BF81A207A68CBF81C20E4E77A8856
:1069B0000BF11C01ABF8182010228BF81B008BF890
:1069C0001A2007F114003A1D52F804CB824241F814
:1069D00004CBF9D1D0E7002106208BF809108BF801
:1069E00008008BF80A1047F206008BF80B10CBF862
:1069F0001420ABF81850C1E70C2806DC0A2807DD84
:106A0000B8F1000F3FF450AF69E78C283FF4D2AEE5
:106A10001846CFE62DE9F74F8946DDE90C7A154691
:106A20001E4603F48078FFF7CAFA019058B909208E
:106A3000F5F7B0FB4FF0FF3701A8FFF7CEFA384665
:106A400003B0BDE8F08F36F4A17301D05F20EFE70B
:106A500027B1BAF1000F04D10E20E9E7BAF1000F17
:106A6000FAD1FFF7FCFA28B10198FFF718FB08B933
:106A70008020DDE70198B8F1000F16D1FFF719FB70
:106A800008B9730611D50198FFF7C4FA68B90198DF
:106A9000FFF727FB48B90198FFF714FB28B90198C5
:106AA000FFF70BFB08B90B20C2E70198FFF7A5FB26
:106AB0006A46009000210198FFF73FFB18B10028BB
:106AC000B8BF4042B4E70198FFF7A4FA88B901982B
:106AD000FFF7F8FA002876D10198FFF7EEFA0028C0
:106AE000A5D10198FFF7FDFA0028A3D0019B986972
:106AF0009EE70198FFF7B1FA044627B1C1685246F4
:106B00003846FFF746FA002706F0020A2046FFF74C
:106B1000E9FBA8421DD82046FFF7E4FB0646002EFD
:106B20008AD02046FFF7DAFB09EB070B0146324615
:106B3000584600F026FD01983744FFF795FA50B10A
:106B4000BAF1000F7FF478AF21460198FFF771FA90
:106B500072E72E46E3E70198FFF78BFA0028EFD1A2
:106B6000BAF1000F14D0B5423FF466AFB8F1000F90
:106B700004D06A4621460198FFF7DFFA2046AD1B94
:106B8000FFF7A9FB04460028C0D1002F9FD053E790
:106B90006389204633446381FFF7A4FB18B921467B
:106BA0000198FFF746FAB5423FF446AFAD1BB8F186
:106BB000000F04D06A4600210198FFF7BEFA019841
:106BC000FFF74BFADEE7002736E708B5F9F762FA78
:106BD000002008BD38B504460068F9F731FA0546CB
:106BE00028B90120E38843F02003E38038BDFFF794
:106BF00064FA0028F5D12846FFF773FAF8B1E38864
:106C000043F00803E380A388DA0707D52846FFF797
:106C1000ADFAE8B1E38843F00103E380A3885B07A2
:106C200007D52846FFF7ADFA18B1E38843F004030F
:106C3000E380B4F90600003818BF0120D6E72846E3
:106C4000FFF740FA0028DED0E38843F01003D9E7CD
:106C50002846FFF790FA0028DCD12846FFF732FAE1
:106C60000028D7D1DAE738B50D461446F9F7E8F928
:106C700028B90920F5F78EFA4FF0FF3006E0032D12
:106C800003D0042D03D01620F4E7006C38BD012C8E
:106C9000F9D804640020F9E7431F002B03D8DFE88C
:106CA00003F00100032070477047292815D005DC48
:106CB000062814D0112814D048B17047B0F5817F50
:106CC0000DD040F2111398420BD0FF280CD10129AE
:106CD00009D0022908BF0220704706207047012012
:106CE00070470220704708467047292811D00ADCF7
:106CF000012810D0062810D0002808BF042018BF93
:106D00004FF0FF307047B0F58D7F08D0B0F5007FB1
:106D1000F5E70620704708207047012070474FF4C0
:106D20008070704708B5031F092B0FD8DFE803F008
:106D30000811050E0E0E0E0E0E056FF0010008BDB7
:106D40007320F5F727FA6FF00A00F8E7FAF70AF868
:106D5000F7E76FF06300F2E7C06870474269C36805
:106D60001A60704708B5034624301AB95A62426067
:106D7000002008BD082A28BF082200F002FCF7E71F
:106D800008B503462C301AB9DA624260002008BD0B
:106D9000082A28BF082200F0F4FBF7E738B50446BC
:106DA0000D4639B1082A0BD01620F5F7F3F94FF04C
:106DB000FF3038BD002AF7D18263C2630020F8E7B4
:106DC000F8F7E0FB95E8030004F1380383E80300DB
:106DD0002046FFF707F9F8F7DBFBEFE773B504464A
:106DE00008680D461646F9F7C9FF002801DB042E96
:106DF00006D01620F5F7CEF94FF0FF3002B070BD87
:106E00002B68204684F83430FFF77CF900230028F3
:106E1000F4D0CDE900331A4619462068FFF7B9FCD3
:106E2000ECE708B509B1042A05D01620F5F7B2F948
:106E30004FF0FF3006E00B782BB1012BF5D180F835
:106E40004830002008BD0223F9E710B5541E1B2C62
:106E500002D812F0030405D01620F5F79BF94FF085
:106E6000FF3010BD930880F84B304C3000F089FBA8
:106E70002046F6E708B509B1042A05D01620F5F733
:106E800089F94FF0FF3008BD0B78003B18BF012394
:106E900080F849300020F6E708B509B1042A05D08A
:106EA0001620F5F777F94FF0FF3008BD0B6880F832
:106EB0004A300020F9E770B5054614460E4631B950
:106EC00092B11620F5F766F94FF0FF3070BD002A39
:106ED000F7D0406C08B1F5F7D1FA601CF5F7C6FAA7
:106EE000686438B96920EDE7406C08B1F5F7C6FA77
:106EF0000020EBE72246314600F043FB00226B6C9A
:106F00001A55F5E710B5134612680446042A28BF3F
:106F1000042208461A6004F1180100F032FB002038
:106F2000A06110BD10B5134612680446082A28BF98
:106F3000082208461A6004F1240100F022FB002018
:106F400010BD10B5134612680446082A28BF08224F
:106F500008461A6004F12C0100F013FB002010BD5C
:106F600013B50446134694F84820084601921A685F
:106F700001A9042A28BF04221A6000F002FB0020A5
:106F800002B010BD13B50446134694F849200846D4
:106F900001921A6801A9042A28BF04221A6000F08D
:106FA000F0FA002002B010BD13B50446134694F861
:106FB0004A20084601921A6801A9042A28BF04221F
:106FC0001A6000F0DEFA002002B010BD10B50446D1
:106FD0000846114694F84B309A000B689A4228BF35
:106FE0001A460A6004F14C0100F0CBFA002010BDF3
:106FF000F8B5456C0E461446176875B12846F1F78A
:1070000011FA0130B842024628BF3A4629463046B6
:10701000226000F0B6FA0020F8BD3A462946304614
:1070200000F0BCFA2560F6E770B504460E4600F0A5
:1070300025F80546206808B1FEF76CFF48F2020308
:107040009E4218D048F209039E4214D048F2010330
:107050009E420BD16B684BB104F1140204F138016C
:1070600052F8040B8A4243F8040BF9D12046BDE8DC
:10707000704000F005B863696B60F7E7C06870475F
:107080000269C3681A60704700207047002070478B
:10709000002070470020704700207047FAF742B880
:1070A00008B1F2F71DBE704740B1C368587810F0C0
:1070B00001001EBF1878B0FA80F040097047EFF366
:1070C0001183202383F31288BFF36F8FFEE708B587
:1070D000FFF7F5FF10B5D0E9003433B90020E268BE
:1070E000537843F00103537010BD204698470028A1
:1070F000F4D00028B8BF4042FF28A8BFFF20E368B3
:107100001870ECE700F04ABA00F03BBA10B400F196
:107110000C04C0E9034410BCF1F790BA07B5CDE9FF
:1071200000230A460421FAF749FA03B05DF804FB8C
:10713000C2688369134313F003030CD103614169EF
:10714000994201D8002070470169013311608169BB
:1071500002610A44F3E76FF01500704790F90E30B2
:107160008B4201D0FBF7E6BD0020704703460020AC
:10717000C3E90033C3E90200704710B5044630B1DB
:107180000268930703D0446809B100F02DF9204646
:1071900010BD012307B5009300230A461946FAF7EC
:1071A000A9FC03B05DF804FB5AB18A4209D300F18F
:1071B0001003C0E90212C0E90000C0E90433002056
:1071C00070476FF015007047012302688B4022EA78
:1071D0000303036022FA01F000F00100704720B1C0
:1071E000002290301146FCF7C3B9704710B5FBF789
:1071F00021F8041E08DDEFF31180202383F31288A9
:10720000BFF36F8FFBF7C0FE204610BDC0E9000042
:1072100000207047EFF30580003818BF0120704749
:107220006FF057007047FBF75DBED0E90032136086
:107230005A600023C0E90033704738B504460D4654
:10724000FBF7B4F9637B43F002036373E5B1A56018
:107250002B689D4209D16B68C4E900531C606C60C7
:1072600012E06A689A42F6D01B68002BF3D094F9BA
:107270000E2093F90E108A42F3D09142F1DD5A6844
:10728000C4E9003214605C6038BD01211838FBF796
:10729000D3BB38B5054600202C68A54200D004B900
:1072A00038BD2046FBF7F8FC2046FBF72FFB0120FA
:1072B000F2E708B5FCF7F2FC08BDFCF7EFBCB3F150
:1072C000FF3F08BFB2F1FF3F70B504461D461646AA
:1072D00013D01A4315D06FF001024FF0FF33921B09
:1072E00063EB0501002904DAFCF7D8FC821941EBB5
:1072F0000501C4E90021204670BD4FF0FF32114660
:10730000F7E70022FBE7B3F1FF3F08BFB2F1FF3F11
:10731000F8B5074616461C4610D054EA020311D0B1
:10732000FCF7BCFCB0420A46A14103460AD2F31A5C
:1073300064EB0204C7E900343846F8BD4FF0FF3370
:107340001C46F7E70023FBE72DE9F041846805467A
:107350000E46ECB16378012B25D114F8533C9A0703
:1073600014D5A4F160073846FBF796FC082E0CBF35
:107370006FF003030023E36114F8533CDB0605D1EF
:1073800054F8483C13B93846FBF7C0FA0023237081
:107390000020EB68A860C3F38632164366F394338B
:1073A000EB60BDE8F081022BF0D12378002BEDD00B
:1073B00054F8048CB8F1000FE8D004F11400FCF785
:1073C00071FB0023A4F1140739464046E362FAF743
:1073D00031FFDBE70023C0E900008360704783686A
:1073E0000B60C3681360704720B1011F50F8040C94
:1073F000FAF782B9704701460420FCF7C1BD013994
:10740000024410B5904201D1002005E0037811F844
:10741000014FA34201D0181B10BD0130F2E7C9B2E1
:107420000346184613F8012B12B18A42F9D170476E
:10743000002918BF0020704730B50A440546914224
:1074400001D100200FE015F8013B11F8014BA3F129
:1074500041001928A4F1410098BF2033192803D80E
:107460002034181BEBD030BD181BFCD1002CE6D10A
:10747000F9E710B50139044632B111F8013F013A7C
:1074800000F8013B002BF7D1002100F087F82046DF
:1074900010BD0246014410B58A42134603D01C7841
:1074A0000132002CF8D1181A10BD0A7870B56AB9EB
:1074B00070BD9A4209D10C46054614F8013F002BD5
:1074C000F6D015F8016F9E42F7D001300378002BFB
:1074D000EFD11846ECE7F0B5C3F13707044603F0E7
:1074E0001F031046FFB2082BE6B232D0102B3DD05E
:1074F0006508A40845EAC17544EA81748A082D1913
:1075000042EB5102290941EA02716D1842EB121255
:10751000290A41EA02616D1842EB1222290C41EA64
:1075200002416D1842EB1242AD1842F10002EC0824
:1075300044EA4274D10804EB8402A6EB4205EDB2A2
:10754000092D0CD90134A5F10A0541F10001EDB274
:1075500012E0E40806F0070544EA4174C908303532
:1075600054EA010200F8015BBDD1F0BD240906F028
:107570000F0544EA01740909092D84BFED19EDB224
:10758000EDE70A44431E914200D1704710B511F84F
:10759000014B914203F8014FF9D110BD024403465B
:1075A000934200D1704703F8011BF9E7D1E9043297
:1075B00093421EBF5A1C0A61187070470148006848
:1075C000704700007CD20020B00BFF7F010000005C
:1075D000C19B010000000000199C01000000000098
:1075E000599C0100000000009D9C0100000000006B
:1075F000D19C0100000000006DD3010000000000DC
:1076000011A60100BC7602006D150200000000000A
:10761000A11702000000000035AA0100D076020088
:10762000354E0200E476020099B10100F8760200BE
:1076300045A901000000000009BE01000000000093
:10764000E5BF01000000000089C60100A876020025
:107650009D9B010000000000A15A020000000000F4
:10766000F91E020000000000A1AD01000C7702002D
:1076700025B50100207702003D5302004877020043
:107680003D53020034770200F59C01000000000029
:107690003B4D0200000000001DCF01000000000073
:1076A00001D1010000000000FD9102000000000077
:1076B00010C9002044CA0020F0D50020828A0200B0
:1076C000187A0200287A020034CA002004D400206C
:1076D000A88B02004C7A0200647A020038CA0020AB
:1076E00060D400208D8A020000000000447A02006D
:1076F00036CA002000000000D48B0200D47B0200B8
:10770000087C020040CA002064C80020B48B02003C
:10771000887A0200CC7A02003ACA00202CC80020E5
:10772000088D02004C7C0200C07C020042CA00208E
:1077300098C80020C58B0200E47A02005C7B02003E
:107740003CCA00206CD40020CF8B0200207B0200BA
:107750005C7B02003ECA002084D4002000000000B0
:10776000974C020000000000974C0200000000004F
:10777000974C020000000000974C0200000000003F
:10778000974C02003DD90100AB5A020000000000F6
:10779000974C020000000000974C0200F8760200AF
:1077A0007356020000000000974C020055F20100E1
:1077B000AB5A0200CDEB0100AB5A02000000000002
:1077C000974C020000000000974C020000000000EF
:1077D000974C020000000000974C020000000000DF
:1077E000974C020000000000974C020000000000CF
:1077F000974C020000000000974C020000000000BF
:10780000974C02000000000001BC010000000000D5
:10781000974C020000000000974C0200000000009E
:10782000974C020000000000974C0200000000008E
:10783000974C020000000000974C0200000000007E
:10784000974C020000000000974C0200000000006E
:10785000974C020000000000974C0200000000005E
:10786000974C020000000000974C0200000000004E
:10787000974C020000000000974C0200000000003E
:10788000974C020000000000974C0200000000002E
:10789000974C020000000000974C0200000000001E
:1078A000974C020000000000974C02009DE501008B
:1078B000AB5A020000000000974C020000000000DC
:1078C000974C020000000000974C020000000000EE
:1078D000974C020000000000974C020000000000DE
:1078E000974C0200C1E30100AB5A02000000000007
:1078F000974C020000000000974C020000000000BE
:10790000974C020000000000974C020000000000AD
:10791000974C020000000000974C0200000000009D
:10792000974C020000000000974C0200000000008D
:10793000974C020000000000974C0200000000007D
:10794000974C020000000000974C0200000000006D
:10795000974C020000000000974C0200000000005D
:10796000974C02000000000001000000E1C7010088
:10797000FDCB0100FFFFFFFFFFFFFFFFFFFFFFFF4A
:1079800021FF0100B90B02000D0F020091700200EF
:107990009970020089700200CB6B0200510F020047
:1079A000957002008D700200E5A402000001000045
:1079B00000000000000000000000000000000000C7
:1079C0000338FDD870470000FF4A0200214B020037
:1079D00000000000ED87010080C5002000000000CD
:1079E0000600010002000000EC7902000000000027
:1079F0004287020006000000E0FF0F0068C500207B
:107A00004A87020021000000E0FF0320F9A40100E2
:107A1000E9A501000000000081A70100A5A6010062
:107A2000094E02000F4E020069A601001B4E020023
:107A3000EF4D02000000000035A50100000000002D
:107A400000000000214E020000000000FFFFFFFFC9
:107A500000258440000000000000000000100340EA
:107A60000100000009AC0100454E0200514E020029
:107A7000654E02006F4E0200794E0200BDAA010061
:107A800095A901000000000000A0004000000000D7
:107A9000000000000000000000004006000001019E
:107AA00010000000BB4E0200B07A0200FF1F000071
:107AB00000A00040BC7A020001000000C47A02006D
:107AC000020000000B0018000C0016008D4E020092
:107AD0000000000051AE01000000000000000000A6
:107AE000E1AD0100A05A3200A05A3200A05A320083
:107AF00000000080FFFFFF7F00000080000000000A
:107B000000000000D48B020000FF09000C77020087
:107B100046000000987B0200FFFFFF00000000000D
:107B200040771B0040771B0040771B00000000805F
:107B3000FFFFFF7F00000080000000000000000049
:107B4000D48B020000FF09000C7702004600000001
:107B5000BC7B0200FFFFFF00010000000952020091
:107B6000195202002D5102005951020029520200FF
:107B7000D5520200000000000000000000000000DC
:107B800000000000E15102000B5302000000000061
:107B900000000000000000002B2C0000A47B02006D
:107BA0000200000040771B00A086010000000B00CF
:107BB00070032D0050C300000C003F00292A010073
:107BC000C87B020001000000C027090050C300006C
:107BD00000003F00008000400200000000000000A4
:107BE000E47B020000800040F07B02000100000006
:107BF000F87B0200040000001200000013000200E5
:107C00001400040015000600A5540200F1B30100A1
:107C10005954020005560200CD540200FB540200E4
:107C200027550200315502006B55020077550200BE
:107C3000315502005B550200835502009155020048
:107C40009F550200D5550200D955020000B00040F2
:107C50000000000000127A00000000000000000098
:107C600000000000FFFFFFFF0000FF000000000019
:107C700000000001010000002F570200FF1F00005C
:107C8000907C0200FFFFFFFF0000000000000000EA
:107C900000B000409C7C020001000000A47C0200B7
:107CA000030000000300080004000A0005000C00A7
:107CB000D076020008000100D07602000700010023
:107CC00035B70100C157020000800020E804000021
:107CD000E88400200020000068A5002000200000AB
:107CE0000000000000000000010000004D5A0200EA
:107CF000E9BE010091CC0100B9580200BD59020053
:107D0000DB580200CF590200E9CA01000000000060
:107D1000ADCE0100E7590200B3580200C1CD010009
:107D200049C80100ED5802003DC70100ADC6010081
:107D3000F9C8010000000000000000000000000081
:107D400099FE01006D04020000000000297002008D
:107D5000D50D02008D0F0200CCA10200D1A10200BE
:107D6000D9A10200E5A1020000000002000000010C
:107D700000000004000000080000001000000000E7
:107D80000C000000690000000B0000007200000001
:107D90008000000016000000700000007800000065
:107DA0007F000000800000007100000068000000FB
:107DB0001600000074000000730000007300000053
:107DC000710000008C0000007A0000000D0000002F
:107DD0000B0000000B00000076000000ADBAADBA49
:107DE000ADBAADBAADBAADBAADBAADBAADBAADBA5B
:107DF000ADBAADBAADBAADBAADBAADBAADBAADBA4B
:107E0000ADBAADBAADBAADBAADBAADBAADBAADBA3A
:107E1000ADBAADBAADBAADBAADBAADBAADBAADBA2A
:107E2000ADBAADBAADBAADBAADBAADBAADBAADBA1A
:107E3000ADBAADBAADBAADBAADBAADBAADBAADBA0A
:107E4000ADBAADBAADBAADBAADBAADBAADBAADBAFA
:107E5000ADBAADBAADBAADBAADBAADBAADBAADBAEA
:107E6000ADBAADBAADBAADBAADBAADBAADBAADBADA
:107E7000ADBAADBAADBAADBAADBAADBAADBAADBACA
:107E8000ADBAADBAADBAADBAADBAADBAADBAADBABA
:107E9000ADBAADBAADBAADBAADBAADBAADBAADBAAA
:107EA000ADBAADBAADBAADBAADBAADBAADBAADBA9A
:107EB000ADBAADBAADBAADBAADBAADBAADBAADBA8A
:107EC000ADBAADBAADBAADBAADBAADBAADBAADBA7A
:107ED000ADBAADBAADBAADBAADBAADBAADBAADBA6A
:107EE000ADBAADBAADBAADBAADBAADBAADBAADBA5A
:107EF000ADBAADBAADBAADBAADBAADBAADBAADBA4A
:107F0000ADBAADBAADBAADBAADBAADBA6F00000098
:107F10006F0000006F0000006F0000006F000000A5
:107F20006F0000006F0000000B0000007A000000EE
:107F3000470000000B0000000B0000005F00000085
:107F4000041000000170000004700000FFFFFFFF3C
:107F5000FFFFFFFFFFFFFFFFFFFFFFFFFFFFFFFF31
:107F6000FFFFFFFFFFFFFFFFFFFFFFFF03700000AA
:107F7000027000000570000006700000087000002C
:107F8000097000000A700000FFFFFFFFFFFFFFFF06
:107F9000FFFFFFFFFFFFFFFFFFFFFFFFFFFFFFFFF1
:107FA000FFFFFFFFFFFFFFFFFFFFFFFFFFFFFFFFE1
:107FB000018000001040000010600000113000003F
:107FC00012300000FFFFFFFFFFFFFFFFFFFFFFFF7B
:107FD000FFFFFFFFFFFFFFFF10300000FFFFFFFF6D
:107FE000FFFFFFFFFFFFFFFFFFFFFFFFFFFFFFFFA1
:107FF000FFFFFFFFFFFFFFFFFFFFFFFFFFFFFFFF91
:10800000FFFFFFFFFFFFFFFFFFFFFFFFFFFFFFFF80
:10801000FFFFFFFF06500000D0750200D075020080
:10802000387602004076020098760200A8760200B8
:10803000EAFF7AFFF4FF54686520415420686F73AB
:10804000742073616D706C65207374617274656403
:108050000A004D6F64656D206C69627261727920EF
:10806000696E697469616C697A6174696F6E2066A2
:1080700061696C65642C206572726F723A202564A8
:108080000A0052656164790A00574553545F544FA2
:10809000504449522F7A65706879722F6C69622F4B
:1080A000686561702F686561702E63006368756E26
:1080B0006B5F7573656428682C20632900415353F6
:1080C000455254494F4E204641494C205B25735D33
:1080D00020402025733A25640A0009756E65787082
:1080E000656374656420686561702073746174658C
:1080F0002028646F75626C652D667265653F292066
:10810000666F72206D656D6F7279206174202570C5
:108110000A006C6566745F6368756E6B28682C2056
:1081200072696768745F6368756E6B28682C20637A
:108130002929203D3D20630009636F7272757074B8
:108140006564206865617020626F756E64732028B5
:10815000627566666572206F766572666C6F773FD2
:108160002920666F72206D656D6F727920617420B1
:1081700025700A0028616C69676E20262028616CD2
:1081800069676E202D20312929203D3D20300009CE
:10819000616C69676E206D75737420626520612063
:1081A000706F776572206F6620320A00627974659D
:1081B00073203E20686561705F666F6F7465725FE3
:1081C000627974657328627974657329000968653A
:1081D00061702073697A6520697320746F6F2073F2
:1081E0006D616C6C0A00686561705F737A203E2077
:1081F0006368756E6B737A2873697A656F66287326
:108200007472756374207A5F6865617029290063F0
:1082100068756E6B305F73697A65202B206D696EAF
:108220005F6368756E6B5F73697A65286829203CA7
:108230003D20686561705F737A00574553545F5401
:108240004F504449522F7A65706879722F6C696279
:108250002F7574696C732F6F6E6F66662E63007373
:1082600074617465203D3D20305500217379735F42
:10827000736C6973745F69735F656D7074792826B8
:108280006D67722D3E636C69656E7473290074723C
:10829000616E73697420213D202828766F696420FF
:1082A0002A293029007374617465203D3D202831EE
:1082B000554C203C3C2028312929006D67722D3E09
:1082C00072656673203D3D203000737461746520D3
:1082D0003D3D202831554C203C3C202830292900A8
:1082E000574553545F544F504449522F7A65706834
:1082F00079722F696E636C7564652F7A6570687921
:10830000722F7370696E6C6F636B2E68007A5F7387
:1083100070696E5F756E6C6F636B5F76616C6964BC
:10832000286C2900094E6F74206D79207370696E76
:108330006C6F636B2025700A007A5F7370696E5FE3
:108340006C6F636B5F76616C6964286C2900094906
:108350006E76616C6964207370696E6C6F636B20FC
:1083600025700A00574553545F544F504449522FCB
:108370007A65706879722F6C69622F7574696C7395
:108380002F6E6F746966792E63002A2A2A20426F45
:108390006F74696E67206E524620436F6E6E656320
:1083A000742053444B2076322E362E39392D61639A
:1083B00061313131376331353465202A2A2A0A0088
:1083C0002A2A2A205573696E67205A657068797267
:1083D000204F532076332E362E39392D6363643384
:1083E0006432376465336361202A2A2A0A005745BC
:1083F00053545F544F504449522F7A6570687972D4
:108400002F617263682F61726D2F636F72652F63C6
:108410006F727465785F6D2F6661756C742E630082
:10842000212828285343425F54797065202A292047
:10843000282830784530303045303030554C2920B0
:108440002B20307830443030554C2920292D3E43A4
:108450004653522026202831554C203C3C202830C1
:1084600055202B2034552929290009537461636B49
:10847000696E67206F722044617461204163636597
:1084800073732056696F6C6174696F6E20657272C8
:108490006F7220776974686F757420737461636B91
:1084A0002067756172642C20757365722D6D6F6421
:1084B00065206F72206E756C6C2D706F696E7465BF
:1084C0007220646574656374696F6E0A0A0065736F
:1084D0006620213D202828766F6964202A293029CA
:1084E000000945534620636F756C64206E6F7420DD
:1084F0006265207265747269657665642073756360
:108500006365737366756C6C792E205368616C6C4F
:10851000206E65766572206F636375722E0A00099E
:108520004661756C7420657363616C6174696F6E0C
:1085300020776974686F75742046535220696E669F
:108540006F0A0009486172644661756C742077692E
:1085500074686F7574204846535220696E666F20A8
:108560005368616C6C206E65766572206F6363750D
:10857000720A00574553545F544F504449522F7A62
:1085800065706879722F617263682F61726D2F63F5
:108590006F72652F636F727465785F6D2F6972718A
:1085A0005F6D616E6167652E63007072696F203C5C
:1085B0003D20282831554C203C3C202833292920B7
:1085C0002D2031290009696E76616C696420707212
:1085D000696F7269747920256420666F7220256442
:1085E00020697271212076616C756573206D7573D9
:1085F00074206265206C657373207468616E202539
:108600006C750A0A00574553545F544F5044495201
:108610002F7A65706879722F617263682F61726D4D
:108620002F636F72652F6D70752F61726D5F6D7046
:10863000752E630009436F6E6669677572696E67B0
:1086400020257520737461746963204D5055207224
:108650006567696F6E73206661696C65640A0A00FC
:10866000094D61726B696E672025752061726561C5
:108670007320666F722064796E616D696320726524
:1086800067696F6E73206661696C65640A0A000928
:108690005265717565737420746F20636F6E6669BF
:1086A000677572653A20257520726567696F6E730C
:1086B0002028737570706F727465643A202575296F
:1086C0000A0A002128726567696F6E5B6964785DCC
:1086D0002E64745F617474722026202831554C20FA
:1086E0003C3C202830292929000952414D5F4E4F3A
:1086F000434143484520776974682044545F4D45A1
:108700004D5F434143484541424C4520617474727A
:1087100069627574650A0A00094661696C656420BE
:10872000746F20616C6C6F63617465204D505520CF
:10873000726567696F6E732066726F6D2044540AAC
:108740000A00464C4153485F30005352414D5F3060
:1087500000574553545F544F504449522F7A657027
:108760006879722F6C69622F706F7369782F6F70E0
:1087700074696F6E732F626172726965722E630025
:10878000657272203D3D203000574553545F544F71
:10879000504449522F7A65706879722F6C69622F44
:1087A000706F7369782F6F7074696F6E732F636F5A
:1087B0006E642E6300726574203D3D203000574585
:1087C00053545F544F504449522F7A657068797200
:1087D0002F6C69622F706F7369782F6F7074696F77
:1087E0006E732F6D757465782E6300574553545F13
:1087F000544F504449522F7A65706879722F696ED0
:10880000636C7564652F7A65706879722F6E657414
:108810002F6E65745F636F6E746578742E68006385
:108820006F6E7465787400090A00574553545F549D
:108830004F504449522F7A65706879722F73756270
:108840007379732F6E65742F6C69622F736F636B0E
:108850006574732F736F636B6574732E6300736F2E
:10886000636B5F66616D696C792D3E69735F7375CB
:1088700070706F7274656400736F636B5F66616DB7
:10888000696C79203C3D205F6E65745F736F636B2C
:1088900065745F72656769737465725F6C69737420
:1088A0005F656E640009756E6578706563746564F4
:1088B000206C69737420656E64206C6F63617469E9
:1088C0006F6E0A00574553545F544F504449522F1E
:1088D0007A65706879722F7375627379732F6E651C
:1088E000742F6C69622F736F636B6574732F736F72
:1088F000636B65745F6F66666C6F61642E63006F97
:10890000707300646E735F6F66666C6F6164203DA8
:108910003D202828766F6964202A29302900574590
:1089200053545F544F504449522F7A65706879729E
:108930002F696E636C7564652F7A65706879722F24
:108940006E65742F6E65745F69662E680069666176
:1089500063650069666163652D3E69665F6465767F
:1089600000574553545F544F504449522F7A657015
:108970006879722F7375627379732F6E65742F69BE
:10898000702F6E65745F69662E63006E65745F6933
:10899000665F6765745F6C696E6B5F6164647228A3
:1089A0006966616365292D3E6164647220213D2002
:1089B0002828766F6964202A293029006966616356
:1089C00065203C3D205F6E65745F69665F6C69730E
:1089D000745F656E640069666163655F63686563A3
:1089E0006B203C3D205F6E65745F69665F6C6973E8
:1089F000745F656E6400776C616E2564006E6574EB
:108A0000256400636F756E745F6966203D3D206963
:108A1000665F636F756E7400574553545F544F50D3
:108A20004449522F7A65706879722F64726976654D
:108A300072732F636C6F636B5F636F6E74726F6CB6
:108A40002F636C6F636B5F636F6E74726F6C5F6EBE
:108A500072662E630074797065203C20434C4F434E
:108A60004B5F434F4E54524F4C5F4E52465F5459EA
:108A700050455F434F554E5400657272203E3D2075
:108A80003000636C6F636B40353030300070736161
:108A90002D726E6700574553545F544F50444952EE
:108AA0002F7A65706879722F696E636C7564652FB3
:108AB0007A65706879722F647269766572732F6750
:108AC00070696F2F6770696F5F7574696C732E685A
:108AD0000063616C6C6261636B00094E6F206361BF
:108AE0006C6C6261636B210A0063616C6C62616330
:108AF0006B2D3E68616E646C657200094E6F206379
:108B0000616C6C6261636B2068616E646C6572217C
:108B10000A00574553545F544F504449522F6D6FCC
:108B200064756C65732F68616C2F6E6F7264696316
:108B30002F6E7266782F68616C2F6E72665F677039
:108B4000696F2E68006E72665F6770696F5F70692B
:108B50006E5F70726573656E745F636865636B28C2
:108B60002A705F70696E2900574553545F544F5007
:108B70004449522F7A65706879722F6472697665FC
:108B800072732F6770696F2F6770696F5F6E72669F
:108B9000782E6300657272203D3D204E5246585F2C
:108BA00053554343455353006770696F403834321F
:108BB00035303000693263406130303000000102EE
:108BC00003040506074255434B424F4F535400429E
:108BD00055434B0075617274403830303000574552
:108BE00053545F544F504449522F7A6570687972DC
:108BF0002F696E636C7564652F7A65706879722F62
:108C0000647269766572732F6770696F2E680028C9
:108C10006366672D3E706F72745F70696E5F6D6121
:108C2000736B202620286770696F5F706F72745FA6
:108C300070696E735F74292831554C203C3C2028A4
:108C400070696E29292920213D2030550009556E73
:108C5000737570706F727465642070696E0A002895
:108C6000666C616773202620282831203C3C203424
:108C700029207C202831203C3C203529292920210D
:108C80003D20282831203C3C203429207C202831DC
:108C9000203C3C20352929000950756C6C2055700A
:108CA00020616E642050756C6C20446F776E207369
:108CB000686F756C64206E6F7420626520656E61EC
:108CC000626C65642073696D756C74616E656F7537
:108CD000736C790A0028666C61677320262028313E
:108CE000203C3C2031292920213D2030207C7C2043
:108CF00028666C6167732026202831203C3C203296
:108D00002929203D3D2030007370694062303030A9
:108D100000574553545F544F504449522F6E72666A
:108D20002F6C69622F6E72665F6D6F64656D5F6C2C
:108D300069622F6E72665F6D6F64656D5F6C6962EC
:108D40002E630065203C3D205F6E72665F6D6F6430
:108D5000656D5F6C69625F6466755F63625F6C69B5
:108D600073745F656E640065203C3D205F6E7266C3
:108D70005F6D6F64656D5F6C69625F696E69745F7A
:108D800063625F6C6973745F656E6400574553542A
:108D90005F544F504449522F6E72662F6C69622F98
:108DA0006E72665F6D6F64656D5F6C69622F6E7267
:108DB000665F6D6F64656D5F6F732E6300657272C1
:108DC0005F636F6465203E203000095472696564FA
:108DD00020746F20736574206E65676174697665B1
:108DE000206572726F7220636F64652C2025640A9F
:108DF0000075736564203C203700094E6F74206550
:108E00006E6F7567682073656D6170686F726573EA
:108E100020696E20676C7565206C617965720A0047
:108E2000282828737472756374206B5F73656D20D6
:108E30002A2973656D2920262620282875696E74D5
:108E40007074725F742920286E72665F6D6F64653E
:108E50006D5F6F735F73656D732929203C3D20281A
:108E60002875696E747074725F7429202828737471
:108E700072756374206B5F73656D202A2973656D4D
:108E8000292920262620282875696E747074725F3F
:108E90007429202828737472756374206B5F73655E
:108EA0006D202A2973656D2929203C2028287569A1
:108EB0006E747074725F7429202826286E72665F43
:108EC0006D6F64656D5F6F735F73656D73295B288C
:108ED0002873697A655F742920282828696E7429A7
:108EE0002073697A656F6628636861725B31202D33
:108EF0002032202A202128215F5F6275696C746905
:108F00006E5F74797065735F636F6D7061746962B1
:108F10006C655F70285F5F747970656F665F5F284E
:108F20006E72665F6D6F64656D5F6F735F73656DA5
:108F300073292C205F5F747970656F665F5F2826E8
:108F4000286E72665F6D6F64656D5F6F735F7365CA
:108F50006D73295B305D2929295D29202D20312958
:108F6000202B202873697A656F66286E72665F6DA4
:108F70006F64656D5F6F735F73656D7329202F205C
:108F800073697A656F6628286E72665F6D6F6465B7
:108F90006D5F6F735F73656D73295B305D29292980
:108FA000295D2929290009556E696E697469616C0A
:108FB000697365642073656D6170686F72650A001E
:108FC00075736564203C203100094E6F7420656E16
:108FD0006F756768206D75746578657320696E209C
:108FE000676C7565206C617965720A0028282873A2
:108FF0007472756374206B5F6D75746578202A29AF
:109000006D757465782920262620282875696E7468
:109010007074725F742920286E72665F6D6F64656C
:109020006D5F6F735F6D7574657865732929203C7A
:109030003D20282875696E747074725F7429202829
:1090400028737472756374206B5F6D757465782016
:109050002A296D75746578292920262620282875E7
:10906000696E747074725F74292028287374727525
:109070006374206B5F6D75746578202A296D757433
:1090800065782929203C20282875696E74707472CF
:109090005F7429202826286E72665F6D6F64656D87
:1090A0005F6F735F6D757465786573295B282873CE
:1090B000697A655F742920282828696E74292073CD
:1090C000697A656F6628636861725B31202D203292
:1090D000202A202128215F5F6275696C74696E5FA8
:1090E00074797065735F636F6D70617469626C65CC
:1090F0005F70285F5F747970656F665F5F286E725E
:10910000665F6D6F64656D5F6F735F6D75746578B5
:109110006573292C205F5F747970656F665F5F28C7
:1091200026286E72665F6D6F64656D5F6F735F6D2D
:10913000757465786573295B305D2929295D29205F
:109140002D203129202B202873697A656F66286EBF
:1091500072665F6D6F64656D5F6F735F6D7574656B
:1091600078657329202F2073697A656F6628286EC9
:1091700072665F6D6F64656D5F6F735F6D7574654B
:10918000786573295B305D292929295D2929290002
:1091900009556E696E697469616C69736564206DE7
:1091A000757465780A00574553545F544F504449CD
:1091B000522F6E72662F6C69622F6E72665F6D6FD2
:1091C00064656D5F6C69622F6366756E5F686F6F53
:1091D0006B732E630065203C3D205F6E72665F6D91
:1091E0006F64656D5F6C69625F61745F6366756E05
:1091F0005F63625F6C6973745F656E64006E726654
:1092000039315F736F636B657400574553545F5416
:109210004F504449522F6E72662F6C69622F6174F1
:109220005F6D6F6E69746F722F61745F6D6F6E69C1
:10923000746F722E630065203C3D205F61745F6D2A
:109240006F6E69746F725F656E7472795F6C69734B
:10925000745F656E64006E6F74696620213D20281E
:1092600028766F6964202A2930290061745F6E6F47
:1092700074696600094E6F206865617020737061C3
:10928000636520666F7220696E636F6D696E67201B
:109290006E6F74696669636174696F6E3A202573D5
:1092A0000A00257300415425584D414750494F3D10
:1092B000312C312C312C372C312C3734362C3830A2
:1092C000332C322C3639382C3734382C322C313779
:1092D00031302C323230302C332C3832342C383977
:1092E000342C342C3838302C3936302C352C373956
:1092F000312C3834392C372C313536352C31353842
:10930000360041542558434F4558303D312C312CBF
:10931000313536352C3135383600574553545F5486
:109320004F504449522F6E72662F6D6F64756C6595
:10933000732F747275737465642D6669726D7761CD
:1093400072652D6D2F6661756C742E6300675F63A7
:109350006F6E746578742E76616C696400094E6F67
:109360006E2D7365637572652063616C6C626163F9
:109370006B20776974686F75742076616C696420FE
:10938000636F6E746578740A00574553545F544F89
:10939000504449522F6D6F64756C65732F68616C12
:1093A0002F6E6F726469632F6E7266782F68616CBE
:1093B0002F6E72665F647070692E68006368616EFC
:1093C0006E656C203C206E72665F647070695F63CE
:1093D00068616E6E656C5F6E756D6265725F676504
:1093E0007428705F7265672900574553545F544F66
:1093F000504449522F6D6F64756C65732F68616CB2
:109400002F6E6F726469632F6E7266782F68656C59
:10941000706572732F6E7266785F677070695F64D3
:109420007070692E63006565700074657000574543
:1094300053545F544F504449522F6D6F64756C659F
:10944000732F68616C2F6E6F726469632F6E726622
:10945000782F647269766572732F7372632F6E72E0
:1094600066785F636C6F636B2E6300574553545F80
:10947000544F504449522F6D6F64756C65732F685B
:10948000616C2F6E6F726469632F6E7266782F68DD
:10949000616C2F6E72665F636C6F636B2E68006D1C
:1094A0005F636C6F636B5F63622E6D6F64756C6579
:1094B0005F696E697469616C697A656400574553C8
:1094C000545F544F504449522F6D6F64756C6573EF
:1094D0002F68616C2F6E6F726469632F6E7266788D
:1094E0002F68616C2F6E72665F6770696F74652E8E
:1094F0006800696E646578203C20380057455354F5
:109500005F544F504449522F6D6F64756C65732FD3
:1095100068616C2F6E6F726469632F6E7266782F4C
:10952000647269766572732F7372632F6E726678D8
:109530005F6770696F74652E63006E7266795F672E
:1095400070696F5F70696E5F70726573656E745F6E
:10955000636865636B2870696E290070696E5F6966
:10956000735F696E70757428705F696E7374616E75
:1095700063652C2070696E290070696E5F68617385
:109580005F7472696767657228705F696E73746172
:109590006E63652C2070696E2900705F6368616E70
:1095A0006E656C00705F696E7374616E63652D3EED
:1095B000705F726567203D3D2028284E52465F4708
:1095C00050494F54455F547970652A2920307834CA
:1095D00030303331303030554C2900696E745F655E
:1095E0006E61626C6500574553545F544F50444957
:1095F000522F6D6F64756C65732F68616C2F6E6F81
:10960000726469632F6E7266782F64726976657210
:10961000732F7372632F6E7266785F6970632E6347
:1096200000705F636F6E666967006D5F63622E73C3
:1096300074617465203D3D204E5246585F44525639
:109640005F53544154455F494E495449414C495A2E
:10965000454400574553545F544F504449522F6D71
:109660006F64756C65732F68616C2F6E6F726469BF
:10967000632F6E7266782F68616C2F6E72665F69F9
:1096800070632E6800574553545F544F50444952FD
:109690002F6D6F64756C65732F68616C2F6E6F72C0
:1096A0006469632F6E7266782F647269766572736F
:1096B0002F7372632F6E7266785F7370696D2E639D
:1096C00000705F63622D3E737461746520213D20DC
:1096D0004E5246585F4452565F53544154455F556D
:1096E0004E494E495449414C495A454400705F78AF
:1096F0006665725F646573632D3E705F74785F6248
:10970000756666657220213D202828766F69642081
:109710002A293029207C7C20705F786665725F641E
:109720006573632D3E74785F6C656E677468203D69
:109730003D203000705F786665725F646573632DED
:109740003E705F72785F62756666657220213D20AB
:109750002828766F6964202A293029207C7C207093
:109760005F786665725F646573632D3E72785F6CC7
:10977000656E677468203D3D2030002828705F7852
:109780006665725F646573632D3E72785F6C656EAB
:10979000677468203C202831554C203C3C202865CB
:1097A000617379646D615F737570706F72745F62FD
:1097B0006974735B705F696E7374616E63652D3E6F
:1097C0006472765F696E73745F6964785D292929B4
:1097D0002026262028705F786665725F6465736353
:1097E0002D3E74785F6C656E677468203C2028316C
:1097F000554C203C3C202865617379646D615F7332
:109800007570706F72745F626974735B705F696E9C
:109810007374616E63652D3E6472765F696E7374F6
:109820005F6964785D29292929002128666C6167B0
:10983000732026202831554C203C3C2033292920F8
:109840007C7C2028705F63622D3E73735F70696E4D
:10985000203D3D203078464646464646464629004D
:10986000705F63622D3E68616E646C65720057457F
:1098700053545F544F504449522F6D6F64756C655B
:10988000732F68616C2F6E6F726469632F6E7266DE
:10989000782F647269766572732F7372632F6E729C
:1098A00066785F7477696D2E6300705F636F6E66B4
:1098B00069672D3E73636C5F70696E20213D207077
:1098C0005F636F6E6669672D3E7364615F70696E7A
:1098D00000705F63622D3E7374617465203D3D20AE
:1098E0004E5246585F4452565F53544154455F4967
:1098F0004E495449414C495A4544002830207C7C0B
:109900002030207C7C20282828705F696E73746169
:109910006E63652D3E6472765F696E73745F696411
:109920007829203D3D204E5246585F5457494D32CC
:109930005F494E53545F4944582920262620282841
:1099400028705F786665725F646573632D3E707220
:10995000696D6172795F6C656E67746829203C205F
:10996000283155203C3C2031332929202626202827
:1099700028705F786665725F646573632D3E7365FA
:10998000636F6E646172795F6C656E6774682920BD
:109990003C20283155203C3C2031332929292920DD
:1099A0007C7C2030207C7C2030207C7C2030207C03
:1099B0007C2030207C7C2030207C7C2030207C7CF3
:1099C0002030207C7C2030207C7C2030207C7C203F
:1099D00030207C7C2030207C7C2030207C7C20301F
:1099E000207C7C2030207C7C2030207C7C2030201F
:1099F0007C7C2030207C7C2030207C7C2030207CB3
:109A00007C2030207C7C2030207C7C2030207C7CA2
:109A10002030207C7C2030207C7C2030207C7C20EE
:109A200030207C7C2030207C7C2030207C7C2030CE
:109A3000207C7C2030207C7C2030207C7C203020CE
:109A40007C7C2030207C7C2030207C7C2030207C62
:109A50007C2030207C7C2030207C7C2030207C7C52
:109A60002030207C7C2030207C7C2030207C7C209E
:109A700030207C7C2030207C7C2030207C7C20307E
:109A8000207C7C2030207C7C2030207C7C2030207E
:109A90007C7C2030207C7C2030207C7C2030207C12
:109AA0007C2030207C7C2030207C7C2030207C7C02
:109AB0002030207C7C2030207C7C2030207C7C204E
:109AC00030207C7C2030207C7C2030207C7C20302E
:109AD000207C7C2030207C7C2030207C7C2030202E
:109AE0007C7C2030207C7C2030207C7C2030207CC2
:109AF0007C2030207C7C2030207C7C2030207C7CB2
:109B00002030207C7C2030207C7C2030207C7C20FD
:109B100030207C7C2030207C7C2030207C7C2030DD
:109B2000207C7C2030207C7C2030207C7C203020DD
:109B30007C7C2030207C7C2030207C7C2030207C71
:109B40007C2030207C7C2030207C7C2030207C7C61
:109B50002030207C7C2030207C7C2030207C7C20AD
:109B600030207C7C2030207C7C2030207C7C20308D
:109B7000207C7C2030207C7C2030207C7C2030208D
:109B80007C7C2030207C7C2030207C7C2030207C21
:109B90007C2030207C7C2030207C7C2030207C7C11
:109BA0002030207C7C2030207C7C2030207C7C205D
:109BB00030207C7C2030207C7C2030207C7C20303D
:109BC000207C7C2030207C7C2030207C7C2030203D
:109BD0007C7C2030207C7C2030207C7C2030207CD1
:109BE0007C2030207C7C2030207C7C2030207C7CC1
:109BF0002030207C7C2030207C7C2030207C7C200D
:109C000030207C7C2030207C7C2030207C7C2030EC
:109C1000207C7C2030207C7C2030207C7C203020EC
:109C20007C7C2030207C7C2030207C7C2030207C80
:109C30007C2030207C7C2030207C7C2030207C7C70
:109C40002030207C7C2030207C7C2030207C7C20BC
:109C500030207C7C2030207C7C2030207C7C20309C
:109C6000207C7C2030207C7C2030207C7C2030209C
:109C70007C7C2030207C7C2030207C7C2030207C30
:109C80007C2030207C7C2030207C7C2030207C7C20
:109C90002030207C7C2030207C7C2030207C7C206C
:109CA00030207C7C2030207C7C2030207C7C20304C
:109CB000207C7C2030207C7C2030207C7C2030204C
:109CC0007C7C2030207C7C2030207C7C2030207CE0
:109CD0007C2030207C7C2030207C7C2030207C7CD0
:109CE0002030207C7C2030207C7C2030207C7C201C
:109CF00030207C7C2030207C7C2030207C7C2030FC
:109D0000207C7C2030207C7C2030207C7C203020FB
:109D10007C7C2030207C7C2030207C7C2030207C8F
:109D20007C2030207C7C2030207C7C2030207C7C7F
:109D30002030207C7C2030207C7C2030207C7C20CB
:109D400030207C7C2030207C7C2030207C7C2030AB
:109D5000207C7C2030207C7C2030207C7C203020AB
:109D60007C7C2030207C7C2030207C7C2030207C3F
:109D70007C2030207C7C2030207C7C2030207C7C2F
:109D80002030207C7C2030207C7C2030207C7C207B
:109D900030207C7C2030207C7C2030207C7C20305B
:109DA000207C7C2030207C7C2030207C7C2030205B
:109DB0007C7C2030207C7C2030207C7C2030207CEF
:109DC0007C2030207C7C2030207C7C2030207C7CDF
:109DD0002030207C7C2030207C7C2030207C7C202B
:109DE00030207C7C2030207C7C2030207C7C20300B
:109DF000207C7C2030207C7C2030207C7C2030200B
:109E00007C7C2030207C7C2030207C7C2030207C9E
:109E10007C2030207C7C2030207C7C2030207C7C8E
:109E20002030207C7C2030207C7C2030207C7C20DA
:109E300030207C7C2030207C7C2030207C7C2030BA
:109E4000207C7C2030207C7C2030207C7C203020BA
:109E50007C7C2030207C7C2030207C7C2030207C4E
:109E60007C2030207C7C2030207C7C2030207C7C3E
:109E70002030207C7C2030207C7C2030207C7C208A
:109E800030207C7C2030207C7C2030207C7C20306A
:109E9000207C7C2030207C7C2030207C7C2030206A
:109EA0007C7C2030207C7C2030207C7C2030207CFE
:109EB0007C2030207C7C2030207C7C2030207C7CEE
:109EC0002030207C7C2030207C7C2030207C7C203A
:109ED00030207C7C2030207C7C2030207C7C20301A
:109EE000207C7C2030207C7C2030207C7C2030201A
:109EF0007C7C2030207C7C2030207C7C2030207CAE
:109F00007C2030207C7C2030207C7C2030207C7C9D
:109F10002030207C7C2030207C7C2030207C7C20E9
:109F200030207C7C2030207C7C2030207C7C2030C9
:109F3000207C7C2030207C7C2030207C7C203020C9
:109F40007C7C2030207C7C2030207C7C2030207C5D
:109F50007C2030207C7C2030207C7C2030207C7C4D
:109F60002030207C7C2030207C7C2030207C7C2099
:109F700030207C7C2030207C7C2030207C7C203079
:109F8000207C7C2030207C7C2030207C7C20302079
:109F90007C7C2030207C7C2030207C7C2030207C0D
:109FA0007C2030207C7C2030207C7C2030207C7CFD
:109FB0002030207C7C2030207C7C2030207C7C2049
:109FC00030207C7C2030207C7C2030207C7C203029
:109FD000207C7C2030207C7C2030207C7C20302029
:109FE0007C7C2030207C7C2030207C7C2030207CBD
:109FF0007C2030207C7C2030207C7C2030207C7CAD
:10A000002030207C7C2030207C7C2030207C7C20F8
:10A0100030207C7C2030207C7C2030207C7C2030D8
:10A02000207C7C2030207C7C2030207C7C203020D8
:10A030007C7C2030207C7C2030207C7C2030207C6C
:10A040007C2030207C7C2030207C7C2030207C7C5C
:10A050002030207C7C2030207C7C2030207C7C20A8
:10A0600030207C7C2030207C7C2030207C7C203088
:10A07000207C7C2030207C7C2030207C7C20302088
:10A080007C7C2030207C7C2030207C7C2030207C1C
:10A090007C2030207C7C2030207C7C2030207C7C0C
:10A0A0002030207C7C2030207C7C2030207C7C2058
:10A0B00030207C7C20302900705F63622D3E7374F9
:10A0C000617465203D3D204E5246585F4452565FB4
:10A0D00053544154455F504F57455245445F4F4E8E
:10A0E00000212828705F63622D3E68616E646C6594
:10A0F00072203D3D202828766F6964202A29302966
:10A10000292026262028705F786665725F64657353
:10A11000632D3E74797065203D3D204E5246585F58
:10A120005457494D5F584645525F54585258292953
:10A1300000212828705F63622D3E68616E646C6543
:10A1400072203D3D202828766F6964202A29302915
:10A15000292026262028705F786665725F64657303
:10A16000632D3E74797065203D3D204E5246585F08
:10A170005457494D5F584645525F54585458292901
:10A18000002128666C6167732026202831554C20F9
:10A190003C3C20342929002128666C616773202605
:10A1A000202831554C203C3C2033292900212866A9
:10A1B0006C6167732026202831554C203C3C2032AE
:10A1C00029290041542B4346554E3D004F4B0D0A63
:10A1D000004552524F520D0A002B434D4520455227
:10A1E000524F523A002B434D53204552524F523A50
:10A1F0000070646E0000010205574553545F544FD0
:10A20000504449522F7A65706879722F6B65726E6F
:10A21000656C2F6465766963652E630064657620DE
:10A220003C3D205F6465766963655F6C6973745F4C
:10A23000656E6400574553545F544F504449522F44
:10A240007A65706879722F6B65726E656C2F6661C6
:10A2500074616C2E6300726561736F6E20213D2006
:10A260004B5F4552525F4B45524E454C5F50414EFD
:10A2700049430009417474656D7074656420746F9E
:10A28000207265636F7665722066726F6D20612043
:10A290006B65726E656C2070616E696320636F6EB2
:10A2A000646974696F6E0A00574553545F544F5088
:10A2B0004449522F7A65706879722F6B65726E65AA
:10A2C0006C2F696E69742E63007468726561645FD7
:10A2D00064617461203C3D205F5F737461746963E5
:10A2E0005F7468726561645F646174615F6C6973F7
:10A2F000745F656E64006D61696E00574553545F0D
:10A30000544F504449522F7A65706879722F6B65AB
:10A31000726E656C2F6B686561702E630068656195
:10A3200070203C3D205F6B5F686561705F6C697396
:10A33000745F656E640021617263685F69735F6951
:10A340006E5F6973722829207C7C20282874696DCF
:10A35000656F7574292E7469636B73203D3D2028E9
:10A3600028286B5F74696D656F75745F7429207B35
:10A37000307D29292E7469636B7329005745535426
:10A380005F544F504449522F7A65706879722F6B31
:10A3900065726E656C2F6D656D5F736C61622E63A7
:10A3A00000736C6162203C3D205F6B5F6D656D5F8B
:10A3B000736C61625F6C6973745F656E64005745AE
:10A3C00053545F544F504449522F7A6570687972E4
:10A3D0002F6B65726E656C2F69646C652E63005F10
:10A3E0006B65726E656C2E637075735B305D2E638A
:10A3F000757272656E742D3E626173652E7072693E
:10A400006F203E3D203000574553545F544F504419
:10A4100049522F7A65706879722F6B65726E656C20
:10A420002F6D757465782E630021617263685F69B2
:10A43000735F696E5F697372282900096D757465B1
:10A440007865732063616E6E6F742062652075732A
:10A45000656420696E7369646520495352730A000C
:10A460006D757465782D3E6C6F636B5F636F756E91
:10A4700074203E20305500574553545F544F50448C
:10A4800049522F7A65706879722F6B65726E656CB0
:10A490002F73656D2E63002828617263685F69738E
:10A4A0005F696E5F6973722829203D3D2030292045
:10A4B0007C7C20282874696D656F7574292E7469F9
:10A4C000636B73203D3D202828286B5F74696D65A0
:10A4D0006F75745F7429207B307D29292E74696320
:10A4E0006B73292900737973776F726B710057450D
:10A4F00053545F544F504449522F7A6570687972B3
:10A500002F6B65726E656C2F776F726B2E630077A1
:10A510006F726B2D3E717565756520213D20282871
:10A52000766F6964202A29302900776F726B2021A9
:10A530003D202828766F6964202A29302900776F0A
:10A54000726B2D3E68616E646C657220213D20281F
:10A5500028766F6964202A29302900717565756530
:10A5600000737461636B0021666C61675F7465736F
:10A5700074282671756575652D3E666C6167732C50
:10A58000204B5F574F524B5F51554555455F5354D4
:10A5900041525445445F4249542900574553545F42
:10A5A000544F504449522F7A65706879722F6B6509
:10A5B000726E656C2F7468726561642E6300282862
:10A5C00028287072696F2929203D3D2031352026C9
:10A5D00026207A5F69735F69646C655F7468726571
:10A5E00061645F656E7472792828656E747279296A
:10A5F0002929207C7C202828283135202D2031292C
:10A60000203E3D2028282D313629292920262620A4
:10A6100028287072696F2929203E3D2028282D3175
:10A620003629292026262028287072696F2929209A
:10A630003C3D20283135202D203129292900096968
:10A640006E76616C6964207072696F7269747920CA
:10A65000282564293B20616C6C6F776564207261EA
:10A660006E67653A20256420746F2025640A00090E
:10A6700054687265616473206D6179206E6F742017
:10A680006265206372656174656420696E20495358
:10A6900052730A00574553545F544F504449522F48
:10A6A0007A65706879722F6B65726E656C2F696E52
:10A6B000636C7564652F6B7468726561642E6800E5
:10A6C0005F6B65726E656C2E637075735B305D2EAB
:10A6D00063757272656E7420213D202828766F693B
:10A6E00064202A29302900574553545F544F504461
:10A6F00049522F7A65706879722F6B65726E656C3E
:10A700002F73636865642E6300217A5F69735F69E4
:10A71000646C655F7468726561645F6F626A6563CB
:10A720007428746872656164290074687265616474
:10A730002D3E626173652E70656E6465645F6F6E39
:10A7400000217465726D696E617465000961626FE4
:10A7500072746564205F63757272656E74206261E5
:10A76000636B2066726F6D20646561640A007369B3
:10A770007A656F66285F73636865645F7370696E7E
:10A780006C6F636B29203D3D2030207C7C206C6FFA
:10A79000636B20213D20265F73636865645F73707F
:10A7A000696E6C6F636B00574553545F544F504450
:10A7B00049522F7A65706879722F6B65726E656C7D
:10A7C0002F696E636C7564652F6B73636865642EA7
:10A7D00068005F6B65726E656C2E637075735B30BD
:10A7E0005D2E63757272656E742D3E626173652EA7
:10A7F00073636865645F6C6F636B656420213D20E3
:10A800003155005F6B65726E656C2E637075735B9E
:10A81000305D2E63757272656E742D3E6261736574
:10A820002E73636865645F6C6F636B656420213DA4
:10A8300020305500217A5F69735F746872656164C6
:10A840005F73746174655F736574285F6B65726EA6
:10A85000656C2E637075735B305D2E637572726507
:10A860006E742C20282831554C203C3C202834295B
:10A87000292929000961626F7274696E6720657306
:10A8800073656E7469616C207468726561642025FB
:10A89000700A00574553545F544F504449522F7A21
:10A8A00065706879722F6B65726E656C2F74696D57
:10A8B00065736C6963696E672E6300282874696D1F
:10A8C000656F75742920262620282875696E747096
:10A8D00074725F74292028736C6963655F74696D95
:10A8E000656F7574732929203C3D20282875696E91
:10A8F000747074725F7429202874696D656F757443
:10A90000292920262620282875696E747074725FA4
:10A910007429202874696D656F75742929203C207D
:10A92000282875696E747074725F7429202826282F
:10A93000736C6963655F74696D656F757473295BAA
:10A94000282873697A655F742920282828696E741D
:10A95000292073697A656F6628636861725B3120AC
:10A960002D2032202A202128215F5F6275696C74B6
:10A97000696E5F74797065735F636F6D7061746920
:10A98000626C655F70285F5F747970656F665F5F8A
:10A9900028736C6963655F74696D656F757473297D
:10A9A0002C205F5F747970656F665F5F282628735F
:10A9B0006C6963655F74696D656F757473295B306D
:10A9C0005D2929295D29202D203129202B2028735C
:10A9D000697A656F6628736C6963655F74696D6514
:10A9E0006F75747329202F2073697A656F66282824
:10A9F000736C6963655F74696D656F757473295BEA
:10AA0000305D292929295D29292026262028282862
:10AA100075696E747074725F7429202874696D652D
:10AA20006F75742929202D20282875696E7470741B
:10AA3000725F74292028736C6963655F74696D6542
:10AA40006F75747329292920252073697A656F66CB
:10AA50002828736C6963655F74696D656F757473BD
:10AA6000295B305D29203D3D203029005745535456
:10AA70005F544F504449522F7A65706879722F6B3A
:10AA800065726E656C2F74696D656F75742E6300E9
:10AA9000217379735F646E6F64655F69735F6C695E
:10AAA0006E6B65642826746F2D3E6E6F6465290099
:10AAB000574553545F544F504449522F7A6570683C
:10AAC00079722F6B65726E656C2F706F6C6C2E6374
:10AAD000006576656E742D3E73656D20213D2028DE
:10AAE00028766F6964202A2930290009696E766109
:10AAF0006C69642073656D6170686F72650A0A0025
:10AB00006576656E742D3E717565756520213D20F5
:10AB10002828766F6964202A2930290009696E7611
:10AB2000616C69642071756575650A0A00657665F2
:10AB30006E742D3E7369676E616C20213D2028285C
:10AB4000766F6964202A2930290009696E76616C64
:10AB5000696420706F6C6C207369676E616C0A0A9F
:10AB6000006576656E742D3E6D73677120213D2002
:10AB70002828766F6964202A2930290009696E76B1
:10AB8000616C6964206D65737361676520717565BB
:10AB900075650A0A0009696E76616C6964206576DC
:10ABA000656E7420747970650A0A006D6F646520A3
:10ABB0003D3D204B5F504F4C4C5F4D4F44455F4EE9
:10ABC0004F544946595F4F4E4C5900096F6E6C798E
:10ABD000204E4F544946595F4F4E4C59206D6F647B
:10ABE0006520697320737570706F727465640A0AEA
:10ABF0000074797065203C20282831554C203C3C5D
:10AC000020285F504F4C4C5F4E554D5F5459504576
:10AC1000532929290009696E76616C696420747969
:10AC200070650A0A006F626A20213D202828766F2D
:10AC30006964202A29302900096D757374207072A7
:10AC40006F7669646520616E206F626A6563740A5D
:10AC50000A00574553545F544F504449522F7A6568
:10AC6000706879722F6B65726E656C2F6D656D7093
:10AC70006F6F6C2E6300616C69676E203D3D203004
:10AC8000207C7C20282875696E747074725F74292A
:10AC90006D656D20262028616C69676E202D20313E
:10ACA0002929203D3D203000096D6973616C696779
:10ACB0006E6564206D656D6F7279206174202570FA
:10ACC0002028616C69676E203D20257A75290A006D
:10ACD000616C69676E202F2073697A656F662876CC
:10ACE0006F6964202A29203E3D2031202626202815
:10ACF000616C69676E20252073697A656F662876B6
:10AD00006F6964202A2929203D3D20300009616CAB
:10AD100069676E206D7573742062652061206D75A2
:10AD20006C7469706C65206F662073697A656F66F4
:10AD300028766F6964202A290A00286E756C6C29B0
:10AD4000002A666C6F61742A00000000EDC40100E7
:10AD5000000000002DD3010000000000FFFFFFFFF6
:10AD6000FFFFFFFFFFFFFFFFFFFFFFFFFFFFFFFFF3
:10AD7000FFFFFFFFE14A020000000000C879020067
:10AD80000100000090C5002090C5002000000000D8
:10AD9000000000000E000000A4C50020A4C5002093
:10ADA00000000000C879020001000000B8C50020C2
:10ADB000B8C5002000000000000000000E000000E8
:10ADC000CCC50020CCC5002000000000C8790200DE
:10ADD00001000000E0C50020E0C5002000000000E8
:10ADE000000000000E000000F4C50020F4C50020A3
:10ADF0000000000000000000000000000000000053
:10AE00000000000000000000000000000000000042
:10AE10000000000000000000000000000000000032
:10AE20000000000000000000000000000000000022
:10AE30000000000000000000000000000000000012
:10AE40000000000000000000000000000000000002
:10AE500000000000000000000000000000000000F2
:10AE600000000000000000000000000000000000E2
:10AE700000000000000000000000000000000000D2
:10AE800000000000000000000000000000000000C2
:10AE900000000000000000000000000000000000B2
:10AEA00000000000000000000000000000000000A2
:10AEB0000000000000000000000000000000000092
:10AEC0000000000000000000000000000000000082
:10AED0000000000000000000000000000000000072
:10AEE0000000000000000000000000000000000062
:10AEF0000000000000000000000000000000000052
:10AF00000000000000000000000000000000000041
:10AF10000000000000000000000000000000000031
:10AF20000000000000000000000000000000000021
:10AF30000000000000000000000000000000000011
:10AF40000000000000000000000000000000000001
:10AF500000000000000000000000000000000000F1
:10AF600000000000000000000000000000000000E1
:10AF700000000000000000000000000000000000D1
:10AF800000000000000000000000000000000000C1
:10AF900000000000000000000000000000000000B1
:10AFA00000000000000000000000000000000000A1
:10AFB0000000000000000000000000000000000091
:10AFC0000000000000000000000000000000000081
:10AFD0000000000000000000000000000000000071
:10AFE0000000000000000000000000000000000061
:10AFF000000000000000000000000000314D0200D1
:10B00000000000000000000014C8002014C8002048
:10B010001CC800201CC8002024C8002024C8002010
:10B020002CC800202CC800200100000001000000F6
:10B030003CC800203CC8002044C8002044C8002070
:10B04000000000000100000054C8002054C8002087
:10B0500000000000EBDB00200000000000C2010047
:10B060000001030084C8002000000000FCDB002079
:10B07000FBDB0020000000000000000000000000DA
:10B08000FDDB0020200000000000000000000000A8
:10B0900000000000B07C020002000000A8C80020F0
:10B0A000A8C800200000000001000000B8C800206F
:10B0B000B8C80020C0C80020C0C8002000000000A0
:10B0C00001000000D0C80020D0C80020000000000F
:10B0D0000000000000000000000000000000000070
:10B0E0000000000000000000000000000000000060
:10B0F00020770200000000000000000025DC002096
:10B100001DDC002081CA0100AF58020000000000D1
:10B11000000000002DCF0100000000000000000032
:10B12000FFFF000000000000000000000000000021
:10B13000000000000000000000000000000000000F
:10B1400000000000000000000000000000000000FF
:10B1500000000000000000000000000000000000EF
:10B1600000000000000000000000000000000000DF
:10B170000000000008000000FF00000000000000C8
:10B1800001000000000000000000000000000000BE
:10B1900000000000000000000000000000000000AF
:10B1A000000000000000000000000000000000009F
:10B1B000000000000000000000000000000000008F
:10B1C000000000000000000000000000000000007F
:10B1D000000000000000000008000000FF00000068
:10B1E0000000000001000000000000009DF70100C9
:10B1F0009DF50100C1F70100A9F50100A5FA0100C4
:10B200002DF801006DFA01007D5E0200775E0200FC
:10B21000715E020020CA002020CA00200000000049
:10B220004F5A020000000000000000000000000073
:10B2300000000000000000000000FFFF0000000010
:10B240000810012000400000000000000000000085
:10B250000000000000000000C8F000200002000014
:10B2600000000000000000000000000078CA00207C
:10B2700078CA002000000000000000000E0000005E
:10B280008CCA00208CCA00200000000000000000D2
:10B290000E000000A0CA0020A0CA0020000000008C
:10B2A000000000000E000000B4CA0020B4CA002054
:10B2B00000000000000000000E000000C8CA0020CE
:10B2C000C8CA002000000000000000000E000000BE
:10B2D000DCCA0020DCCA00200000000000000000E2
:10B2E0000E00000000000000000000000000000050
:10B2F000FCCA0020FCCA002004CB002004CB0020A4
:10B3000048CB00200000000000000000000000000A
:10B31000000000000000000000000000000000002D
:10B32000000000000000000000000000000000001D
:10B33000000000000000000000000000A8760200ED
:10B340006CCB0020000000000002000000000000A4
:10B3500000000000000500000000000000000000E8
:10B3600000000000000000001D9E01000000000021
:10B3700015E015E0076950011000200071AFC1E928
:10B380005D628E077C418207E82641458C890FD893
:10B39000E971041D33E4EA4DB9771800010020007B
:10B3A000FC5701DC6135E1323847BDC40F04D2E5FA
:10B3B000BEE5833B23C29F93593D00018CFA9994CB
:10B3C0002000000151F14C69ED8AC1960D1DF17309
:10B3D0006F8C5086E7718D0F0CA9E73F22FA99F028
:10B3E00066F64955616B8A234FF274623D80C5173A
:10B3F00048307B8B94EECB4C876F67D3D0873C5C17
:10B400008ED0858DAD41886F7B943FE05C3426B84B
:10B41000E841B440CFA7C118A05F96AD05E723343B
:10B42000FB9590A950F918A298E1D5D650D908F902
:10B43000F8EA1278E5243DC3C6C64B9420B0C62F67
:10B440004627F0941729BD663F514BE1BFEC229986
:10B45000BBB118413092A59DC846DE027F49E4A0E9
:10B46000F99ED1F83BBEE127AD841209A87A62ADFE
:10B4700026E26B9B99A381B2650009299B8499DD23
:10B480000EF99E17892A08FC50E9141820E0E229D9
:10B4900098DB7DB5169BF24701E1F21B046A61213E
:10B4A000125558E02ECA538651BF13E26CA200C356
:10B4B000DFF63ED024A4A5B177CB27BCF1222180B2
:04B4C000E3A649F9BD
:00000001FF
