:020000040000FA
:10000000F80B0020690600000D0700009157000062
:10001000B1570000D157000011580000F1570000FF
:100020000000000000000000000000002126000089
:100030000D070000000000000D0700000D07000084
:10004000000000000000000000000000F13000008F
:10005000000000000D07000000000000000000008C
:100060000D0700000D0700000D0700000D07000040
:10007000000000000D0700000D0700000D07000044
:100080000D0700000D070000000000000000000048
:100090000D0700000D070000000000000000000038
:1000A0000D07000000000000000000000D07000028
:1000B0000D0700000D0700000D0700000D070000F0
:1000C0000D0700000D0700000D0700000D070000E0
:1000D0000D070000000000000D07000000000000F8
:1000E0000D070000000000000D07000000000000E8
:1000F0000D070000000000000000000000000000EC
:10010000000000000D0700000000000000000000DB
:1001100000000000000000000000000000000000DF
:10012000000000000D0700000000000000000000BB
:1001300000000000000000000000000000000000BF
:100140000D07000000015F5F00000000FE0B0000D3
:10015000B126000080060000000000000000000042
:10016000000000000000000000000000401200201D
:100170000000000001015F5F030100001F0100009B
:1001800085040000000000000000000001000000E5
:10019000010000000000000000000000000000005E
:1001A0000000000070000000145C000080000000EF
:1001B000000F000001000000D102000001015F5F9C
:1001C000040100001F010000F30500000000000012
:1001D000000000000000000001000000000000001E
:1001E0000000000000000000000000001F5C000094
:1001F000400000000507000001000000DF040000CF
:1002000038B50025054C29462046D4F80024C4F80A
:10021000045405F066FBC4F8005438BD200C0020DF
:1002200013B511460022CDE9002242680346382A60
:10023000046844D194F82820022A19D01AB900F091
:1002400047F902B010BD21482468D0F80404013AEF
:10025000CDE90040082A35D8DFE802F0050A0E1380
:10026000181D22272C006A46184600F02EF9E8E7F0
:10027000184600F018F9E4E76A46184600F016F947
:10028000DFE76A46184600F00BF9DAE76A461846D7
:1002900000F00FF9D5E76A46184600F00DF9D0E7EF
:1002A0006A46184600F00BF9CBE76A46184600F09C
:1002B00009F9C6E76A46184600F00EF9C1E76FF083
:1002C0008000BEE76FF08500BBE700BF200C002078
:1002D0002DE9F04F05680446A1B0002D40F0AA803A
:1002E0002022294602A805F0FCFA12AF2022294656
:1002F0000AA805F0F6FA38222946384605F0F1FA40
:10030000E26904F11C039846B2B10426E26A04F1E2
:100310002C03EAB10425EEB96FF08306304621B014
:10032000BDE8F08F002EF1D053F8041D3246013E97
:100330000029F7D01646E9E70326F5E7002DEAD0B5
:1003400053F8041D2A46013D0029F7D01546E2E77F
:100350000325F5E738233A460021606805F0FEFAE8
:100360003828D9D14FF00109CDE90270334F0DF192
:10037000080A04F1100B4E45D7F800141CD10DF1FA
:1003800028094B46002008EB850EC64533D108B13D
:10039000C7F80014A3683146C7F804340AAA2B46EC
:1003A00002A8FFF73DFF00270646BD4209F10809F4
:1003B00038D1FFF725FFB1E75BF8043FC1F5806254
:1003C000D81C20F00300904204D9FFF719FF6FF00A
:1003D0008C06A3E70844CA19C7F8000449466068B8
:1003E000019205F0BBFA019ACAF80C0009F1010963
:1003F0004AF8082FBFE758F804CFC1F5806A0CF11E
:10040000030222F00302524503F1080305D87818CD
:1004100043E9020C11440120B7E70028D5D0C7F802
:100420000014D2E7394659E90223606805F0ABFAB7
:100430000137BAE76FF0850670E700BF200C002097
:1004400008B528220021024805F04BFA002008BD1B
:100450002810002010B5044C0F222046034905F057
:100460001BFA204610BD00BF51100020F605000009
:1004700008B50121024803F0F1F9002008BD00BFD2
:100480005010002008B5FFF7DBFF40B9FFF7E2FF8F
:10049000FFF7EEFF18B9BDE8084003F04DBA08BDFC
:1004A0006FF0850070476FF0850070476FF0850032
:1004B00070476FF0850070476FF0850070476FF0F0
:1004C000850070476FF0850070476FF085007047BA
:1004D000D1E9000103F010BA6FF085007047F0B564
:1004E00003680546B3F57D7FA7B007D040F2F5322B
:1004F000934207D06FF0850027B0F0BD01F01EFCDD
:100500000020F9E700243C22214607A8CDE9024457
:10051000CDE90444069405F0E4F93C22214617A8ED
:10052000169405F0DEF9EA69019405F11C0302B3A3
:100530000426EA6A05F12C033AB30424731E012B46
:1005400052D8012C50D80423002168680DEB030217
:1005500005F004FA04281AD06FF08000CCE7002ED2
:10056000E7D053F8041D3246013E0029F7D0164665
:10057000DFE70326F5E7002CE0D053F8041D224600
:10058000013C0029F7D01446D8E70324F5E7022EF2
:1005900016D16E69402E29D806AF33463A4601215E
:1005A000686805F0DBF98642D6D1CDE9027602A96A
:1005B00044B92246019801F0AAFD044620469BE773
:1005C0000021F5E72B6A402BC6D816AACDE90423F3
:1005D000019804AA01F09BFDDDE9042304460021F3
:1005E000686805F0D0F9E9E7012085E76FF0890038
:1005F00082E7002070474D62656420544C532033DD
:100600002E352E3000000000000000000000000029
:1006100000000000000000000000000000000000DA
:10062000142F000001000000407C0000801000201A
:100630004A000000407C0000200C00200000000068
:10064000407C0000000C002000000000A8110020E9
:10065000C4050000200C002018010000000C002040
:100660000800000002F0BEBB08B572B61E4A1F4B60
:100670009A601F4B83F309881E4B83F30A8883F328
:100680000B881D4B16A1D1E90001C3E9000100F060
:1006900089F81A4B1A498B4212D30020194B1A4978
:1006A0008B4218D302F04AFF186850F8224058686D
:1006B00040F82240013298688242F5D30C33EAE7D1
:1006C0000022F8E71C6844F8220001325C68A2426C
:1006D000F8D30833E4E70022F8E700BFAFF3008067
:1006E000A5EDF5FEA5EDF5FE0000000000ED00E033
:1006F000F80B002000040020F80B00202806000062
:100700004C0600004C06000064060000EFF3088071
:10071000EFF309812DE9F00F6B46724600F02CF9DA
:1007200008B0FFF79FFFFEE708B5EFF31083012B3A
:100730000C4A07D1126ABFF34F8F511C4A424A41FB
:10074000104608BD01F04EFB00B172B6126ABFF34D
:100750004F8F531C5A425A4101F044FB0028EFD0FE
:1007600062B6EDE70080FF0008B5EFF31083012BC0
:100770000B4A06D1D269BFF34F8F02F00102104637
:1007800008BD01F02FFB00B172B6D269BFF34F8FE5
:1007900002F0010201F026FB0028F0D062B6EEE77D
:1007A0000080FF00694A10B5D2F8D03043F0020350
:1007B000C2F8D03001F016FB30B14FF050230022C8
:1007C000C3F81421C3F8182101F01BFB28B1012242
:1007D0005F4BC3F8382AC3F878254FF47F02D2F86C
:1007E0003031D2F83421BFF34F8FC3F30B03092B01
:1007F00005D1012A1EBF0122554BC3F8782501F00F
:1008000000FB18B10E22534BC3F8E42E01F0EAFAB4
:1008100030B100224E4BC3F80C270122C3F8102739
:100820000022D30003F57F03D3F80013BFF34F8FEB
:10083000013108D0D3F800130132D3F80433B2F5F4
:10084000807F0B60EDD1EFF31084FFF78DFF002860
:100850004DD0BFF34F8F404BD3F80024012AFBD17A
:10086000C3F80425D3F80024012AFBD1012C03D0BE
:1008700001F0B8FA00B172B6FFF776FF58B1374A07
:10088000D36923F00103D361BFF34F8F324AD2F80B
:100890000034012BFBD1FFF747FF68B12F4A136AE1
:1008A00023F0FF0343F020031362BFF34F8F2A4A64
:1008B000D2F80034012BFBD1012C03D001F092FAC5
:1008C00000B162B60022244BC3F80425D3F80024FB
:1008D000012AFBD1BFF34F8F1C49214BCA6802F498
:1008E000E0621343CB60BFF34F8F00BFFDE7FFF71C
:1008F0001BFF0028ADD1154AD2F88C3043F4406379
:10090000C2F88C304FF47F03D3F83021D3F8343160
:10091000BFF34F8FC2F30B02092A16D1013B022B02
:1009200002D8104AD35C83B10C480F4903680A4AC5
:100930008B420CBF5A230023C2F8103EC36A8B427D
:100940000CBF5A230023C2F8003E10BD00ED00E0AA
:100950000040005000A00350009003500080FF00B2
:100960000400FA05C0310000FA50FA507C22014917
:1009700004F092BFDC18002038B51D46364B374CCA
:100980005B68C3F308032360EFF30383C4E901202A
:100990006365C2F3801302F00C020C2AE16036D1C9
:1009A0000BB9EFF3898120222D48216104F074FFF7
:1009B00025B1202229462B4804F06EFF264B9A6A67
:1009C000A265D96AE165986B206602F40040606612
:1009D000586BA06602F08000E0669A62D962D3F894
:1009E000E42021482267D3F8E810616702F0400153
:1009F000A167C3F8E4200E2101F015FA2268D31E86
:100A0000042B1CD8DFE803F0090F1215180013B9E6
:100A1000EFF38881C7E70146C5E70C211348BDE81D
:100A2000384001F000BA12211148F8E70B211148B3
:100A3000F5E70D211048F2E70E211048EFE70F2AE5
:100A400098BF1421BDE8384089BF25210C480D48C6
:100A5000103A01F093BB00BF00ED00E0DC1800206D
:100A6000F018002010190020C3310000D13100001F
:100A7000DD310000EF310000FA31000007320000E4
:100A800015320000293200002DE9F34106460F46D9
:100A90000C4DD5F82C80C04710F00104FBD139462D
:100AA00030466B69984740B9C047C307FCD42B6AEE
:100AB000019302B0BDE8F0411847204602B0BDE8FE
:100AC000F08100BF5032000010B5094C0020A3682F
:100AD0009847236902209847A46A4FF4E131012026
:100AE000A0472346BDE8104001211520184700BF4C
:100AF00050320000064B82B01868002382B262F3C5
:100B00000F03000C60F31F43184602B0704700BF8C
:100B100098320000014B1869704700BF8410002014
:100B2000014B5869704700BF8410002010B5044C79
:100B3000204600F0B5FE002084F8200010BD00BF64
:100B40008410002038B50C4D0C4695F8203013B9B0
:100B50004FF0FF3038BD0A460146284600F02AFF14
:100B6000064B984205D00B3B9842F1D100206C61B6
:100B7000F0E76FF00100EDE7841000200B00AD0BF3
:100B8000F0B51B4E054696F820300C4691B01BB9C7
:100B90004FF0FF3011B0F0BD00F06043B3F1005FE3
:100BA00021D100230A460146304600F0EFFB114BED
:100BB00098421AD00B3B9842EAD1346111E0A71B4E
:100BC000402F28BF4027A9193A46684604F064FE22
:100BD00039466846FFF7D4FF0028DBD14036B442DF
:100BE000EDD80020D6E70026F9E76FF00100D1E745
:100BF000841000200B00AD0BC3B2012B10B540F0E8
:100C000096804DF6C023994270D028D8B1F5615F27
:100C10006FD011D8B1F5965F6DD008D8B1F5966F49
:100C20006BD0B1F5166F6BD06FF007005DE0B1F5DA
:100C3000165FF9D1454B33E047F61223994262D053
:100C400007D8B1F5964F61D0B1F5E14FECD1404BEB
:100C500026E0B1F5164FE7D14FF41D0320E03D4BE0
:100C6000994255D011D8B1F5E13F54D007D8B1F52C
:100C7000614F53D0B1F5963FD6D1374B10E0B1F567
:100C8000613FD1D14FF06C730AE0B1F5612F48D0CC
:100C9000324B994248D0B1F5E12FC5D14FF0E8630E
:100CA00010F4E06F46D110F4404103D0B1F5804F0D
:100CB00043D1102110F4405203D0B2F5805F3FD1F0
:100CC0000E2210F4403003D0B0F5403F3BD101205C
:100CD000234C20766276E361A1760A4324681043B0
:100CE000C4F82435C4F86C05002010BD4FF465032A
:100CF000D6E71C4BD4E71C4BD2E74FF49E23CFE73B
:100D00004FF41D23CCE74FF40003C9E7174BC7E7A7
:100D10004FF08063C4E74FF0EB73C1E74FF46B0310
:100D2000BEE74FF07063BBE74FF08053B8E76FF05A
:100D30000300DAE76FF00800D7E76FF00A00D4E7A6
:100D40006FF00900D1E76FF00B00CEE700502700ED
:100D500000C0750090D0030000903A0140420F009F
:100D60008410002000F03A0000B0130000A04E00F4
:100D700010B58EB02422002105A804F0B2FD4FF07A
:100D8000FF33CDE90133CDE903334FF0EB730B9320
:100D90000723104C01A8D4E902128DF8363001F077
:100DA00060F801460022204600F03AFA0A4B9842C9
:100DB0000DD10C9B002023831B0CA3760B9BC4E955
:100DC0000400E361012384F820300EB010BD6FF001
:100DD0000100FAE7841000200000AD0B7FB500256C
:100DE0000C46C0F808511646D0F80821D0F8002269
:100DF00022F02002C0F80022104AC0F8082301F0B7
:100E000080F8A560256104F14C03D3E8EF1F21F4BD
:100E10007F0121F47041C3E8E21F002AF5D11022BE
:100E20002946684604F05DFD042368468DF80030CD
:100E30000196D4E90013984704B070BD10020A006F
:100E400000F01F03400909D1074A02EB8303D3F8DE
:100E50000012064A0A40C3F800227047002280337D
:100E600052F82330FFDE00BF00258450F0F8FCFF6D
:100E70002DE9F04F804690F804A05020664F0E46B2
:100E800000FB0A70416885B049B113F0020304D039
:100E9000836B002B00F0B2800123009300E00091EF
:100EA0004FF0500909FB0A73DB6CD90600F1A680EC
:100EB0004FF0010BB3180293029BB34200F0A780DE
:100EC00006F06043039398F80450D8F8004009FBFB
:100ED00005739A6B9AB9039BB3F1005F40F0998058
:100EE000019200F0A1FD09FB0572D16C204601F0D2
:100EF000010100F0D4FF28B900F09EFDE3E70123D3
:100F00000193EEE7516C33460029BCBFD4F84C1571
:100F10005164019A42B109FB05713078D1E90E2381
:100F2000D054D1E90E3213441BB1C4F84435C4F88F
:100F300048B50022C4F82021D4F82011C4F8582163
:100F4000D4F85811C4F85021D4F850210822C4F81C
:100F50000025009AE2B14FF48003C4F80433C4F8CA
:100F600008B000F069FD502303FB0A7251680029A4
:100F70004BD1D26C120748D503FB0A734C33D3E82C
:100F8000EF1F21F00801C3E8E21F002A36D0F6E780
:100F9000C4F808B0019300F04FFD09FB0572D16C55
:100FA000019B01F001012046019300F078FF844687
:100FB000019BD4F84C05D4F84425BCF1000F0DD1A9
:100FC0009342F0D005EB850507EB0515D1B100F094
:100FD0002BFD2946204600F0D9FFC2E705EB850529
:100FE000934207EB0515F1D10028EFD100F01CFD6D
:100FF0002946204600F0CAFF00F01EFD074805B054
:10100000BDE8F08FC4F80CB0E1E7013654E70448BE
:10101000F5E70448F3E700BF581900200800AD0BBE
:101020000000AD0B0400AD0B430904D10123034ABA
:1010300083409360704700239B60FFDE002584504F
:1010400000F01F0340090BD1084A02EB8302D2F8DB
:101050000012074B0B4043F00303C2F80032704705
:101060000022803352F82330FFDE00BF0025845079
:10107000F0F8FCFF2DE9F84391F8303005460C46B6
:1010800090F804800F6853BB5023DFF85091781C10
:1010900003FB0893DE6C46F00072DA6404D0384635
:1010A000FFF7C2FFFFF7CCFF6068411C01D0FFF7DC
:1010B000C7FE94F82C30012B11D1502303FB089369
:1010C000E06846F02066421CDE6401D0FFF7B8FEFF
:1010D000A068431C03D0FFF7A7FFFFF7B1FF94F808
:1010E0002F0038B950223D4B02FB0833DA6C42F036
:1010F0008072DA6494F82CC094F82D1094F82E20A5
:101100002B68D4F828E041EA0C010A43E668D4E9E8
:101110000198C3F824E5C3F86C2550B9BCF1010F60
:10112000C3F80C75C3F8149504BFC3F80885C3F859
:101130001065D3F8682503F26458012A08BFDA6005
:10114000D3F86425012A13D1082149F64046244FDB
:10115000C3F8001547F001075A60D8F800309BBB70
:101160002B68D3F88024C3F880240022C3F800251C
:1011700000212B6894F83220C3F81011D3F8100125
:10118000C3F82011D3F82001C3F82411D3F82401A7
:10119000C3F84411D3F84401C3F85811D3F85811D7
:1011A00043F307335201002BD2B212DB0D49C818AA
:1011B00080F800230122580903F01F0302FA03F309
:1011C00041F82030BDE8F8834020B847013EC4D143
:1011D000C6E7054903F00F03CA54F3E75819002086
:1011E000A032000000E100E014ED00E000F01F0379
:1011F00040090BD1084A02EB8302D2F80012074BD8
:101200000B4043F00203C2F80032704700228033E3
:1012100052F82330FFDE00BF00258450F0F8FCFFB9
:101220002DE9F3479046502290F80490514C02FB70
:1012300009FA04EB0A070D4697F8481006460029FC
:1012400040F0858009EB890004EB001004F049FBB5
:101250002B69AA6944F80A306B69BB6302B1013A91
:10126000502303FB0943DA632A6A042A81BFEA692F
:101270009A610022DA6195F83130B8F1000F37D069
:1012800083F001073F0233B1502303FB0943DA6CBB
:1012900042F00102DA64502303FB09440123C4F83D
:1012A000048084F848303468D4F84C2112BB2946B5
:1012B0003046FFF7DFFE0822002334688DF8073040
:1012C000C4F800250DF10702C4F84425C4F84835D8
:1012D00001230A25A360E360D4F85831002B38D1EC
:1012E000254B402043F001039847013DF4D128E00D
:1012F0004746C8E708224FF06409C4F80025636038
:101300001D4B43F0010AD4F84431F3B9D4F8243129
:10131000DBB94FF42070D047B9F10109F3D14B4646
:101320000022C4F84C21D4F84C11C4F81021D4F890
:101330001011C4F84421D4F84411C4F80025002B3E
:10134000B5D10E4802B0BDE8F0870123E8E70C48AC
:10135000F8E70023C4F820319845D4F82021C4F8D8
:101360000035084B08BF00231F4333680648C3F805
:101370000473E7E758190020A03200000100AD0B0C
:101380000C00AD0B10020A000000AD0B2DE9F04778
:1013900084460F469E4616460579002A51D04FF0E6
:1013A000500ADFF8AC80D0F800900AFB058ADAF822
:1013B000044074B96BB9DAF82C50002D43D1CAF847
:1013C0002C20FFF755FD0446CAF82C502046BDE8F6
:1013D000F0871EF0030F07D0734632463946BDE84A
:1013E000F0476046FFF744BD07F06043B3F1005F8C
:1013F0004FF0500414D104FB058400F015FBE26AA1
:101400001AB1144C00F018FBE0E7C4E90A7605EBCA
:101410008505484608EB051100F0C3FD0E4CF1E7C9
:1014200004FB0584A36B83B100F0FEFAE36A002B92
:10143000E7D1E36C012243F00203C4E90A76E364D6
:10144000E5E7064CC2E7034CC0E7054CBEE700BF2A
:10145000581900200B00AD0B0000AD0B0600AD0BC2
:101460000A00AD0B2DE9F84350230679284D046896
:1014700003FB0653D4F80473DA6AC4F8087322B97C
:101480002448C4F80473BDE8F88306EB860005F130
:101490004C024FEA001802EB0012D2E8EFCF4CF0FA
:1014A000080CC2E8E0CF0028F7D10122E26031B396
:1014B000D96C01EA02094946204600F0F0FC0028F8
:1014C000FAD000F0B1FAB9F1000F1CD1D4F82031F4
:1014D00053B10123E360D4F85831002BFBD02046F0
:1014E00005EB080100F052FD00F0A6FA0023C4F855
:1014F0002031D4F82021502202FB0655EB62064829
:10150000C4F80473BFE7D4F85831002BE7D1EBE7F8
:10151000581900200500AD0B0000AD0B2DE9F84374
:1015200090F80480484F08EB8806360106F14C0518
:1015300004683D44D5E8EF3F43F48052C5E8E02F0E
:101540000028F7D1DB047BD4480705D5502303FBE3
:1015500008739B69002B75D03C4B3E44C4F808339C
:101560000823C4F800350023C4F81031D4F8102142
:10157000C4F84C31D4F84C21C4F844310A03D4F8EF
:1015800044318B0303F4804302F4005249031343B4
:1015900001F400410B43D5E8EF2F1A43C5E8E12FD2
:1015A0000029F8D14FF0500909FB0879D9F8083023
:1015B000BBB9D9F8043063B9D5E8EF3F23F47F0312
:1015C00023F47043C5E8E23F002AF5D12048BDE886
:1015D000F8830321304600F06FFCD9F80830002B67
:1015E000EAD0D4F80433590713D5502303FB08730A
:1015F0005A6872B1DB6C1A030BD5D5E8EF3F23F4C0
:101600000023C5E8E23F002AF7D10621304600F06A
:1016100053FC502303FB0873DB6CDB0401D40D483F
:10162000D5E7D4F84C310BB901232360502303FBD9
:1016300008735B68002BF2D0044BC4F80433EEE768
:101640000548C4E70548C2E75819002010020A00FF
:101650000200AD0B0000AD0B0B00AD0B0800AD0B95
:101660002DE9F84F056801F06043D5F804A3B3F104
:10167000005F90F804B089461746C5F808A37CD1EE
:101680005023404E03FB0B639A6852B15B68002BFA
:101690005ED1D5F81021002A5AD0C5F81031D5F8FE
:1016A0001031502404FB0B64E269C4E90297002A5C
:1016B0003CD00BEB8B0897424FEA081824D24FF02E
:1016C000000B3A46A1694846C4E902BB04F0E4F8BD
:1016D000E269A069D21BC119E26104F0A7F863684E
:1016E0006BB1B04449463A46404600F0F6FBE36C25
:1016F000990404D55A4641462846FFF76FFB224815
:10170000C5F804A3BDE8F88F4846A16904F0C4F801
:10171000E36963620023E3611C4B9844D8E8EF3F20
:1017200043F40023C8E8E23F002AF7D1502303FB2B
:101730000B63586ADA689968DB6C121A0144C5F8C1
:101740003415C5F83825DA04D9D501232B60D6E73E
:10175000502303FB0B6633698BB9F36CC5F83495E2
:101760005B04C6E90497C5F83875C8D5D5F80032CA
:1017700043F02003C5F80032C1E70548C0E705483B
:10178000BEE700BF581900200000AD0BA4190020CF
:101790000A00AD0B0B00AD0B50232DE9F0413C4D81
:1017A00090F80480046803FB0853DB6CD4F8000253
:1017B00003F48223B3F5805F68D1D4F80463C4F8DE
:1017C000086309B9830656D4D4F8003223F0200305
:1017D000C4F800324FF4842308EB8801090101F1B9
:1017E0004C072F44D7E8EF0F1843C7E8EC0FBCF1C4
:1017F000000FF7D12AB9502303FB08535B68002B75
:1018000041D1244BC4F8083301236360D4F8443138
:10181000002BFBD00023C4F84C31D4F84C21C4F881
:101820001031D4F81021C4F84431D4F84431502395
:1018300003FB0853DA6C12F400421FD1DA61204630
:1018400000F05FFB502303FB08550023AB602B61C6
:10185000D7E8EF3F23F47F0323F47043C7E8E23F68
:10186000002AF5D126F4202626F404760A48C4F886
:101870000463BDE8F0814FF48033ADE7204629448E
:1018800000F051FBDBE701236360EFE70348F0E77B
:101890005819002010020A000000AD0B0500AD0B26
:1018A0002DE9F8432F4A03680679C3F8082343F368
:1018B0000733002B04460DDB01215A0903F01F03F7
:1018C000994002F12003284A42F82310BFF34F8FBA
:1018D000BFF36F8F012220461146FFF75DFF012104
:1018E0002046FFF7BFFD50212279204D236801FBE0
:1018F0000252D46CD3F80C05E201D3F81495D3F856
:101900000875D3F8108509D54FF0FF32C3F80C25C0
:10191000C3F81425C3F80825C3F81025A30116D56C
:10192000411C01D0FFF762FCB9F1FF3F02D04846ED
:10193000FFF75CFC22010AD5B8F1FF3F02D0404618
:10194000FFF754FC7B1C02D03846FFF74FFC5023B6
:10195000002203FB0653DA6483F848205A60BDE88E
:10196000F88300BF10034A0000E100E0581900208E
:1019700010B5502402790B4B04FB02335B686BB942
:101980000368D3F810211AB9D3F80025082A07D024
:1019900011B1D3F83C350B60034810BD0348FCE798
:1019A0000348FAE7581900200000AD0B0800AD0B02
:1019B0000B00AD0BF7B505461646FFF751FE164B6B
:1019C0000446984222D1032128462F79FFF7A6FD2D
:1019D000124B984201D0A0421BD15022104B02FB67
:1019E00007335B6893B90C4C284601A9FFF7C0FF89
:1019F000A042F9D1019BB34207D3012228461146E8
:101A000003B0BDE8F040FFF7C7BE064C204603B068
:101A1000F0BD0446FAE700BF0000AD0B0B00AD0BB4
:101A2000581900200800AD0B72B6024A1368013342
:101A300013607047A8190020034A1368013B136024
:101A400003B962B6704700BFA8190020003A18BF5A
:101A50000122003918BF012103688900074841EAC3
:101A60004201186359605A6842F001025A60BFF39C
:101A70004F8FBFF36F8F0020704700BF04AAFF0095
:101A80000722024BC3F80423704700BF0030005008
:101A9000084BD3F80801D3F80021003818BF012003
:101AA00080000AB140F00100D3F804310BB140F0DE
:101AB00002007047003000500022074BC3F800219D
:101AC000D3F80011C3F80421D3F80411C3F8082196
:101AD000D3F80831704700BF0030005000231720B2
:101AE000094A03F5C0710133202B42F82100F8D1D7
:101AF00000231720044A03F5E0710133202B42F83C
:101B00002100F8D1704700BF0030005010B59DF89B
:101B10000840C00B43EA0423064CC90B43EA0213F6
:101B2000884200D910BDC2B202F5C07244F822301A
:101B30000130F5E70030005010B59DF8084000F185
:101B4000604043EA042301F16041074C400B490B1C
:101B500043EA0213884200D910BDC2B202F5E07216
:101B600044F822300130F5E700300050C0F30E0396
:101B7000C3F50043B3FA83F3C3F11B03064AC0F372
:101B8000C730DBB240F4807043F48073C2F80005C4
:101B9000C2F80435704700BF0030005043030148CD
:101BA00018447047FF1FF81F054BC0F307300902A8
:101BB00041F0300100F5007043F82010704700BF7D
:101BC00000300050044BC0F30730090200F50070EC
:101BD00043F82010704700BF0030005008B5FFF7F1
:101BE00057FF044B162118600348BDE8084000F079
:101BF0001AB900BFEC1F0020A63200000C220149D8
:101C000003F04ABEEC1F002010B501F056FA04465E
:101C100090B901F0C7FE044680B90A4A2E21D36864
:101C2000094823F008031B041B0C43F0BF6343F473
:101C30000033D36000F0F7F8204610BD45F223547E
:101C4000FAE700BF00ED00E0BC320000024B186074
:101C5000024B002019607047FC1F0020F81F002075
:101C60001FB5274C426923685A6282699A62C26929
:101C7000DA62026A1A63426A5A63826A9A63C26AC1
:101C8000DA63026B1A64426B5A60826B9A60C26BB1
:101C9000DA60026C1A61426C5A61826C9A61C26CA1
:101CA000DA61026D1A62826D5A65C26D9A65026FC1
:101CB000DA65026E1A66826E5A66426F9A66EFF3B2
:101CC00088825A64EFF389829A644268DA64EFF397
:101CD00094821A65026801A81A67FFF78FFF2368CC
:101CE000019ADA6601221A70064B1C6864086400C7
:101CF000204621462246234603F0A7FE04B010BD2D
:101D0000FC1F0020F81F002000B5A1B001A8FEF7BD
:101D10002DFE029B63B15B060AD4019B23F00203F4
:101D2000052B05D1044B1B6813B101A8FFF798FFE1
:101D300021B05DF804FB00BFF81F0020BFF34F8FF8
:101D40000549064BCA6802F4E0621343CB60BFF357
:101D50004F8F00BFFDE700BF00ED00E00400FA0573
:101D600038B543680C2B30D14B68042B2DD14FF084
:101D7000FF3304680D6821682B6031B3A26822B379
:101D80000623012001F0F1F8F8B96168104B99427F
:101D90000DD9A2680F485318834202D9F438834200
:101DA00010D8206803F078FD0020286038BD0A4B69
:101DB00099420AD9A26809488B188342F1D90730A1
:101DC000814202D906488342EBD90220EEE700BFE8
:101DD000FF01FF002C02FF002F01FF003801FF0070
:101DE0004C01FF004FF47F03D3F83001D3F83431B6
:101DF000BFF34F8FC0F30B00A0F1090358425841C5
:101E000070474FF47F02D2F83031D2F83401BFF37B
:101E10004F8FC3F30B03092B03D1431E5842584184
:101E2000704700207047FEF72FBE012070476FF00B
:101E300003007047002382B00193019802B07047FD
:101E40006FF003007047002382B00193019802B045
:101E50007047022814BF6FF0030000207047FEF7A0
:101E60008FBE30B501EB8202914200D130BD51F8F6
:101E7000044B04F07F037F2B4FEA144408BF4FF05C
:101E8000FF33032CF0D8DFE804F0020406080360F7
:101E9000EAE74360E8E78360E6E7C360E4E7034618
:101EA000D0F8580130B931B9D3F82001003818BF43
:101EB000012070470120704730B504460D4685B0BB
:101EC00010220021684603F00CFDD4E90013684697
:101ED0008DF80050984705B030BD7FB504460E46DA
:101EE000154600211022684603F0FBFC01236846DA
:101EF0008DF80030CDE90165D4E90013984704B0AE
:101F000070BD10B50446FFF78FFDD4F8583133B1DA
:101F1000D4F8043313F4800308BFC4F80035BDE8D7
:101F20001040FFF789BD70B50D4604460522AA2171
:101F3000D0F83C65A86903F0D4FC0522AB69C4F86D
:101F40003435C4F838250022C4F81021D4F8101113
:101F50000121E162D4F810110029FBD0C4F84C2112
:101F6000D4F84C11C4F81021D4F81021D4F83C2531
:101F70009642EA6109D15A1E043312F8011FAA29B8
:101F800003D19A42F9D10023EB6170BDD0F85831EA
:101F900033B1CB6CC3F30032DB0458BFC0F800256B
:101FA000704770B5CE6C0D4606F001010446FFF790
:101FB00076FF38B94FF4800346F00406EE64C4F8A7
:101FC000043370BDD5E90A365AB1296CEA6B761A2A
:101FD000964228BF164619443246A86B03F05CFCB3
:101FE000AB6B4FF0FF326A641BB1C4F84435C4F8E0
:101FF00048650023C4F82031D4F82021C4F85831B2
:10200000D4F85821C4F85031D4F850310823C4F81A
:1020100000354FF48003C4F804330123A360D0E7F4
:102020004B6830B513F01F052DD102680C6810689D
:10203000C0F30720844226D25068556094600C7C1F
:1020400023F01F0304F001041C438B7CDB0003F02E
:1020500018031C434B7C5B0003F006032343D3604F
:102060008B68013B23F01F04CB685B0003F00E0379
:10207000234343F0010313615060BFF34F8FBFF35D
:102080006F8F284630BD0120FCE7036800205A68A6
:10209000C9B258609960D86018615A60704770B5CD
:1020A0000546002403681E68C6F30726B44201D122
:1020B000002070BD21462846FFF7E7FF0134F5E711
:1020C000C0037047C00300F5FF407F307047002019
:1020D00070471F2070474FF40040704700F57F4065
:1020E000C03040037047402070475F2070474FF476
:1020F000005070470020704708B5FFF705FE72B624
:1021000020BFFDE7002070470020704770470B4656
:1021100070B5114618B1032806D0032070BD1846CB
:10212000BDE87040FFF71CBE5A68082A01D00220A3
:10213000F4E74C68042CFAD11D684FF0FF330E68A9
:10214000296833600029F2D06B68002BEFD026237A
:102150007422012000F009FF0028E8D12246232341
:102160000120696800F001FF04460028DFD1D5E9AD
:102170000001FFF76BFD30602046CFE730B50C461D
:10218000154685B038B139B1FFF74DFE041E03DAAC
:10219000204605B030BD044640F60D23ADF80E30A4
:1021A00009230B4901A805F00F028A5C2D091A5476
:1021B000013B012BF7D147F630030C21ADF8043079
:1021C000FFF731FE0028B4BF04462418E0E700BF43
:1021D000EA32000008B5154B83F30A88144800F072
:1021E00057FF00BBFFF710FDE8B9FFF783FFD0B939
:1021F000FFF788FF98B9FFF789FF00F0B5FE35219A
:102200000C48FFF710FE00F0FBFB21210A48FFF706
:102210000AFE00F039FA00F089FE002008BDFFF741
:1022200073FF0028E7D000F0DDFDEEE7000400209A
:10223000AC190020FA3200002F3300002DE9F04FD6
:1022400093B00093574B8146D3F800B00BB2002BEC
:102250000D461646C1F30268C1F3024A04DA6FF074
:10226000800013B0BDE8F08F8B42C36001D1002025
:10227000F7E708EB0A03042BF1D8CC0F64014FEA0F
:10228000C80731463A46DBF8080044F0020300F084
:102290006CFE01460028E2D1202202A803F021FBB7
:1022A0003A46314602A84FEACA0603F0F5FA32462A
:1022B0000099DBF8080044F0060300F056FE0746DC
:1022C0000028CCD1014620220AA803F00AFB32469E
:1022D00000990AA802AE03F0DFFA33460137B84589
:1022E00014D91A46BC460DE0D2F808E0D168186847
:1022F0007144884203D2596808448645AFD30CF133
:10230000010C0832C445EFD10833E7E715F0006F40
:1023100018BF202409F1180707EB880844F00203CE
:10232000474513D1202C26D1002D02DBC5F3C04533
:102330006C0109F128050AAE05EB8A0A44F006048F
:1023400055451AD1009BC9F87C3090E77268DBF8DC
:10235000080056F8081B019300F007FE00287FF4E0
:102360007EAF56F8042C019B47F8042F56F8082C32
:1023700038633A62D4E70024DBE77268234656F8F4
:10238000081BDBF8080000F0F0FD00287FF467AFC1
:1023900056F8043C45F8043F56F8083C28642B6383
:1023A000CEE700BFB01900202DE9F0411F461A4BBF
:1023B0000D461646D3F8008000F0CBFE044608B95F
:1023C00000F010FDE368002B01DA00F00BFD032D97
:1023D00001D900F007FD04EB8504E569E36CED1A13
:1023E00016D006233A463146D8F8080000F0BDFD65
:1023F00008B100F0F7FCBD4228BF3D46E36CE16B3D
:102400002A461944304603F047FAE36C2B44E36450
:102410002846BDE8F08100BFB01900202DE9F04149
:102420001D461A4B0F461646D3F8008000F091FE69
:10243000044608B900F0D6FCE368002B01DA00F08E
:10244000D1FC032F01D900F0CDFC04EB8704E36A33
:10245000E26E9B1AAB4201D200F0C4FC02232A4672
:102460003146D8F8080000F080FD08B100F0BAFC51
:10247000E36EE06D2A463146184403F00DFAE36E30
:1024800000202B44E366BDE8F08100BFB0190020B6
:102490002DE9F04105464FF001080E4E0E4B37680E
:1024A0005C681CB928463760BDE8F08122689368F3
:1024B00013F400700CD1A369012B09D0D3683460E8
:1024C00023B19847002801DA00F08CFCC4F818808A
:1024D000246AE6E7B0190020B419002038B5044694
:1024E00010B96FF0800038BD8368002BF9D01A68EE
:1024F000002AF6D05D68002DF3D00B4BE861A86987
:102500001D6020B92B68DB6853B90123AB61A36858
:1025100004F10C001B681B69984701232360E2E764
:1025200098470028F1DADCE7B01900204268024B36
:1025300008461A60704700BFB0190020002330B56C
:1025400005680446AA68C0E9063312F4406F85B0F6
:102550001CD012F4006202D000F082F90246A96A8F
:102560002B6968460B44073123F0070321F007016C
:10257000CDE902130093002305490193EB6800F0B5
:102580005FFA684600F0C8FD024B1C6005B030BD24
:1025900091240000B019002001F00C0370B50C2B41
:1025A0000CBF154605464A060C461ED58B0658BF7D
:1025B0002835AB6913F8026C84F00803C3F3C00339
:1025C000C6F38012934201D000F00CFC16F0A00F6D
:1025D0001CD176B1032E15D032461C210D48FFF7D1
:1025E000CDFD6FF083032B600AE000F0FBFB20269B
:1025F000E2E700F0FBFA04460146074800F088FDD8
:10260000204670BD284600F001FAF9E732461F2146
:102610000248E4E750330000F80B00206C33000060
:10262000EFF308807146EFF30982EFF30B830CB4EC
:1026300006B4FFF7B1FF8646009900F0080001F0EC
:102640000801401A02DC12DB04B070471EF02003C0
:102650001CBF2DE9F00FBDF1080D0A4C254626469A
:102660002746A046A146A246A34630B4704704B010
:1026700030BC1EF020031CBF1DF1080DBDE8F00F9B
:1026800004B07047A5EDF5FE084BDA6882F07F4292
:1026900082F47F0242F48042DA6000221A765A768F
:1026A000DA76DA77602283F82220704700ED00E0C6
:1026B000009A0A4B9A420FD10122904301460246EA
:1026C000034604460546064607468046814682463E
:1026D0008346844686460447FEE70000A5EDF5FEE6
:1026E0002DE9F041044618B943F6DA30BDE8F0812F
:1026F0000029F9D08368002513F4406F14BF01232B
:102700000023134F43F00203DFF848800B6000F111
:102710003006236AAB4201D80020E7E71421A36901
:10272000E26906EB830301FB02330C226A4399182A
:102730008968090709D59B58BB4201D04345D3D1CD
:10274000186810B10121FFF72FFA0135E1E700BF4A
:10275000B4100020AC10002070B5324C86B0324866
:10276000FFF79DFC236801255A1C01932F4B226023
:10277000DA681B694FF44076039300232A4801A9C5
:1027800002920495ADF814608DF81630FFF748FCFE
:1027900018B143F6DA3006B070BD23688DF8160024
:1027A0005A1C0193224B20480293224B01A9CDE9E8
:1027B00003352260ADF81460FFF732FC0028E8D141
:1027C00023688DF816005A1C01931B4B1648029380
:1027D0001A4B01A9CDE903352260ADF81460FFF76B
:1027E0001FFC0028D5D123688DF816005A1C0193D0
:1027F000134B0D480293134B01A903930223049337
:1028000040F201132260ADF81430FFF709FC0446D2
:102810000028BED12A4629460348FFF717F920466B
:10282000B9E700BFBC190020A8100020FC3300004D
:1028300020340000405C000020060000200600005C
:10284000000C0020200C0020014B1868704700BFCE
:10285000FC330000014B1B6818687047FC33000014
:10286000014B1B6858687047FC33000008B5FFF740
:10287000B5F9FFF721F90A4B5A68103AD3B212069C
:1028800009D401215A0903F01F03994002F16003A2
:10289000044A42F82310BDE8084000F0A3BA00BF84
:1028A00000ED00E000E100E00020034BD8765A6A1A
:1028B00042F470225A62704700ED00E00349044B75
:1028C000CA68002092B21343CB60704700ED00E06D
:1028D0000800FA0500224FF0FF300D4B02F1A00175
:1028E0000132102A43F82100F8D1D3F880220020C9
:1028F00022F00802C3F88022D3F88022D3F8802285
:1029000022F40072C3F88022D3F88032704700BFEF
:1029100000E100E008B5FFF7B3F80822024BC3F866
:1029200080211A60002008BD00E100E0064BD3F8CA
:10293000D02022F00102C3F8D020D3F8D02042F0FA
:102940000202C3F8D020704700ED00E037B5012443
:10295000FFF7C4F8134D2246052347F6FF71002008
:102960000094FFF7D3F8224607234FF000500E499A
:102970000094FFF7E1F8D5E9010107230022009454
:10298000FFF7C4F807230022084909480094FFF71D
:10299000D3F82969E8680139FFF7E8F8002003B0A7
:1029A00030BD00BFFC330000FF7F0020FFFF03208D
:1029B0000080002038B500240E4D002155F8040B8E
:1029C0000134FFF7FFF81C2CF7D10020012240F260
:1029D0000111094BC3F88004C3F88424C3F8C00470
:1029E000C3F8C424054AC2F840154FF48072C3F8F6
:1029F000402438BD8C33000000300050009003505C
:102A00000122014B1A607047C019002010B504461E
:102A1000094B2289186861680623806800F0A5FACE
:102A200028B9064B1B68012B01D100F087F86FF025
:102A30008603236010BD00BFB0190020C01900201C
:102A40002DE9F84305461E460068134B9046AA68D8
:102A5000A0F1080440E90233503890420F4601D2F9
:102A600000F0C0F9A4F1480948220021484602F0CC
:102A700038FF002344E9073344F8143C4FF08073D7
:102A800044F8043C6FF0020344E9036744F8208CE7
:102A9000C5E90093BDE8F883A5EDF5FE30B5094C16
:102AA000024661680023084640B105686D6895429A
:102AB00005D11BB1826860609A60816030BD0346B9
:102AC0008068F1E7441A002038B504462AB10B6843
:102AD0009B68DB0512D5002038BD0B4B1D680DB976
:102AE00000F080F900222B6899692C338A4203D0C8
:102AF00053F8040FA04204D19142ECD16FF0FC00D6
:102B0000EAE70132F2E700BFB019002070B50446D1
:102B10000E461546002130220C3002F0E2FE064B34
:102B200020461B68A6606360656100F001FA00231F
:102B30002061236070BD00BFB0190020044B1B68EA
:102B40001BB11B680BB1586870474FF0FF307047DE
:102B5000B0190020064B10B51C680CB900F042F902
:102B600023689B6813F4406F14BF0120002010BD40
:102B7000B01900202DE9F843904607460C46FFF7B0
:102B8000E9FF024624B96FF080042046BDE8F883CF
:102B90006300F8D5144B04F01F0153F82150002DA9
:102BA000F1D02B6829465868FFF78EFFB0B9C4F3FF
:102BB0000721284600F0BBFA04460028E3D1EFF3D2
:102BC000108972B600F0C1F9064689F3108840B149
:102BD00042462946FFF79AFF3E60D6E76FF0810430
:102BE000D3E76FF08204D0E7C41900202DE9F0414B
:102BF00000F0AAF90023134E134F73607B6000F0BE
:102C0000E5F8DFF84880304600F022F80446A8B125
:102C100039468023424600F07FF80546204600F002
:102C2000CBFA206804F10801FFF75AFD08B100F063
:102C3000D9F829462046FFF781FCE4E7BDE8F041DA
:102C400000F071B9B4190020441A0020C419002002
:102C5000F8B5054608B900F0C5F82A4E346814F1F5
:102C6000290F4CD8284B196804F128038B4246D20F
:102C7000236AA26903EB43030C321344606AE269DE
:102C8000024402EB820213449B00E31801D29942F2
:102C900001D200F0A7F823681C4A1B0C1B049342C6
:102CA00001D000F09FF82388B3F5817F01D300F0B5
:102CB00099F86368002B01DA00F094F8144A176859
:102CC00007F124031360134A1268934201D900F0FC
:102CD00089F8236AA26903EB43030C32616A134447
:102CE000E2693C600A4402EB82021344326802EB60
:102CF00083026B6832603B626F603846F8BD002724
:102D0000FBE700BFC41000201834000000005F5F24
:102D1000C0100020143400002DE9F74F0F469046F4
:102D20000646009300B109B900F05CF8D6F800A09F
:102D3000DAF818200AF1300303EB820BDAF81C40B2
:102D4000204B1D6854B10C2202FB04541C601E4B26
:102D50001B689C4201D900F045F82C4625464FF0EF
:102D60000009DAF81C204A4500D91CB9002003B03C
:102D7000BDE8F08F142303FB09B20023C5E9002648
:102D80009268AB60930516D5B8F1000F02D0009B96
:102D9000802B03D0019200F025F8019A12F0E00F89
:102DA000D0B202D158F820201AB1019000F01AF8E0
:102DB000019848F820507A6809F10109AA607D60FD
:102DC0000C35CEE7BC1000201034000008B5FFF72A
:102DD0003BFD034B9860FFF73DFD80F3888808BDFD
:102DE00000ED02E0FFF788B98230012808B506D867
:102DF000FFF7B0FE18B9BDE80840FFF7F3BF08BD04
:102E0000F8B506460D4600F0A4F9044608B9FFF7E8
:102E1000E9FFA7680FB9FFF7E5FFE368991C20D029
:102E20005A1C21D1A5B315F1820F13D102232360BF
:102E3000EFF3108672B629462046FFF777FB05466A
:102E400086F310882368022B24D1204600F086F8F0
:102E50002846F8BD15F1830FEAD0FFF7C3FF002520
:102E6000E6E702232360FAE7002BF6DB204600F0BA
:102E700094F93B689B689B0501D50223236015F1FB
:102E8000810FD5D16369002BD2DBFFF7ABFFCFE712
:102E90003546F4E700232360DAE708B5FFF72CF99D
:102EA0006FF0830008BD2DE9F3410E4617469846A2
:102EB0000546FFF74FFE00F060F92946024601A8DB
:102EC000FFF758FE044660B943463A46314601983A
:102ED000FFF7B4F9044640B16B0002D5019800F049
:102EE0003DF8204602B0BDE8F0810198FFF7F6FA00
:102EF0000446F6E740F20110704770B50546FFF74B
:102F000029FE06462846FFF7C9FD044608B90020F9
:102F100070BD014632462846FFF7D6FD0028F6D19F
:102F20002368D868F4E76FF00200704700DF70474D
:102F30004FF480507047B0F5805F03D1EFF30B8002
:102F400080387047002070477047EFF30B8000F126
:102F5000800383F30B88704700207047EFF30B83E7
:102F6000803B83F30B88704770472DE9F0410E4694
:102F70001546002A4AD0C4074BD480F00204C4F39B
:102F80004004A40003F00602062A4AD144F00104DA
:102F900022462946304602F057FBB8BB46E800F20D
:102FA00005EB0608100E120208F1FF3747E800F3A0
:102FB0004FEA136166D51B0264D5884262D046E8A9
:102FC00000F547E800F7FFF782F82D0E85424FEA3B
:102FD000176734D3FFF77DF8874230D82846FFF7CC
:102FE00071F82246C6F101010144304602F02CFB83
:102FF000002847D00135AF4218D83846FFF760F8AF
:103000002246A8EB000102F01FFBD8B30020BDE868
:10301000F081EFF39484A40004F0040444F012045B
:10302000B0E7990731D544F00804B1E72846FFF727
:1030300047F80646FFF74FF822460146D5E7FFF767
:1030400052F885421ED3FFF750F887421AD8284617
:10305000FEF7A4FD2246C6F101010144304602F00C
:10306000F3FA78B10135AF4203D83846FFF736F8A6
:10307000C6E72846FFF732F80646FFF738F822463B
:103080000146EBE76FF07F00C1E74CF2DA20BEE7C4
:1030900010B50446FFF74AFCFFF758FC10B143F6A1
:1030A000DA3010BDFFF786FC0028F8D1FFF754FB9B
:1030B0000028F4D102232360F3E708B5FFF7F4FBFF
:1030C00010B143F6DA3008BDFFF7F8FB0028F8D15D
:1030D00000F01CF80028F4D162B6FDF7F5FCFFF70C
:1030E000F9FB0028EDD1FFF715FC0028EBD0E8E74D
:1030F000EFF30880EFF309812DE9F00F6B4672467C
:10310000FDF73AFC08B0FFF7B1FBFEE7002070477F
:1031100004460D46A54628470368283383F30988EB
:10312000836883F30B88BFF36F8F40687047036831
:103130009A68DB6812F4806F05D18B422CBF0020A7
:103140006FF0FA0070478B420CBF00206FF0FA005E
:10315000704710B5FFF7EFFE0446FFF7FDFE50B9CC
:10316000FFF7ECFCA3685B681B685B68834218BFD1
:103170000024204610BD0024FBE738B5054648B1C1
:1031800000F01BF8B5EBD07F044601D0FFF72AFE14
:10319000204638BDFFF7D2FCF4E7002310B500F15C
:1031A000280252F8041F19B1C16F146C19444C6005
:1031B0000833202BF5D110BD70474FF0FF3070471A
:1031C000000001464154414C204552524F523A2092
:1031D00000486172644661756C740D0A004D656D3E
:1031E0004D616E616765206661756C740D0A004201
:1031F00075734661756C740D0A0055736167654699
:1032000061756C740D0A005365637572654661756E
:103210006C740D0A0052657365727665642045789A
:1032200063657074696F6E2000506C6174666F72B4
:103230006D2065787465726E616C20696E7465725C
:103240007275707420284952516E293A200000008E
:10325000F50A00002B1E0000710D00002D0B000070
:10326000531E00005F1E0000450B00002F1E0000D3
:10327000150B0000210B0000F90B0000351E0000AB
:10328000411E0000471E00001D0000001000040049
:103290001C000200110006000302020200000000F0
:1032A0000338FDD87047506C6174666F726D2045AD
:1032B0007863657074696F6E3A0D0A00416C6C201A
:1032C00070696E732068617665206265656E206343
:1032D0006F6E66696775726564206173206E6F6ECC
:1032E0002D7365637572650D0A00303132333435E4
:1032F000363738394142434445461B5B313B333412
:103300006D5B536563205468726561645D2053652D
:103310006375726520696D61676520696E6974699E
:10332000616C697A696E67211B5B306D0D0A001B49
:103330005B313B33346D426F6F74696E6720544666
:103340002D4D2076322E302E301B5B306D0D0A0055
:10335000556E6B6E6F776E2053504D205356432041
:103360007265717565737465643A2000556E6B6E95
:103370006F776E20535643206E756D6265722072B2
:1033800065717565737465643A20000000400050F3
:10339000005000500080005000A0005000B00050CD
:1033A00000E0005000F000500000015000100150FB
:1033B0000040015000500150007001500080015049
:1033C00000B0015000C0015000D0015000E0015099
:1033D00000F0015000000250001002500020025086
:1033E0000030025000400250006002500080025045
:1033F00000A002500090035000258450008000007F
:1034000000800000FFFF0F00007C00000080000033
:0C3410002C12002014120020000200000A
:10342000009A204B9A4208D110B502F07DFA02F0C2
:10343000A9F906BC96460C46744702F0B9FA009A00
:10344000184B9A4208D110B502F07AFA02F09AF9B4
:1034500006BC96460C46744702F0AAFA0CB4029ACF
:10346000104B9A420CD14FF0004319430CBC10B5DD
:1034700000F09EF802F086F906BC96460C467447AA
:1034800002F096FA009A074B9A4202D10649086860
:10349000744702F08DFA009A024B9A4200D17447A9
:1034A00002F086FAA5EDF5FE801000200348044BDB
:1034B000834202D0034B03B118477047A811002084
:1034C000A8110020000000000548064B1B1AD90F68
:1034D00001EBA301491002D0034B03B11847704719
:1034E000A8110020A81100200000000010B5064C13
:1034F000237843B9FFF7DAFF044B13B10448AFF365
:1035000000800123237010BDC018002000000000BF
:10351000345C000008B5044B1BB104490448AFF308
:103520000080BDE80840CFE700000000C41800207C
:10353000345C0000A3F5803A704700BF174B002BA6
:1035400008BF134B9D46FFF7F5FF00218B460F4642
:103550001348144A121A02F0C4F90E4B002B00D083
:1035600098470D4B002B00D0984700200021040005
:103570000D000D48002802D00C48AFF3008002F087
:10358000DBF820002900FEF725FE02F0C1F800BF9D
:10359000000008000000000000000000F80B002000
:1035A000A8110020B8280020000000000000000042
:1035B0002DE9F84304460D4616461F46EFF30583F2
:1035C000C3F308030BB1FFF70DFCDFF834903B4663
:1035D000204632462946D9F80080FFF764FCD9F826
:1035E00000300446984506D0DB6901461869BDE8FD
:1035F000F843FFF705BCFFF7F7FB2046BDE8F8836B
:10360000B019002001680E4A0346914215D1C169E4
:10361000A2F11022A2F1EF1291420ED18268012A8A
:103620000BD8C26812B101698A4206D0586928B124
:103630009B691B1A5842584170470120704700BFD0
:1036400055AA00FF0D4B70B59E68A6B13046FFF736
:10365000D9FF044678B9F3686BB935690DB92046CE
:1036600070BD2846FFF7CEFF28B9EB68B34202D100
:103670002E462D69F2E70124F1E700BF4C1A002025
:103680002DE9F041394E3468F368D4B1B468C4B15F
:10369000002861D000295FD001FB00F5B5FBF0F0F8
:1036A000884259D1291D57D8AA070DD025F0030209
:1036B00004321C4603E0616891424FD2A469002C99
:1036C000F9D12046BDE8F0812A46F2E7891A23297C
:1036D00004F12007D4E9050C1AD80123A360A0B196
:1036E000C0F818C0A36903B158610023C4E90533C9
:1036F0003369DB0702D5FFF7A5FFA0BB2A460021EF
:1037000038463C4602F0EDF8DBE7C6F80CC0E9E7C6
:1037100002F1200804EB08032039C3E9011E2169E6
:10372000DFF84CE0DC60196144F808E0AEF1102EDF
:10373000AEF1EF1EC3F81CE001B1CB60C3E9050C8C
:1037400040B18361996901B14B6101212361C4E9F1
:103750000121CAE7F360F5E70024B2E7D4F808E0F6
:10376000BEF1000FB2D0012001F0D2FF4C1A0020B0
:1037700055AA00FFF8B5054600283AD0364E336802
:10378000002B36D0B268002A33D0834203D8726847
:103790001344984202D3012001F0BAFFA0F12004A3
:1037A0002046FFF72FFF0028F5D155F8183C012BD4
:1037B000F1D145F8180C55E90570DFB1BB68CBB9FC
:1037C00055F81C2C7B68203213447B60386100B1B3
:1037D000C76020220021204602F083F8386908B132
:1037E00083682BB333699B0703D5FFF72BFF0028B2
:1037F000D1D1F8BD40B3836833BB426863681344DA
:10380000203363600369D4E90521236192B9B9B912
:10381000426981696261A161A2B19461A26902B148
:10382000546103B1DC602022002102F05AF8D9E78C
:103830003C46E2E79161A1690029E9D04A61E7E7E6
:10384000F160F8E7F460E9E7F36845F8083C03B194
:103850005C61F460C6E700BF4C1A002038B50D4625
:10386000142200210446124802F03BF81149124884
:1038700000F02CF8232D1AD914F003031FBF043DC8
:10388000ED18C3F10403E4182A460021204602F093
:1038900028F8074B094AC3E900459C602260A2F161
:1038A0001022203DA2F1EF126560E261DC6038BDBC
:1038B0004C1A0020753700008136000055AA00FF21
:1038C000014B1B68184700BFC8100020024B18604E
:1038D000024B002019607047CC100020C810002057
:1038E00010B50A46044619B1024B00211B689847DF
:1038F00010BD00BFD0100020054B0A46197819B141
:103900000146181D02F08EB86FF08800704700BFA6
:10391000601A002010B5074C00F032F8204602F083
:1039200092F8201F0821FFF7DBFFBDE8104002F0EE
:1039300076B800BF641A002070B50C4D2B787BB9A7
:1039400002F06BF8044670B90126281D6E7002F073
:1039500067F8044638B900F00BF8044618B92E7021
:103960000024204670BDFFF7D5FFFAE7601A00205B
:103970000122024B002083F880257047681A00203E
:10398000F8B5074C2025264601272046276202F07D
:1039900033F8013D04F12C04F7D186F88055F8BDC9
:1039A000681A002010B50C4C236813B10B4B1B6830
:1039B0002BB900F089FC30B90122084B1A600123B1
:1039C0002360002010BD0138062801D9044810BD2D
:1039D000044B53F8200010BD0420002000200020DC
:1039E000FE8FFFFF9C5A0000144B2DE9F043002886
:1039F00014BF04461C46124F236883B0BB4219D043
:103A000016460D4620464FF4147104F1040900F0E7
:103A100047F804F58E78484600F0CEF8404600F0AE
:103A200019FA2B464A4640460649009600F034FBF8
:103A300008B92760002003B0BDE8F083082000200B
:103A4000A5BCC95A3D3C000070B50D4C1D46002870
:103A500014BF064626460B4B306882B098420DD103
:103A600006F58E70002633460096144600F03EFBA5
:103A7000002818BF34462C6002B070BD0248FBE736
:103A800008200020A5BCC95AE88FFFFF38B131B12A
:103A9000002201440346013081421A70FAD1704776
:103AA00038B131B1002201440346013088421A7016
:103AB000FAD170472DE9F043202B1D460646884673
:103AC00091468BB026D8DBB202AF8DF80480B046A9
:103AD00058F8041B8DF8053021B9404601F038F93B
:103AE000044640B9012302224046336001A901F097
:103AF00043F9044638B138462021FFF7D1FF20466C
:103B00000BB0BDE8F0832A464946404601F034F93F
:103B10000446F0E702AF1946104600233A4601F08A
:103B2000B1FA04460028E6D12023B9461D46CCE769
:103B30002DE9F041D0F8F830A6B0002BD8BF02AE86
:103B400031DD05460027D0F80C4102AEA4F1010892
:103B50009022D5F8FC403146D0F8000101AB019726
:103B6000B8FA88F8A0474FEA5818044620B9019BD4
:103B700053B9B8F1000F16D030469021FFF790FFEF
:103B8000204626B0BDE8F081014632462846FFF7C0
:103B900091FF58B9D5F80431019A1344C5F804319E
:103BA000B8F1000FE8D16FF03C04E5E70446204689
:103BB00026B0BDE8F08100BF70B500250446142290
:103BC00004F588762946C0F8F850FC3001F089FEEB
:103BD00008222946304601F084FE144B30461B680B
:103BE0009847204640F8045B01F098F8104B3046A7
:103BF0001B689847C8B9D4F8F830AB420FDC03EB28
:103C0000830204EB82022021C2F800010120C2E9F4
:103C1000421008490133C2F8FC10C4F8F830064BD2
:103C20003046BDE870401B68184770BDF01000209A
:103C3000EC100020214C0000E81000202DE9F04796
:103C4000202A88B07AD83F4B00F5887904461B6853
:103C500048461746884698470546F8B940F2011687
:103C6000D4F8F830002B65D02046FFF761FF0546F9
:103C700038B9D4F8F830002B14DC013EF2D16FF0E3
:103C80003B056E4620213046FFF70AFF2E4B484683
:103C90001B689847002818BF6FF01D05284608B01C
:103CA000BDE8F087D4E94132934203D3D4F80C2124
:103CB000012A02D0013ED7D1E1E71F2BFAD96E4687
:103CC00001462022304604F1040A01F00AFE314682
:103CD000504601F07BF805460028D3D1504601F04C
:103CE00031F8504601F01AF82946504601F030F8F4
:103CF00005460028C6D150462022314601F03CF846
:103D000005460028BED1034632462021304601F048
:103D1000B9F905460028B5D1D4F8F8303A46002B59
:103D2000C8BF002340463146C8BFC4F8043101F083
:103D3000B3FDA7E76FF03F056E46A3E76FF03B05C5
:103D4000ACE700BFEC100020E810002070B590B088
:103D500000287AD03E4C0D464022362106462046A9
:103D600001F0BFFD40225C21A01801F0BAFD2B1D1F
:103D7000A34203D904F144039D4252D32B68226825
:103D8000534023602B68226C534023646B68626845
:103D9000534063606B68626C53406364AB68A268B5
:103DA0005340A360AB68A26C5340A364EB68E26825
:103DB0005340E360EB68E26C5340E3642B69226993
:103DC00053402361226D2B695340236562696B69FF
:103DD000534063616B69626D53406365AB69A2696F
:103DE0005340A361AB69A26D5340A365EB69E269DF
:103DF0005340E361EB69E26D5340E36500213046D7
:103E000000F0A6FF044628B940223046104900F0D1
:103E1000B3FF044640216846FFF742FE204610B03B
:103E200070BD631E04F13F01013D1F3415F8010F01
:103E300013F8012F42401A7011F8012F2878A3427D
:103E400082EA00020A70F1D1D8E76FF07304E5E767
:103E50005822002010B54FF49A720021044601F058
:103E600040FD42F21072044BC4F8202104F5967014
:103E70001B68BDE810401847F01000202DE9F04FF6
:103E800004468846914695B0002900F0A780002A94
:103E90000CBF0126022600238DF80C30002C00F008
:103EA0009F80DFF844A104AF0AF1400B00212046B7
:103EB00000F04EFF034648B1384620210193FFF73A
:103EC000EFFD019B184615B0BDE8F08F402251462A
:103ED000204600F051FF03460028EDD104F1F4051F
:103EE00020222946204600F047FF03460028E3D160
:103EF0000122204603A900F03FFF03460028DBD142
:103F0000022E62D020460CA900F060FF0346002874
:103F1000D2D10146204600F01BFF03460028CBD13A
:103F200040225946204600F027FF03460028C3D10F
:103F3000202220460CA900F01FFF03460028BBD119
:103F40003946204600F042FF03460028B4D13946E6
:103F50002046FFF7FBFE03460028ADD1202229466C
:103F6000204600F009FF03460028A5D120460CA9F1
:103F700000F02CFF034600289ED10146204600F0A9
:103F8000E7FE0346002897D140225946204600F01C
:103F9000F3FE034600288FD1202220460CA900F012
:103FA000EBFE0346002887D12946204600F00EFF8D
:103FB0000346002880D19DF80C200132D2B2B242D3
:103FC0008DF80C20FFF472AF76E74A464146204652
:103FD00000F0D2FE0346002894D06DE701265AE790
:103FE0006FF0730304AF67E7582200202DE9F0411A
:103FF0000446884615461F46D0F81801E0B013B1B4
:1040000000EB40004008B5F5807F3ED82844B0F56D
:10401000C07F3AD84FF4C0720021684601F061FCBD
:104020006946D4F82431D4F81821D4F828019847E7
:1040300070BBD4F8186157B1D4E9493072080DEB60
:104040000601984720BBD4F8183106EB5306B8F1A7
:10405000000F00D08DB9324669462046FFF70EFFAB
:10406000054610B90123C4F8143131466846FFF7FC
:1040700017FD284660B0BDE8F0810DEB0600414613
:104080002A462E4401F008FCE5E76FF00405F0E74E
:104090006FF00805EDE700BF2DE9F047044604F195
:1040A000F4050F4691461E46DDF8208000F036FEEE
:1040B00029462046FFF74AFE08B1BDE8F0872846AA
:1040C0002022012101F00DFCD4F81831C4F824712C
:1040D000C4F8289113B92023C4F818314246314658
:1040E0002046BDE8F0470123FFF780BFB2F5806F9F
:1040F00000F295802DE9F04F89B09A46129BB3F5F6
:10410000807F00F29080D0F82431164604460F4696
:104110004BB3D0F81C31012B05D0D0F81421D0F8C6
:1041200020319A421FDD514600232046129AFFF7A4
:104130005DFF014698B900231293002E5ED0DFF890
:10414000EC9009F1400B0021204600F001FE202EEA
:104150003546014628BF202504F1F40890B10846F1
:1041600009B0BDE8F08FBAF1000FE6D0129B002B2A
:10417000E1D051461A462046FFF780FE014600284E
:10418000DBD0ECE749464022204600F0F5FD014631
:104190000028E4D141462022204600F0EDFD0146F2
:1041A0000028DCD16946204600F010FE01460028B8
:1041B000D5D1204600F0CCFD01460028CFD159468C
:1041C0004022204600F0D8FD01460028C7D16946AC
:1041D0002022204600F0D0FD01460028BFD14146F4
:1041E000204600F0F3FD01460028B8D138462A46A3
:1041F000414601F051FB761B2F44A4D15146204685
:10420000129AFFF73BFE01460028A8D10846D4F8D1
:1042100014310133C4F8143109B0BDE8F08F6FF0E8
:104220000201084670476FF0040198E75822002009
:10423000002130B58DB0282202A8019101F051FB78
:1042400002A800F047FF044610B120460DB030BD73
:10425000174D4FF0FF31286800F042F9044620B1B5
:10426000144800F0D3F9012C18D0002000F068F9B0
:10427000D0B9114A02A901A800F0C4FC04460120EB
:1042800000F05EF960B9286800F032F90028DCD04F
:104290000A4800F0BBF920460DB030BD0524F2E716
:1042A000074800F0B3F9EEE7064800F0AFF9E0E7A1
:1042B000D4100020B85A0000D8220020105B000063
:1042C000F05A0000D05A000030B583B000F05CF81E
:1042D00028B100F0ABF80324204603B030BD00F055
:1042E00077F8D8B900F02CF9E0B9224CD4F8283985
:1042F0001B0EF02B0AD1D4F8242A1F4B9A4231D03E
:1043000000F044F8072400F091F8E5E7062400F0F7
:104310003DF800F08BF8204603B030BD0424204661
:1043200003B030BD00F032F800F080F8FFF780FFF6
:10433000044698B9114D2B68002BCDD10246014699
:10434000FFF752FB50B968220D4901ABFFF77CFB28
:1043500020B920460B4B2B6003B030BD052420460E
:1043600003B030BD012000F0EBF80028DAD1C4F82A
:104370000C0ADBE7001084500000E020F824002045
:10438000FC2400205AEA5A5A002070470020704747
:10439000430504D54FF0FF32034BC3F80821024B0D
:1043A000C3F8080A704700BF00108450014BC3F8DF
:1043B000040A70470010845008B100F06BB84FF445
:1043C0007500704708B100F04FB84FF475007047A2
:1043D00010B5114800F070F800B110BD0F4800F0A2
:1043E0006BF80028F9D10E4C204600F065F8002843
:1043F000F3D10C4B0C481C6000F05EF8014600281D
:10440000EBD100F02DF8044608B1204610BD00F0B5
:1044100079F82046FAE700BFE4100020E010002001
:10442000DC100020D4100020D810002008B5084867
:1044300000F04CF8074800F049F8074800F046F84B
:10444000064800F043F8BDE8084000F00BB800BF94
:10445000E4100020E0100020DC100020D810002024
:1044600000207047704700BF024610B4084CD4F8D3
:10447000003A1342FBD021B1D4F804310B60C4F8E8
:104480000831034B0020C3F8082A10BC704700BF56
:1044900000108450044AD2F8003A1842FBD0C2F807
:1044A000080A0020704700BF0010845001F0BEB918
:1044B0000A46002101F015BA08B5034B02681B68D3
:1044C00010689847002008BD1011002008B5034B64
:1044D00002685B6810689847002008BD1011002032
:1044E000024B02689B681068184700BF101100203B
:1044F00008B5034B0268DB6810689847002008BDC8
:104500001011002070B5094C094D2069AB6898471F
:1045100018B1084B08485B6898470021074AEB68C8
:1045200011602069BDE87040184700BFFC100020F2
:1045300010110020F4100020285B000064250020EA
:10454000F8B51A4D1A4E0446B26828699047E8B982
:10455000184F3B684CB1A3B1012B19D0013B3B6014
:104560002869F36898470020F8BD43B90121124A31
:10457000C2F800151149D1F81029002AFBD10133E6
:104580003B60F368286998470020F8BD0C48F8BDE7
:104590000A4AD2F81039002BFBD1074A6FF07E404F
:1045A000C2F80035FFF702FF3B68D7E7FC10002098
:1045B0001011002064250020000084500010845059
:1045C000E98FFFFF014B1B68184700BF1011002047
:1045D000014B9B68184700BF10110020014BDB689E
:1045E000184700BF10110020BFF34F8F0549064B3D
:1045F000CA6802F4E0621343CB60BFF34F8F00BF81
:10460000FDE700BF00ED00E00400FA0530B44FF014
:10461000FE320025074B084C08494968C3F80024BE
:10462000C3F80424C3F80824C3F80C24C4F80055C4
:1046300030BC08470010845000008450F410002063
:1046400010B5044650B1636813F0685F05D0064AA0
:10465000934202D000236260236010BD034B0448E4
:104660005B689847EFE700BF2C5F5CA9F41000205F
:10467000485B0000C8B143680D4A934213D013F061
:10468000685F0ED0012350E8002F194640E8001C57
:104690009CF0000FF7D1012AF5D0BFF35F8F002007
:1046A000704704487047044870476FF4E040704713
:1046B0002C5F5CA9E98FFFFFEA8FFFFF034680B103
:1046C000426809498A420AD012F0685F05D0BFF3F8
:1046D0005F8F002210461A607047044870470448F4
:1046E00070476FF4E04070472C5F5CA9E98FFFFFD3
:1046F000EA8FFFFF10B5044620B10023034A236070
:10470000626010BD0248FFF781FFF6E73A00003A09
:10471000705B00002DE9F047002878D00C46002996
:1047200075D01D46002B72D007461AB10122002316
:104730002A6003602B68002B64D02946204600F0D5
:10474000B7FD804600285FD12146286800F096FD1D
:104750008046002858D12B68082B6CD0042B6DD0D4
:10476000A3F10209B9FA89F94FEA59190121354E25
:10477000C6F8C411C6F84011C6F8C411636AC6F879
:104780003031D6F830219342F6D14FF0000A4FF085
:10479000FF30C6F82CA1FFF7FBFD6FF01B0350465E
:1047A000C6F80031FFF702FEC6F80C91D6F8040AED
:1047B00040F48060FFF7FAFD0A23C6F83831089B01
:1047C000012B29D02369204AA2FB03231B09626A1B
:1047D000404602FB03F303EB43031A4ADB039B0946
:1047E000C2F8D8310123C2F82C313B682A6823F083
:1047F0007F4343EA02633B602A6843EA02233B604B
:10480000BDE8F087DFF844804046BDE8F087DFF878
:1048100040804046BDE8F0874FF47F03D3F80C2C6E
:10482000013206D0D3F80C3C074AA2FB03231B0934
:10483000CDE71623CBE74FF0030997E74FF00209C6
:1048400094E700BF00108450ABAAAAAA310CF10073
:10485000350CF10058B34B1EB3F5047F27D230B5A9
:104860004FF0000ECD00744671464B0901F01F0C4D
:1048700050F82330BCF11F0F23FA0CF306D003F0DD
:10488000010319B901211C468E46EEE79C4201F155
:10489000010106D01C464FF0010EA942E5D10020CF
:1048A00030BD0EF1010E9645F7D1024830BD0148EA
:1048B000704700BF360CF100C0B32DE9F0434C1E29
:1048C000B4F5047F1DD2E3B1DAB100252E46A84627
:1048D0002C46CF0003F1FF394FEA541C04F01F0EA1
:1048E00050F82C10BEF11F0F21FA0EFC0CD00CF06A
:1048F000010C4CB90126E04634463546ECE79642B9
:1049000016D90C48BDE8F083AB420BD0C44508BFB4
:104910000136A945F3D001350134BC42DCD1002079
:10492000BDE8F0830125E0462E46F5E701487047D3
:104930001D46F1E7370CF1002DE9F04F91B08346A9
:10494000DDE91B460D46002E6ED10F691C60002369
:104950001A990B60002A00F02F819D4B6A6AD3F8E8
:104960003811D3F830319A4269D10A2967D19BF8BE
:104970000330089304F10803079304230593954B30
:10498000934CA3FB07239B0803EB4303A7EB4303D1
:10499000039306971A9B069E1E60002E00F0EA8085
:1049A00000F096FC00230993BBF1000F00F0D580C6
:1049B00098464FF0010ADDF81C90002D00F0CD80E4
:1049C000089B002B3DD0284608A900F071FC002868
:1049D00039D0814B984220D0089B082B00F0E4800E
:1049E00000225B000893294608AB58460092FFF767
:1049F00091FE7A4B984200F0D38070B9DBF800202A
:104A0000130A03F47F03134323F07F43CBF80030F2
:104A1000059B013B0593BDD10020039000F058FC9D
:104A2000039811B0BDE8F08F4FF47F01D1F80C0C62
:104A300001300CBF4FF40477D1F80C7C86E768484E
:104A4000EBE76648C5E72946089800F017FC002800
:104A5000BFD1089B082B00F0A980042B00F0A9808F
:104A6000A3F10203B3FA83F35B090493C4F8C4A16E
:104A7000C4F840A1C4F8C4A16B6AC4F83031D4F8BA
:104A800030219342F6D100234FF0FF30C4F82C318F
:104A9000FFF77EFC002318466FF01B03C4F80031BB
:104AA000FFF784FC049B4B4FC4F80C31D4F8040A84
:104AB00040F48060FFF77AFC0A23C4F838312B6990
:104AC00009A8A7FB03236A6A1B0902FB03F303EB94
:104AD0004303DB039B09C4F8D831C4F82CA1DBF8ED
:104AE0000030089923F07F420B0243EA016313432D
:104AF000CBF8003000F0B2FB099B03F01A0303432C
:104B00007FF46AAFA7FB0637D4F81431B8EB970FE0
:104B10000A93D4F818310B93D4F81C310C93D4F8C1
:104B200020310D93D4F824310E93D4F828310F930B
:104B300001D1039B9BB9484618220AA9183EFFF7EA
:104B4000B5FC09F1180908F101089EB100F0C0FB9D
:104B500000230993002D7FF433AF224839E74846FC
:104B60001A46F61A0AA9994408F10108FFF79EFCB3
:104B7000002EEBD1069F079E6A6939463046FFF743
:104B800069FEAA6940B94FF4806339463046FFF7A1
:104B900093FE00283FF440AF00231A9A136018E7F1
:104BA0002B6A002B3FF439AF0F4836E703230493F9
:104BB0005CE70223049359E70122294658460096F0
:104BC00008ABFFF7A7FD00283FF4D4AE25E700BFF0
:104BD00000108450ABAAAAAA020CF100310CF1001B
:104BE000300CF100350CF100320CF10010B4DDE9AD
:104BF000013401940024DDF80CC0CDE902C410BCDE
:104C0000FFF79ABE30B51546012487B005AB009377
:104C10000022CDE9015404ABFFF78EFE07B030BD92
:104C2000F0B587B0002966D01E46002B63D014462D
:104C3000002A60D0314F0D4638684FF0FF31FFF742
:104C40004FFC00284DD10020FFF77AFC002844D10A
:104C50002B4800F03FFAD8B101204FF0FF35FFF7A5
:104C60006FFC002835D14FF408712648FEF70EFF7F
:104C700004212548FEF70AFF21482821FEF706FFF8
:104C80003868FFF735FC00282FD1284607B0F0BD63
:104C90001C4A0346029205AA019204AA03900092BC
:104CA000174902461848FFF7A1FF03460028D3D151
:104CB00028461D46059B22469C4228BF1A46049959
:104CC00032600831FFF7F2FB0120FFF739FC0028C2
:104CD000C9D00E48FFF79AFCC5E70D48FFF796FCD0
:104CE000B6E70C48FFF792FCADE70B48FFF78EFCE8
:104CF000284607B0F0BD4FF0FF35C6E7D4100020BE
:104D00007C250020A425002078250020F05A0000F2
:104D1000D05A0000B85A0000945B000010B5044659
:104D200028B12046BDE81040F421FFF7C1BB04487C
:104D3000FFF76CFC2046BDE81040F421FFF7B8BB3C
:104D4000AC5B000010B1F421FEF7A0BE704700BFBD
:104D500008B521B1012908D06FF0360008BD012146
:104D600000F058F80028F7D108BD022100F052F8F1
:104D70000028F9D0F0E700BF30B505468818B0F537
:104D8000801F0B461446A1B001D8802A0CD9B3F578
:104D9000801F17D922461946284600F07DF80446A0
:104DA00084B9204621B030BD6846FFF77FFB22461C
:104DB0006946284600F070F8802104466846FFF7EF
:104DC00077FBEDE76FF03604EBE700BF70B5E8B1B5
:104DD0000E46D9B1044600F031F80546B0B9236853
:104DE000012B0BD0022B01D0284670BD1C2230466F
:104DF00004F10801FFF75AFB284670BD2022304617
:104E000004F10801FFF752FB284670BD6FF036052C
:104E1000EAE700BF78B138B50D46F0210446FFF748
:104E200047FB402320462560E36500F091FA0038F7
:104E300018BF012038BD0120704700BFF0B5056ED6
:104E4000A5B0044604AEE5B900230127019330461E
:104E50006760294602AA009300F046FA10B10120CB
:104E600025B0F0BD2A46204602A900F099FA002894
:104E7000F5D1204600F0AAFB0028F0D1206625B02D
:104E8000F0BD802D2A46304628BF802204F16401FF
:104E9000FFF70CFB256ED7E7002800F0AE802DE968
:104EA000F04F1446A5B0002A3DD00F46002949D046
:104EB000B2F5803F0546006E20D34FF6FF7805F12E
:104EC000640AEB6D1A1AB2FBF3F103FB1122002AFC
:104ED00065D18342B9464FF6FF7672D0B6FBF3FB3D
:104EE00003FB0BFBBBF1000F30D1002E45D1A4F525
:104EF0007F44FF3CB4F5803F4744E2D2EA6D161A86
:104F0000B6FBF2F302FB1366A64228BF2646002E2C
:104F100075D1824200F08D80B4FBF2F602FB06F6FA
:104F20002EB9002C79D1002025B0BDE8F08F0023E8
:104F300031463846CDE9003302AA00F0D5F9002801
:104F400000F09580012025B0BDE8F08F0023594680
:104F50004846CDE9003302AA00F0C6F90028F1D195
:104F60005A46284602A900F01BFA0028EAD1A6EB0F
:104F70000B06286ED944002EB9D019304946324666
:104F800005EB8000FFF792FAA4F57F44286EFF3C02
:104F90003044B4F5803F4744286692D2AEE742459C
:104FA00028BF4246164639465044FFF77FFA286E1E
:104FB000EB6D3044834207EB06092866A8EB060632
:104FC0008CD1802B28BF802351461A4604A8FFF7B6
:104FD0006DFA0023E96D02AACDE9003304A800F0C0
:104FE00083F90028AED12846EA6D02A900F0D8F96D
:104FF0000028A7D1EB6D286670E70120704705F106
:105000006403394632461844FFF750FA286EEA6DB9
:105010003044A41B374428667BE72B6E22461933A5
:1050200005EB83003946FFF741FA2B6E23442B66CC
:1050300079E7802A28BF802205F1640104A8FFF7E0
:1050400035FA0023E96D04A8CDE9003302AA00F087
:105050004BF900287FF476AF2846EA6D02A900F0EC
:105060009FF900287FF46EAFEA6D286654E7324658
:10507000284602A900F094F900287FF463AF374472
:10508000A41B4EE7F8B51C460546114816460F46C8
:10509000FFF744FE21460E48FFF75AFE044620B1B2
:1050A0000B48FFF74FFE2046F8BD3A462946084810
:1050B000FFF762FE04460028F2D131460448FFF7AC
:1050C00085FE04460248FFF73DFE2046F8BD00BFBE
:1050D000C42700201C2370B582B001A905460193A6
:1050E00000F032F8044638B9019B1C2B07D0144C51
:1050F0001C212846FFF7DCF9204602B070BDD5E937
:105100000112131E18BF0123003918BF0121012607
:1051100028689B00EA6843EA4103002818BF43F06F
:105120000103EE612AB9C5E90834002BE4D1054C2E
:10513000DEE7204643F00803C5E9083402B070BD3D
:10514000370CF0000E0CF0000346002866D0002952
:1051500064D00A681C2A61D14FF47F023B49D2F81F
:10516000100C88425CD0D2F8101C013158D0D2F813
:10517000101C4FF47F021960D2F8140C3449884295
:1051800060D0D2F8141C01315CD0D2F8141C4FF45A
:105190007F025960D2F8181C11F5947F4FD0D2F8D5
:1051A000181C01314BD0D2F8181C4FF47F029960C3
:1051B000D2F81C0C274988423ED0D2F81C1C013181
:1051C0003AD0D2F81C1C4FF47F02D960D2F8001CF0
:1051D00070312FD0D2F8001C01312BD0D2F8001C36
:1051E0004FF47F021961D2F8041CAF3120D0D2F8FD
:1051F000041C01311CD0D2F8041C4FF47F02596109
:10520000D2F8080C144988420DD0D2F8081C01319C
:1052100009D0D2F8082C00209A617047012070470D
:1052200040F6FC01A5E740F2373200209A61704752
:105230005121E2E79021D3E742F60411C3E740F69B
:10524000D861B2E742F2D001A1E700BFFCF8FFFF4E
:10525000D020FFFF0429FFFF37F3FFFF014608B509
:105260004FF48060FFF7AEF80022034BC3F8C8216B
:10527000C3F82C2108BD00BF001084500138072856
:1052800005D8DFE800F0100E040A040404060748FD
:105290007047CB6800204B6270478B6800204B62E0
:1052A00070474B68F6E70B68F4E700BF310CF1007C
:1052B0000B6802E0082B0B6006D8026A13424FEA23
:1052C0004303F7D00020704700487047310CF100CD
:1052D0000022044B4FF48060C3F82C21C3F8C42192
:1052E000FFF756B800108450F0B5002483B0B0F139
:1052F000005F8DF8074025D38C468444BCF1804F75
:1053000004461FD817461D4601220DF1070300F081
:1053100097F90646B0B99DF80730099A3C603B7191
:1053200092B14DB10246089928460DF1070300F0ED
:1053300087F938B99DF807303046099A156013711E
:1053400003B0F0BD4FF47506304603B0F0BD00BFAA
:10535000D8B108B50368012B04D0022B0FD043B19C
:105360000B4808BD20220B490830FFF79FF80020AA
:1053700008BD142208490830FFF798F8F7E7202203
:1053800006490830FFF792F8F1E74FF473007047D1
:105390000100F300BC5B0000FC5B0000DC5B000074
:1053A0002DE9F843002900F0F9800446002800F0B8
:1053B000F98003680F469046002B00F0C380013B44
:1053C000012B00F2D7804FF0FF3178484FF00209EF
:1053D000FFF786F8002840F0BF800020FFF7B0F804
:1053E0000646002840F0C280714AD2F81C39002BD2
:1053F000FBD16F4DD5F8203C002BFBD14FF0FF3097
:10540000FEF7C6FFD5F8040A20F04000FEF7CEFFF5
:1054100001230722C5F81838C5F80029C5F8C43794
:10542000A36CC5F8CC37E36CC5F8D037C5F8C09786
:1054300023685BB1013B012B18D8636AC5F85C3661
:10544000236AC5F85836E369C5F85436A269584B43
:10545000C3F850266269C3F84C262269C3F848266F
:10546000E268C3F84426A268C3F84026504AD2F83E
:105470001039002BFBD1B8F1000F5FD063684020DA
:10548000012B08BFC2F884363A68494BC3F8282C70
:10549000C3F82C8CFEF790FF0646454AD2F8103927
:1054A000002BFBD1424AD2F8203C002BFBD12368D1
:1054B0005BB1013B012B18D8D2F85C366362D2F89D
:1054C00058362362D2F85436E361394BD3F850266C
:1054D000A261D3F84C266261D3F848262261D3F842
:1054E0004426E260D3F84036A36000230121304A0D
:1054F000D2F8CC07A064D2F8D007E064C2F8C41791
:10550000C2F88436C2F8C837D2F81039002BFBD164
:10551000C2F81838002E3BD1254BD3F8040A40F0CE
:105520004000FEF743FF0120FFF70AF860BB1F4869
:10553000FEF7DEFF10BB3046BDE8F8830423C2F857
:10554000C837AAE74FF0FF3118484FF00109FEF7BE
:10555000C7FF00283FF441AF1648FFF757F8002077
:10556000FEF7EEFF064600283FF43EAF1248FFF775
:105570004DF839E7114E3046BDE8F8831048FFF783
:1055800045F83046BDE8F8830E48FFF73FF8CEE710
:10559000102104F10800FEF78BFFBDE70A4E3046EC
:1055A000BDE8F8834FF47306C5E700BFE4100020A0
:1055B00000108450B85A0000D05A00000100F300D7
:1055C000105B0000F05A00000300F300A0B3034694
:1055D00070B4D0E90240D3E9041226BA05BA0CBA75
:1055E00010BAC3E90440D3E90612986A09BAC3E9BC
:1055F000026512BA996100BAD3E9084125BA0CBA1A
:10560000C3E90725D3E90B12C3E9094009BAD86BEE
:1056100012BAD962D3E90D4125BAC3E90C250CBAF7
:1056200000BAD3E9101209BA12BAC3E90E401964DC
:1056300000205A6470BC70474FF47300704700BF7D
:1056400000201870704700BF431810B501D21F2A00
:1056500001D9002010BD013902F014030144102BC0
:1056600080EA01043CD009DC8BB1042BF1D11F2C62
:1056700040E840F315D941E840F10EE0142BE8D1A1
:105680001F2C40E8C0F30CD941E8C0F105E01F2C05
:1056900040E800F305D941E800F11C460B468C4276
:1056A000D7D122F01402013A0A2AD2D801A151F826
:1056B00022F000BF03570000FD560000EF56000027
:1056C0005356000053560000535600005356000036
:1056D0000957000003570000F7560000EF5600007E
:1056E0001F2C40E880F3DCD941E880F1D5E713F4C2
:1056F000001FAFD1ADE713F4801FFAE75B02A9D515
:10570000A7E713F4002FF4E713F4802FF1E700BFAD
:1057100008B5074B044613B10021AFF30080054BD9
:105720001868836A03B19847204600F029F800BF43
:1057300000000000105C000070B50D4D00260D4CFF
:10574000641BA410A64209D10B4D00260B4C00F09F
:1057500099F9641BA410A64205D170BD55F8043B0D
:1057600001369847EEE755F8043B01369847F2E7D3
:10577000A0110020A0110020A0110020A4110020E1
:10578000FEE700BF002383F300887047FDF72ABBC4
:10579000EFF30880EFF309812DE9F00F6B467246B5
:1057A000FBF7EAF808B0FFF7F1FFFEE7FDF71ABBD9
:1057B000EFF30880EFF309812DE9F00F6B46724695
:1057C000FBF7DAF808B0FFF7F1FFFEE7FDF70ABBD9
:1057D000EFF30880EFF309812DE9F00F6B46724675
:1057E000FBF7CAF808B0FFF7F1FFFEE7FDF7FABADA
:1057F000EFF30880EFF309812DE9F00F6B46724655
:10580000FBF7BAF808B0FFF7F1FFFEE7FDF7EABAD9
:10581000EFF30880EFF309812DE9F00F6B46724634
:10582000FBF7AAF808B0FFF7F1FFFEE7814270B47A
:105830000546144602D370BC00F02EB882182144ED
:105840003CB141EA020313F003030FD1E01803282F
:1058500012D86FF00300A3084343002019441A44F0
:105860002344984210D1284670BC704711F8013D7E
:10587000013C02F8013DE3E7581850F8046C981811
:1058800040F8046C043BE1E70C1A14F8016C141A9C
:1058900004F8016C0130E4E770B504463AB141EA1E
:1058A000040313F003030CD1D518032D0FD822F0F5
:1058B00003031C441944002302F0030293420CD159
:1058C00070BD11F8013B013A04F8013BE6E7CD1A3F
:1058D0002E68E51A2E60043BE6E75D5CE554013373
:1058E000ECE7F0B5044662B922F00303234402F06A
:1058F00003021A44934214D1F0BD04F8011B013A8B
:10590000F1E7A307F9D115460B0443EA01630B4302
:1059100043EA01231619032DE6D9771B3B60043DAA
:10592000F9E703F8011BE5E708B5EFF30583C3F3D7
:1059300008030BB1FDF756FABDE80840FDF7DABAE7
:1059400010B50446EFF30583C3F308030BB1FDF76D
:1059500049FA2046BDE81040FDF7CFBA2DE9F041E5
:1059600004460D4616461F46EFF30583C3F30803AE
:105970000BB1FDF737FA3B46324629462046BDE8D3
:10598000F041FCF711BD2DE9F04104460D461646E5
:105990001F46EFF30583C3F308030BB1FDF722FAAB
:1059A0003B46324629462046BDE8F041FCF736BD6D
:1059B00008B5EFF30583C3F308030BB1FDF712FA43
:1059C000BDE80840FDF769BA00207047704710B580
:1059D000044608B1FDF784FF2046BDE81040FDF7FE
:1059E0006FBF10B50446406A10B1A16AFFF7EFFF20
:1059F0000020C4E9090010BD38B50446FFF7F1FFE7
:105A0000236A2C22012B0CBF05466FF0960500215E
:105A10002046FFF766FF284638BD002070477047D4
:105A20000020704713B5002001AB1446FEF70CF8B8
:105A300030B9019BA34218BF6FF0930002B010BDB4
:105A40006FF09200FAE7002070472DE9E04F2746FB
:105A5000A046A146A246A346A446A2B02DEC000A49
:105A600084F3008825462646A447EFF3148515F0F5
:105A7000080F18BFB0EE400A3DEC000A22B0BDE8A6
:105A8000E08F0000F8B500BFF8BC08BC9E46704728
:105A9000F8B500BFF8BC08BC9E467047FF8FFFFFFB
:105AA000FF8FFFFFFE8FFFFFFE8FFFFFFD8FFFFFCA
:105AB000FC8FFFFFFC8FFFFF4661696C20746F2035
:105AC00061637175697265206D757465780A00008F
:105AD0004661696C20746F20696E637265617365DD
:105AE00020504D20636F756E7465720A00000000CF
:105AF0004661696C20746F206465637265617365CB
:105B000020504D20636F756E7465720A00000000AE
:105B10004661696C20746F2072656C6561736520E5
:105B20006D757465780A0000436F756C64206E6F44
:105B300074206C6F636B20706F7765722073617671
:105B400065206D75746578006D757465785F667233
:105B500065652063616C6C65642077697468204EAC
:105B6000554C4C20706172616D6574657200000067
:105B700043616E277420696E697469616C697A6526
:105B8000206D757465782C20776173204E554C4CD0
:105B90000D0A00004661696C20746F20756E6C6F91
:105BA000636B206D757465780A0000000A63747871
:105BB000206973204E554C4C0A00000067E6096AC4
:105BC00085AE67BB72F36E3C3AF54FA57F520E511E
:105BD0008C68059BABD9831F19CDE05BD89E05C1AE
:105BE00007D57C3617DD703039590EF7310BC0FF01
:105BF00011155868A78FF964A44FFABE01234567B1
:105C000089ABCDEFFEDCBA9876543210F0E1D2C306
:105C10004011002054464D5F43525950544F005498
:105C2000464D5F504C4154464F524D5F534552567E
:105C30004943450000000000000000000000000093
:107C00007FE97FE9FBF70CBC7FE97FE9FBF717BC55
:107C10007FE97FE9FBF73FBC7FE97FE9FBF732BCF7
:107C20007FE97FE9FBF71ABC0000000000000000BC
:107C30000000000000000000000000000000000044
:107C40007AFFFFFF00900050000000008832000023
:107C50000400000000000000000000000000000020
:107C6000000000000000000090ED00E000A00350C4
:107C70007FA60350009000506F9500501412002012
:107C8000A811002044010000CD590000C95900008E
:107C9000E3580000DC1000200C110020041100202B
:107CA00000110020FC100020DD450000D14500003F
:107CB000C545000000000000E94500003811002023
:107CC00030110020281100200000000020110020A9
:107CD000F54600004146000075460000BD46000024
:107CE000682500203A00003A6C2500203A00003A4E
:107CF000702500203A00003A742500203A00003A2E
:107D00000000000000000000000000000000000073
:107D10000000000000000000000000000000000063
:107D20000000000000000000000000000000000053
:107D30000000000000000000000000000000000043
:107D40000000000000000000000000000000000033
:107D50000000000000000000000000000000000023
:087D600015350000ED340000B0
:10800000B00A012061920000F53101004D9200009C
:108010004D9200004D9200004D9200004D920000E4
:108020000000000000000000000000002594000097
:108030004D92000000000000DD9300004D92000012
:10804000E9950000E9950000E9950000E995000038
:10805000E9950000E9950000E9950000E995000028
:10806000E9950000E9950000E9950000E995000018
:10807000E9950000E9950000E9950000E995000008
:10808000E9950000E9950000E9950000E9950000F8
:10809000E9950000E9950000E9950000E9950000E8
:1080A000E9950000E9950000E9950000E9950000D8
:1080B000E9950000E9950000E9950000E9950000C8
:1080C000E9950000E9950000E9950000E9950000B8
:1080D000E9950000E9950000E9950000E9950000A8
:1080E000E9950000E9950000E9950000E995000098
:1080F000E9950000E9950000E9950000E995000088
:10810000E9950000E9950000E9950000E995000077
:10811000E9950000E9950000E9950000E995000067
:10812000E9950000E9950000E9950000E995000057
:10813000E9950000E9950000E9950000E995000047
:10814000E995000053B94AB9002908BF00281CBFAF
:108150004FF0FF314FF0FF3000F00CB8ADF1080CDC
:108160006DE904CE00F008F8DDF804E0DDE9022353
:1081700004B07047704700BF2DE9F04786468C4633
:108180000846089E154674461946002B40F0C180EB
:108190008542B2FA82F245D94AB1C2F1200300FA0F
:1081A00002FC954094402EFA03F343EA0C0C4FEA8C
:1081B000154EA8B2230CBCFBFEF80EFB18CC08FB36
:1081C00000F943EA0C43994528D9EB1808F1FF3729
:1081D00004D2994502D9A8F102072B44A3EB090365
:1081E000A4B2B3FBFEFC0EFB1C330CFB00F044EA14
:1081F0000344A04214D92C190CF1FF3304D2A0423D
:1082000002D9ACF102032C44241A43EA07401EB100
:10821000D440002334607360BDE8F0874746DDE753
:108220006346F1E792BB431B01214FEA154EAFB203
:10823000200CB3FBFEFC0EFB1C330CFB07F840EAE2
:108240000343984561D9EB180CF1FF3004D29845EF
:1082500002D9ACF102002B44A3EB0803A4B2B3FB98
:10826000FEFC0EFB1C330CFB07F744EA0344A74259
:108270004DD92C190CF1FF3304D2A74202D9ACF12D
:1082800002032C44E41B43EA0040C0E7C2F1200390
:108290009540944020FA03F12EFA03F34FEA154E6D
:1082A0009040AFB20343B1FBFEFC0EFB1C10190C57
:1082B0000CFB07F841EA0041884522D969180CF106
:1082C000FF3004D2884502D9ACF102002944A1EB69
:1082D00008019BB2B1FBFEFC0EFB1C110CFB07F767
:1082E00043EA01439F420ED9EB180CF1FF3104D24F
:1082F0009F4202D9ACF102012B44DB1B41EA004151
:1083000093E76046E3E76146F7E76046A4E7634624
:10831000B8E7834206D916B9002108467CE7C6E9CA
:1083200000E0F9E7B3FA83F78FB9834201D37245CE
:1083300008D8BEEB020460EB030301209C461EB983
:10834000002169E73846FAE7C6E9004CF8E7C7F1CB
:10835000200CBB400EFA07F522FA0CF42EFA0CF1B1
:10836000BA401C4320FA0CF3B8404FEA14490143C9
:108370001FFA84FEB3FBF9F809FB18300B0C08FB5D
:108380000EFA43EA00439A4540D9E31808F1FF305A
:1083900004D29A4502D9A8F102002344A3EB0A03B0
:1083A00089B2B3FBF9F809FB183308FB0EFE41EA6A
:1083B00003418E452CD9611808F1FF3304D28E4554
:1083C00002D9A8F10203214443EA0040A1EB0E01C7
:1083D000A0FB02984145CE46434602D306D14D4507
:1083E00004D20138B9EB020E68EB0403002EA7D0CB
:1083F000B5EB0E0261EB030101FA0CFC22FA07F364
:10840000F9404CEA0303C6E9003199E74046C5E765
:108410004346D9E7034611F8012B03F8012B002A44
:10842000F9D17047034613F8012B002AFBD1181A23
:108430000138704708B5002002F06EF900230449A6
:108440004B60CB6001238B60BDE8084000F058BC56
:10845000B0D1002008B509480AF01EFE03F058F814
:10846000014620B106480AF017FE002008BDFFF7BC
:10847000E1FF04480AF010FEF7E700BF4E5A010082
:108480006A5A01009A5A0100F8B50F4600293BD0FC
:108490000668012230460AF064FC01460446304674
:1084A0000AF027FCC3070DD4AF23184A184919480E
:1084B0000AF01FFE394618480AF01BFEAF21134888
:1084C0000AF00EFE214630460AF029FC25182946FE
:1084D000002230460AF00DFC2D1AAC420BD0B72317
:1084E0000A4A0E490B480AF004FE39460C480AF0C5
:1084F00000FEB721E3E7214630460AF016FC21468C
:10850000BDE8F8400AF052BDF8BD00BFA15A010015
:10851000C45A0100D55A0100F25A01002A5B010039
:10852000505B01002DE9F8430F4606681446B26817
:108530004B1EB2F5004F34BF042108213B4010D040
:10854000C7F1000909EA0709494503F1FF3028BFCF
:10855000494618420CD11F46DCB900252846BDE823
:10856000F8838F4213D82146BDE8F8430AF060BD76
:108570002E494FF4A2732E4A2E480AF0BAFD2E4817
:108580000AF0B7FD4FF4A27129480AF0A9FD9946F7
:10859000E2E7B2EBD40FE0D9E319591A10460AF01A
:1085A000EAFB014630460AF040FC80460028D4D061
:1085B000B36809EBC005B3F5004F34BF04230823AB
:1085C0001D4435447B1E1D44B5FBF7F57D43A5EBEB
:1085D0000905294630460AF0C4FB2C44073424F030
:1085E0000704A41B804507464FEAE40408D202466C
:1085F000414630460AF053FC414630460AF094FCAE
:10860000394630460AF08BFB3844844208D239465A
:10861000304622460AF043FC214630460AF084FCEC
:108620000122394630460AF080FB97E78C5B010057
:10863000A15A0100D55A0100A75B0100B2F5802FB5
:108640002DE9F04110D2042A28D843494FF4F97398
:10865000424A43480AF04DFD42480AF04AFD4FF4B1
:10866000F9713E480AF03CFD0823D21ACC1D114492
:1086700024F0070421F00701091B17294FEAD1064E
:108680000ED8394940F2FB13344A35480AF031FD1F
:1086900034480AF02EFD40F2FB11E2E70423E4E740
:1086A0000027046031463046A660E7600AF06CFBA4
:1086B0000121421D804630460AF05DFB9200D51D27
:1086C000ED082844B0423AD8B8F1FF3F3946A2F14C
:1086D000100204F11000B8BF3A460CF08DFD2A4696
:1086E000394620460AF039FB3B463A463946204691
:1086F0000AF00AFBA6EB05082046394601220AF0DB
:1087000014FB424629460AF028FB2B463A462946E6
:1087100020460AF0F9FA314620460AF01EFB43468D
:108720003A46314620460AF0EFFA31462046012209
:108730000AF0FBFA2946BDE8F0410AF0F5BB0B4907
:108740004FF40373054A06480AF0D3FC05480AF0C3
:10875000D0FC4FF4037184E7C45B0100A15A01000F
:10876000D55A0100E55B0100FE5B0100275C0100BA
:10877000014B1B68184700BF80C5002030B585B08D
:1087800004460D461022002168460CF035FD0223F8
:108790008DF80230044B2A462146684601930AF0C0
:1087A00025F805B030BD00BF71870000014B18608F
:1087B000704700BF80C5002080B505460E461746AD
:1087C000984609F03BF903460CF026FD0446DFF815
:1087D0001890424649F8003039463046A84754F8C8
:1087E000090000F0A5FD00BF0800000000B516223A
:1087F0000CF012FD024B1A504FF0FF305DF804FBF5
:108800000C0000002823434330B50D4908330B44C6
:10881000D3E8AF2F92B1541ED3E8EF5F954204D155
:10882000C3E8EC4FBCF1000FF6D1F1D1012A05D11C
:108830002823584300230A180B50536030BD00BF53
:1088400084C5002070B500254FF0FF334FF0FF3294
:10885000174807F009FB174BD3E8AF2F82B101355A
:10886000102D03F12803F7D10CF0D6FC17224FF09E
:10887000FF35114B1A500E480AF02EFC284670BDE9
:1088800028246C43D3E8EF0F0130C3E8E10F00293F
:10889000F8D10A4E331932515A6004F10C003044B9
:1088A0000CF092FA04F1200030440CF0DDFAE2E71B
:1088B000D4C900208CC500200C00000084C5002015
:1088C00010B40446104628225443084B1A19195173
:1088D000506040B1C26832B10C34234440F20512FA
:1088E00010BC0AF0E8BB10BC704700BF84C5002074
:1088F0002DE9F84F0446A38B08461907154612D4F4
:10890000022803F0070165D120460AF0FFFB88B179
:108910000138042800F23781DFE810F05C003501EF
:108920008200D400040101280CBF43F0100143F081
:108930002001A1831434204609F04AFA002840F0AF
:108940009D819A4940F23113994A9A480AF0D1FB25
:108950002146B1E003F00702501F01281ED8002075
:10896000062A2768C4E9000014D13A4603E0E08BE8
:108970000130E0831268002AF9D123F0070343F0A5
:1089800002022046A2830AF0C1FB90B342F020020B
:10899000A2832EE023F007039AB2F2E7042A33D130
:1089A00023F007039AB22046A2830AF0AFFB10B16E
:1089B00042F02002A283A38B03F00709894540F00F
:1089C000EC80A18BCA0640F1508121F01003A383F3
:1089D00001F00701D4F81880A38BB8F1000FB9DAC1
:1089E0000022276823F00703C4E9002243F00103B3
:1089F000A383A38B03F00709894540F0CF80002FA4
:108A0000DFD00026B24644E06B4940F21B136B4AAC
:108A100068480AF06EFB40F21B1168480AF060FBE0
:108A200049B167494FF4AB73644A62480AF061FB8D
:108A30004FF4AB71F1E723684BB9624940F2571329
:108A40005E4A5C480AF055FB40F25711E5E723699E
:108A50001E684EB95C494FF4AD73584A55480AF048
:108A600048FB4FF4AD71D8E70F4688464FF0060932
:108A7000A38B23F0070343F006039BB2A383A268F2
:108A8000002A40F08D80002F40F08D80002E98D07D
:108A9000BA4643F0080304F1140B5846A38309F0C7
:108AA00097F9002840F09A80404940F23113404A3B
:108AB00040480AF01EFB594644480AF01AFB40F2AF
:108AC0003111ADE0022909D0414940F25D133B4A22
:108AD00038480AF00EFB40F25D119EE7E78B4FB17C
:108AE0003C494FF4AF73354A32480AF002FB4FF469
:108AF000AF7192E723695E684EB9334940F2611362
:108B00002E4A2C480AF0F5FA40F2611185E7A38B52
:108B1000B84623F0070343F004039BB24FF0040967
:108B2000A383ACE7012909D02B494FF4B273234A40
:108B300020480AF0DEFA4FF4B2716EE723684BB9B1
:108B4000204940F265131D4A1A480AF0D2FA40F251
:108B5000651162E723699E684EB91B494FF4B473EF
:108B6000164A14480AF0C5FA4FF4B47155E70027C5
:108B7000A38BB84623F0070343F005039BB24FF0E5
:108B80000509A3837BE70C4940F26B130B4A0948A4
:108B90000AF0AFFA40F26B113FE7002700266EE7BC
:108BA0004FF0010A75E7924673E700BF255D0100AB
:108BB000F85C0100D55A0100497A0100525C0100BD
:108BC000775C0100835C0100A65C01003C5D010054
:108BD000BD5C0100D35C0100E25C010085F31188FB
:108BE000BFF36F8FBAF1000F1CD177BB16B12046CF
:108BF0002549B047EFF31185202383F31288BFF393
:108C00006F8F584609F0D6F838BB88231F4A204991
:108C100020480AF06EFA59461F480AF06AFA88217D
:108C20001A48FBE6A1680029DFD00D680029DCD0D6
:108C300043464A462046D1F804A0D0471DB12B68D0
:108C400029461D46F2E72B46FAE7394643464A468F
:108C500020463F680AF086FAC7E7584609F0CEF882
:108C6000A38B23F00803A383ABE68B067FF562AEEC
:108C700021F02003A38301F0070145E685F3118865
:108C8000BFF36F8FBDE8F88F9D8C0000F85C01008A
:108C9000515D0100D55A0100665D0100F8B504463A
:108CA0000D4600F11406EFF31187202383F3128899
:108CB000BFF36F8F304609F07DF868B988230C4AFE
:108CC0000C490D480AF015FA31460C480AF011FA21
:108CD000882107480AF004FA304609F08FF8A561A8
:108CE0003A462046BDE8F8400121FFF701BE00BF2B
:108CF000F85C0100515D0100D55A0100665D01007C
:108D00002DE9F04704460F460AF01CFA051E68DB01
:108D100004F11409EFF3118A202383F31288BFF3BF
:108D20006F8F484609F046F8804660B98823384A74
:108D3000384939480AF0DDF9494638480AF0D9F986
:108D40008821334842E0484609F058F84FF6FF7250
:108D5000E38BA68B934206F0070645D0022E15D171
:108D600035460133E383484609F032F8002841D103
:108D700040F23113264A2A4927480AF0BAF94946EF
:108D800028480AF0B6F940F23111DAE7062E13D876
:108D9000DFE806F0092D1212090409006FF08505BD
:108DA0004FF00008DFE700233B60636883B9C4E944
:108DB000007786B13546F3E71B4917484FF4E47353
:108DC0001A4A0AF096F94FF4E47118480AF088F943
:108DD0001F606760EDE7524602212046FFF788FDDD
:108DE00035462846BDE8F0876FF00A05D8E76FF0F2
:108DF0000405D5E78AF31188BFF36F8FB8F1000F30
:108E0000EFD000233246394620460AF0ABF9E8E7B6
:108E1000F85C0100515D0100D55A0100665D01005A
:108E2000255D01003C5D0100E25C0100525C010037
:108E300008B54268034602F00302022A81600AD0A4
:108E4000032A4FF0000103D0012A0AD1596006E03D
:108E50001868596008BD186800225A6058B9002087
:108E6000F8E7064906484523064A0AF042F9452133
:108E700004480AF035F909F0CDFAF0E7497A010023
:108E8000D55A01007C5D0100014B03600020704752
:108E9000B855010008B504480AF0FEF8BDE80840DE
:108EA00002480AF0F9B800BFA25D0100D85D0100D8
:108EB00030BFFFF7FDBF00BF2DE9F04105460B4E67
:108EC000DFF82C80324606EB0807CC1B2046094908
:108ED0000CF085F9A01942460021083C0CF08CF9F1
:108EE0006C6707F10800BDE8F08100BF00000000DA
:108EF0000800000058550100074A936893F90E10C6
:108F0000002907DB526993421FBF044A536843F0AC
:108F100080535360704700BF5CDA002000ED00E032
:108F2000154B9A6A12F0007F9A6A14BF1E201D200A
:108F300012F0807F9A6A18BF1F2012F4801F9A6A6D
:108F400018BF022012F4002F9A6A18BF212012F4D1
:108F5000802F9A6A18BF222012F4003F9A6A18BF25
:108F6000232012F4803F9A6A18BF24206FEA02423D
:108F70006FEA12429A62704700ED00E010B5194B9B
:108F80000246986A9C6A10F4805F14BF172016206E
:108F900014F4006F9C6A18BF1820A40509D5986BBB
:108FA000986A000404D51AB19A6A22F400429A62BF
:108FB00019200C4B9A6A12F4806F9A6A18BF1A2013
:108FC000D2050CD49B6A13F4005F18BF1C20054A1D
:108FD000936A43F47F43936200230B7010BD1B2000
:108FE000F5E700BF00ED00E010B5264B0246986A99
:108FF0009C6A10F0100F14BF1120102014F0080FFD
:109000009C6A18BF1220A40709D5586B986A0006FD
:1090100004D51AB19A6A22F080029A621320194B81
:109020009A6A12F0010F9A6A18BF142012F0200FEA
:109030009A6A18BF1520D20602D49B6A9B0712D5E4
:10904000104B9B6ADC060ED50F4940F263130F4AA2
:109050000F480AF04EF80F480AF04BF840F263113F
:109060000A480AF03DF8074B9A6A920642BF5A6ACC
:1090700022F400525A629A6A42F0FF029A62002376
:109080000B7010BD00ED00E0385E0100065E0100CF
:10909000D55A0100825E0100F0B55E4B04465D6862
:1090A0008BB00023C5F3080583F31188BFF36F8FDE
:1090B00002F07F43B3F17F4F0DD112F001030AD1CB
:1090C000560603D4100703D4012603E0520700D547
:1090D0000C46002674B950494FF48B634F4A5048F0
:1090E0000AF007F84F480AF004F84FF48B614B4838
:1090F00009F0F6FF00228DF80720EA1E032A30D877
:10910000DFE802F002797D5C424AD16A11F0020187
:1091100027D1D36A002B76DBD36A5B005ED5536917
:10912000A16943F480735361BFF34F8FBFF36F8F17
:10913000536931F8021C23F480735361BFF34F8FDE
:10914000BFF36F8F4DF60273994209D0936ADBB279
:1091500033B301200DF10701FFF746FF034600E09E
:1091600023689DF80720CAB902AD04F120072A46FA
:1091700020686168083403C2BC421546F7D1099AD9
:10918000002E42D0C2F3080121B96FEA52226FEAE1
:1091900042220992184602A90AF022F80BB0F0BD4B
:1091A000936A13F47F4F05D001200DF10701FFF7FB
:1091B000E5FED3E7936AB3F5803F02D3FFF7B0FE35
:1091C000CCE7194940F22A33144A154809F091FFB7
:1091D000164809F08EFF40F22A3188E7124940F222
:1091E0002E330E4A0E4809F084FF114809F081FF22
:1091F00040F22E317BE700200DF10701ACE70020A3
:109200000DF10701D3E70B46ABE722F4FF7222F022
:109210000102BEE700ED00E0E65E0100065E01002F
:10922000D55A0100F95E0100497A0100375F01005B
:109230005B5F0100044B5A6942F010025A615A699F
:1092400042F480625A61704700ED00E0EFF308805D
:10925000EFF3098101B57246FFF71EFF01BD00BFA4
:10926000002080F31488BFF36F8F002080F30A88FA
:1092700080F30B880AF041FB00200E490860BFF321
:109280004F8F0D4880F3088800F02CF8202080F3E1
:1092900011880A484FF40061401880F30988EFF301
:1092A00014800221084380F31488BFF36F8F00F00D
:1092B0002BF9000094ED00E0B00A012070F50020C9
:1092C000002318460649D1F89020C2F307229342A2
:1092D00000DB7047C1F89830C1F8A0000133F6E711
:1092E00000ED00E010B572B6002484F31388FFF798
:1092F000E7FF23464FF0FF300C4A03F12001013312
:10930000102B42F82100F8D100234FF0FF30074A1C
:1093100003F160010133102B42F82100F8D162B64D
:10932000BFF34F8FBFF36F8F10BD00BF00E100E0B0
:10933000084B9B6883420BD1EFF3058343B1064B87
:109340005A6842F080525A605A6A22F400425A62C5
:1093500008F07ABB5CDA002000ED00E06FF00A0153
:10936000084A9368D967084998674B6843F0805367
:109370004B60002383F31188BFF36F8F9368D86F1E
:10938000704700BF5CDA002000ED00E0104A9368EF
:1093900083F88100EFF31183202383F31288BFF356
:1093A0006F8F4FF00061536920F0FF009360094A0E
:1093B0005160596F084A1160002193F881201043D1
:1093C0009A6F996782F31188BFF36F8F704700BF60
:1093D0005CDA002000ED00E0C0D1002010498A686E
:1093E00082F881E04FF030001044EFF3098C80E800
:1093F000F01F74467046FFF7C9FFA64608498A6801
:10940000864602F1300090E8F01F8CF3098802F1E3
:10941000000004B509F0FBFEBDE804407047000001
:109420005CDA00201EF0040F0CBFEFF30880EFF3AE
:109430000980816911F8021C0229FFD001B509F0E9
:10944000D5FE01BD40B2002807DB01234109034AD4
:1094500000F01F00834042F82130704700E100E037
:1094600040B200280CDB01220649430900F01F002E
:109470008240203341F82320BFF34F8FBFF36F8F1B
:10948000704700BF00E100E0054B420953F822207D
:10949000012300F01F0003FA00F01040704700BFE6
:1094A00000E100E038B54B1C072B04460D460FD9F0
:1094B0005823104A1049114809F01BFE294610484C
:1094C0000723224609F015FE58210A4809F008FE34
:1094D00040B20028ACBF00F160400A4A4FEA431393
:1094E000DBB2ABBF00F5614000F00F0080F8003345
:1094F000135438BD8B5F0100C25F0100D55A0100D3
:10950000DD5F010014ED00E00B4A08B50B4B22F0C3
:109510007F029A60BFF34F8FBFF36F8FD3F888201D
:1095200022F47002C3F8882006F088FA08F06EFC76
:1095300000F04EF806F0C2FA0080000000ED00E0F6
:1095400042F8203C009B0D4942F81C3C019B21F055
:10955000010142F8183C029B42F8081C42F8143CF6
:109560004FF0807342F8043C002383674FF43C4380
:10957000203A0265C0F88030704700BFB98700000C
:109580000C4B15469860426F0B4B0E461A60436EAB
:1095900083F30B882C4686F309884FF00000074BB5
:1095A000984720464FF000014FF000024FF00003B3
:1095B000034C20475CDA0020C0D1002017320100A4
:1095C000B98700001022014B1A61704700ED00E0DE
:1095D000002320210348C2180133412B82F80013D5
:1095E000F9D1704700E100E008B5EFF30583064AC2
:1095F000103B02EBC30152F8330049688847BDE8CD
:109600000840FFF779BC00BF405301001FB5094C6B
:10961000094A23460121094800F0FAF80023039380
:10962000074B0121E41A01A80193029400F014F9F8
:1096300004B010BD0000042080C50020B855010012
:10964000C8CA002010B50C7A0B6804F01F0223F082
:109650001F031A43CB68640923F01F03054943EA3B
:10966000440343F00103C1F89800C1F89C20C1F8FD
:10967000A03010BD00ED00E010B5074BD3F89030DE
:10968000C3F30723013B984202D8FFF7DBFF10BD6D
:109690006FF01500FBE700BF00ED00E02DE9F04F93
:1096A0000F46144606464FF000084D4D85B0B845AC
:1096B00080F29280D6F80490B9F1000F36D0B9F15B
:1096C0001F0F40F2878019F01F0F40F08380D6F8FB
:1096D00000A01AF01F0F7DD1504609F0BFFD834650
:1096E00009EB0A00013809F0B9FD834572D11BF17D
:1096F000160F6FD05C456DDDC5F898B0D5F89C109D
:10970000C5F898B0D5F8A03021F01F0143F01F0A2A
:10971000D6E900321A44994202F1FF391ED1CA45F6
:1097200008D131465FFA8BF009F0A1FD08F101087C
:109730000C36BCE73146C5F898B0D5F89C3022F01D
:109740001F0203F01F031343C5F89C30E0B209F079
:109750008EFD10F1160F3DD0441CE7E7C5F898B018
:10976000D5F8A020013B23F01F0302F01F02134392
:10977000CA453146E0B2C5F8A030E8D009F077FD1F
:1097800010F1160F26D0C5F898B0D5F89C209DF89A
:1097900008300AF1FF3A62F304038DF80830D5F877
:1097A000A0309DF808205B0863F347128DF808206D
:1097B000D6E900321344009323F01F035344A3EB74
:1097C0000903013023F01F036946C0B20393FFF77A
:1097D00053FFBEE76FF01504204605B0BDE8F08FDB
:1097E00000ED00E00522044BC3F89420BFF34F8F37
:1097F000BFF36F8F704700BF00ED00E0BFF35F8FD6
:109800000022024BC3F89420704700BF00ED00E037
:1098100038B50C4D0C462A78FFF740FF28701630FB
:109820000FD140F26913084A0849094809F061FC60
:109830002146084809F05DFC40F26911024809F030
:109840004FFC38BDB2DA00201D600100497A0100EA
:10985000D55A01004C6001002DE9F74F314E894681
:1098600005464FF00008B3462F4FC84502DB03B052
:10987000BDE8F08FD5F804A0BAF1000F4CD02968EC
:109880000846019109F0EAFC019904460AEB01003F
:10989000013809F0E3FC84424FF01402234B15D049
:1098A00002FB08F36FF015024BF8032040F2791326
:1098B0001F4A2049204809F01CFC49461F4809F06E
:1098C00018FC40F279111A4809F00AFC14F1160F3D
:1098D0003460EBD01978A142E8DD02FB08B0C7F88C
:1098E0009840C7F89840D7F89C4000F10801007BE9
:1098F00064F304000871D7F8A0000C79400860F305
:1099000047140C71D7F89C1021F01F017160D7F833
:10991000A01021F01F01316108F1010814360C3547
:10992000A3E700BFC4D1002000ED00E0B2DA0020C0
:109930001D600100497A0100D55A010078600100DC
:10994000F0B5564C564ED4F890303568C3F3072323
:109950009D4287B013D94FF4D073524A52495348AD
:1099600009F0C7FBD4F8902029465148C2F30722DA
:1099700009F0BFFB4FF4D0714A4809F0B1FB002059
:10998000FFF73CFF4B4BC4F8C030854217D14A4C1F
:1099900001A82570FFF778FA00250646474FAE422A
:1099A00014D1002023783D49D1F89020C2F307223A
:1099B00093426DDB0020FFF715FF07B0F0BD716823
:1099C00001EB0011FFF73EFE0130DEE7019A2901AD
:1099D00002EB0513D3F80CC00CEA0700B0F5001F2A
:1099E0001FD0B0F5800F39D0B0F5801F43D1586833
:1099F00052589B68CDE902022122013B20F01F0151
:109A00000B4423F01F038DF810200593207802A942
:109A1000FFF732FE00282EDB237801350133237057
:109A2000BDE7586852589B68CDE902024122013BCC
:109A300020F01F010B4423F01F031CF0010F8DF8D1
:109A400010200593E2D01E496C23164A174809F0EE
:109A500050FB1C4809F04DFB6C218DE758689B6852
:109A60005258013B20F01F010B44CDE9020223F0C4
:109A70001F030622C7E70C494FF4E573094A0B4858
:109A800009F037FB104809F034FB4FF4E57173E738
:109A9000C1F89830C1F8A000013385E700ED00E07F
:109AA000C45501001D600100497A0100D55A01002A
:109AB000A7600100AAFF4400B2DA00200000F0FF16
:109AC000DB600100016101003061010008B5024B5B
:109AD0001B689847002008BDD8D10020034B044ADA
:109AE0001860937843F0020393707047D8D1002038
:109AF00004C8002008B50649064821F00701C1F155
:109B0000005202F58022FEF799FD002008BD00BF3B
:109B1000B74E0120DCD1002038B50025104C20467E
:109B20000BF052F948B10F49CD230F4A0F4809F005
:109B3000E0FACD210C4809F0D3FA04F114000BF03F
:109B400093F938B10749CF23074A084809F0D1FAF9
:109B5000CF21EFE70135052D04F12404DFD138BD15
:109B6000E8D100209861010069610100D55A010027
:109B700038B500240A4D28460BF076F948B109495A
:109B80000948DB23094A09F0B4FADB21074809F048
:109B9000A7FA0134052C05F10805ECD138BD00BF4A
:109BA0009CD2002098610100D55A0100A1610100FA
:109BB00038B500240B4D28460BF006F958B10A4978
:109BC0000A484FF4C3730A4A09F093FA4FF4C37179
:109BD000074809F085FA0134052C05F11405EAD18E
:109BE00038BD00BFC4D2002098610100D55A0100E1
:109BF000D6610100002230B51546094B09494C6871
:109C0000013203F19000052AC3E92414206003F116
:109C1000C00303F8085C4860F1D1002030BD00BFEC
:109C2000C8CA002014C800200122024B0020C3F83B
:109C3000402570470090034020B1034B800143F062
:109C400001031847704700BFA05501002DE9F041FE
:109C500005460E4617461D4CDFF8748044452BD947
:109C60001C49DB231C4A1D4809F043FA1C4809F033
:109C700040FADB210FE02368AB4200D0D3B9A368E0
:109C800063B91849E323144A144809F032FA164814
:109C900009F02FFAE321104809F022FA3A4631463A
:109CA0002846984730B13A4631462846E368BDE831
:109CB000F04118471034D1E7DDD30BF0ADFA6A223A
:109CC0000A4B1A504FF0FF30BDE8F08148550100B3
:109CD000585501009062010042620100D55A01000E
:109CE000BD620100766201003F6201000C000000CD
:109CF00008B548B90B4913230B4A0C4809F0F9F988
:109D00001321094809F0ECF9094B1A683AB10949DD
:109D10001423054A054809F0ECF91421F1E718600D
:109D200008BD00BF17630100DC620100D55A0100C5
:109D300028D300201B63010010B570B913494FF4FC
:109D40006B73134A134809F0D4F9134809F0D1F999
:109D50004FF46B710E4809F0C3F9036863B90F49FA
:109D600040F2AD330A4A0B4809F0C3F90A4809F03A
:109D7000C0F940F2AD31EDE71B689B6823B15B6829
:109D800013B1BDE810401847002010BD6563010005
:109D900036630100D55A01003F6201006B63010088
:109DA00008B570B9114940F2F533114A114809F06C
:109DB000A0F9114809F09DF940F2F5310C4809F07D
:109DC0008FF9036863B90D4940F2F633084A094830
:109DD00009F08FF9084809F08CF940F2F631EDE707
:109DE000D869003818BF012008BD00BF65630100B5
:109DF00036630100D55A01003F6201006B63010028
:109E000008B570B90F4940F232430F4A0F4809F0C4
:109E100070F90F4809F06DF940F232410A4809F033
:109E20005FF9006860B90B4940F23343064A0748BE
:109E300009F05FF9064809F05CF940F23341EDE7BB
:109E4000103008BD6563010036630100D55A01007A
:109E50003F6201006B63010008B570B90F494FF410
:109E60006B730F4A0F4809F044F90F4809F041F9A4
:109E70004FF46B710A4809F033F9036863B90B4971
:109E800040F2AD33064A074809F033F9064809F0B5
:109E900030F940F2AD31EDE7186808BD65630100A7
:109EA00036630100D55A01003F6201006B63010077
:109EB00008B570B9124940F24233124A124809F00B
:109EC00018F9124809F015F940F242310D4809F02D
:109ED00007F9036863B90E4940F24333094A0A4857
:109EE00009F007F9094809F004F940F24331EDE7B8
:109EF0000C33D3E8AF0F084100F0010008BD00BFEC
:109F00006563010036630100D55A01003F6201001C
:109F10006B63010008B570B914494FF44073144ADB
:109F2000144809F0E6F8144809F0E3F84FF44071DA
:109F30000F4809F0D5F8036863B9104940F20133BE
:109F40000B4A0C4809F0D5F80B4809F0D2F840F25A
:109F50000131EDE701220C3302FA01F1D3E8EF0FF2
:109F60000843C3E8E20F002AF8D108BD6563010089
:109F700036630100D55A01003F6201006B630100A6
:109F800008B570B915494FF44873154A154809F0DA
:109F9000B0F8154809F0ADF84FF44871104809F0D1
:109FA0009FF8036863B9114940F221330C4A0D4808
:109FB00009F09FF80C4809F09CF840F22131EDE7D8
:109FC000012202FA01F1C9430C33D3E8EF0F084034
:109FD000C3E8E20F002AF8D108BD00BF65630100A5
:109FE00036630100D55A01003F6201006B63010036
:109FF00010B570B90B494FF434730B4A0B4809F094
:10A0000078F80B4809F075F84FF43471064809F0F8
:10A0100067F84FF0FF32BDE810404FF0FF331030CB
:10A0200009F04FB96563010036630100D55A01009C
:10A030003F62010008B570B9094940F2D723094AC7
:10A04000094809F056F8094809F053F840F2D721B9
:10A05000044809F045F81030BDE8084009F03FB960
:10A060006563010036630100D55A01003F620100BB
:10A0700038B503680021044693F82050FFF718FF15
:10A0800088B90220236823BB2D494FF456732D4A0B
:10A090002D4809F02EF82D4809F02BF84FF4567191
:10A0A000284809F01DF82046FFF7D6FE0AF02AFEE0
:10A0B00068B109212046FFF7FBFE0028E1D00A2104
:10A0C0002046FFF7F5FEC0F10600C0B2DAE7032034
:10A0D000D8E783F82000236893F8203098422ED1E7
:10A0E000062825D1062D2AD02046FFF759FE90B923
:10A0F0002046FFF785FE03686BB9154941F2BE3370
:10A10000144A114808F0F5FF104808F0F2FF41F238
:10A11000BE311048C5E708212046FFF7FBFE204668
:10A12000FFF73EFE58B92046BDE8384009F0CBB8ED
:10A13000062D04D108212046FFF722FFEFE738BDA6
:10A140006B63010036630100D55A01003F620100D4
:10A15000A36301007963010038B50546FFF748FFA6
:10A1600000212846FFF7A4FE88BB284609F0A4F882
:10A17000044600B38468F4B12846FFF76DFE70B959
:10A18000164941F26743164A164808F0B2FF1648CE
:10A1900008F0AFFF41F26741114808F0A1FF0AF053
:10A1A000B1FDB8B1284609F087F801218368284637
:10A1B0009847041E06DB28460021FFF7ABFE284621
:10A1C000FFF756FF2846FFF735FF204638BD6FF0F2
:10A1D0007704F7E76FF00504F4E700BF756301004B
:10A1E00079630100D55A01003F6201002DE9F8436F
:10A1F0000C46054678B371B30846FEF713F90828F4
:10A2000006462BD8184FDFF8648000F10109474556
:10A2100018D9174941F2E853164A174808F069FF60
:10A22000164808F066FF41F2E851124808F058FF5E
:10A23000AF4205D04A462146381D0AF00EFF80B1D4
:10A240003C37E4E7F4D32146721C281D0AF0C7FF0F
:10A250000020BDE8F8836FF01500FAE76FF05A00B0
:10A26000F7E76FF07700F4E754CA002090CA0020A7
:10A27000EE63010079630100D55A0100BD6201005F
:10A280002DE9FF47404C4FF0FF324FF0FF333F487E
:10A2900009F017F80026A0463D4D3E4FDFF8F89034
:10A2A000AC4254D93D4941F265633D4A3D4808F00E
:10A2B00020FF3D4808F01DFF41F26561384808F075
:10A2C0000FFF00222046C4E901222273FFF7C4FDDC
:10A2D000D0F808A0BAF1000F14D0DAF800308BB132
:10A2E00004F110000AF070FD04F124000AF06CFD86
:10A2F000DAF800302046984794F8383023F003030A
:10A3000084F838302379FBB92046CDE901338DF844
:10A310000C3008F0E6FF40B1244A01A81368591C2C
:10A3200011600821224A08F059F99DF804303BB920
:10A330003B6808215A1C3A6001A84A4608F04EF9C9
:10A34000204601A9FFF752FF01363C34A8E7B8D3F5
:10A350009EB13C23A5EB0805B5FBF3F5AE420CD04E
:10A36000144941F285630E4A0E4808F0C2FE1248B5
:10A3700008F0BFFE41F28561A0E7044804B0BDE8E3
:10A38000F04708F0ACBF00BF54CA0020FCC9002051
:10A3900090CA00202CD3002015640100D463010072
:10A3A00079630100D55A0100BD62010030D300205D
:10A3B0000E6401001B6401003F62010038B50F4CC0
:10A3C0000F4DAC4218D90F4941F29D630E4A0F4818
:10A3D00008F08FFE0E4808F08CFE41F29D610A489D
:10A3E00008F07EFE03212046FFF762FD10B92046EB
:10A3F000FFF7B2FE3C34E4E7F4D338BD54CA002082
:10A4000090CA0020D463010079630100D55A01008D
:10A41000BD62010037B540230C460A490093411A3A
:10A42000491105462346084A084808F06AFF011EFC
:10A4300005DA2846234603B0BDE83040184703B08C
:10A4400030BD00BF48D300206D330100F052010041
:10A45000C9B2012908B509D9084909487A23094A26
:10A4600008F047FE7A21074808F03AFE0C220369FB
:10A4700001FB0233986C00F0070008BD6D64010019
:10A48000D55A01003064010070B5C9B201290369D1
:10A490000BD91949194840F25D13194A08F029FEF1
:10A4A00040F25D11164808F01BFEEFF311852024E1
:10A4B00084F31288BFF36F8F0C2606FB0134A46C63
:10A4C00014F0C00408D0A24206D085F31188BFF36F
:10A4D0006F8F4FF0FF3070BD012206FB01339A648D
:10A4E00085F31188BFF36F8F436803EBC1035B688B
:10A4F00098470020EFE700BF6D640100D55A0100C6
:10A500003064010070B50D4606490446411A4911F0
:10A5100040220548FFF7B8FF2B4601462046BDE81C
:10A520007040184748D30020F052010070B5002257
:10A53000012104460520FEF7B5FF0F4802F01AFC82
:10A540000E4B984215D102F025FC26690C49304685
:10A5500008F01EFE00280BDB0125B56424690849BC
:10A5600004F1200008F014FE002801DB00206565DE
:10A5700070BD6FF00400FBE741A600000000AD0BCA
:10A58000EC5501007FB500220123CDE9022304AB85
:10A59000CDE90433094A6B46CDF800D0CDF804D09C
:10A5A00008F0DDFE002805DB4FF4804200236846FA
:10A5B00005F002FF07B05DF804FB00BF8533010022
:10A5C00010B5EFF31184202383F31288BFF36F8F4C
:10A5D000074A136823F00201DB07116002D401204F
:10A5E00002F07AFC84F31188BFF36F8F10BD00BFB7
:10A5F000A0D300200C22104B014602FB00330020A8
:10A6000030B4D3E910521864EFF31180202484F39E
:10A610001288BFF36F8F9C6C04F0C00444F00204F6
:10A620009C6480F31188BFF36F8F1DB12B4630BC43
:10A630000248184730BC704748D30020F052010050
:10A64000012808B506D0042808D098B90F4B9B6C98
:10A650005B0719D1BDE80840FFF7CCBF0C4940F2B9
:10A660006E230C4A0C4808F044FD40F26E21094864
:10A6700008F036FD064940F27223064A064808F003
:10A6800038FD40F27221F2E708BD00BF48D3002038
:10A69000497A010030640100D55A010010B4EFF38B
:10A6A0001182202383F31288BFF36F8F174801684C
:10A6B00041F002040460C80707D482F31188BFF395
:10A6C0006F8F012010BC02F08DBB1149D1F80C0432
:10A6D000D1F80C14C907F0D5EFF3118083F3128879
:10A6E000BFF36F8F0B498B6C03F0C00343F0020381
:10A6F0008B6480F31188BFF36F8F82F31188BFF3EF
:10A700006F8F002010BCFFF775BF00BFA0D30020E3
:10A710000050004048D30020024BC0B203EB401071
:10A72000704700BF48D300202DE9F04101220646C2
:10A730004149D1E8EF3FC1E8E02F0028F9D1A3B9A2
:10A740003E493F484B60CB608A60FEF7D9FA00284B
:10A750000BDA3C494FF40C733B4A3C4808F0C9FC07
:10A760004FF40C71384808F0BBFC5EB3731E012B2C
:10A7700057D8012E06D1364BD3F81C3403F003030F
:10A78000022B1FD00AF074FB0546E8B9314B1B7849
:10A79000D3B1022207462E4BC3F808232C4CDFF816
:10A7A000B880D4F81824D4F81834D20315D503F09F
:10A7B0000303022B01D0012E0FD16DB387F3118853
:10A7C000BFF36F8FBDE8F081EFF31187202383F390
:10A7D0001288BFF36F8F0125E0E7C5B1384608F056
:10A7E0002EFDD4F81835DBB2012BDAD1D4F80421D0
:10A7F000002AD6D00022C4F80421D4F80421022271
:10A80000C4F818252022C8F88021A360C9E70021D8
:10A81000212007F0DDF8E4E702220D4BC3F8042302
:10A82000D0E70E4940F24223074A084808F061FC8D
:10A8300040F2422196E700BF44D3002034D30020E9
:10A8400068D300209164010030640100D55A0100F2
:10A850000050004068EF002000E100E0497A01006C
:10A8600008B507480AF04EFA38B10648FFF736F93E
:10A870000448FDF79BFF002008BD6FF01200FBE7C6
:10A880002C53010089A800000A2838B50446074D5A
:10A8900004D1AB680D2128465B689847AB68034834
:10A8A0005B68E1B29847204638BD00BF2C530100D9
:10A8B00010B5036961B920493A23204A204808F0BD
:10A8C00018FC204808F015FC3A211C4808F008FC48
:10A8D000486850B91C493B23184A194808F009FC3C
:10A8E0001A4808F006FC3B21EFE75868F8B18842A7
:10A8F00019D19C680868A142586000D19860002076
:10A9000008602AB15A680A609A68596002B9996069
:10A91000002010E0814206D10868206098688142DA
:10A92000EDD19C60EBE7044600680028F2D1002AD4
:10A93000E8D16FF0150010BDE9640100AD640100BD
:10A94000D55A0100F26401000165010013650100A0
:10A9500038B545682B69B3B11035284602F032FF8F
:10A96000044680B90146284602F0D0FE084B9842C2
:10A970000BD122462846074902F08CFE22460521CB
:10A980003120FEF78FFD002038BD6FF00400FBE79B
:10A990000000AD0BBDAA000008B50268530904D140
:10A9A0004FF0FF33D340DB070BD40749074840F291
:10A9B0006933074A08F09DFB40F26931044808F00A
:10A9C0008FFB044808BD00BF5D650100D55A01003A
:10A9D0002A65010000258440F0B5406801F01F049D
:10A9E000057B87B044EA45140569002D5BD0B2F5BC
:10A9F000001F00F1100506D12146284609F046F84F
:10AA0000002007B0F0BD0027B2F5800F01AE01971E
:10AA1000776033D1B3F1007F14BF052304238DF891
:10AA200004300023CDE9046303938368CB40D90746
:10AA300016D4B2F1A07F13D168460094FFF7ACFFA3
:10AA400004F1800350F82330DB0709D46A4621461D
:10AA5000284602F02DFE174B98421AD0CDF808D0A8
:10AA60002146284603AA02F095FC134B98421DD1BB
:10AA700001222146284602F0CBFEC1E7B3F1C06FA8
:10AA800005D0B3F1007F14BF01230223C7E70323DE
:10AA9000C5E76946284602F0AFFE074B9842DDD075
:10AAA0006FF00B00ADE76FF08500AAE76FF01500BF
:10AAB000A7E700BF0400AD0B0000AD0B430970B564
:10AAC00007D1124B596821B101250C68104E854001
:10AAD00001B970BD8A682A4010D04B6863B90D492E
:10AAE0005D230D4A0D4808F004FB0D4808F001FBFA
:10AAF0005D21094808F0F4FA304698471CB12368F4
:10AB000021461C46E4E72346FAE700BFA4D3002011
:10AB10000453010080650100AD640100D55A0100B5
:10AB2000136501002DE9F043466840F20635337B9A
:10AB3000D00601F01F0747EA431748BF032302EA84
:10AB4000050558BFC2F3401387B0B5F5837F14469F
:10AB50008DF8033042D00FD8062D18D007D8B5B1E4
:10AB6000022D3DD06FF0150007B0BDE8F083B5F5BC
:10AB7000807FF7D101250AE040F20222954231D0D0
:10AB8000B5F5407F30D0B5F5007FEBD1022522032B
:10AB90002CD5012372688B40936033696BBB03A88B
:10ABA0000397FFF7F9FE84F4803300EB8700C3F3CB
:10ABB0000043C4F34044D0F8002244EA43049DF823
:10ABC000033022F4E16244EA830422F0070244EAFB
:10ABD00005231343C0F800320020C5E70725D6E758
:10ABE0000425D4E70525D2E70325D0E7630341BF59
:10ABF000012372688B40D360CFE710363946304668
:10AC00000DF1020202F054FD14F4403F804617D1CA
:10AC10003946304608F038FF244B9845DCD13046A1
:10AC20009DF8021002F0DCFD4045D5D020492148B6
:10AC3000AB23214A08F05DFAAB211F4808F050FA17
:10AC40004FF0000901AB3946304603AACDE904397B
:10AC5000CDE90199CDF80C9002F09CFB134B984282
:10AC600080D114F4003315D09DF8033084F480347F
:10AC7000C4F300448DF80E3039464B46304603AAE3
:10AC80008DF80C508DF80D4002F074FC074B984283
:10AC9000C2D067E7CDE9043339460DF103033046EE
:10ACA00003AA039302F076FBF0E700BF0000AD0BB0
:10ACB000B8650100D55A01008C65010008B502682D
:10ACC000530904D14FF0FF33D340DB070BD40749BE
:10ACD000074840F26933074A08F00BFA40F269313D
:10ACE000044808F0FDF9044808BD00BF5D65010097
:10ACF000D55A01002A650100002584402DE9F04F56
:10AD00001546824640F2FF19DFF848B185B000EBE6
:10AD10008108D04503D1002005B0BDE8F08FDAF8F6
:10AD200000305A04C3F3C321C3F3080400F18C803C
:10AD3000494A5B0C4C4508BF4FF0FF34575C192B58
:10AD400000F28580DFE803F00D141A1D20261D8314
:10AD50008383833460838383838383838383637761
:10AD60007A7DC5F80C45631C5BD10AF1040AD0E773
:10AD7000C5F81445661CF8D000265AE0C5F8084509
:10AD8000F1E7C5F81045F5E7601CC5F80845ECD0BB
:10AD9000002604E0611CC5F80C45E6D0012603A896
:10ADA0000394FFF78BFF012101FA04F3C36008E06D
:10ADB000C5F80845002FDDD1631CD6D00026062734
:10ADC0003146DAF80030039403F40040002818BF3D
:10ADD000002103A818BF012601930091FFF76EFF21
:10ADE000019B00EB8400D0F80042C3F3412C009992
:10ADF0003B0243EA8C030B4304EA0B04234343EA7C
:10AE00004603C0F80032B0E7C5F80C45D2E7C5F8F4
:10AE10006045621CDAF80030A7D0C3F30043002B72
:10AE2000BCD0012603A80394FFF748FF06FA04F3F9
:10AE300083603146C5E7C5F86445EAE7C5F868456B
:10AE4000E7E7C5F86C45E4E76FF0150064E76FF0DD
:10AE5000850061E7F0F8FCFFD86501002DE9F743B4
:10AE600006464FF00008002201210820FEF71AFBD9
:10AE70000820FEF7E7FA776835693C684146C4F870
:10AE800000852E60D7F80C9001AA484608F0B6FA63
:10AE9000002839DB019BD9F8002019791868FFF7E1
:10AEA0002DFF002830DB6B7AD6F810C0012B03D0C1
:10AEB000032B27D14FF01008AB7A032B22D1E97A6C
:10AEC00009B101291ED12A7A12B1022A1AD10E2201
:10AED0006B687068B3F5164F006800F0B28034D824
:10AEE000B3F5165F00F0B0801AD8B3F5966F00F096
:10AEF000AD800CD8B3F5967F00F0AB80B3F5167F2C
:10AF000000F0AA806FF0850003B0BDE8F083B3F5D0
:10AF1000166F00F0A480B3F5965FF3D15C4B43E06D
:10AF2000B3F5E14F00F09E8008D8B3F5615F00F003
:10AF30009B80B3F5964FE5D1564B35E047F6122E80
:10AF40007345DFD14FF400032EE0B3F5613F00F00D
:10AF50008D8015D8B3F5963F00F08B800AD84DF65A
:10AF6000C02E734500F08780B3F5614FCAD14FF40E
:10AF70006B0319E0B3F5E13FC4D14FF0EB7313E07D
:10AF8000B3F5612F7AD009D8DFF80CE1734578D09A
:10AF9000B3F5E12FB6D14FF0E86305E0DFF8FCE050
:10AFA0007345AFD14FF08053C0F82435736841EA40
:10AFB00008011B680A43C3F86C250CF10403D5E9AA
:10AFC000010183E803007B68990712D505F11C0095
:10AFD00001F0D0FF324B984256D1287F04F10C0289
:10AFE00004F5907108F08DFC01202B7F984001F052
:10AFF00019FE0823C4F800353B7A53B9C4F8103160
:10B00000D4F81031AB69C4F834350123C4F83835AD
:10B0100023607B6800209A075CBF4FF48073C4F8FC
:10B0200004337B68DB0644BF4FF48003C4F8043369
:10B030006B69C4F844350123C4F84805A360E36094
:10B0400062E74FF41D03AFE7164BADE74FF49E23C5
:10B05000AAE74FF4A033A7E74FF41C33A4E74FF45B
:10B060001D23A1E7104B9FE7104B9DE74FF06C733A
:10B070009AE70F4B98E74FF4650395E74FF070633D
:10B0800092E74FF080638FE76FF004003CE700BF6A
:10B0900000B0130000A04E0090D0030040420F000B
:10B0A0000000AD0B0050270000C0750000F03A0012
:10B0B00000903A012DE9F04104460D46076909F078
:10B0C000D7FE4FF02008B0B91F4B1B789BB1642608
:10B0D000606808F06CFAF0B9012008F010FC013E3D
:10B0E000F6D10021212006F073FCF0E781F31188EE
:10B0F000BFF36F8FF5E7EFF311810E4688F31288E7
:10B10000BFF36F8F606808F052FA80B981F311883D
:10B11000BFF36F8FEFE7EFF311810E4688F31288CC
:10B12000BFF36F8F606808F042FA0028DED07B69B9
:10B1300001221D702046796908F07AF986F311889A
:10B14000BFF36F8FBDE8F08168EF002070B40E4947
:10B1500022F07F46D1E90034D01AC31844F100042C
:10B16000C1E90034A6F50013B3F5400F09D2074B2F
:10B170001B681A0A1B069C19054B42F10005C3E91E
:10B18000004570BC06F0B6BF98CE0020B8D30020B2
:10B19000A0CE00200D4B1868010A0006BFF35F8F98
:10B1A0000B4BD3F80435181841F10001B3F5801F9B
:10B1B0000AD2084BD3E90023904271EB030303D278
:10B1C00010F1807041F10001704700BFB8D300203A
:10B1D00000500140A0CE00202DE9F7432E4BD3F8BC
:10B1E000042390070BD5D3F8042142B10022C3F801
:10B1F00004212A4AD3F80431136801331360264A24
:10B20000D2F80433D90326D5254BD3E8EF1F21F01C
:10B210000100C3E8E40F002CF7D1CB0702D4D2F829
:10B220004031C3B100251C4CC4F84051D4F8403122
:10B23000FFF7B0FFEFF31182202383F31288BFF3EF
:10B240006F8F184BD3E90267B042B94106D282F33F
:10B250001188BFF36F8F03B0BDE8F0834FF0FF3864
:10B26000D3E900104FF0FF391D60C3E902894FF4A4
:10B270008033C4F84833C4F84051D4F8403182F3E5
:10B280001188BFF36F8F0029E5D0009032463B460E
:10B2900028468847DFE700BF00500140B8D30020B0
:10B2A000B0D3002088CE00202DE9F84F04460D468B
:10B2B000434FD7E8EF8F28F00103C7E8E23F002AA9
:10B2C000F7D14FF480393F4EC6F80893BFF35F8F34
:10B2D000BFF36F8FFFF75EFFA04271EB050308F02D
:10B2E000010840D2384B201A65EB0101984271F1F8
:10B2F000000148D2354BD3E902239D4208BF944256
:10B300003AD04FF0000C24F07F40834603216FF0C9
:10B31000020EC6F84893C6F840C1D6F84031DFF8AF
:10B32000B0A02BF07F43C6F84035C6F84493D6F85A
:10B330000425AEEB02035B4423F07F4353451BD946
:10B34000D6F840315BB1D6F80425131A23F07F43B9
:10B35000B3F5000F10D9C6F840C1D6F8403101EB63
:10B36000020B0131DDE71B4BD3E8EF1F41F0010178
:10B37000C3E8E21F002AF7D1144B174AC3E902457C
:10B380001A6000225A60B8F1000F16D0D7E8EF3FDC
:10B3900043F00103C7E8E23F002AF7D14FF48032BF
:10B3A000084BC3F804230B4BD3E8AF3FDB0742BF86
:10B3B0004FF40012094BC3F80021BDE8F88F00BF1D
:10B3C000B4D30020005001400100800088CE00204E
:10B3D000FDFF7F00B0D300204DB1000000E100E090
:10B3E00070B54FF0FF3000254FF0FF31164C174B72
:10B3F0000226C4F80833C4F84833154BC4F808557E
:10B40000C3E902014FF480334FF40012C4F804334F
:10B41000104B0121C4F804631520C3F880212A468B
:10B42000FEF740F81520FEF70DF801230A4AA36045
:10B430000021236009481360FFF736FF3046FFF70D
:10B4400073F9284670BD00BF0050014003000F0093
:10B4500088CE002000E100E0B4D30020FFFF7F0091
:10B46000431C10B50F4C05D08442A8BF0446012CE4
:10B47000B8BF0124FFF78EFE0B4AD2E90031C01A93
:10B48000B0F5000F074A0AD22044904228BF104668
:10B49000BDE81040C01841F10001FFF705BF10469C
:10B4A000F6E700BFFFFF7F0098CE002008B5FFF74A
:10B4B00071FE024B1B68C01A08BD00BF98CE002069
:10B4C00070B505460C4C0D4EB44212D90C497A2386
:10B4D0000C4A0D4807F00DFE0C4807F00AFE7A21D1
:10B4E000084807F0FDFDD4E90031284698470834A4
:10B4F000EAE7F8D370BD00BF887A0100887A0100BE
:10B500001C660100EA650100D55A0100BD62010018
:10B5100070B5002201212A20FDF7C4FF0E4804F077
:10B520009BF805460D4C0E4EB44212D90D499A2394
:10B530000D4A0E4807F0DDFD0D4807F0DAFD9A21AF
:10B54000094807F0CDFDD4E9003128469847083472
:10B55000EAE7F8D3284670BDE0560100887A01007A
:10B56000987A010040660100EA650100D55A0100A1
:10B57000BD620100F0B50F4B01461A680E4B0B255A
:10B58000002618461F46B84201D3013D04D1184693
:10B59000013A19605A60F0BD04688C42FBD03CB19E
:10B5A0004468141BA642BCBF034626460830EAE79F
:10B5B0000346ECE778D4002084D400200020054B1B
:10B5C000C3E90000044BD3E8EF2FC3E8E10F0029E3
:10B5D000F9D170477CD4002078D400202DE9F04FB9
:10B5E00089B005460E4609F087FB20B96FF06D0063
:10B5F00009B0BDE8F08F09F08EFC33680446002BDB
:10B600000F4604D106F0A0F86FF00A00F0E7BCBFC7
:10B610004FF0FF3333600122002101A809F0F2FB53
:10B62000E8460795EFF3118B202383F31288BFF3CD
:10B630006F8F09F0F1FDDFF828A1DFF828915AF8A3
:10B640000000FFF797FFD9F8003042689A426ED1A8
:10B650000023454D00936B68002B6FD1C5E900882E
:10B660008BF31188BFF36F8F33685A1C6BD04FF484
:10B67000004E40F2E730002123EAE37C4FF47A7277
:10B680000023CCFB0E01FCF75DFD02460B4601A832
:10B6900004F092FEEFF3118B202383F31288BFF3A3
:10B6A0006F8F00222B685BB1434556D10099002A69
:10B6B0004DD16A6829609A4200D1696000230093E5
:10B6C00009F0AAFD5AF80000FFF754FFD9F800303E
:10B6D00043608BF31188BFF36F8F09F00DFB0028D7
:10B6E00084D035686B1C27D009F015FC4FF47A7EA6
:10B6F000A0FB0E320EFB0121A4FB0E420EFB072223
:10B70000DB0BE40B43EA414344EA42441B1B4FEA90
:10B71000D1314FEAE57C61EBD231ED1A6CEB010CD3
:10B72000BCF1000FB8BF002535602DB96CE7436050
:10B730008BF31188BFF36F8F002059E7C3F80080A7
:10B74000C5F804808CE74FF0FF3213469FE7116085
:10B750006968994208BF6A60B0E71A461B68A2E7A9
:10B760000800000078D400207CD4002010B5041E0E
:10B770000DDCEB23084A0949094807F0BAFC2146C9
:10B78000084807F0B6FCEB21034807F0A9FC09F0D4
:10B7900043FD054B1C5010BD656601009666010017
:10B7A000D55A0100A36601000C00000070B50368C3
:10B7B000124C2BB1A34203D304F1A805AB4217D31B
:10B7C0000F4D2B78062B0CD90E49FF230E4A0F483C
:10B7D00007F08FFC0E4807F08CFCFF210A4807F0A9
:10B7E0007FFC5E1C03EB430304EBC3042E70046078
:10B7F0000068BDE8704009F005BB00BFD0D3002051
:10B80000D6DA0020CA66010065660100D55A01003B
:10B81000D366010008B528B10C4A904202D3A83281
:10B8200090420ED30A494FF487730A4A0A4807F038
:10B8300060FC0A4807F05DFC4FF48771054807F08B
:10B840004FFCBDE8084004F075BD00BFD0D3002018
:10B85000F966010065660100D55A01007F680100A4
:10B8600070B5054628B1194B984202D3A8339842C7
:10B870000ED317494FF48C73164A174807F039FC5A
:10B88000164807F036FC4FF48C71124807F028FC7C
:10B890004B1C17D021EAE1744FF4004640F2E73028
:10B8A00000214FF47A720023C4FB0601FCF74AFC26
:10B8B00002460B46284604F07FFD002818BF6FF0B3
:10B8C0000A0070BD4FF0FF321346F3E7D0D30020DB
:10B8D000F966010065660100D55A01007F68010024
:10B8E00008B50268104B2AB19A4203D303F1140140
:10B8F0008A4214D30D4A117871B10D494FF49973EE
:10B900000C4A0D4807F0F5FB0C4807F0F2FB4FF42A
:10B910009971084807F0E4FB012103601170006889
:10B92000BDE8084009F050BABCD30020D5DA0020A9
:10B930009968010065660100D55A0100A2680100FE
:10B9400008B528B10C4A904202D3143290420ED36B
:10B950000A4940F241130A4A0A4807F0CAFB0A485A
:10B9600007F0C7FB40F24111054807F0B9FBBDE8FD
:10B97000084004F049BB00BFBCD30020C5680100EB
:10B9800065660100D55A0100696A010070B5054677
:10B9900028B1194B984202D3143398420ED3174959
:10B9A00040F24B13164A174807F0A3FB164807F05E
:10B9B000A0FB40F24B11124807F092FB4B1C17D032
:10B9C00021EAE1744FF4004640F2E73000214FF4E1
:10B9D0007A720023C4FB0601FCF7B4FB02460B4657
:10B9E000284604F041FA002818BF6FF00A0070BD25
:10B9F0004FF0FF321346F3E7BCD30020C5680100C7
:10BA000065660100D55A0100696A010038B505462E
:10BA10000A4BD3E8EF1F0131C3E8E21F002AF8D137
:10BA2000074B1C6804B938BDE369AB4201D005B1CE
:10BA300013B9201D04F07EFC2468F3E778D40020BD
:10BA40007CD40020014600220023014809F094B96B
:10BA5000D4D400200146014804F066B9D4D40020B3
:10BA6000014600220023014809F086B9ECD40020E9
:10BA70000146014804F058B9ECD4002008B54FF451
:10BA800080620649064809F06FF9BDE808404FF4A6
:10BA900002520449044809F067B900BFD7DA002010
:10BAA000D4D40020E8840020ECD4002010B5044B4E
:10BAB0001C6804B910BD201D04F03CFC2468F8E7A4
:10BAC0007CD40020014802F0D5BB00BFD1BA0000F1
:10BAD00070B505460C4C0D4EB44212D90C491323D7
:10BAE0000C4A0D4807F005FB0C4807F002FB132138
:10BAF000084807F0F5FAD4E9003128469847083499
:10BB0000EAE7F8D370BD00BF887A0100887A0100A7
:10BB1000AE6A01007F6A0100D55A0100BD620100D2
:10BB2000292800F099800ADC01284FD0062800F06F
:10BB30009580002800F08E804FF0FF307047B0F500
:10BB40008D7F04D0B0F5007FF6D11E2948E04B1E52
:10BB5000142BF1D801A050F823F000BFB3BB0000B4
:10BB6000B3BB0000B3BB0000B3BB0000B3BB00001D
:10BB7000B3BB000039BB000039BB000039BB00007B
:10BB800039BB000039BB0000B3BB0000B3BB0000F1
:10BB9000B9BB0000BDBB000039BB000039BB0000D1
:10BBA000B1BB0000C1BB0000C5BB0000C9BB0000A9
:10BBB0000E210020116070470F21FAE71021F8E7ED
:10BBC0001121F6E71221F4E71321F2E736293FDCD1
:10BBD000202907DC1429ECD038DC0229E9D004291B
:10BBE000E7D0A9E7A1F12103152BA5D801A050F8B2
:10BBF00023F000BFB3BB0000B3BB000039BB0000A3
:10BC000039BB000039BB000039BB000039BB000064
:10BC1000B3BB000039BB000039BB000039BB0000DA
:10BC200039BB000039BB000039BB000039BB000044
:10BC300039BB000039BB0000B3BB0000B3BB000040
:10BC4000B3BB0000B3BB0000B3BB00001529C7E7BE
:10BC50003D29C5E71F29C3E72029C1E73729BFE7E9
:10BC60004FF0FF32064B00201A609A611A639A6403
:10BC70001A669A67C3F89020C3F8A820704700BFDF
:10BC800008D500202DE9F0411446002286B0012994
:10BC90000D461E46CDE90422DDF83080076803D149
:10BCA000192C12D15F2307E02146284603AAFFF78B
:10BCB00037FF002824DA6D2309F0AEFA144A135036
:10BCC0004FF0FF3006B0BDE8F0812146284603AAB8
:10BCD000FFF726FF0028EEDB143C012C07D836B115
:10BCE0004FF008083268B3680492059304AE3346F7
:10BCF00029463846039ACDF8008003F06DF8E1E755
:10BD0000B5F58D7FF3D10C2C08BF4FF00408EEE79A
:10BD10000C0000002DE9F0411C46002386B00F46C0
:10BD20001546CDE9043308230668294638460DEB4D
:10BD30000302DDF830800393FFF7F2FE00280ADAF1
:10BD400009F06AFA6D224FF0FF361A4B1A5030464E
:10BD500006B0BDE8F081012F1DD1A5F11403012B20
:10BD600019D803AA04AB304600923946029A03F070
:10BD700061F906460028EAD1012FE8D1042D0DD142
:10BD800020680028E3D0FFF7F1FC09F045FA094BE1
:10BD90001B582360DBE742462346E4E7143D012DB0
:10BDA000D5D8049BC4E90030059BA3601023C8F8D4
:10BDB0000030CCE70C0000000B490346087880B93E
:10BDC0000A49097839B1A2F5807102290AD9A2F588
:10BDD0008872012A06D9013B022B8CBF002001206A
:10BDE00070470020704700BF58DF002057DF002059
:10BDF00070B4002318250168084C05FB03F2A6580F
:10BE0000B14206D1B0F906100832A01870BC06F095
:10BE100001BB0133082BF0D170BC704708D500205E
:10BE20002DE9F04389B00546D0E900900E4617464B
:10BE30009846109C08B107F077FCA4B9CDE90044FE
:10BE400043463A463146484608F0D1FA0446686807
:10BE500028B14FF0FF324FF0FF3307F063FC20466C
:10BE600009B0BDE8F0832388012B0BD1ADF8083071
:10BE70006368628803930823ADF80A2001936B443A
:10BE80000093DDE7022B18D16288ADF80830ADF8D9
:10BE90000A20231D0DF10C0C04F1140E62461868E3
:10BEA0005968083303C273459446F7D1237D8DF852
:10BEB0001C301623019302ABE2E709F0ADF96A22C8
:10BEC000024B4FF0FF341A50C1E700BF0C000000D6
:10BED0002DE9F347074690460C4679B300231A46EE
:10BEE000C868834235D1802A72D800254FF0FF32CE
:10BEF0004FF0FF33394807F015FCA946384EE36888
:10BF0000AB422DD800263546DFF8D4A0B14511DD6F
:10BF100085B96368384601932368A9EB060200934C
:10BF20000AEB06014346FFF77BFF051EEEDD2E44BC
:10BF3000B145EEDC294807F0F7FB06E009F06CF9A3
:10BF400016224FF0FF35274B1A50284602B0BDE8A5
:10BF5000F087A16801EBC301496801330A44C0E7D7
:10BF6000A36806EB090003EBC50253F835105268CD
:10BF700009F035F9A3684FEAC50A53445B680135F7
:10BF80009944BCE7A3684FEAC60A03EBC6035B68A3
:10BF90003BB14FF00009A36803EB0A0252689145D8
:10BFA00004D30136E368B342ECD8CEE753F80A1065
:10BFB000636849440193236838460093A2EB090261
:10BFC0004346FFF72DFF011E05DB89440D44E2E7E0
:10BFD00000263546E6E70D46B7E700BF10CA002049
:10BFE000D7DE00200C0000004FF0FF324FF0FF338F
:10BFF00070B505460B4807F095FB002318200A4A48
:10C0000000FB03F156588C18013605D155500548F0
:10C0100007F08AFB204670BD0133082BF0D10024C5
:10C02000F5E700BFC0C9002008D5002038B5094D8C
:10C0300004464FF0FF3228464FF0FF3307F072FB03
:10C0400000234FF0FF32C4E900232846BDE8384002
:10C0500007F06ABBC0C9002010B50446114B124A54
:10C06000186003681148DA61FDF742FE236873B96E
:10C070000F4940F201330F4A0F4807F03AF80F48D2
:10C0800007F037F840F201310A4807F029F80C337D
:10C09000D3E8EF1F41F00801C3E8E21F002AF7D1FF
:10C0A00010BD00BF04D50020D5C100000C57010011
:10C0B0006B63010036630100D55A01003F62010045
:10C0C000F0B5A1F58173046887B0032B58D8DFE879
:10C0D00003F002417A540127D2E9016113683B4A17
:10C0E000B3F904300492ADF814308DF8167033684B
:10C0F000994205D109F090F80C22354B1A5014E002
:10C1000000F10805284608F093FF2B460022394627
:10C11000306806F0EBF80823204600933C223946AD
:10C1200004AB02F059FE044610B14FF0FF340EE0AC
:10C13000336814333360CDE90200284602AA03A90C
:10C1400008F07BFF039B002B18BF6FF0770420469D
:10C1500007B0F0BDD2E90042136814331360002326
:10C16000CDE9033303AA04A9083008F066FF049B55
:10C170000BB1039BE3800024E9E713684360FAE70F
:10C18000032913D0042919D1126832F4804304D052
:10C1900009F042F816210E4B195004212046C2F333
:10C1A000803207B0BDE8F04008F08BBB204600228B
:10C1B00008F087FB840304F48044C8E709F02CF8F6
:10C1C0001622034B9AE76FF05E04C0E7F1BD000052
:10C1D0000C0000002DE9F0410D1E0746904612DAD2
:10C1E00005F0C0F91C4E012333704246384625F055
:10C1F0004041FDF72BFD00233370044605F020FA83
:10C200002046BDE8F0816B0003D505F0ABF9134E75
:10C21000E9E7FCF717FB041E09DB294642463846CE
:10C2200007F0CEFE051E05DA204606F057FF4FF058
:10C23000FF34E5E7FFF7D8FE014640B908F0ECFF10
:10C240000C22074B1A50284602F094FDECE72046DA
:10C25000044AFCF735FBD3E758DF002057DF002006
:10C260000C000000145701002DE9F04F14460E4653
:10C2700000218BB00546202202A81F46019108F03C
:10C28000BBFF5CB163680293E3680493A368039304
:10C2900023690593236A03B1089302AC4FF0FF3280
:10C2A0004FF0FF333B4807F03DFA3146224628461F
:10C2B00001AB02F073FA064648B9804681464FF05A
:10C2C000180A019D38604DB9019807F05BFE3148AE
:10C2D00007F02AFA30460BB0BDE8F08F542008F082
:10C2E000B8FE044600284FD0C0F80090C0F8209057
:10C2F0002B684360AB68C3606B688360EB68036165
:10C30000D5F804B0BBF1010F15D1082008F0A1FE4B
:10C31000E061002835D00823A3616B695A88A0F832
:10C3200000B042805B684360B8F1000F2FD13C60E1
:10C33000A046ED69C7E7BBF1020F09D008F082FE05
:10C340006FF00506386807F0E0F900233B60BBE7B3
:10C35000182008F07EFEE06198B1C4F818A06A6960
:10C360005388111D4380034602F1140C23F804BBCB
:10C3700051F804EB614543F804EBF9D1137D0375E3
:10C38000D2E7204608F05EFE6FF00906DAE7C8F84B
:10C390000040CDE7E8C900202DE9F04389B0074609
:10C3A0000C461546FCF74EFA0646002E38681EDB92
:10C3B00004B315B32B6801AA082B18BF16230DF17F
:10C3C00008090193494607F075FFB0F100080BDB3F
:10C3D000FFF70AFE074698B908F01EFF0C22274B0C
:10C3E0001A50404602F0C6FC304606F077FE4FF089
:10C3F000FF3618E02246A146E4E72A46A946E1E7CF
:10C4000064B15DB1B9F80020012A10D108232B6076
:10C41000BDF80A3022806380039B63603946304652
:10C42000174AFCF74DFA304609B0BDE8F083022AFE
:10C4300017D118232B60BDF80A3003AD6380234663
:10C440000DF11C0C23F8042B2A4603CA6245186020
:10C450005960154603F10803F6D19DF81C30237589
:10C46000DCE708F0D9FE8622044B1A50404602F061
:10C4700081FC3846FFF7DAFDB6E700BF0C0000008C
:10C4800014570100F0B50A880B46012A066887B0E8
:10C490000DD1ADF80020082249885B68ADF8021084
:10C4A00001936946304607F08BFE07B0F0BD022AC3
:10C4B00015D14988ADF80020ADF802101A1D01AD64
:10C4C00003F114072C4610685168083203C4BA42BD
:10C4D0002546F7D11B7D16228DF81430E1E708F0D0
:10C4E0009BFE6A22024B1A504FF0FF30DDE700BF7F
:10C4F0000C00000008B5024801F0B6FE002008BD9F
:10C5000095C500002DE9F8431A4E1B4FDFF86C80EB
:10C5100000220023304603F0A1FE0546F8B9BDE82D
:10C52000F883237ADA070AD49B0708D4216819B163
:10C53000484608F0E8FD10B14846636898470C3457
:10C54000BC4210D90E4960230E4A0F4806F0D1FDB7
:10C550000E4806F0CEFD60210A4806F0C1FD0C4CE5
:10C5600005F10409ECE7DCD32946404603F0DCFB87
:10C57000CEE700BF38CA002084C90020A8C9002027
:10C580000F6B0100E36A0100D55A0100BD62010092
:10C5900078C900202DE9F041044638BB2A493623EA
:10C5A0002A4A2B4806F0A5FD3621284806F098FDBA
:10C5B0002F7AFA070AD4296819B1204608F0A3FD9A
:10C5C00020B1BB0710D520466B6898470C35454510
:10C5D00011D9204939231D4A1D4806F08AFD1E48FD
:10C5E00006F087FD3921E0E70126EFE700261B4D25
:10C5F000DFF86C80EBE7DBD31EB32046FBF712FFBE
:10C600000022411D0023174808F0B6FB054658B923
:10C610004F230E4A14490E4806F06BFD214613487D
:10C6200006F067FD4F21C0E721460430FBF7F2FE1C
:10C6300029460F4808F0DBFBBDE8F0410D4804F047
:10C640003DB9BDE8F08100BF2F6B0100E36A010036
:10C65000D55A01000F6B0100BD62010078C90020AE
:10C6600084C90020A8C90020446B01004D6B010063
:10C6700038CA00206CC80020024883681B6A03B1D6
:10C68000184770472C53010038B5054D441E14F867
:10C69000011F01B938BDAB6801485B689847F6E7F0
:10C6A0002C53010010B5094C4FF480512346084A21
:10C6B000204601F049FE2046FFF7E6FF0022054B29
:10C6C0001A70BDE81040FFF7D7BF00BF5ADF002047
:10C6D0007B6B01005AEF00200322F0B52B4B85B095
:10C6E0001A702B4808F00EFB002845D008F013FC08
:10C6F0004FF47A72A0FB020302FB0133244DC00BFE
:10C70000AE6840EA4344B368B3B128469847074649
:10C7100090B9336C002B34D11E491F4804F03EF809
:10C7200000234FF4806200931C490A231C4804F044
:10C73000CBF8FFF7A1FF21E008F0EDFB4FF47A7290
:10C74000A0FB020302FB0131C30B43EA41431B1B65
:10C75000B3F5FA7F10D8AF683B69002BFCD00122FB
:10C7600028460DF10F0198470028F5D100214FF41C
:10C77000A47005F02DF9C6E76FF00D07384605B037
:10C78000F0BD0246074902489847C5E75BEF002025
:10C790002C530100A5C60000CCD5002070F100206C
:10C7A000A8CE0020A9C70000F7B504468368DB6B5C
:10C7B00003B19847A368DB6AC3B9454E454D33784A
:10C7C000C3B9A3681B692BB1012220460DF10701F3
:10C7D000984778B19DF80730082B01D07F2B0BD1FB
:10C7E0002B68002BEBD0013B2B60E8E720469847F5
:10C7F0000028E2D103B0F0BD37480278002A48D1C2
:10C800000A2B24D00D2B14D0002B42D1334B1B7894
:10C81000002BD4D100222F49314B0F680A601946F2
:10C82000DA55027013F8012B202A42D8002AF9D1D8
:10C83000C5E72A4A1278012AECD0264A1068411C22
:10C84000B1F5805FBBD2264F11603B54B7E7234A56
:10C850001778022FDED01F49032F0A6813D1204F0B
:10C860006AB107EB020C1CF801CCBCF10D0FD1D062
:10C87000501CB0F5805FA2D2BB5408609FE73B70AC
:10C8800001230B609BE7501CB0F5805F97D2144FDB
:10C89000F2E72F68791CB1F5805F90D2DFF840C0D5
:10C8A000222B0CF80730296089D182F00102027036
:10C8B00085E70B78002B82D00A4883685B6A03B156
:10C8C0009847012308490948337008F0BDFA76E714
:10C8D0005AEF0020C8D5002059DF00205BEF002070
:10C8E0005ADF00202C530100CCD50020A8CE002018
:10C8F0000378014613B1024801F0C2BC704700BF83
:10C900007B6B010008B5B0B90B48FFF7F1FF0B488E
:10C91000FFF7EEFF0848FFF7EBFF0748FFF7E8FFD8
:10C920000548FFF7E5FF0448FFF7E2FFBDE80840D0
:10C930000148FFF7DDBF08BD416201007E6B0100C9
:10C940000149024806F0AEBF0DCA0000DCD5002048
:10C950002C4A00F00800136F072B2BD0132B1CD090
:10C96000052B3AD1526D12F4805F14BF17231623A2
:10C9700012F4006F18BF182312F4007F1EBF224B61
:10C980009B6B192312F4806F18BF1A2312F4807F57
:10C9900025D112F4005F18BF1C23CA6968BBC2F31B
:10C9A000080020B96FEA52226FEA4222CA61184693
:10C9B00006F016BCD36DDA0713D49A0713D45A07BE
:10C9C00013D41A0713D4DA0613D49A0613D413F027
:10C9D000800F14BF2C232523DFE70023DDE71B2373
:10C9E000DBE72623D9E72723D7E72823D5E7292321
:10C9F000D3E72A23D1E72B23CFE722F4FF7222F0DB
:10CA00000102D3E7DCD5002000ED00E000B5184BB3
:10CA100089B01A7872B917494FF49273164A1748B9
:10CA200006F067FB164806F064FB4FF4927112485B
:10CA300006F056FB5A6AD86C00929A6A20F00500FC
:10CA40000192DA6A694602921A6B03925A6B049257
:10CA50009A6B0592DA6B06921A6C1B6D07929B0714
:10CA600048BF40F00400FFF773FF09B05DF804FB16
:10CA7000DCD50020C96B0100966B0100D55A01007E
:10CA8000D96B01002DE9F0411F46164B044693F87F
:10CA900000800D461646A2B0B8F1000F15D16846C9
:10CAA00006F0AFFB3A4631462846289BA04704468D
:10CAB000684606F0A7FBB8F1000F02D00A4803F061
:10CAC000A3FA204622B0BDE8F0814FF0FF324FF0CC
:10CAD000FF33054803F0C8F90028E0D06FF0830465
:10CAE000EFE700BF68EF002024CA0020002300B554
:10CAF00089B0CDE9063303AB049304230390059377
:10CB0000A9B10B6806934B6807930223111E18BF47
:10CB100001210848CDE9002140F2F53104AA00F0D6
:10CB20002BF80028B8BF012009B05DF804FB0123F1
:10CB3000ECE700BF0501004070B5382694B006ABA5
:10CB400005460C4632460021184608F055FBCDE953
:10CB50000454CDE9020654B1012304AA0092002135
:10CB60000448019302AA00F007F814B070BD2046F3
:10CB7000FBE700BF0001004010B4B1F5004F029C7C
:10CB80000ED2042B0CD8042C0AD8240444EA0364E3
:10CB9000134644EA0102014610BC0348FFF772BF86
:10CBA0006FF0800010BC7047217C000030B5046835
:10CBB000ACB1B4FA84F30122C3F11F03DBB29A4093
:10CBC00024EA0202D0E8EF5FA54204D1C0E8EC2FCE
:10CBD000BCF1000FF6D1EAD102480B7030BD02481B
:10CBE000FCE700BF0000AD0B0200AD0B10B5036801
:10CBF000CB40DB0710D401238B40026843EA0201DB
:10CC0000D0E8EF4F944204D1C0E8EC1FBCF1000F14
:10CC1000F6D1F2D1014810BD0148FCE70000AD0B90
:10CC20000400AD0B014BC3F80405704700700140D0
:10CC300008B549B9074908484423084A06F059FA93
:10CC40004421064806F04CFA40F00040C1F880004C
:10CC500008BD00BFA26C0100D55A0100656C01003F
:10CC600008B549B9074908484A23084A06F041FA75
:10CC70004A21064806F034FA40F00040C1F880002E
:10CC800008BD00BFA66C0100D55A0100656C01000B
:10CC9000F7B5334B044658B1012827D03149324803
:10CCA000DC23324A06F025FADC21304806F018FA77
:10CCB0000222C3F8082301220646DA60C3F8040101
:10CCC000D3F80431012342F21075254F8DF8073057
:10CCD00074B3012C1BD0234923484FF47473244AA6
:10CCE00006F007FA4FF474712148DFE70022C3F819
:10CCF00008035860C3F80021D3F800310DF107068E
:10CD0000E0E70BB3012006F0FAFD013D1CD0D7F897
:10CD10000C3403F48033002EF3D0D7F80C2402F047
:10CD200001020FE083B1012006F0E9FD013D0BD0C7
:10CD3000D7F8183403F48033002EF3D0D7F8182432
:10CD400002F0030232700BB903B0F0BD9DF807008A
:10CD50000128F9D106F0D3FD013DB9D1F4E700BFB8
:10CD600000500040497A0100D55A0100AA6C010028
:10CD7000E76C0100044B1A7922B9012218601A717C
:10CD8000024870470248704750D600200000AD0BA3
:10CD90000C00AD0B08B50E4B1A795AB90D490E4867
:10CDA0004FF498730D4A06F0A4F94FF498710B48AC
:10CDB00006F096F91B6833B10520FCF765FB10B946
:10CDC0000520FCF73FFB0122054BC3F8182508BDE1
:10CDD00050D600201B6D0100D55A0100AA6C01003D
:10CDE0000050004038B5364C23795BB935494FF4D3
:10CDF000BD73354A354806F07CF94FF4BD713248B1
:10CE000006F06EF958B101284FD031494FF4DF7365
:10CE10002D4A2E4806F06DF94FF4DF71EFE72D4BE8
:10CE2000D3F81814D3F81824C90323D502F0030348
:10CE3000022B05D0012B02D00020FFF729FF012390
:10CE4000244A0220C2F8183508224FF482730021C8
:10CE500003F1804303F5A04319601D68012502F129
:10CE6000804202F5A0421560226812B3194BC3F844
:10CE700004030FE0D3F81424D207E0D5D3F81C2420
:10CE800002F00302013A012AD6D822681AB102221E
:10CE9000C3F8042338BDD3F80421002AFBD00022B4
:10CEA000C3F80421D3F80431F4E700224FF480736F
:10CEB000CDE71A68002AFCD019601B68EAE700BFBA
:10CEC00050D600201B6D0100AA6C0100D55A01004C
:10CED000497A01000050004008B5094B1B795BB945
:10CEE000084909484FF4EC73084A06F002F94FF478
:10CEF000EC71064806F0F4F8BDE80840FFF7C8BE3C
:10CF000050D600201B6D0100D55A0100AA6C01000B
:10CF100010B5164BD3F8002152B10020C3F8000120
:10CF2000D3F800210122C3F80823114B1B6898474E
:10CF30000E4BD3F8042182B10022C3F80421D3F8A8
:10CF40000421D3F81824D3F81824022102F0030294
:10CF5000012A03D1C3F818159A6010BDC3F808134D
:10CF6000034B0120BDE810401B68184700500040EB
:10CF700050D6002001460148FFF718BE7CC80020AB
:10CF800070B5322402791E4B624352FA81F20832A4
:10CF900033F81240E10526D5C4F3432124F4F854B4
:10CFA00023F8124064240026027904FB02340E3474
:10CFB00034F8025F15F4807F03D0C5F34325A942FE
:10CFC00011D00136202EF3D164240025624302EBF8
:10CFD000C1029D50027904FB02305830FFF706FE73
:10CFE000084B984200D170BD074908484FF4DC73E4
:10CFF000074A06F07EF84FF4DC71054806F070F839
:10D0000080C800200000AD0BB8650100D55A0100B2
:10D01000786D010008B502680146104606F07CFCF8
:10D0200058B90E4940F269330D4A0E4806F061F8CE
:10D0300040F269310A4806F053F802F01F03520922
:10D040000B6009D0084940F27233054A054806F0E2
:10D0500050F840F27231EDE7044808BD5D6501000B
:10D060002A650100D55A0100497A01000025844053
:10D07000072808B50BD90849084840F2AA33084ADE
:10D0800006F037F840F2AA31054806F029F880008A
:10D0900000F5807008BD00BF6E6D0100D55A01001B
:10D0A000396D010032235843034B50FA81F10831A6
:10D0B00033F81100400B704780C8002032235843DA
:10D0C000044B50FA81F1083133F81100C0F34000ED
:10D0D000704700BF80C8002032235843054B50FAE8
:10D0E00081F1083133F8110010F01C0018BF012045
:10D0F000704700BF80C8002032235843044B50FAC9
:10D1000081F1083133F81100C0F34010704700BFBF
:10D1100080C80020024611F0010004D003490B6AC8
:10D1200013600B6203B90020704700BF00258440E4
:10D130002DE9F843002407460E4625464FF0010826
:10D14000A146B5420DD1124BD3F87C2132B1002259
:10D15000C3F87C21D3F87C3144F000442046BDE87C
:10D16000F883E8B2FFF784FFA0F58072920808FA0E
:10D1700002F2174209D000F1804303F544331968E5
:10D1800019B1C3F800901B6814430135D9E700BFFB
:10D19000001003402DE9F74F0546554B296DD3F894
:10D1A0000403C0B240F00040FFF7C2FF061E18DAC9
:10D1B00000236846E96D00934FF00108FFF7AAFFCE
:10D1C00095F85C30DB0759D4296D4FF00040FFF72C
:10D1D000AFFF6846E96DFFF79DFF0028F0D126F00C
:10D1E00000460124002E69D103B0BDE8F08F94FA07
:10D1F000A4F4B4FA84F4E10804F1080335F81390B8
:10D2000004F007021DF8013008FA02F223EA0203D3
:10D2100001A80DF801300194FFF7FCFE019B4FEAD5
:10D22000990B803350F82370C9F3820A1BF0040F66
:10D23000D146C7F3014725D052462146284606F07D
:10D2400075FB01A80194FFF7E5FE019BFFB2803357
:10D2500050F82330C3F301439F4207D100212046F9
:10D2600006F0CEFB3946204606F0CAFB01A8019421
:10D27000FFF7D0FE019B08FA03F30362009C002C29
:10D28000B5D1A1E7022F0DD10321204606F0B8FB4E
:10D290000AF00503012BE9D14A462146284606F04B
:10D2A00045FBE3E70221204606F0AAFBBAF1030F93
:10D2B000F2D0032FDAD1BAF1020FECE796FAA6F317
:10D2C000B3FA83F304FA03F29B0003F1804303F5FE
:10D2D0004433D3F8101526EA0206D3F81025284661
:10D2E000C2F30142C1F3042106F020FB7AE700BF3C
:10D2F0000010034032222DE9F3410379214F5343BB
:10D3000053FA81F3083337F813300546DB070C4630
:10D31000CEB234D506F091FB95F804802146404604
:10D32000FFF7EAFE60B121464046FFF7BBFE2A68E0
:10D3300000B202EB80030022C3F81025C3F81025C9
:10D3400021462846FFF71CFE32222B7901A802FB5A
:10D3500003660023083627F816300194FFF75AFEBB
:10D36000019B00EB8300D0F80022074B134043F0F1
:10D370000203C0F80032054802B0BDE8F08104485D
:10D38000FAE700BF80C80020F0F8FCFF0000AD0BFA
:10D390000400AD0B2DE9FF41166804460D46174603
:10D3A00046B306F03CFBA0BB3346CDE900008DF848
:10D3B0000E008DF80F000DF10F0228460DF10E0141
:10D3C00006F0D1FA32202379674A434353FA85F3B2
:10D3D000083332F8131021F0020122F813102379D8
:10D3E000434353FA85F3083332F8131041F0010137
:10D3F00022F813107B68002B47D026792946304647
:10D400001A78D3F80480FFF759FE20B1B8F1000F65
:10D4100023D056483CE04FF0320E0EFB06F6DFF804
:10D4200048C156FA85F608363CF81630E8B223F4BF
:10D43000604323F020032CF81630B8F1000F0CD015
:10D44000032AE6D87B6821685B681E7801EB8601B9
:10D450000ABBC1F81025C1F81025322623794249AC
:10D46000734353FA85F3083331F8130020F01C009E
:10D4700021F813002379734353FA85F3083331F805
:10D48000130040EA820221F81320BB6863BB3848CE
:10D4900004B0BDE8F081D1F8108528F00308C1F888
:10D4A0001085216801EB8603D3F8101521F447316C
:10D4B00021F44071C3F810152902D3F8108501F446
:10D4C000F85141EA024141EA0801C3F810152379F5
:10D4D0000EFB030008303CF8103043EA463343F0BB
:10D4E00020032CF81030B8E72946D3E900872046FE
:10D4F000FFF746FDB8F1000FC9D0642320791A4E1A
:10D500004343F218F358984504D153689F4201D120
:10D5100000210CE0642303FB00600DF10F01583083
:10D52000FFF744FB124B9842B2D19DF80F106422D2
:10D530002379534303EBC10346F803802379534314
:10D54000322203EBC10333445F602379534353FA20
:10D5500085F3083336F8132042EA412242F4807200
:10D5600026F8132093E700BF80C800200400AD0B0D
:10D570000000AD0B2DE9FF4105460C461E465AB38F
:10D5800007793846FFF79AFD20B921463846FFF75C
:10D59000B3FD40BB21463846FFF79EFD10B15378DE
:10D5A000012B20D001238DF80F3000230DF10F0146
:10D5B000CDE900232046931C013206F0D4F9322233
:10D5C0002B793149534353FA84F3083331F813204C
:10D5D00042F0030221F81320002E53D0214628796F
:10D5E000FFF76CFD18B9294804B0BDE8F08196F842
:10D5F00000C0322761468B0000212A68224802EBD6
:10D600008C02C2F81015C2F810152A79E1B27A43DB
:10D6100052FA84F2083230F812E02EF4604E2EF006
:10D62000200E20F812E096F801E0BEF1000F29D09C
:10D630002A68B6781A44D2F810354FEA0E4E23F411
:10D64000981323F4F853C2F81035230203F4F85367
:10D650000EF4403E3605D2F8108543EA0E0306F478
:10D660008016334343EA0803C2F810352B7907FBD1
:10D670000311083130F8113043EA4C3343F02003F2
:10D6800020F811300248AFE780C800200400AD0B3D
:10D690000000AD0B30B564250479044B05FB043460
:10D6A000A160017905FB0133DA6030BD80C800203C
:10D6B00038B50C465AB90F490F4840F20D330F4A9E
:10D6C00005F017FD40F20D310C4805F009FD057914
:10D6D0002846FFF711FD58B132235D43084B55FA38
:10D6E00084F4083433F8143006485B0B137038BDEB
:10D6F0000548FCE7166E0100D55A0100786D01005F
:10D7000080C800200000AD0B0400AD0B2DE9F843EC
:10D71000254B026806469A420BD02449244840F221
:10D720001E33244A05F0E5FC40F21E31214805F085
:10D73000D7FC07796420204D00FB075898F860401B
:10D740007CBB4046A14640222146103007F054FDE4
:10D750003668D8F85080A04516D1002346F307302C
:10D76000C6F87C31D6F87C31FBF76CFE4FF00043F5
:10D77000C6F80433642303FB075501230F4885F8DB
:10D780006030AB65BDE8F883E0B2FFF771FCA0F54F
:10D7900080739B081F2B04BF46F800903358013458
:10D7A000D9E70748EEE700BF00100340206E0100F4
:10D7B000D55A0100786D010080C800200000AD0B33
:10D7C0000C00AD0B64210279044B01FB023393F88A
:10D7D0006000003818BF0120704700BF80C80020DB
:10D7E00064235422007913FB002302481844FFF7F6
:10D7F000FDB900BF80C8002064235422007913FBC8
:10D80000002302481844FFF7D1B900BF80C80020A8
:10D810002DE9F3410479064620460D461746FFF7E9
:10D820005BFC58B9304940F2FA33304A304805F0D1
:10D8300060FC40F2FA312D4805F052FC29462046A2
:10D84000FFF75AFC18B329462046FFF737FC8046FD
:10D85000E8B929462046FFF725FC0446FFF708FCF7
:10D86000356822B245F800802B58336803EB8203F9
:10D87000D3F8102542F00102C3F8102527B1012387
:10D880003268A340C2F8043302B0BDE8F0814FB95A
:10D89000184940F20943154A154805F02AFC40F2A0
:10D8A0000941C8E732235C43134B54FA85F408342A
:10D8B00033F81430C3F38203042B11D0052B11D09D
:10D8C00001A80195FFF7A6FB019A0369D34003F075
:10D8D0000103991C284602B0BDE8F04106F090B85B
:10D8E0000321F7E70221F5E7F56D0100786D0100EE
:10D8F000D55A0100576E010080C800200148FFF78B
:10D9000049BC00BFE4C8002070B516460D4649B9B1
:10D910000B490C4837230C4A05F0EBFB37210A482A
:10D9200005F0DEFB094C237943B92A20FBF78AFD79
:10D930000123074823712560A66070BD0548FCE7F8
:10D9400084650100D55A0100626E010058D600209E
:10D950000000AD0B0C00AD0B38B548B918494A238F
:10D96000184A194805F0C5FB4A21164805F0B8FBCE
:10D97000164B1B79012B07D015494B23114A12482E
:10D9800005F0B7FB4B21F0E70023124A50F8234083
:10D9900003F5A2710133082B42F82140F6D1002390
:10D9A0000C4A00F11C0103F5B27451F8045F013315
:10D9B000082B42F82450F6D1036CC2F8043338BD6A
:10D9C0009D6E0100626E0100D55A010058D60020FC
:10D9D000A66E010000A0024070B51C4E3379012BE9
:10D9E00009D01B491B485F231B4A05F082FB5F21BE
:10D9F000194805F075FB0024184D2A20C5F810457C
:10DA0000C5F81445C5F81845C5F81C45C5F82045A6
:10DA1000C5F82445C5F82845C5F82C45C5F89045F6
:10DA2000C5F89445C5F89845C5F89C45C5F8A04586
:10DA3000C5F8A445C5F8A845C5F8AC45FBF710FDE9
:10DA40004FF0FF33C5F80833347170BD58D600204D
:10DA5000A66E0100D55A0100626E010000A00240CE
:10DA600008B5094B1B79012B09D0084908487A23CE
:10DA7000084A05F03EFB7A21064805F031FB064ACC
:10DA80008340C2F8043308BD58D60020A66E0100BA
:10DA9000D55A0100626E010000A0024008B5094B92
:10DAA0001B79012B09D0084908488223084A05F050
:10DAB00020FB8221064805F013FB064A8340C2F88A
:10DAC000083308BD58D60020A66E0100D55A0100C3
:10DAD000626E010000A00240F8B501260027124B3B
:10DAE000124DD3F80C4304B9F8BD94FAA4F0B0FA7F
:10DAF00080F006FA00F3072824EA03040BDD0C4942
:10DB00000C4840F2F3130C4A05F0F3FA40F2F3111B
:10DB1000094805F0E5FA094B82009F502B68002B5D
:10DB2000E1D0A9689847DEE700A0024058D600205F
:10DB30006E6D0100D55A0100CF6E010000A10240B8
:10DB400070B503680446033BDBB2052B03D8094AD2
:10DB500052F823502DB9A06858B1BDE8704000F0CC
:10DB60001DB805F0E0FF21682B46BDE87040090CA8
:10DB7000184770BD58570100014B5B69184700BF3B
:10DB800048C90020014B1B68184700BF48C9002046
:10DB9000014B5B68184700BF48C90020014B1B6957
:10DBA000184700BF48C90020014B9B68184700BFB9
:10DBB00048C90020014B1B6A184700BF48C9002014
:10DBC000014B5B6A184700BF48C90020014B1B6826
:10DBD000D868704764D60020002230B50B4B196816
:10DBE0000C6894420FD001EBC2039D68A8420BD190
:10DBF0004FF003020433D3E8CF1F002903D1C3E859
:10DC0000C02F0028F7D130BD0132EAE77CD60020D2
:10DC10002DE9F041002406460F462046DFF85480E7
:10DC20003368A34201D8BDE8F08106EBC4056B68F8
:10DC3000DBB2012B16D16A68B8F80030B3EB124F93
:10DC400010D1022FA8680FD1FFF77AFF01206B686F
:10DC500023F0FF0343F003036B60B8F80030013397
:10DC6000A8F800300134DBE70168090C05F010FF6B
:10DC7000ECE700BFACDA002010B5074C0221606869
:10DC8000FFF7C6FF0028F9D101212068FFF7C0FF88
:10DC90000028F3D110BD00BF84D6002070B507283E
:10DCA00060D8DFE800F00B5F475F435F3C0401F0A2
:10DCB00075FD0320BDE87040FDF7A8BE03202A4B88
:10DCC000D3F81446D3F81866284B1D781870EDB2B7
:10DCD00001F03AFD012D10D1254B264A9C4212D06D
:10DCE000230C1B04B3F1886F0DD0A4F58033203BC7
:10DCF000022B0FD96FF0040313603146C4F30B00FD
:10DD000001F016FD00E014601B4B1868FDF782FD62
:10DD10000020CFE7194931F913301360F4E70024EC
:10DD2000124B20461C7001F00FFDEDE7FFF7A4FF3A
:10DD30000220BFE70D4B1A78012AD0B20ED1104A4B
:10DD40001168104A8C6854604968116002221A7088
:10DD500001F0FAFC084B1868FDF75CFDFFF78CFF3B
:10DD60000120A7E770BD00BF00A002405DEF0020CA
:10DD70000100500580D600206CD60020485A0100D2
:10DD800068D6002084D600200A23F7B54FF47A75B0
:10DD90000C4E0D4F01933168386805F09FFE044624
:10DDA00040B905F0ABFC40B9012001A9FDF716FC14
:10DDB0006E30F0D1204603B0F0BD0198684305F005
:10DDC0009BFCE8E770D6002078D60020054B1B7836
:10DDD0002BB9054B1968054B186805F07FBE00206C
:10DDE000704700BF5CEF002074D600207CD6002076
:10DDF00070B5164B42681B6822F0FF0242F0020227
:10DE0000C31A42601248134A0168C3F38913D2E867
:10DE1000DF4F651CC2E8D65F002EF8D101EBC301CD
:10DE20004A6892B242EA04424A600268032002EB66
:10DE3000C302536823F0FF0343F00103536005F06E
:10DE40005BFC0122044BDA6070BD00BF74D6002079
:10DE50007CD60020AEDA002000A002402DE9F04F71
:10DE600095B038220021064603A807F0C5F9022321
:10DE70000493082306932023089304230D9310236F
:10DE800040250F9380230122CDE91153D523002192
:10DE900057480B921393FDF789FC0546002840F084
:10DEA000A380024653493079FFF72EFD03A8FFF700
:10DEB00053FD34686268B2F59D6F40F092806169ED
:10DEC000E3680B44E16903F59D630B44B3F5003F40
:10DED00000F287802068294607F08EF933681C68B5
:10DEE000D3F81C9004F53A72019204F16007424A9B
:10DEF00004F1A40804F1200BB9F1000F5BD1C2F8C2
:10DF000000B000254FF0010A2570657084F802A06A
:10DF1000E570336840461B69636033685B69C4F829
:10DF200014B0A360354BC4F81890C3F80080344B8C
:10DF3000E7601F600823C4F8108084F8A43088F8D4
:10DF4000015088F8025088F8035084F860307D70E2
:10DF5000BD70FD7005F0AAFD384605F0A7FD294B00
:10DF600004F53A721A60284B04F1E80231681A602D
:10DF7000264B274E1960274B2749C3F81046C3F894
:10DF80001456264B264C1D80264B86F800A01D807B
:10DF9000254B029525601D611B690293029B144B62
:10DFA0001868FDF75DFC98B103236FF073043370BC
:10DFB000FFF712FD11E09B6904F1400963643368C7
:10DFC0004846DB69C2F800B0236401F0CBFB98E758
:10DFD0002468002CECD1154B1C70204615B0BDE810
:10DFE000F08F6FF01504E3E76FF02D04F5E700BF45
:10DFF0006CD600209DDC000068D600207CD6002076
:10E0000078D6002074D6002070D6002064D6002078
:10E010005DEF002000A00240F0490200AEDA0020CF
:10E0200080D60020ACDA0020005600405CEF0020D3
:10E0300070B5164B42681B6822F0FF0242F00102E5
:10E04000C31A42601248134A0168C3F38913D2E825
:10E05000DF4F651CC2E8D65F002EF8D101EBC3018B
:10E060004A6892B242EA04424A600268032002EB24
:10E07000C302536823F0FF0343F00103536005F02C
:10E080003BFB0122044B5A6070BD00BF70D60020DC
:10E0900078D60020AEDA002000A0024010B5FFF7CD
:10E0A00073FE012400220321047081704270C2704B
:10E0B000FFF7BEFF054B1C7005F00BFDBDE81040DF
:10E0C000034B47F230511868FDF7CABB5CEF0020E4
:10E0D0006CD6002038B50A4B04461B78022BDDB203
:10E0E0000DD1FFF751FE50B1002201218460017073
:10E0F00042708570C270BDE83840FFF799BF38BDE7
:10E100005DEF0020034A126812B1002800DB1047BF
:10E11000704700BF98D600202DE9F74300258146BF
:10E120000F461048294690461E46019304F0B8FD5C
:10E13000041E11DB0134204605F01EFDC9F8000065
:10E1400068B1334642462146019604F0A9FD2846AF
:10E150003C6003B0BDE8F0836FF01500F9E76FF0A5
:10E160000B00F6E79055010010B50E4B04461B68F6
:10E17000A3B1FAF757F9082810D9237A3F2B0DD00D
:10E1800009490822204606F085FF014630B904F10E
:10E1900008000A22BDE8104004F0C2BA4FF0FF3078
:10E1A00010BD00BF98D60020016F01002DE9F3419A
:10E1B00005460020174688461E4605F0B6FC024676
:10E1C00040B915B1284605F0D9FC6FF00B0002B03C
:10E1D000BDE8F0816FF05803002403730423056049
:10E1E0000E4D037244738473C47344728472C47298
:10E1F000C0F80480394603202C7005F0B2FC4FF0C3
:10E20000FF3301932B78B34201D10020DFE70220D6
:10E2100001A9FDF7E3F90028F4D0D8E75EEF00206C
:10E22000F8B5054600240F4F57F8046B28463146D1
:10E2300006F069FF28B90134042CF5D14FF4803081
:10E240000DE06CB1A31E012BF8D83046FAF7EAF8BE
:10E250000A220021284404F0EDF940EA0440F8BD08
:10E260002046FCE770570100014B18600020704702
:10E270009CD60020014B1860704700BF98D6002044
:10E280000FB42DE9FF410A9C01F064FA00284AD03E
:10E29000002C4BD0284E294F31683868FDF776FBAB
:10E2A000002846D1264D31682868FDF7D9FA0028A4
:10E2B00036D122460BAB03A902A80193FFF72CFF2E
:10E2C000044658B12868FDF7A5FA3868FDF738FB11
:10E2D000204604B0BDE8F04104B07047029C2046DF
:10E2E000FFF742FF02230646012220460399FFF76B
:10E2F0005DFF04460028E5D1DFF84880D8F800002B
:10E30000FFF78EFF0446D8F8000005F031FC2868BE
:10E31000FDF780FA002CD8D13046FFF7F3FED4E7A2
:10E320006FF00A04D1E74FF0FF34D1E76FF00D042E
:10E33000CEE76FF00A04CBE7B0D60020A8D60020C5
:10E34000ACD60020A0D600200CB42DE9F04F87B049
:10E3500007460E46109C01F0FDF9002800F09B8056
:10E36000002F00F09B80002C00F09880002E00F021
:10E370009880DFF83C81DFF83CA1D8F80010DAF88B
:10E380000000FDF703FB002840F08E804A4DD8F8CE
:10E3900000102868FDF764FA002879D1224611ABF5
:10E3A00005A904A80393FFF7B7FE044618B128682F
:10E3B000FDF730FA52E0414BDDF81080D3F80090C1
:10E3C000B9F1000F14D03E4BD3F800B05C450FD02C
:10E3D00059F8341008460191FAF724F801990246D9
:10E3E000404606F057FE38BB09EBC40464682CBBFA
:10E3F0004046FFF7B9FE02238146012240460599B7
:10E40000FFF7D4FE04460028D1D1DFF8B8803846A3
:10E41000D8E9004BB3455A46214628BF324606F09C
:10E42000DEFEB345204623D905F0A2FB2868FDF7A0
:10E43000F1F96FF0060411E00134C7E72868FDF731
:10E44000E9F9424631463846A047044618B93846ED
:10E45000FFF7E6FE0446404605F090FBDAF80000C0
:10E46000FDF76EFA204607B0BDE8F04F02B07047E6
:10E47000FFF7D6FE0446D8F8000005F079FB2868BF
:10E48000FDF7C8F9002CE9D14846FFF73BFEE5E768
:10E490006FF00A04E2E74FF0FF34E3E76FF00D049A
:10E4A000E0E76FF01504DDE76FF00A04DAE700BF7C
:10E4B000B0D60020A8D60020ACD6002090D60020F0
:10E4C0008CD60020A0D6002038B5C3680446A72B00
:10E4D00001D0206810E0032907D0042926D00229A2
:10E4E00002D10122154B1A7038BD144B00681A78FE
:10E4F000022A05D10028F7D0BDE8384005F038BB26
:10E500000F4D2A6862B12B689847002320682B6062
:10E5100005F02EFB0B4B1868BDE83840FDF77AB9C3
:10E52000094A1060616851600222DCE7074B1B68F2
:10E53000002BCED000689847CBE700BF5EEF0020ED
:10E5400094D60020ACD60020A0D600209CD6002077
:10E55000012210B511460B48FDF728F970B90A4899
:10E56000FDF7BEF9014648B94FF0FF32074B1A607C
:10E57000BDE8104001230522FFF718BE6FF02D0003
:10E5800010BD00BFACD60020A8D60020B0D6002019
:10E5900010B400F11C03D3E8EF2F511EC3E8E41FB1
:10E5A000002CF8D1012A0CDC074BD0E8EF2FC0E893
:10E5B000E13F0029F9D16422002110BC043006F0AB
:10E5C0001BBE10BC704700BF1EF1010010B5002437
:10E5D0000A4B4FF45072214609481C7006F00CFE9D
:10E5E00021462246064B074801310829C3E90002AB
:10E5F0009A6003F16803F7D110BD00BF5FEF002000
:10E60000B4D600201EF10100164830B500220346A2
:10E610004FF0FF34144DD0E8EF1FA94204D1C0E8F9
:10E62000EC4FBCF1000FF6D10CBF0121002112D13B
:10E63000682101FB023301220C49DA61097893F861
:10E64000202061F3451283F820200222A3F84820FD
:10E6500083F84A2030BD0132082A00F16800DAD17F
:10E660000846F7E7B4D600201EF101005FEF002056
:10E6700030B5024600236825054905FB03F4601800
:10E680000C59944203D00133082BF6D1002030BD41
:10E69000B4D6002010B50446043005F063FC606C6D
:10E6A00008B1FDF7D7F9064BD4E8EF2FC4E8E13FF6
:10E6B0000029F9D12046BDE81040FFF769BF00BF2F
:10E6C0001EF1ADDE70B50825064C074E2368B34237
:10E6D00002D02046FFF7DEFF013D04F16804F5D1CA
:10E6E00070BD00BFB4D600201EF101002DE9F84333
:10E6F0000F4C06460025A0464FF068090D4B0E4F03
:10E7000018702368BB420CD009FB058393F82020C6
:10E7100066F3451283F82020A36B13B1204605F061
:10E720008FFA0135082D04F16804EAD1BDE8F883B9
:10E73000B4D600205FEF00201EF10100112806DC96
:10E7400000280DDB084BC34003F001007047B0F513
:10E75000817F07D040F21113C31A584258417047C5
:10E76000002070470120704741000200034B0268FF
:10E770005A6082699A6042691A607047F4D9002031
:10E78000012208B511460448FDF710F8002818BF0B
:10E790006FF02D0008BD00BF00DA00202DE9F04F1A
:10E7A00085B082460F4616461D4600F0D3FF28B9B5
:10E7B0000120FCF7DBFF6FF00A041CE05AEA0703B4
:10E7C00000F051811EB3336823F4A05323F00203F9
:10E7D000002B40F04B81706838B9B06878B105F013
:10E7E00064FB60B96FF0060405E005F058FB0028F3
:10E7F000F3D16FF00504204605B0BDE8F08FF06856
:10E8000028B1B16805F065FB08B96B20D1E79A4BD8
:10E810004FF47A611868FDF723F80446002840F0A9
:10E820002881002F64D0F6B1336803F4A053B3F508
:10E83000805F18D13368DB0445D44FF0FF37706830
:10E8400008B100F093FD8D4B8D4A1860B368002B22
:10E8500008BF01231360F3688A4A002B08BF062310
:10E86000136033681CE00A220021384603F058FF89
:10E870004FF6FE73421E9A4200F2F280824A030271
:10E8800043EA10231380002ED4D1002301217B4AB8
:10E890004FF0FF3713607A4A11600621794A116000
:10E8A000DFF8E8815046C8F80030BAF1000F65D1B2
:10E8B00005F03BF9064600BB6FF009046E4B186883
:10E8C000FCF7A8FF97E73A21384606F0D6FB00B1DF
:10E8D000471C38466E4906F016FC0A2228B1002172
:10E8E000033003F0A7FE0746A9E701463846F8E7DC
:10E8F000654B1880002EC8D09FE707615F4BDFF89B
:10E9000080B11B68DFF87CA1B361DBF800303246D0
:10E91000F361DAF8003047F20D013362D8F80030C5
:10E920000420736105F01DF94FF0FF33594F5A4E23
:10E9300003933E603868B04231D0002840F08C80AC
:10E940002020D7F80490FDF77DF8286070B109F118
:10E9500018034D4A019318461288B9F8141005F0AF
:10E9600015F9064638BB2868FDF774F86FF00904FE
:10E9700078680028A2D005F0FBF89FE7F9F752FD70
:10E9800005F0D3F80646002896D007615046F9F7FF
:10E9900049FD51460246306806F021FCAEE70220F0
:10E9A00003A9FCF71BFE0028C4D06E20FCF7DEFE96
:10E9B0006FF00A0482E7D9F808102A6801290AD002
:10E9C00002291FD01046FDF745F83046FDF742F802
:10E9D0006FF00504CCE708211161D8F8001011F0A0
:10E9E000020137D00192B9F816000130FDF72AF87C
:10E9F000019A90612A68906930B91046FDF72AF8AB
:10EA00003046B1E71621E7E7B9F8141009F1180309
:10EA10000B441946B9F8162006F0E1FB00202968DE
:10EA2000B9F81620896988542A680192D9F8080033
:10EA300005F060FF019A2B685060DBF800205E61F2
:10EA40009A60DAF80020DA60D8F800201A60002214
:10EA5000DA618DE79161E7E705F092FF044687E709
:10EA60006FF007042AE76FF00104C4E64FF0FF34AB
:10EA7000C1E66FF00204BEE600DA00200CDA0020E6
:10EA800008DA002004DA0020B0DA002010DA0020D2
:10EA90002F6F0100F4D90020EEC100BCF8B548F298
:10EAA0000F03994205460E4640D022D848F20D0386
:10EAB000994233D048F20E03994233D00069FFF7F0
:10EAC000D7FD044610B3B6F5004F1FD9A6F5004692
:10EAD000013E0B2E1AD8DFE816F0AE00E800B600B3
:10EAE000B600B6003A013A01B600C4001900190098
:10EAF0000B0149F2040399421CD0B1F5104F3FD9E4
:10EB0000C068FFF7B5FD0446002848D128680028F2
:10EB100000F02D81BDE8F84005F02AB8BDE8F840C6
:10EB2000FFF724BEBDE8F84005F03DBABDE8F84067
:10EB300005F026BA0369082B00F21981DFE813F00B
:10EB40001000160009000E0016001701170118002A
:10EB50001E000020BDE8F840FFF7C8BD0120F9E71E
:10EB60000021E868BDE8F84005F05DB90121F8E74B
:10EB70000021E868BDE8F84005F061B90121F8E737
:10EB80000069FFF775FD04460028BFD048F28103F5
:10EB90009E42BBD10146284600F038FB56E049F2C0
:10EBA00002039E4200F0CD8037D805F0C4F8074636
:10EBB000E0B91020FCF746FF0646B8B139461022EE
:10EBC00006F01AFB2B6873606B683381698A002931
:10EBD00000F0C8802A8A05F1140004F0D7FFF06025
:10EBE000002840F0BF803046FCF734FF286804F06E
:10EBF000BFFF204605F061F858B1204605F09BF8AC
:10EC000038B994F8203043F0800384F820300C2386
:10EC1000A361204605F056F818E049F203039E422E
:10EC20003DD049F282039E427FF470AF01462846F0
:10EC300000F004FB0AE06B692BB9284605F0BAFE28
:10EC4000AA6943681A60284605F0B6FE204605F01A
:10EC500082F8002800F08B802046BDE8F84004F0E0
:10EC6000EFBF90F8203043F0010380F8203005F02A
:10EC700049F818B13E4B1868FCF7CCFD94F82030E9
:10EC8000204623F00A0384F8203005F064F810B120
:10EC9000204604F0D5FF2046FFF7FCFCD3E72869A7
:10ECA00069280BD16823A361D0E790F82030EE6883
:10ECB0006FF3410380F82030686918B100F06AFBF7
:10ECC000A061C3E7204605F007F828B994F8203082
:10ECD00043F0040384F82030204604F0FDFF0028B0
:10ECE000B4D0002EB2D00021204600F0C5FAADE726
:10ECF0006B69F3B9284605F05DFEAA6943681A609E
:10ED0000426892F8203043F0040382F820304368D0
:10ED100022691A61436862695A6183684BB105F1DF
:10ED2000180205F1300152F8040B8A4243F8040B33
:10ED3000F9D194F82230002B85D0013B84F82230A1
:10ED400081E790F82230013380F822307EE72846B0
:10ED500005F030FE6B6913B9AB69436073E74FF0A0
:10ED6000FF33FAE73146204604F087FF6EE7F8BD2F
:10ED700014DA002030B585B00546FFF779FC04466B
:10ED800028B90920FCF7F2FC4FF0FF300EE000F04C
:10ED9000E1FC68B9204604F0B5FF18B10D4B1868C6
:10EDA000FCF738FD2046FFF775FC002005B030BDAC
:10EDB000002004F0BAFE014608B96920E2E70561C7
:10EDC00001AA47F2090000F0FDFA0028EDD016284C
:10EDD000EBD0D7E714DA00202DE9F04385B0814667
:10EDE000884615461C460C9FFFF742FC40B9092097
:10EDF000FCF7BCFC4FF0FF33184605B0BDE8F083CC
:10EE000014B90FB11620F3E7B8F1290F00F0ED8027
:10EE10000CDCB8F1010F12D0B8F1060F00F0E18060
:10EE2000B8F1000F00F0DF806D20E1E7B8F58D7FCD
:10EE300000F08880B8F5007FF6D11E2D08E03D2D4A
:10EE4000F2DC202D0EDC142D4ED0152D53D0022DCA
:10EE5000EAD1384604F069FE0646002840F0C78033
:10EE60006920C5E7A5F121031C2BDDD801A252F8CA
:10EE700023F000BF53EE000053EE000029EE000027
:10EE800029EE000029EE000029EE000029EE000026
:10EE900053EE000029EE000029EE000029EE0000EC
:10EEA00029EE000029EE000029EE000029EE000006
:10EEB00029EE000029EE000013EF00001BEF000018
:10EEC0001FEF000023EF000033EF000029EE0000E9
:10EED00029EE000029EE000029EE000029EE0000D6
:10EEE00005EF000037EF00003A46214605B0BDE8C7
:10EEF000F04305F065BD3A46214605B0BDE8F04354
:10EF000005F06CBD3A46214605B0BDE8F04305F07A
:10EF100073BD01230422019305E00223FAE70323D2
:10EF2000F8E7042201920DEB020105F085FD03468E
:10EF300062E70523EEE73A46214605B0BDE8F04317
:10EF400005F07ABD6B1E112B3FF66EAF01A252F891
:10EF500023F000BFABEF0000D5EF000053EE000040
:10EF600029EE0000C7EF00009DEF000029EE000031
:10EF700029EE000029EE000029EE000029EE000035
:10EF8000B9EF000053EE000053EE000053EE000016
:10EF900029EE000053EE000053EE00003A462146F1
:10EFA00005B0BDE8F04305F06ABD3A46214605B01C
:10EFB000BDE8F04305F077BD3A46214605B0BDE80F
:10EFC000F04305F085BD3A46214605B0BDE8F04363
:10EFD00005F090BD3A46214605B0BDE8F04305F086
:10EFE00098BD372D34E71F2D32E7202D30E7002361
:10EFF0000822437202728372C372C0F810904046B6
:10F0000005F0A1FC7061284600F0B8F9B06124B1A8
:10F010003A462146306806F0E2F8314647F20300EE
:10F02000776001AA00F0CEF9034600283FF4E4AE71
:10F03000DEE600BF2DE9F04385B0814688461746DD
:10F040001D460C9EFFF714FB40B90920FCF78EFB10
:10F050004FF0FF37384605B0BDE8F08305B10EB973
:10F060000E20F3E7B8F1290F00F08F800CDCB8F127
:10F07000010F11D0B8F1060F00F08380B8F1000F36
:10F0800000F081806D20E1E7B8F58D7F2AD0B8F5DA
:10F09000007FF7D11E2F0EE0152F1CD00ADC042FA5
:10F0A00012D0142FEED13246294605B0BDE8F04308
:10F0B00005F066BD212FE5D1306804F036FD044629
:10F0C000002864D16920C1E73246294605B0BDE871
:10F0D000F04305F045BD3246294605B0BDE8F04392
:10F0E00005F05DBD7A1E122ACCD801A151F822F09C
:10F0F00067F1000075F10000B9F00000B9F0000000
:10F1000059F100003DF1000085F0000085F000009D
:10F1100085F0000085F0000085F000004BF1000054
:10F1200085F00000B9F00000B9F00000B9F000006F
:10F1300085F0000085F00000B9F000003246294655
:10F1400005B0BDE8F04305F039BD3246294605B0AB
:10F15000BDE8F04305F044BD3246294605B0BDE8A0
:10F16000F04305F04FBD3246294605B0BDE8F043F7
:10F1700005F05ABD3246294605B0BDE8F04305F01A
:10F1800065BD372F97E71F2F95E7202F93E70023C3
:10F190000822437202728372C372C0F81090404614
:10F1A00005F0D1FB6061384600F0E8F82146A06127
:10F1B00001AA47F20400D4F8008000F003F90746E2
:10F1C00020B1404604F0DAFC38463FE76268336815
:10F1D00041469A4228BF1A462846326005F0FFFF92
:10F1E000404604F0CBFC35E708B5FFF7EFF9FFF731
:10F1F000C7FA40B9012204481146FCF7D7FA0028A3
:10F2000018BF6FF02D0008BD14DA002010B5436957
:10F210000C467BB191F820306FF3C30381F82030A6
:10F22000406900F0B7F8044BA061BDE810401868D1
:10F23000FCF7F0BA10BD00BF14DA002010B591F849
:10F2400020300C466FF3C30381F82030006960B9A9
:10F25000DBB223F0140343F0140381F82030054B94
:10F26000BDE810401868FCF7D5BA00F093F8A0612B
:10F27000F5E700BF14DA00202DE9F341DFF8E8805C
:10F280000546D8F800000191FCF7EAFA074650B1AC
:10F29000019B002B65D11023AB614FF0FF3738463F
:10F2A00002B0BDE8F081686CA8B1F9F7BBF8461C64
:10F2B000304604F03AFC044678B9284604F027FDAD
:10F2C00008B16923AB61D8F80000FCF7A3FA692004
:10F2D000FCF74CFAE1E73E46EAE72B6804220361BB
:10F2E0000023027243728372C37295F84B2005F1BA
:10F2F0004801013292008260143005F070FFF6B1CF
:10F300003246696C206805F0E2FE666095F82030B0
:10F31000042043F00803224647F2810185F820309B
:10F3200004F01FFC284604F0F2FC0028B7D1284660
:10F3300004F0E8FC40B9A8690028B0D0C8E72670FE
:10F340006670A670E670E0E7022001A9FCF746F9B6
:10F3500010F10B0F05D00028E9D00028B8BF4042BB
:10F36000B6E77420B4E700BF14DA002003289CBF7E
:10F37000014B1856704700BF336F01000238352823
:10F380009ABF034B53F820004FF0FF30704700BF87
:10F390005859010070289ABF024B53F820000248C8
:10F3A000704700BF94570100ADBAADBA01380428C8
:10F3B0009ABF034B53F820004FF0FF30704700BF57
:10F3C000805701004FF0FF3337B50D4DCA6014462A
:10F3D00015600A4601460420019304F0C2FB206830
:10F3E000A84202D0FFF7D6FF08E0022001A9FCF7EF
:10F3F000F5F80028F3D00028B8BF404203B030BD74
:10F40000EEC100BC2DE9F041056807460C463DB150
:10F4100001F47043B3F5005F04D1404BC3E900151C
:10F42000BDE8F0813E4E336863B144F2040291427C
:10F4300064D00CD844F2020399424ED044F2030344
:10F44000994253D03868BDE8F04104F091BB44F2D2
:10F45000012221F4807393420FD044F203139942A6
:10F46000F0D1304C206808B104F082FB01222E4B11
:10F470001A7025600420336826E0DFF8B080D8F8E1
:10F48000000008B104F074FB44F201339C420CBF4D
:10F490000322022295F85170254B264C1A70C8F8A9
:10F4A000005017F008053368227810D01AB90520EB
:10F4B00098470123237007F04107012F02D1022052
:10F4C0003368984701203368BDE8F0411847002AA7
:10F4D000F1D0062098472570EDE7174C206808B159
:10F4E00004F046FB032033682560EDE70D4C2068EF
:10F4F00008B104F03DFB00220B4BB9E72A78032A40
:10F50000A0D8DFE802F0020507090720984799E72D
:10F510000820FBE70920F9E70A20F7E728DA0020AE
:10F5200018DA00201CDA002060EF002024DA002026
:10F5300061EF002062EF002020DA002008B50023F0
:10F54000094A0A4813700A4A13700A4A13700A4A91
:10F5500013700A4A136001221146FCF727F90028AC
:10F5600018BF6FF02D0008BD62EF002030DA0020D8
:10F5700064EF002063EF002061EF002018DA002024
:10F5800010B50B4C206818B104F0F2FA0023236088
:10F59000084C206818B104F0EBFA00232360064CF5
:10F5A000206818B104F0E4FA00232360002010BDA5
:10F5B00024DA002020DA00201CDA002030B4074BC7
:10F5C0001C6844B143688589A4460268C1899BB21E
:10F5D000E8B230BC604730BC704700BF34DA00206E
:10F5E00037B50125074C4FF4FA70656104F084F8D3
:10F5F000002363610193256123690193019B03B09B
:10F6000030BD00BF0056004030B50D4D89B0036AD3
:10F6100003AC01908DF808300FCD0FC42B6801A802
:10F62000236004F041FA40B9044603AD55F8043BA9
:10F63000984710B90134052CF8D109B030BD00BF8E
:10F6400060550100034BD3E8EF2FC3E8E10F002919
:10F65000F9D1704738DA002038B50546002850D077
:10F66000436A002B50D0836A002B4DD00124294BD4
:10F67000D3E8EF2F002A03D1C3E8E14F0029F7D1E7
:10F6800045D1686A00F04EF8FCF7F8F9224BC82023
:10F690009C6604F031F82846FFF7B6FF044640B9EF
:10F6A00001221D4B0220DA66FFF7CCFF0024204622
:10F6B00038BDFFF795FF002C11DBAB6A2046984759
:10F6C000164B9C421AD013DCA4F18864033C012C35
:10F6D00011D82846FFF798FF04460028E0D0012201
:10F6E0000D4BDA66FCF7E2F90020FFF7ABFFDEE72F
:10F6F0000B4B9C42EDD06FF00404F0E76FF00A046E
:10F70000EDE76FF00D04D2E76FF01504CFE74FF08F
:10F71000FF34CCE738DA00200050004005004004F8
:10F7200001005005014B1860704700BF3CDA002013
:10F7300007B5044BCDE900011B686846984703B044
:10F740005DF804FB3CDA0020014B1870704700BFE5
:10F7500065EF0020024B1878431E5842584170470D
:10F7600065EF00200021074B01221970064B19702C
:10F77000064B1960064B1960064B18600648FCF7EB
:10F7800015B800BF66EF002067EF002044DA0020C4
:10F7900048DA002058DA002040DA002070B42D4BFF
:10F7A0001B68196958691A7C00221A745C7C5A74A7
:10F7B0009C7C9A74DC7CDA741C7D1A755C7D5A75AD
:10F7C0009C7D03299A75DC7DDA7529D0042933D014
:10F7D00001292FD18568204E954210D101211A7A36
:10F7E00000221972597A5A72997A9A72DA7A6FF0FB
:10F7F0005F02DA72194B70BC1868FCF70BB8911CE9
:10F8000000EB81014C682178622907D0633918BF69
:10F810000121490046F821400132DDE70121F9E7E5
:10F82000187A1972597A5A72997A9A72DA7A6FF04A
:10F830005F02DA7270BC7047187A1972597A5A727C
:10F84000997A9A72DA7A6FF05F02DA720122044BC7
:10F850001A70EFE758DA00204CDA002040DA002076
:10F8600067EF002008B50A4A0A4B93420ED90A49AD
:10F8700017230A4A0A4803F03CFC0A4803F039FC03
:10F880001721064803F02CFC1433EEE7FCD308BD27
:10F8900040530100DC5201005A6F0100376F010034
:10F8A000D55A0100BD62010070B50446EFF3118620
:10F8B000202383F31288BFF36F8F0E4B9D6805F0F2
:10F8C00034FA042C0CD10C4986230C4A0C4803F062
:10F8D00010FC0C4803F00DFC8621084803F000FCE6
:10F8E00086F31188BFF36F8F2846BDE87040F9F7A3
:10F8F0001FBD00BF5CDA0020946F0100726F010031
:10F90000D55A0100B16F010038B5094B53F82040BA
:10F91000013053F82050A54200D838BD636823B1A8
:10F92000204605F005FA0834F5E723689847FAE71A
:10F93000305A0100012270B5374B032086B01A708F
:10F94000FFF7E2FFF9F7A6FA0420FFF7DDFF334CDB
:10F95000334DAC42264628D932494323324A3348F4
:10F9600003F0C7FB324803F0C4FB43212E4803F0E9
:10F97000B7FB54F80C3C059354F8103C049354F82E
:10F98000143C039354F8183C029354F81C3C019324
:10F9900054F8203C009354E90A2354E90C0101F087
:10F9A00001F854F8303C5E65D3E7AE4204F1300410
:10F9B000DFD301F0D7FD194C1E4EAC421FD91949B7
:10F9C0006723194A194803F094FB194803F091FB87
:10F9D0006721CBE7D4E90A23B3F1FF3F08BFB2F1B7
:10F9E000FF3F05D052EA0301206803D105F049FA30
:10F9F0003034E2E73146183002F068FAF8E7E9D32C
:10FA000001F01EFEF8F726FD0B4A137B23F00103DD
:10FA1000137306B070BD00BF68EF002048550100A9
:10FA20004855010007700100E66F0100D55A01003A
:10FA3000BD620100E74E0100D8CF002008B50348A1
:10FA4000034A0021121A05F08BF908BDC8CA00202C
:10FA50006CEF0020882370B5134E012203FB006673
:10FA6000002386B0CDE904230F220193CDE90232B1
:10FA700014234FF4A0720D4D0D4903FB00550446AD
:10FA800002FB00110B4B3046009500F08BFF737B9F
:10FA90002C7423F004037373074B013403EBC4236A
:10FAA000EE606B6006B070BD50CF00205CDA0020C5
:10FAB00070FD002021FE000070F50020BFB5002081
:10FAC000FFF722FF2D4B03F5006282F3088883F3D2
:10FAD0000A880024E0232A4D2A4E85F82230EC774C
:10FAE0002C766C76AC7685F820406B6A264F43F412
:10FAF000E0236B6285F82340F9F79CFBF9F762FD80
:10FB00004FF0FF33AB62EB62F9F71AFFF9F77EFDB6
:10FB100040F201131D4D2846AB81C5E9194402F09E
:10FB20003FFDB560FFF79EFE0120FFF7EDFE0220CE
:10FB3000174DFFF7E9FE01F0FFFD164B75610593C8
:10FB4000012315494FF44062CDE9034328463B4663
:10FB5000CDE90144009400F025FF06466A7B284663
:10FB600022F004026A7301F0ABF92046FFF772FF3E
:10FB70003A4631462846F9F703FD00BF70F50020EC
:10FB800000ED00E05CDA002035F9000008D100202B
:10FB9000D8CF002034700100B0FE002038B50D4CE5
:10FBA0000D4DAC4213D90D4919230D4A0D4803F0F0
:10FBB000A0FA0D4803F09DFA1921094803F090FAC4
:10FBC0002046D4E9011205F0CFF81834E9E7F7D35D
:10FBD000002038BD90C90020C0C900205B70010022
:10FBE00039700100D55A0100BD6201002DE9F04FC6
:10FBF000064689B09046DDE9122306A899461746C5
:10FC0000059105F08AF9DDE90634CDE9023406F103
:10FC10001404EFF31185202383F31288BFF36F8F51
:10FC2000204602F0C7F860B98823364A364937487B
:10FC300003F05FFA2146364803F05BFA8821314829
:10FC400033E0204602F0DAF8EFF30583FBB94FF01A
:10FC5000200B06F10C0A424630460599F8F762FC83
:10FC6000034620B32046029302F0B2F8029B00281C
:10FC70003FD140F23113234A2649244803F039FA90
:10FC80002146254803F035FA40F23111D7E757EA0B
:10FC90000903DCD021494B23214A1C4803F029FAEF
:10FCA000204803F026FA4B211D4803F019FA57EAC1
:10FCB0000907D7D0DDE9022306A805F052F9DDE9EE
:10FCC00006232946CDE90023174620465246994689
:10FCD00001F0E4F9EFF311858BF31288BFF36F8F16
:10FCE000204602F067F800289ED0204602F086F8F1
:10FCF000B1E785F31188BFF36F8F184609B0BDE8EF
:10FD0000F08F00BFF85C0100515D0100D55A010081
:10FD1000665D0100255D01003C5D0100747001001D
:10FD2000397001003F620100F8B505460E4600F14A
:10FD30001404EFF31187202383F31288BFF36F8F2E
:10FD4000204602F037F868B988231B4A1B491C4833
:10FD500003F0CFF921461B4803F0CBF98821164860
:10FD600003F0BEF9204602F049F828463146F8F77C
:10FD70008BFB05F10C0005F0BAF828B13946204696
:10FD8000BDE8F84001F042BB204602F021F868B916
:10FD900040F23113084A0C49094803F0AAF92146F8
:10FDA0000A4803F0A6F940F23111D8E787F3118829
:10FDB000BFF36F8FF8BD00BFF85C0100515D01001B
:10FDC000D55A0100665D0100255D01003C5D010022
:10FDD000002038B50C4C0D4DAC4213D90C4995237D
:10FDE0000C4A0D4803F085F90C4803F082F995217F
:10FDF000084803F075F9204604F0C8FF002802DB2C
:10FE00002034E9E7F7D338BD8EC900208EC9002021
:10FE1000DF700100BA700100D55A0100BD62010017
:10FE200008B50D4B9B6893F90E30002B09DB20249D
:10FE3000EFF3118384F31288BFF36F8F03F0F2F9AD
:10FE4000F6E7064906482A23064A03F052F92A2112
:10FE5000044803F045F900BF5CDA00201D71010081
:10FE6000D55A0100FC7001002DE9F3410446174604
:10FE70001E46EFF3058565B158496F23584A594826
:10FE800003F037F9584803F034F96F21544803F070
:10FE900027F9EFF31188202383F31288BFF36F8FC4
:10FEA000524801F087FF60B98823514A51494D48B3
:10FEB00003F01FF94D49504803F01BF988214C48C5
:10FEC000E5E74A4801F09AFFE3684C4A9BB1A06815
:10FED0009168884229D057EA06032ED1434801F0A1
:10FEE00077FFA0B188F31188BFF36F8F6FF00F0019
:10FEF00002B0BDE8F081916891F90E100133E36022
:10FF000093683A482161A36001F062FF78B940F23A
:10FF10003113374A3A49334803F0EBF8334939484B
:10FF200003F0E7F840F23111C9E72169E6E788F309
:10FF30001188BFF36F8F0020DAE791F90E1090F966
:10FF40000E306FF07E029942A8BF19469142B8BFA9
:10FF500011468B4202DD04F02FFF05462246414642
:10FF6000CDE90076214801F099F80028E3D0EFF3BD
:10FF70001186202383F31288BFF36F8F1B4801F093
:10FF800019FF002890D0194801F038FFA068C0B1CF
:10FF9000236821699C420AD04BB193F90E309942F3
:10FFA000A8BF19466FF07E039942B8BF194604F006
:10FFB00003FF30B131460D4801F028FA6FF00A0016
:10FFC00096E7002DF6D1094801F002FF00289ED0E7
:10FFD00086F31188BFF36F8FF0E700BF67710100F0
:10FFE00045710100D55A0100797101007CDA0020C9
:10FFF000F85C0100515D0100665D01005CDA0020E3
:020000040001F9
:10000000255D01003C5D010070B50446EFF30586F7
:1000100066B13849D723384A384803F06AF8384877
:1000200003F067F8D721344803F05AF88368002BAF
:100030005AD0344A9268934259D1C3683BB9324985
:10004000EF232D4A2D4803F054F8EF21EBE7012B65
:1000500003D0013BC360002070BDEFF31185202366
:1000600083F31288BFF36F8F284801F0A3FE60B9B5
:100070008823274A2749214803F03BF8234926488B
:1000800003F037F888212248CEE7204801F0B6FE79
:100090002169A06804F090FE204601F085F8A06078
:1000A00050B190F90E202261C66700F009FF294681
:1000B000164801F0ABF9CEE7E060144801F088FE85
:1000C00068B940F23113124A14490C4803F011F890
:1000D0000E49134803F00DF840F23111D3E785F3D0
:1000E0001188BFF36F8FB6E76FF01500B4E74FF0DC
:1000F000FF30B1E76771010045710100D55A010079
:10010000797101005CDA00209E7101007CDA002028
:10011000F85C0100515D0100665D0100255D010094
:100120003C5D01002DE9F04704460E469046994695
:100130009DF820A000F10805EFF31187202383F339
:100140001288BFF36F8F284601F034FE68B9882308
:100150003C4A3D493D4802F0CCFF29463C4802F06C
:10016000C8FF8821374802F0BBFF284601F046FE51
:10017000BAF1000F00D0666804F10C0001F014F829
:1001800058B10023C0F81480C36700F099FE2846D8
:10019000394601F03BF900201EE0B9F1000F2DD0E7
:1001A000082102F003FAC8B9284601F011FE68B927
:1001B00040F23113234A2749244802F09AFF294686
:1001C000254802F096FF40F23111CBE787F3118802
:1001D000BFF36F8F6FF00B00BDE8F0870122C0F80E
:1001E00004800260016801F003015EB922680A43DD
:1001F0000260626820606AB960600BE04046C8F83F
:100200000090EFE73268032A10D80160616839B9BD
:10021000C4E90000042104F1140002F0A9F8B6E7D3
:100220000A6802F0030202430A60E5E722F00302D3
:100230000A430260326802F0030240EA02033360BC
:10024000E8E700BFF85C0100515D0100D55A0100EC
:10025000665D0100255D01003C5D01002DE9F7436D
:10026000064690461F4600F10805EFF3118920234A
:1002700083F31288BFF36F8F284601F09BFD68B9A6
:100280008823254A2549264802F033FF2946254878
:1002900002F02FFF8821204802F022FF284601F0BB
:1002A000ADFD3468FCB12368726823F00303944207
:1002B00020464FF00101336008BF736004F08BFDEE
:1002C0000446284601F084FDE8B940F23113124A91
:1002D0001549134802F00DFF2946144802F009FFA2
:1002E00040F23111D7E758EA0703EAD049462846D9
:1002F000CDE9008706F10C0200F0D0FE38B90C4BB6
:100300009B685C6903E089F31188BFF36F8F204617
:1003100003B0BDE8F08300BFF85C0100515D01004F
:10032000D55A0100665D0100255D01003C5D0100BC
:100330005CDA002038B50446EFF31185202383F3FF
:100340001288BFF36F8F174801F034FD68B9882316
:10035000154A1649164802F0CCFE1249154802F01B
:10036000C8FE8821104802F0BBFE0E4801F046FD91
:10037000204600F019FF48B10022C26700F0A0FD3E
:100380002946BDE83840074801F040B8D4E90232B8
:100390009A4218BF01330221A36004F1100001F05A
:1003A000E7FFEDE780DA0020F85C0100515D010015
:1003B000D55A0100665D0100F7B5044616461D4694
:1003C000EFF305837BB152EA05030CD02D49882356
:1003D0002D4A2E4802F08DFE2D4802F08AFE88211B
:1003E000294802F07DFEEFF31187202383F3128862
:1003F000BFF36F8F274801F0DDFC60B98823264AE0
:100400002649224802F075FE2249254802F071FE75
:1004100088212148E5E71F4801F0F0FCA368D3B12B
:10042000013B1C48A36001F0D3FC68B940F23113D2
:10043000194A1C49154802F05CFE16491A4802F098
:1004400058FE40F23111E4E787F31188BFF36F8F54
:10045000002003B0F0BD56EA05030BD10D4801F0B2
:10046000B7FC0028E2D087F31188BFF36F8F6FF0DD
:100470000F00EEE722463946CDE90065054800F059
:100480000DFEE6E7D5710100B5710100D55A0100F6
:100490003F62010080DA0020F85C0100515D01003C
:1004A000665D0100255D01003C5D01001FB5094A44
:1004B00002AB92E803004FF4806283E803000093EC
:1004C00005494FF0FF33054800F0FEF9002005B064
:1004D0005DF804FB88550100B00A012060D00020BF
:1004E0002DE9F04305466D4E6D4F85B0EFF3118851
:1004F000202383F31288BFF36F8F304601F05AFC3C
:1005000068B98823674A6849684802F0F2FD634980
:10051000674802F0EEFD8821624802F0E1FD3046B6
:1005200001F06CFCD5F88840ACB9022105F1A000BF
:1005300004F078FC002837D100234FF0FF320293FB
:100540004FF0FF334146CDE90023304605F19002DC
:1005500001F046FBCAE7D5F88C202368944208BF17
:10056000C5F88C30C5F88830D5F8A030304643F057
:100570000203C5F8A030E368D4F8049023F0040324
:1005800043F00103E36001F023FCB8B940F23113FA
:10059000444A4849454802F0ACFD4049464802F00B
:1005A000A8FD40F23111B7E705F1980400220121BE
:1005B000204601F0B7FA0028F8D1BDE788F311888A
:1005C000BFF36F8FB9F1000F0AD13C49374840F2B1
:1005D000AF233B4A02F08DFD40F2AF2138489CE743
:1005E0002046C847EFF31188202383F31288BFF316
:1005F0006F8F304601F0DEFB002882D0304601F0DC
:10060000FDFBE368D90623F0010231D4E260E36820
:100610009A0716D5386823F00203E36088B10021F9
:10062000036870B14268944230D1036841BB7A6874
:100630003B60824200D17B60002340F8083BFFF71B
:1006400079FED5F8A030304623F00203C5F8A0307B
:10065000C3F3002401F0BCFB002897D088F3118875
:10066000BFF36F8F002C7FF441AF01F06DF83DE7D1
:1006700023F01103E36004F11000FFF75BFEC6E70F
:100680000B607B68834208BF7960D5E723B11A68A5
:10069000014618461346C4E71A46F9E78CDA0020EB
:1006A00084DA0020F85C0100515D0100D55A010098
:1006B000665D0100255D01003C5D01008272010064
:1006C0002C720100F8B5C36804469A070F46C3F3BD
:1006D000400639D45B0725D40B680BB983680B60DF
:1006E000E368DD0721D5A3685BB9284928484FF4A2
:1006F000AF73284A02F0FDFC4FF4AF71254802F0B9
:10070000EFFC02263B603D68002D3CD0224B9B68ED
:10071000AB420CD0D5F8A030D807C3F3800216D472
:100720006FF0120600233B6027E00126EBE704F0A0
:100730009FFBD5F8A0300028EED1D907C3F3C00243
:10074000EED552B15B0708D46FF00F06EAE7002A36
:10075000FAD1C3F3C003002BF6D100232360D5F8F0
:100760008C3063B9C5E92244284604F066FBE3688F
:1007700043F00403E3603B68A3603046F8BD1C60AF
:10078000C5F88C40F0E76FF01506CBE74D7201001D
:10079000D55A01002C7201005CDA002038B50D46F4
:1007A000044648B90C4999230C4A0D4802F0A1FCB3
:1007B00099210A4802F094FC39B90A499A23074A58
:1007C000074802F096FC9A21F3E71022002104F07A
:1007D00013FD656038BD00BF687201002C72010016
:1007E000D55A01008272010037B50C46019059B903
:1007F00028494FF4C273284A284802F07AFC4FF483
:10080000C271254802F06CFC4B684BB9244940F298
:100810008513214A214802F06CFC40F28511F0E773
:10082000EFF31185202383F31288BFF36F8F1D48E8
:1008300001F0C0FA60B988231B4A1C49174802F02E
:1008400058FC18491A4802F054FC88211648D9E788
:10085000144801F0D3FA204601A9FFF733FF0446FC
:10086000104801F0B5FA68B940F231130E4A114947
:100870000A4802F03EFC0B490F4802F03AFC40F2F5
:100880003111E3E785F31188BFF36F8F204603B082
:1008900030BD00BF687201002C720100D55A010002
:1008A0007C7201008CDA0020F85C0100515D0100CF
:1008B000665D0100255D01003C5D010001460148C7
:1008C00004F0C2BA60D00020F0B589B004460E9D95
:1008D00058B92E4940F2DF232D4A2E4802F009FC78
:1008E00040F2DF212A4802F0FBFB49B92A494FF4C4
:1008F0003873274A274802F0FCFB4FF43871F1E7C0
:10090000D0F8A00010F0010009D0244940F2E12302
:100910001F4A204802F0EDFB40F2E121E2E7C4E982
:10092000220004F19000C4E9240004F19800C4E915
:1009300026004DB32879002840F2011008BF01209D
:10094000C4F8A00000204FF0FF364FF0FF37CDE98C
:100950000330CDE90100CDE906672046104B009435
:1009600000F084F855B1296811B1204604F086FAE8
:100970006B791BB1237B43F001032373204609B03D
:10098000BDE8F04004F07DBA0120D9E7997201007A
:100990002C720100D55A01009F720100A57201005E
:1009A000E10401002DE9F04385B00F9D04460F2DB1
:1009B0000E46984637D1274B984538D104F1580355
:1009C000C4E91633109B0027237304230732A57351
:1009D00022F0070506EB0509494663732046C4E982
:1009E0000677A760E773F8F767FA0E9B073020F0E9
:1009F0000700E066C4E9196502930D9BA9EB0009A5
:100A000001930C9B4A460093314643462046F8F733
:100A100097FD114B67659B6803B11B6F48462367C1
:100A200005B0BDE8F08305F110031E2BC6D94FF4C5
:100A300003730A4A0A490B4802F05BFB29460A483D
:100A40006FF00F030E2202F054FB4FF403710348C2
:100A500002F046FB21FE00005CDA0020D9720100A2
:100A6000FC720100D55A01007C730100F0B587B01B
:100A70000446DDE91276EFF3058575B1194940F2B8
:100A80009623194A194802F034FB194802F031FB49
:100A900040F29621144802F023FB0595109D049521
:100AA0000F9D03950E9D02950D9D01950C9D009542
:100AB000FFF778FFB6F1FF3F08BFB7F1FF3F05D062
:100AC00056EA070305D1204600F0E6FC204607B0B1
:100AD000F0BD3A463346074904F1180001F0F6F933
:100AE000F4E700BF67710100D9720100D55A010017
:100AF000AD730100E74E010038B5144D2B4653F895
:100B0000184F9C4200D004B9EC68AB68A8B963B92F
:100B10000F49C8230F4A104802F0EBFA0F4802F0C1
:100B2000E8FAC8210B4802F0DBFA5A7BD20604D15E
:100B3000A26912B9DA897F2A05D89C4202D02046E0
:100B400001F0ACF823466B6138BD00BF5CDA0020D1
:100B5000FE730100D2730100D55A01003F6201000B
:100B600008B590F90D200146002A437B11DA03F005
:100B70007F0343730B4B984209D10B490B488023E9
:100B80000B4A02F0B6FA8021094802F0A9FA04F0F3
:100B90007AF9084B9868431A58425841BDE8084012
:100BA000FFF7AABF50CF002047740100D55A0100BB
:100BB000257401005CDA002008B583685BB90A4936
:100BC0000A4840F22E230A4A02F093FA40F22E21FC
:100BD000074802F085FA04F056F9437B23F002033C
:100BE00043730023836008BD68740100D55A010077
:100BF0002574010070B590F90D30427B002B38DB75
:100C0000D30636D18369002B33D162F07F02427361
:100C1000184A904209D1184918487923184A02F015
:100C200068FA7921164802F05BFA16490A4652F82A
:100C3000184F944218BF2346CC6923B9C0E9002459
:100C40002060C8610CE090F90E5093F90E60B54237
:100C50000BD0AE4209DD5A68C0E90032106058601E
:100C60000020BDE87040FFF747BFA342E6D01B68F5
:100C7000E3E770BD50CF002047740100D55A010052
:100C8000257401005CDA00202DE9F843171E0E469A
:100C900014BF08211021427B044611420FD141EAC2
:100CA0000203D20928D14373082937D00120FFF766
:100CB00023FFBFF35F8F637B23F060036373484BB5
:100CC0009B68A34273D1EFF30583002B6FD1454896
:100CD00001F07EF8002859D140F26B13424A434993
:100CE000434802F006FA3F49424802F002FA40F255
:100CF0006B113D4802F0F4F903F07F0343733E4B60
:100D0000984208D13D4980233D4A394802F0F1F923
:100D100080213B48EEE704F0B6F8C5E7A36813B1BD
:100D20002046FFF749FF04F1180001F095F94FF054
:100D3000000904F15808A56D454500D0CDB9DFF88C
:100D4000A080D8F808309C42B0D1EFF30583002B87
:100D5000ACD00120FFF7D0FE40F20113294DAB814A
:100D600000232846C5E9193301F01AFCC8F80850D9
:100D70009FE72846FFF720FF05F1180001F06CF906
:100D80002846C5F87C90FFF735FFD4E73046F8F7E2
:100D9000E5FA17B31C4940F2E513194A144802F06A
:100DA000A8F91A4802F0A5F940F2E511B1E70D489B
:100DB00001F00EF868B940F231130B4A0B490C48A8
:100DC00002F097F907490B4802F093F940F231110C
:100DD0008FE786F31188BFF36F8FBDE8F88300BFFC
:100DE0005CDA002090DA0020F85C0100255D01004B
:100DF000D55A01003C5D010050CF0020477401002E
:100E00002574010008D100207F7401008A7401005C
:100E100070B590F90D200146002A437B234C10DA6F
:100E200003F07F03A042437309D121498023214A63
:100E3000214802F05EF980211E4802F051F904F0C9
:100E400022F84B7BA14263F07F034B7307D1184913
:100E50007923184A184802F04CF97921ECE7174A2F
:100E6000104650F8183FD469834208BF002323B9C5
:100E7000C1E900042160D1610CE091F90E5093F9B1
:100E80000E60B5420ED0AE420CDD5868C1E90030AC
:100E9000016059609068BDE87040431A584258415B
:100EA000FFF72ABE9C42E3D01B68E0E750CF00204A
:100EB0004774010025740100D55A01005CDA002056
:100EC00038B50446EFF31185202383F31288BFF36E
:100ED0006F8F174800F06EFF68B98823154A1649CE
:100EE000164802F006F91249154802F002F9882165
:100EF000104802F0F5F80E4800F080FF2046FFF79A
:100F000079FE0B4800F064FF68B940F23113094ADA
:100F10000C490A4802F0EDF805490B4802F0E9F8DF
:100F200040F23111E4E785F31188BFF36F8F38BDCC
:100F300090DA0020F85C0100515D0100D55A0100F3
:100F4000665D0100255D01003C5D010038B5044689
:100F5000183001F081F8EFF31185202383F3128814
:100F6000BFF36F8F1A4800F025FF68B98823194A2C
:100F700019491A4802F0BDF81549194802F0B9F8A4
:100F80008821144802F0ACF8114800F037FF627B6A
:100F900012F0100216D00E4800F01AFF68B940F2A5
:100FA00031130C4A0F490D4802F0A3F808490E48C6
:100FB00002F09FF840F23111E3E785F31188BFF3A7
:100FC0006F8F38BD29462046BDE83840FFF75CBE2C
:100FD00090DA0020F85C0100515D0100D55A010053
:100FE000665D0100255D01003C5D010070B50446B1
:100FF0000D46EFF31186202383F31288BFF36F8F22
:101000001F4800F0D7FE68B988231E4A1E491F48B2
:1010100002F06FF81A491E4802F06BF8882119484F
:1010200002F05EF8164800F0E9FE637B13F0280F2B
:101030000CD1A36813B12046FFF7BEFD637BBDB999
:1010400003F0FB0320466373FFF7D4FD0C4800F068
:10105000BFFE80B940F231130A4A0E490B4802F034
:1010600048F807490C4802F044F840F23111D6E73D
:1010700003F0EB03E6E786F31188BFF36F8F70BDD3
:1010800090DA0020F85C0100515D0100D55A0100A2
:10109000665D0100255D01003C5D01002DE9F04722
:1010A000DFF8D4A0354D1746DDE90898DAF80820B6
:1010B000334BA84204460E461A600BD131493248E0
:1010C00040F2A323314A02F014F840F2A3212F4842
:1010D00002F006F8EFF31183202383F31288BFF3A5
:1010E0006F8F284600F066FE60B98823284A294998
:1010F000254801F0FEFF2946274801F0FAFF882124
:101100002348E5E7284600F079FEDAF8085039462A
:10111000284603F0C0FEB8F1FF3F08BFB9F1FF3F1A
:1011200006D04A4643461D4905F1180000F0CEFEA0
:10113000204600F04DFE68B9194940F26B13144A7D
:10114000114801F0D6FF2146164801F0D2FF40F2C7
:101150006B11D5E7094800F03BFE40B9104940F259
:101160006B130B4A084801F0C4FF0449ECE7304612
:10117000BDE8F047F8F7F2B85CDA002090DA00201A
:1011800094DA0020AC740100D55A010025740100E6
:10119000F85C0100515D0100665D0100E74E010051
:1011A000255D01003C5D010070B50546EFF3118639
:1011B000202383F31288BFF36F8F1D4800F0FAFDE0
:1011C00068B988231B4A1C491C4801F092FF184942
:1011D0001B4801F08EFF8821164801F081FF14485A
:1011E00000F00CFE2C68A54219D034B12046FFF760
:1011F000E3FC04F1180000F02FFF0D4800F0E8FDBB
:1012000078B940F231130B4A0E490C4801F071FFD6
:1012100007490D4801F06DFF40F23111DCE7002471
:10122000EBE786F31188BFF36F8F204670BD00BFD8
:1012300090DA0020F85C0100515D0100D55A0100F0
:10124000665D0100255D01003C5D010038B5044686
:10125000EFF31185202383F31288BFF36F8F1B48B0
:1012600000F0A8FD68B98823194A1A491A4801F004
:1012700040FF1649194801F03CFF8821144801F04D
:101280002FFF124800F0BAFDA36813B12046FFF704
:1012900093FC0E4800F09CFD68B940F231130C4AF3
:1012A0000F490D4801F025FF08490E4801F021FFC4
:1012B00040F23111E2E785F31188BFF36F8F04F13B
:1012C0001800BDE8384000F0C7BE00BF90DA00202B
:1012D000F85C0100515D0100D55A0100665D010016
:1012E000255D01003C5D01002DE9F04104460E46FC
:1012F000EFF31188202383F31288BFF36F8F3848F0
:1013000000F058FD074660B98823364A3649374809
:1013100001F0EFFE3249364801F0EBFE88213148FA
:1013200015E02F4800F06AFD637BDA0611D1A5694C
:101330007DB903F07F0363732E4B9C421ED12E496F
:101340002A4880232D4A01F0D4FE80212B4801F049
:10135000C7FE0027A673224800F03AFD002837D1C7
:1013600040F231131F4A2649204801F0C2FE1C49B1
:10137000244801F0BEFE40F23111D0E7204603F0D0
:1013800082FD637B204A63F07F036373134671B26F
:10139000A17353F8180F984218BF0546D06925B9B4
:1013A000C4E900300460D4610AE095F90E60B142EE
:1013B0000AD08E4208DD6B68C4E900531C606C6083
:1013C0000120FFF799FBC6E7A842E9D02D68E6E7C0
:1013D00088F31188BFF36F8F3846BDE8F08100BFF6
:1013E00090DA0020F85C0100515D0100D55A01003F
:1013F000665D010050CF0020477401002574010094
:10140000255D01003C5D01005CDA002070B50446FA
:101410000D46F9B9EFF30586E6B91A4B5A699B6890
:101420009A4217D000F0D4FC78B940F26B13164AF8
:101430001649174801F05DFE2146164801F059FE95
:1014400040F26B11104801F04BFE3046BDE8704091
:10145000F7F784BF204600F0BBFC68B940F23113B7
:10146000094A0A490A4801F044FE2146094801F0A8
:1014700040FE40F23111E5E785F31188BFF36F8F2D
:1014800070BD00BF5CDA0020F85C0100255D010042
:10149000D55A01003C5D010038B50446EFF31185D3
:1014A000202383F31288BFF36F8F1D4800F082FC66
:1014B00068B988231B4A1C491C4801F01AFE1849C8
:1014C0001B4801F016FE8821164801F009FE144859
:1014D00000F094FC637B5A0716D4114800F078FCA6
:1014E00068B940F231130F4A1249104801F001FE69
:1014F0000B49114801F0FDFD40F23111E4E785F39D
:101500001188BFF36F8F38BD23F004032046637347
:10151000FFF770FB2946BDE838400148FFF776BF6A
:1015200090DA0020F85C0100515D0100D55A0100FD
:10153000665D0100255D01003C5D0100034648B980
:10154000EFF3058232B9064A51699268914201D09F
:10155000F7F704BF83F31188BFF36F8F704700BFA5
:101560005CDA002010B5EFF31184202383F3128896
:10157000BFF36F8F264800F01DFC60B98823254A11
:101580002549264801F0B5FD2149254801F0B1FD66
:101590008821204810E01E4800F030FCEFF305835E
:1015A00063B120498B23204A1C4801F0A2FD1F484B
:1015B00001F09FFD8B211C4801F092FD1C4B9A68A5
:1015C000D37B012B0AD11B498C23174A134801F006
:1015D00090FD164801F08DFD8C21ECE7013BD373A3
:1015E0000B4800F0F5FB68B940F23113094A124983
:1015F0000A4801F07EFD0649104801F07AFD40F2EC
:101600003111C6E784F31188BFF36F8F10BD00BF9F
:1016100090DA0020F85C0100515D0100D55A01000C
:10162000665D010067710100E57401003F62010021
:101630005CDA002010750100255D01003C5D0100B1
:1016400038B5EFF31185202484F31288BFF36F8F30
:101650002D4800F0AFFB60B988232C4A2C492D4857
:1016600001F047FD28492C4801F043FD8821274817
:1016700013E0254800F0C2FB284B9A68D37B73B96E
:10168000274940F23133274A224801F032FD2648EB
:1016900001F02FFD40F23131224801F021FDEFF33E
:1016A000058060B1214940F232331E4A194801F0E9
:1016B00020FD1D4801F01DFD40F23231ECE7013301
:1016C000D373FFF719FA104800F082FB68B940F2B3
:1016D00031130E4A16490F4801F00BFD0A4915480F
:1016E00001F007FD40F23111C1E785F31188BFF326
:1016F0006F8FEFF3118084F31288BFF36F8FBDE813
:101700003840FFF71BBF00BF90DA0020F85C0100F3
:10171000515D0100D55A0100665D01005CDA0020D0
:1017200041750100257401003F62010067710100ED
:10173000255D01003C5D0100024B03F11802C3E985
:10174000062270475CDA0020F8B5EFF305836BB131
:10175000414940F23643414A414801F0CAFC414800
:1017600001F0C7FC40F236413C4816E0EFF311852A
:10177000202383F31288BFF36F8F3B4800F01AFBDE
:1017800068B98823394A3A49354801F0B2FC3649EC
:10179000384801F0AEFC8821344801F0A1FC324801
:1017A00000F02CFB3449354C8868437BA04203F0A1
:1017B0007F03437307D132498023284A284801F028
:1017C00098FC8021D0E703F05EFB8B685A7BA34234
:1017D00062F07F025A7307D1294979231F4A2048B2
:1017E00001F087FC7921BFE7084650F8182FCC6933
:1017F000824208BF002222B9C3E900042360CB6102
:101800000CE093F90E6092F90E70BE421BD0B74205
:1018100019DD5168C3E900210B6053600120FFF717
:101820006BF9114800F0D4FA88B940F26B130F4AF3
:1018300014490B4801F05DFC0B49134801F059FCB9
:1018400040F26B11A8E7A242D6D01268D3E728462F
:10185000BDE8F840F7F782BD67710100257401000B
:10186000D55A01003F62010090DA0020F85C0100C7
:10187000515D0100665D01005CDA002050CF002060
:1018800047740100255D01003C5D01002DE9F04138
:1018900005460E46EFF305836BB13F4940F25143D5
:1018A0003E4A3F4801F025FC3E4801F022FC40F250
:1018B00051413A4824E050EA010303D1FFF744FFC5
:1018C000002067E0821C71F1FF331BDB03F01FFB7C
:1018D0002C18EFF31188202383F31288BFF36F8F46
:1018E000314800F067FA88B98823304A30492C48DB
:1018F00001F0FFFB2C492F4801F0FBFB88212B480E
:1019000001F0EEFB6FF00104241AE2E72A4F2648AB
:1019100000F074FAB868294B1860FFF721F9B8682D
:101920002A4633461830264900F0D0FABA681E48D5
:10193000537B43F01003537300F04AFA68B940F246
:101940006B131A4A1F49164801F0D3FB16491E486B
:1019500001F0CFFB40F26B11D1E74046F7F7FEFCF8
:10196000BB685B7BDB060CD5184940F26D430B4A24
:101970000B4801F0BEFB0B4801F0BBFB40F26D4190
:1019800097E703F0C4FA201A63EB0303012873F10D
:10199000000395DBBDE8F08167710100257401004B
:1019A000D55A01003F62010090DA0020F85C010086
:1019B000515D0100665D01005CDA002094DA0020D0
:1019C000E74E0100255D01003C5D010072750100DC
:1019D00010B5EFF3058474B1134940F27B43134A09
:1019E000134801F086FB134801F083FB40F27B4172
:1019F0000E4801F075FBB1F1FF3F08BFB0F1FF3FAA
:101A000006D10D4B9868FFF7A1FA4FF0FF3010BDDB
:101A1000FFF73CFF4FF47A7247F6FF73C0FB0234C6
:101A2000D80B40EA4440F2E76771010025740100D9
:101A3000D55A01003F6201005CDA0020014B986832
:101A4000704700BF5CDA002038B50446EFF311851B
:101A5000202383F31288BFF36F8F284800F0AAF980
:101A600068B98823264A2749274801F042FB2349C1
:101A7000264801F03EFB8821214801F031FB1F4838
:101A800000F0BCF9237BDA0724D51C4800F0A0F94C
:101A900068B940F231131A4A1D491B4801F029FB6D
:101AA00016491C4801F025FB40F23111E4E785F3AB
:101AB0001188BFF36F8F4FF4AE63174A174912486E
:101AC00001F017FB2146164801F013FB4FF4AE61FD
:101AD0001148D2E7637B1B0709D5084800F078F965
:101AE0000028D6D085F31188BFF36F8F38BD294603
:101AF0002046BDE838400122FFF7C6B890DA002042
:101B0000F85C0100515D0100D55A0100665D0100DD
:101B1000255D01003C5D010025740100497A01004A
:101B2000B27501002DE9F843064688461746EFF3E3
:101B30001189202383F31288BFF36F8F214800F0AF
:101B400039F9054668B988231F4A2049204801F021
:101B5000D0FA1C491F4801F0CCFA88211A4801F03C
:101B6000BFFA184800F04AF93468A6421FD004B3FF
:101B70002046C4F87C806761FFF71EF804F1180066
:101B800000F06AFA2046FFF735F80E4800F020F919
:101B900088B940F231130C4A0F490D4801F0A9FAF7
:101BA00008490E4801F0A5FA40F23111D6E70025A8
:101BB000EBE72546E9E789F31188BFF36F8F2846E5
:101BC000BDE8F88390DA0020F85C0100515D010067
:101BD000D55A0100665D0100255D01003C5D0100F4
:101BE000D3B5DDE90667089CCDE90067FFF756FA33
:101BF0001CB1034B9B685B69236002B0D0BD00BF82
:101C00005CDA002008B568B10F4B98420AD303F1A3
:101C10001802904206D21822C01AB0FBF2F302FB5F
:101C200013034BB109490A4838230A4A01F061FA03
:101C30003821084801F054FA0122074BC0105843DC
:101C4000064B1A5408BD00BF90D10020F975010061
:101C5000D55A0100D1750100ABAAAAAA69EF0020EC
:101C6000C3897F2B12D80A4B1B6863B1094B90F9CB
:101C70000E201B689A4209DB437BDB0606D1064B2C
:101C8000C31A18BF012303F0010070470023FAE7CD
:101C90009CDA002098DA002050CF002070B50E4B5F
:101CA0000E4C1E7C054606EB460304EBC30420469F
:101CB00000F0D2F900220A4B28469A55FFF7D0FFD0
:101CC00048B1084B2046BDE870401A680649013A01
:101CD000D31700F0FBB870BD5CDA002090D1002073
:101CE00069EF00209CDA0020051C010038B5EFF3F5
:101CF0001185202383F31288BFF36F8F234800F0F0
:101D000059F868B98823224A2249234801F0F1F999
:101D10001E49224801F0EDF988211D4801F0E0F943
:101D20001A4800F06BF81E4B1E4A9C681068A042CF
:101D300013D1FFF7B3FF154800F04AF808BB40F293
:101D40003113134A1849144801F0D3F90F491748C1
:101D500001F0CFF940F23111DFE700211B7C116067
:101D6000134AD35C002BE6D02046FFF779FF00280A
:101D7000E1D0637BDB0602D12046FFF749F820461D
:101D8000D7E785F31188BFF36F8F38BD90DA002055
:101D9000F85C0100515D0100D55A0100665D01004B
:101DA0005CDA002094DA0020255D01003C5D010032
:101DB00069EF0020006838B1044B00F003001B7C81
:101DC000C01A18BF01207047012070475CDA00205C
:101DD000002302680360EFF30581074B19B199688E
:101DE000497BC90706D4197C98680843831A58426E
:101DF00058417047012070475CDA0020024B1A7C82
:101E00009B681343036070475CDA002008B50648FE
:101E1000064A0749121A02F0A5FFBDE80840054A24
:101E20000549064802F09EBF80C50020C4CA0020B4
:101E3000B07A010000000000987A010080C50020FF
:101E4000034B1B680BB9F9F731BB0020704700BF8B
:101E5000A0DA002030B570B10B4B5B6898420AD015
:101E6000036843B1D3E90421D0E90445121941EBD9
:101E70000501C3E90421D0E9003213605A60002350
:101E8000C0E9003330BD00BF70C9002010B50E4B53
:101E90001C689C4204D1FFF7D3FF6FF0004010BDD7
:101EA000FFF7CEFF002CF8D0D4E904321B1A62EB06
:101EB000E072B3F1004F72F10001EEDA002AACBF1C
:101EC00018460020EBE700BF70C90020B3F1FF3FC8
:101ED00008BFB2F1FF3F2DE9F047044692461D4688
:101EE00000F09D80066866B14E496E234E4A4F4809
:101EF00001F0FFF84E4801F0FCF86E214A4801F06D
:101F0000EFF88160EFF31187202383F31288BFF38A
:101F10006F8F4848FFF74EFF60B98823464A47490C
:101F2000424801F0E6F84349454801F0E2F88821CB
:101F30004148E4E73F48FFF761FFBAF1FF3F75F121
:101F4000FF3323DA6FF001033E49D1E900209B1AE9
:101F50004FF0FF3262EB0000B3EB0A0360EB0500C9
:101F6000012B70F1000201DA01233046C4E904308C
:101F7000354B1A68D3F804C09A4218BF164686B982
:101F8000C4E9003CCCF800405C601CE0FFF758FF5F
:101F90001AF1010845F1000518EB000345EBE0706C
:101FA000E4E7D6E90415D4E904208A4270EB050E73
:101FB00028DA891A726865EB0005C6E90415C4E9D8
:101FC0000062146074601A689A4209D0944207D182
:101FD0001E4B1C6824B9FFF759FF2146F9F740FA58
:101FE0001448FFF7F5FEB0B940F23113124A184910
:101FF0000E4801F07EF80F49164801F07AF840F2D9
:10200000311195E7521A60EB05006645C4E90420DA
:10201000B6D03668B3E787F31188BFF36F8FBDE89A
:10202000F08700BFCE770100AA770100D55A0100E2
:102030003F620100A4DA0020F85C0100515D01005C
:10204000665D0100A8D1002070C90020A0DA002040
:10205000255D01003C5D010038B50446EFF31185B4
:10206000202383F31288BFF36F8F1B48FFF7A2FE74
:1020700068B98823194A1A491A4801F03AF81649EA
:10208000194801F036F88821144801F029F812485F
:10209000FFF7B4FE2368ABB12046FFF7DBFE002458
:1020A0000D48FFF795FE80B940F231130B4A0F49F6
:1020B0000C4801F01EF808490D4801F01AF840F2EA
:1020C0003111E1E76FF01504EAE785F31188BFF3FA
:1020D0006F8F204638BD00BFA4DA0020F85C0100F5
:1020E000515D0100D55A0100665D0100255D0100CA
:1020F0003C5D01002DE9F84F0446EFF311882023E1
:1021000083F31288BFF36F8F4748FFF753FE68B918
:102110008823464A4649474800F0EBFF4249464873
:1021200000F0E7FF8821414800F0DAFFDFF80C916A
:10213000DFF80CB13C48FFF761FECBF80040D9F85E
:10214000004000264C4508BF00240027DFF8F4A01B
:10215000DBF80030DAE90021002C4AD0D4E9045041
:102160004FEAE37CAB427CEB000E05DAED1A60EB44
:102170000C00C4E904503CE0AA1841EBE57120468C
:10218000C4E90467CAE90021FFF764FE2648FFF7A7
:102190001FFE68B940F23113244A2B49254800F04C
:1021A000A8FF2149294800F0A4FF40F23111BAE705
:1021B00088F31188BFF36F8F2046A3689847EFF329
:1021C0001188202383F31288BFF36F8F1648FFF71F
:1021D000F1FD00289CD01448FFF710FEDBF800301A
:1021E000D9F800405B1B4C45CBF80030B0D1DAE9A0
:1021F000002100249A1841EBE371CAE90021CBF8D1
:102200000040FFF743FE2146F9F72AF90648FFF799
:10221000DFFD0028BED088F31188BFF36F8FBDE8C3
:10222000F84FFFF763BD00BFA4DA0020F85C01009F
:10223000515D0100D55A0100665D010070C90020A2
:10224000A0DA0020A8D10020255D01003C5D01003E
:1022500070B5EFF31186202383F31288BFF36F8FDD
:102260001A48FFF7A7FD68B98823194A19491A487F
:1022700000F03FFF1549194800F03BFF8821144842
:1022800000F02EFF1148FFF7B9FDFFF7D9FD144A02
:10229000D2E90045041945EBE0750C48FFF798FDBD
:1022A00068B940F231130A4A0E490B4800F021FF89
:1022B00006490D4800F01DFF40F23111DFE786F3BB
:1022C0001188BFF36F8F2046294670BDA4DA002025
:1022D000F85C0100515D0100D55A0100665D010006
:1022E000A8D10020255D01003C5D010008B562B168
:1022F00017492E23174A184800F0FBFE174800F034
:10230000F8FE2E21134800F0EBFE3F290AD91449AC
:102310003023104A104800F0ECFE124800F0E9FEAD
:102320003021EFE753B9104931230A4A0A4800F037
:10233000E0FE0E4800F0DDFE3121E3E78260090295
:10234000027B01F47C511143C0E9031308BD00BFB7
:10235000E9780100EE770100D55A01000979010002
:102360002F7901005379010063790100767901002A
:1023700070B504460D46EFF31186202383F31288CF
:10238000BFF36F8F1C48FFF715FD68B988231B4A00
:102390001B491C4800F0ADFE17491B4800F0A9FE80
:1023A0008821164800F09CFE1348FFF727FD20689F
:1023B000844209D0D0E9003213605A6000232946D4
:1023C000C0E9003302F0EEFD0B48FFF701FD68B9EC
:1023D00040F23113094A0D490A4800F08AFE0649C5
:1023E0000B4800F086FE40F23111DAE786F31188DF
:1023F000BFF36F8F70BD00BFA8DA0020F85C01004A
:10240000515D0100D55A0100665D0100255D0100A6
:102410003C5D010070B504460D46EFF311862023A4
:1024200083F31288BFF36F8F2148FFF7C3FC68B9AD
:102430008823204A2049214800F05BFE1C4920489F
:1024400000F057FE88211B4800F04AFE1848FFF7AD
:10245000D5FC01212068E5608442A16011D11448B7
:10246000FFF7B6FCE8B940F23113124A1549134898
:1024700000F03FFE0E49144800F03BFE40F23111DF
:10248000E1E7D0E9003213605A600023C0E900336D
:1024900002F088FD314604460548FEF7B7FF2046A6
:1024A00070BD86F31188BFF36F8F0024F7E700BF7C
:1024B000A8DA0020F85C0100515D0100D55A010046
:1024C000665D0100255D01003C5D010004322DE9DF
:1024D000734306460D4620D24FF000084FF0000926
:1024E00041F00401CDE90089FDF780FB0446A0B16D
:1024F00044F8046B95B16B1E1C420FD02523094A8A
:1025000009490A4800F0F5FD214609482A4600F02D
:10251000F0FD2521034800F0E3FD0024204602B031
:10252000BDE8708390790100B4790100D55A0100AB
:10253000E679010003280A4608B501D983070CD0C3
:1025400010494223104A114800F0D3FD104800F012
:10255000D0FD42210C4800F0C3FD431E03420AD0C7
:102560000C494623084A094800F0C3FD0A4800F018
:10257000C0FD4621EEE70146BDE808400748FFF7E9
:10258000A5BF00BF0E7A010090790100D55A010065
:102590004B7A01008C5B0100A75B010090C9002011
:1025A000014B0367704700BF90C9002038B504464F
:1025B0000D4602F05DFC20B9064B9B681B6F0BB902
:1025C00038BD054B2A4621461846BDE83840FFF77E
:1025D0007DBF00BF5CDA002090C900200CB430B58C
:1025E00089B005460C461C22002101A802F004FE19
:1025F000022305958DF806300D4B029323462CB12E
:10260000B4F1004F28BF4FF00043013B1D440DAA19
:102610000C9901A80695009200F0E8F814B1059B0A
:1026200000221A7009B0BDE8304002B0704700BF08
:1026300009520100242A2DE9F041044601D8012A5B
:102640004CD1364B162202F0E7FD1A5001B10C6056
:1026500000273846BDE8F08135462E4616F8010BB6
:102660002028F9D0A0F109070346042FF4D92B281C
:1026700036D02D2837D14FF0010CAE1C6B78302BA3
:1026800038D1307840F0200078282FD132F0100077
:102690002CD173783446102202360CF1004000270A
:1026A0000138B0FBF2FE02FB1E08392B82BF03F19A
:1026B000FF3343F02003263B303B9A421ED9774537
:1026C00002DC03D1984501D24CF0020C354607FBE1
:1026D0000237344615F8013B2E46E6E70546BCE7CF
:1026E0004FF0000CC9E74FF0000CC8E7002A08BF04
:1026F0000822D2E7002A08BF0A22CEE701B10C6007
:102700001CF0010F18BF7F421CF0020FA1D0034B39
:102710002222074602F080FD1A509AE70C000000C2
:10272000242AF0B5044601D8012A40D12E4B1622A6
:1027300002F072FD1A5001B10C600020F0BD2F466E
:102740003D4615F8010B2028F9D0A0F109060346F3
:10275000042EF4D92B282CD02D282CD10126BD1CD9
:102760007B78302B2DD1287840F02000782824D198
:1027700032F0100021D16B782C4610220235002057
:10278000392B82BF03F1FF3343F02003263B303B5C
:102790009A421AD9A0FB02040CB9C01801D346F022
:1027A00002062F462C4617F8013B3D46E8E7074650
:1027B000C6E70026D3E70026D3E7002A08BF082291
:1027C000DDE7002A08BF0A22D9E701B10C60F20751
:1027D00048BF4042B307B1D5034B222202F01CFD93
:1027E0001A504FF0FF30A9E70C0000002DE9F04F20
:1027F00043688DB015468046029383789A0740F16E
:102800000D8100240E78002E00F00A81252E0BD0B9
:102810004B1C0393013441463046029B98470028E5
:10282000C0F2F6800399EDE74E788B1C252E0393BA
:10283000F0D00027B946BB46BBF11F0F38D8A6F130
:102840002003102B0AD8DFE803F02A090930090910
:10285000092109090928092D09091F00A6F13003DA
:10286000092B33D92A2E37D11BF0400F55F8043BE2
:1028700040F08280002BA7BF4BF0200B9946C3F19C
:1028800000094BF0280B01E04BF0010B039B13F800
:10289000016B0393002ECFD130E04BF0020B4BF0D5
:1028A000040BF3E74BF0080BF0E74BF0100BEDE7F0
:1028B000BBF17F0F19D8A6F13003092BD2D81BF03A
:1028C000400F03D00A2101FB0737DFE70A214BF055
:1028D000200B01FB0939D9E72E2E06D11BF0400F42
:1028E00040F09E804BF0400BD0E76C2E31D02BD8BF
:1028F000682E36D06A2E3CD04C2E3AD0002F46F0AF
:102900002003B8BF2BF04002A3F16501BCBF002734
:102910001FFA82FB022901D9612B2FD10735072726
:10292000DFF8ACA225F0070508351BF0080F66D0CC
:102930000AEB070B56465E4563D1A4EB0A0AA9EBE6
:10294000070906EB0A026FE1742E9FD07A2E9DD004
:10295000D4E71BF0800F18BF4BF4007B4BF0800BCB
:1029600094E71BF4807F18BF4BF4007B4BF4807B13
:102970008CE74BF4207B89E71F4687E7A6F16301CC
:10298000122900F2F080DFE811F013004F00EE0092
:10299000EE00EE00EE004F00EE00EE00EE00EE0066
:1029A000EE00FE00E900EE00EE001B00EE00AF00BE
:1029B00055F8043B01270DF1180A8DF81830B4E7DB
:1029C00055F804AB834BBAF1000F08BF9A461BF0D1
:1029D000400F504614BF39464FF0FF3102F087FBDD
:1029E0000746A2E741462020029B984700280FDBBC
:1029F000013EB742F6D34C44B146A41B98E74E467D
:102A0000F7E7414616F8010B029B9847002892DA37
:102A100098F8023043F0040388F802304FF0FF3496
:102A200020460DB0BDE8F08F1BF0800F34D01BF4B2
:102A3000007F2CD0073525F00705AA4669685AF8AB
:102A4000080B2BF010050029ADB237DA404245F4EF
:102A5000806561EB41010DF1180B0A235A4602F023
:102A600068FBA0EB0B0301936B0662D5019B25F07D
:102A700001019F4289B240F3A180002E00F09980AD
:102A800015F0100240F09C80BB460D4623E0AA469C
:102A90005AF8040BC117D4E7AA461BF4807F5AF8F2
:102AA000041B01D10846F5E71BF4007F19BF48B2AB
:102AB00041F3C01108B241F3C031C2E750EA01034B
:102AC000C9D11BF0400FC6D0002FC4D12BF011028A
:102AD000BB46019795B240F2064115EA01021CBFC0
:102AE0000BF1010B00222CE02BF010020A231FFA3D
:102AF00082FB1BF0800C49D01BF4007115BF073519
:102B0000AA4625F007055AF8040B1EBFAA466968B5
:102B10005AF8080B50EA010545D12BF016051BF0B9
:102B2000400FADB242D0002F40D12BF017020197D9
:102B300095B215F0100248D0019B002E42D103F14E
:102B4000010B29075AD4EB0706D5D9456FDDA9EB50
:102B50000B030199CB465F185B4649E04BF0100B25
:102B600010237826C5E7782B04D1C6F1780343F00B
:102B70001003BEE741462520029B98470028FFF638
:102B800047AF023447E608230026B2E7AA461BF403
:102B900080715AF8040BBDD01BF400711ABFC0B28B
:102BA000614680B2B6E72BF0060295B20DF1180B24
:102BB00054E725F01105BB46ADB28CE70D46B8E7EA
:102BC0003B460D4603F1020BBBE7DDF804B082E79C
:102BD0007F7A0100787A0100CDE904324146202055
:102BE000029B98470028FFF613AF049B059A013318
:102BF0009945F1DCA4EB0B019B46CC180AB3414686
:102C00003020029B98470028FFF602AF8EB90134AE
:102C10002744391B019B994224DC1D4655BB019A70
:102C2000A9EB0B09554622441446914433E0019F19
:102C300092E7023441463046029B98470028E7DA83
:102C4000E6E640F206410D42E2D015F0020F04F133
:102C50000104414614BF2B20202015F4806F18BFBB
:102C60002D20E9E741463020029B01349847002897
:102C7000CFDACDE606AB013D4146585D029B984751
:102C80000028CBDAC4E641462020029B0134984755
:102C90000028FFF6BDAEA9EB0403002BF3DCC1E571
:102CA000F0B589B005460C46164600211C2201A845
:102CB0001F4602F0A1FA0223204605958DF8063042
:102CC0000A4B02932CB1B4F1004F28BF4FF00040E3
:102CD000013805443A46314601A80695FFF786FDBE
:102CE00014B1059B00221A7009B0F0BD0952010011
:102CF0007047836800EBC101B3F5004F2CBF51F85A
:102D0000220031F81200704700EBC1018068B0F575
:102D1000004F2CBF41F8223021F8123070470122B9
:102D200008B5FFF7E6FFD04008BD836800EBC1019E
:102D3000B3F5004F08D34B681AB143F001034B6061
:102D4000704723F00103FAE74B881AB143F00103FF
:102D50004B80704723F00103FAE753000122FFF78D
:102D6000D3BF8368B3F5004F34BF04230823C91AC7
:102D7000081AC0087047B0F5004F34BF0423082379
:102D80000731C818C00870470A4608B50121FFF787
:102D9000F2FF0132121AB2FA82F0C0F11F0008BD30
:102DA0002DE9F041174603220E460446FFF7A1FF26
:102DB0008642054607F104080AD10122E368BA40B9
:102DC00023EA0203E360002344F82830BDE8F081E1
:102DD000314602222046FFF78CFF06462B4601466D
:102DE0000322204644F82850FFF78EFF3346294639
:102DF0002046BDE8F0410222FFF786BF70B50D46C0
:102E000086680446FFF78BFFB6F5004F014601D3F5
:102E1000012809D03046FFF7B7FF29460246204671
:102E2000BDE87040FFF7BCBF70BD2DE9F047054617
:102E300080688846FFF7A8FF05EB800ADAF8109053
:102E40000646B9F1000F1BD00327DAF810402846D8
:102E50002146FFF764FF404507D332462146284606
:102E6000FFF79EFF2046BDE8F08703222146284653
:102E7000FFF73FFF013FCAF8100001D08145E4D1C0
:102E80004FF0FF34EB680136B4401C40EAD094FAAE
:102E9000A4F2B2FA82F2131D55F82340DEE72DE9C1
:102EA000F04114460E460546FFF739FFA4EB06082D
:102EB000371B0744424631462846FFF74EFF3A4645
:102EC00021462846FFF749FF43460022214628466F
:102ED000FFF71AFF21462846FFF721FF3B4621183E
:102EE00000222846BDE8F041FFF70EBF2DE9F04172
:102EF000164604460F46FFF712FF314605462046A8
:102F0000FFF70DFF05442A4639462046FFF725FF07
:102F100031462046FFF703FF2B463118002220469A
:102F2000BDE8F041FFF7F0BE2DE9F0410D4686689F
:102F30000446FFF7F4FEB6F5004F014601D3012821
:102F400032D03046FFF720FF04EB80010E6996B9BE
:102F50000122E36882401343E36002220D612B46A5
:102F600029462046FFF7D0FE032229462046BDE829
:102F7000F041FFF7C9BE022231462046FFF7B9FEF5
:102F80000746034629462046FFF7BEFE0322334686
:102F900029462046FFF7B8FE39462B462046FFF764
:102FA000B3FE02223146E1E7BDE8F081F8B50C46F8
:102FB0000546FFF7B4FE2618012231462846FFF7E2
:102FC00098FEC3070CD431462846FFF717FF214669
:102FD0002846FFF7A4FE214622182846FFF786FF61
:102FE000002221462846FFF784FE271A012239468F
:102FF0002846FFF77EFE10EA020613D1394628461E
:10300000FFF7FCFE214632462846FFF772FE2246B5
:10301000211A2846FFF76AFF214632462846FFF765
:1030200068FE241A21462846BDE8F840FFF77CBF19
:1030300070B5066809B9002070BDB068B0EBD10F5B
:10304000F9D9FFF798FE014605463046FFF7EDFE39
:1030500004460028EFD001463046FFF760FEA84244
:1030600009D92544214630462A46FFF718FF29464C
:103070003046FFF759FF304601222146FFF755FE43
:10308000B368B3F5004F34BF0423082303EBC40334
:103090001844D1E7002070470FB407B504A951F8D0
:1030A000040B0191F5F76AFB03B05DF804EB04B083
:1030B0007047002070470CB4034607B504AA0846C1
:1030C00052F8041BDB680192984703B05DF804EBEB
:1030D00002B0704700207047FCF796BFF5F792BB2F
:1030E000002383F31188BFF36F8F0423184602DF98
:1030F00070470FB407B504A951F8040B0191F5F717
:103100003DFB03B05DF804EB04B07047838B13F014
:10311000070305D10368002B0CBF00200320704774
:10312000022B05D1C08BB0FA80F0400980007047B7
:10313000012B05D10368002B0CBF00200520704730
:103140000020704710B50C4600B111B96FF01500A2
:1031500010BD081D00F02FF80028F9D1A368032B3B
:10316000F6D9F3E72DE9F0410D4607461946281D2B
:1031700090461E46F5F75CFE044638B1334642469B
:1031800029463846A446BDE8F0416047BDE8F081D5
:1031900038B50C46054658B151B10B6843B14B6880
:1031A00033B12022002102F027F800202C6138BD25
:1031B0006FF01500FBE7034640B1426802F00302DE
:1031C000022A06D0032A04D0012A05D06FF0150088
:1031D00070471A68002AF9D000209860704770473D
:1031E000012801D1EFF30583FCF75EBB01460068BF
:1031F000FFF7F6BF08B5F5F75BFEBDE80840F5F749
:103200007BBE7047704700210120FFF7E9BF436E86
:1032100083F30B88704761B662B680F31188BFF301
:103220006F8F704772B6002383F31188BFF36F8FDF
:10323000BFF34F8F30BF62B6BFF36F8F704772B668
:10324000002383F31188BFF36F8FBFF34F8F20BF2D
:1032500080F31188BFF36F8F62B6704740E800F3C8
:1032600013F4803FD8B208BF6FF01500704730B537
:103270000C684B6885B00A894D890094013B24F0A5
:103280001F04234402F01F0242EA451223F01F03E9
:1032900069468DF808200393F6F7EEF905B030BDC6
:1032A00008B5F6F713FC002008BD08B5F6F7E8FFEF
:1032B000F7F784F8002008BD10B1006800B140683D
:1032C0007047FCF7D1BD10B50346FFF7F5FF28B1F5
:1032D000C2681AB1BDE810401846104710BDFCF78F
:1032E00093BE10B50446F6F75BFD48B12046F6F7ED
:1032F000B3FD8368986818B18047C31E584258418F
:1033000010BDF8B5069F0469C9B2EFF311862025F8
:1033100085F31288BFF36F8F0C2505FB0144A56C64
:1033200005F0070CBCF1010F0CD1A76486F31188DE
:10333000BFF36F8FC4E91023436853F831309847C7
:103340000020F8BD05F0C005AF4286F31188BFF339
:103350006F8F0CBF6FF077004FF0FF30F1E713B5C0
:1033600080240094FFF7CDFF02B010BD0069CBB2FE
:1033700000EB4310002110470020F9F733BD002077
:10338000F9F7AABD1046FCF7D5BF8022F7F77CB845
:10339000084608B51146F9F7CFFB002818BF6FF0B3
:1033A000040008BD08B500F0A6FA002818BF6FF0A9
:1033B000040008BD436800205B681B690B60704710
:1033C000436802EA01005B6821EA0201986000207C
:1033D000D9607047436800205B6899607047436814
:1033E00000205B68D960704743685A68536821EAD7
:1033F00003000B4090600020D360704730B54368F5
:103400001360057A446804EBC504A34202D36FF04D
:10341000010030BD5C798C4201D00833F0E7002018
:10342000F7E743681B68D3F88004C3F8800470474B
:1034300010B544682368C3F84415C3F84825002232
:10344000C3F82021D3F82011C3F85821D3F858210C
:103450006268D20608D5082142681268C2F80015D1
:103460004FF48002C3F8042301229A6010BD436820
:1034700002691B68D3F8100150B1002092691278DC
:103480000A70C3F81001D3F8102101221A607047A6
:103490004FF0FF307047002A10B5044610DD436836
:1034A0001B68D3F8100150B100202269C3F8100145
:1034B000D3F810010120926912780A70186010BDCB
:1034C0000020FCE7436801691A68EFF311832020AC
:1034D00080F31288BFF36F8F0020C96888734FF4A0
:1034E0008001C2F8041383F31188BFF36F8F704714
:1034F00001220369DB689A7370470369DB689A7B72
:1035000002F0FF0162B942681268D2F8580140B176
:10351000D2F8040310F4800003D001201961704731
:103520000020704743681B68D3F81001003818BFAB
:1035300001207047102243681B68C3F804237047BA
:10354000102243681B68C3F8082370474FF40072C9
:1035500043681B68C3F8042370474FF40072436844
:103560001B68C3F80823704738B5436804461D68D4
:10357000D5F804335B0205D4D5F8040310F010002D
:1035800006D138BDFFF7B9FF0028F5D00120F8E7D4
:103590002046FFF7C7FF003818BF0120F1E70120E0
:1035A00070470369D8680160DB685A607047026839
:1035B0000346D2F8580140B95B689B0706D4D2F89D
:1035C0002001003818BF0120704701207047F8B56E
:1035D00006690546F3689C8910339442A8BF1446D7
:1035E0000122D3E8EF0F002803D1C3E8E72F002F13
:1035F000F7D10CBF134600231ED1F368224698680A
:1036000001F0EDFDEFF31187202383F31288BFF360
:103610006F8F6868FFF7CBFFF36838B9044618610D
:1036200087F31188BFF36F8F2046F8BD22462846E6
:103630009968FFF7FDFEF3E71C46F5E710B4426812
:103640001368D3F80413C90517D5D3F82011A1B115
:10365000EFF31181202484F31288BFF36F8FD3F826
:10366000204134B10024C3F82041D3F82041012483
:10367000DC6081F31188BFF36F8F5268D20619D5D1
:10368000EFF31181202282F31288BFF36F8FD3F8FA
:10369000582112B10022C3F800250269D2680AB18C
:1036A00012691AB94FF48002C3F8082381F3118814
:1036B000BFF36F8F0269D4686CB1D3F8581161B150
:1036C00000212161D468A47B3CB14FF48000C3F891
:1036D0000803D368997310BC7047D3F8241121B143
:1036E0000021C3F82411D3F82431D2681368002BC9
:1036F000F1D0516810BC184701F000BB01F0B8BB15
:1037000000207047006800F0A7BD38B5044604B932
:1037100038BDE069256801F095FC204601F092FC77
:103720002C46F4E7FCF7A0BBFCF76EBC002307B502
:10373000CDE90033F8F774FB03B05DF804FB2DE925
:10374000F04F064640688BB00C46DDE914579046B2
:10375000994608B1FFF7E8FFD6F800A005B1AFB968
:1037600000232146CDE9003342464B46504600F047
:103770007FFF0446706828B14FF0FF324FF0FF33EF
:10378000FFF7D0FF20460BB0BDE8F08F4FF0160BCF
:1037900004AB5A460021184601F02EFD03AACDE9DC
:1037A000000221464B4642465046CDF80CB000F090
:1037B0005FFF041EDEDBBDF81020012A0AD1039B47
:1037C000082BD7D1BDF812102A80059A69806A604B
:1037D0003B60CFE7022ACDD1039B162BCAD1BDF89F
:1037E00012300DF1140C6B802B460DF1240E23F8D2
:1037F000042B624603CA724518605960944603F16F
:103800000803F6D19DF824302B751823E0E7002338
:1038100007B5CDE90033FFF792FF03B05DF804FB75
:1038200038B505460068FBF7A5FA044610B92846E6
:10383000F8F7FCFB204638BDF0B5056808880B4654
:10384000012887B00DD14A884B68ADF802200822C4
:10385000ADF8000001936946284600F00FFC07B060
:10386000F0BD022815D14A88ADF80000ADF802205D
:1038700001AE0A1D01F11407344610685168083280
:1038800003C4BA422646F7D11B7D16228DF81430A8
:10389000E1E7284607B0BDE8F04000F0EFBB704715
:1038A000F8F7F2BE00B589B006AB02930823039384
:1038B00001AB049304230791CDE9053004AA03204A
:1038C00002A9F9F713F90228019B09D003280AD0AD
:1038D00060B9181E18BF0120404209B05DF804FB12
:1038E0006FF01500F9E76FF08500F6E74FF0FF3055
:1038F000F3E700207047002070477047004701F051
:10390000FDB938B504461546F9F792F9294620461F
:10391000BDE83840F9F7A4B9430903BF4FF0FF33BE
:1039200023FA00F000F001000020704770B501F1AB
:10393000080330F813301646DA0504460D4609D55B
:10394000C3F3432300EBC302314650F833305268CF
:1039500028469847A3682BB131462846E268BDE85F
:103960007040184770BD2DE9F3411746DDE908584E
:10397000019001A80C461E46F9F74CFB019B391E2D
:1039800018BF012100EB8300231E18BF0123002E66
:1039900043EA410314BF0C210021002D43EA010337
:1039A00014BF4FF4E0610021B8F1000F43EA0103B6
:1039B00014BF4FF440310021D0F800220B4322EA1B
:1039C000030304B124780FB13F787F001C430EB18C
:1039D0003678B6003C438DB1297809023443B8F1FA
:1039E000000F03D098F800804FEA0848214341EACD
:1039F0000801C0F8001202B0BDE8F0812946EDE7E9
:103A00001FB50DF10F03019300238DF80F101A4617
:103A100019460093FFF7A7FF05B05DF804FB10B54A
:103A200004790A462046F9F749FB18B111462046A9
:103A3000F9F762FB00F0010010BD38B505790446C6
:103A400028460A46F9F758FBC0B111462846F9F74F
:103A500035FB98B911462846F9F724FB0123226863
:103A60008340C2F80833226803B202EB8303D3F821
:103A7000102522F00302C3F8102538BD0021BDE84F
:103A800038401046FFF7BCBFF9F734BCFFF7D5BF8D
:103A9000022904D0042906D0012900D1704780688A
:103AA00008B1F7F7E5BF7047FAF766B8002210B51E
:103AB0000468944200D110BD00EBC2014B68013292
:103AC00023F0FF0343F003034B60F2E70420F9F710
:103AD000C7BF0420F9F7E2BFF9F77EBF38B5044647
:103AE0000025031D2268AA4201D8002319E04FF0E7
:103AF0000002D3E8CF0F032804D1C3E8CC2FBCF1D8
:103B0000000FF6D102D008330135EBE701EB851346
:103B100018464022002101F06FFB034604EBC50468
:103B2000A060184638BD0830704738B5054620B942
:103B3000FAF728F880B9002038BDF7F791FF04465E
:103B40000028F8D0FAF71EF838B92046F7F790FFAA
:103B50000120F7F75BFFEEE72C46C56040F8084F01
:103B6000EAE740EA0141104640F8081DFAF71CB8A0
:103B7000FAF714B8FAF70CB8F7F772BF08B5F7F709
:103B800077FFBDE808400120F7F740BF0429F8B5EA
:103B90000546174603D0102910D000240CE0082059
:103BA000F7F750FF04460028F7D0002343600123B5
:103BB000478003802B6843602046F8BD1620F7F746
:103BC00041FF04460028E8D0061D1222002130469D
:103BD00001F012FB022323802B46678005F11002BF
:103BE00053F8041B934246F8041BF9D1E4E713464B
:103BF00009B9116070470A88012A02D0022A07D049
:103C000070471A68082A28BF08221A6001F0E7BA2C
:103C10001A68162A28BF1622F7E708B5FAF728FD12
:103C200040B100F11C03D3E8EF1F0131C3E8E21FEC
:103C3000002AF8D108BD006808B1FAF7A9BC70479E
:103C400037B50025036804460093838F6846ADF8B6
:103C50000650ADF8043000F0EBFD38B1A36B6846B8
:103C6000984794F83E300BB1A563E56303B030BDCF
:103C70004068003818BF0120704700230B6083683C
:103C800013B9C0E90111704719608160704738B5F8
:103C900005460C46F9F78EFFAA68236894426B60CC
:103CA00008BFAB6000232046236000F04DF9BDE85B
:103CB0003840F9F785BF406870470069431E584295
:103CC000584170470069831E584258417047006947
:103CD000C31E5842584170474069B0F5817F05D0F6
:103CE00040F21113C31A58425841704701207047DF
:103CF00090F82000C0F34000704790F82000C0F317
:103D00008000704790F82000C0F3C0007047006C3E
:103D100000F00100704790F8200000F001007047AB
:103D20000369012B05D18069A0F1800358425841F5
:103D300070470020704790F82000C00970478369E1
:103D400033F0800314BF01200020704790F820005A
:103D5000C0F340107047806B003818BF01207047D7
:103D600090F83400431E58425841704708B590F807
:103D70002030014613F001020BD1FFF7E0FF28B914
:103D80000846FFF7CDFF80F00100C2B202F001004B
:103D900008BD0022FAE770B504460D4616462046D7
:103DA000FFF7E4FF70B155B1284600F0BCF848B900
:103DB00031460220F7F712FC0028F0D070BD63688E
:103DC000002BF5D00020F9E74068003818BF01202B
:103DD000704790F82200003818BF0120704710B5D6
:103DE0000446FFF7ACFF94F82010C1F3401340EAFB
:103DF0000302236982F00102012B14BF0123C1F3E6
:103E00008003D2B220461A40FFF766FF48B1C1F3E3
:103E100000112046FFF784FF0A4080F001001040A7
:103E200010BD0121F5E710B50C46FAF721FC28B1C9
:103E300090F8203064F3861380F8203010BD10B560
:103E40000C46FAF715FC28B190F8213064F3000312
:103E500080F8213010BDD0E9092353EA020109D0CE
:103E60004FF47A71B3FBF1F001FB02000128B8BFF7
:103E7000012070474FF0FF307047D0E90B2353EA21
:103E8000020109D04FF47A71B3FBF1F001FB02009B
:103E90000128B8BF012070474FF0FF30704701384C
:103EA00002288CBF002001207047013802288CBFF7
:103EB0000020012070470388012B03D0022B06D07D
:103EC00001207047082914BF0020012070471629DF
:103ED000F9E7032915D011280CD004DC88B1062895
:103EE0000AD000207047B0F5817F05D040F2111351
:103EF0009842F6D1022900E0012914BF00200120D8
:103F0000704701207047C368012B03D0022B07D0F4
:103F1000012070470888012814BF00200120704745
:103F200008880228F8E700B10068003818BF0120AF
:103F3000704700B100687047438940681844704773
:103F400002894089101A704710B504464068FFF78F
:103F50000FFEE06808B1F7F77DFD2046BDE8104090
:103F6000F7F778BD10B50446206800B910BD626847
:103F700003689042236008BF6360FFF7E5FFF3E743
:103F800000F01ABD10B5044660B1406908B1F7F7FA
:103F900061FDA06908B1F7F75DFD2046BDE810405E
:103FA000F7F758BD10BD10B5044600F003FD2368B7
:103FB0004360A36983602046BDE8104000F0FCBC6C
:103FC0002DE9FF4180460F461646FFF768FF38B9D6
:103FD0006A20F7F7CBFB4FF0FF3004B0BDE8F0816B
:103FE0003046FAF7ABFB08B97B20F2E73846FFF71B
:103FF0005CFF08B96B20ECE739463046FFF769FFF4
:104000000028F7D0FAF700FB054608B91720E0E7CB
:104010000020FFF78AFD044620B92846FAF73AFB4C
:104020006920D6E74FF0FF330C2203744374837486
:10403000C3740023027243728372C3724046FBF75B
:1040400095F96061384600F05DFC0146A06130469C
:1040500000F059FC2146E06101AA47F201000295F7
:10406000FBF7B0F9044620B12846FAF713FB2046C7
:10407000AFE7C5E9038728686E61AEE773B506460A
:104080000C461546FFF7C9FD019050B90920F7F716
:104090006DFB4FF0FF3401A8FFF7CDFD204602B0C5
:1040A00070BDFFF74CFE10B1019B9869EFE70198D6
:1040B000FFF723FE08B17F20E9E70198FFF718FE1C
:1040C00008B17820E3E70CB90E20E0E7214601981B
:1040D000FFF719FF08B96A20D9E729462046FFF7FC
:1040E000EAFE08B91620D2E70198FFF710FE054650
:1040F00020B1019B5D69113D18BF01250020FFF72C
:1041000014FD024608B96920C1E7002314210661A5
:10411000017243728372C3722188012911D002296E
:1041200017D00199042091F8203043F0020381F860
:10413000203047F20201D560FFF713FDCDB17720A3
:10414000A5E76188C37581820421817563688361F5
:10415000E7E76188C37581821021231D81751434BE
:1041600000F1180153F8040BA34241F8040BF9D1F4
:10417000D7E70198FFF781FE00900198FFF7B8FD9F
:1041800020B90198846984B1204680E769460220FD
:10419000F7F724FA10F10B0F05D00028EDD0002816
:1041A000B8BF404273E7742071E7FFF795FD002820
:1041B0003FF471AFDDE90010FBF75EF804466AE7F3
:1041C00030B585B005460C46FAF752FA38B90920E1
:1041D000F7F7CCFA4FF0FF33184605B030BD0CB9F5
:1041E0000E20F5E72146FFF78EFE08B96A20EFE7BB
:1041F0000020FFF79AFC014608B96920E8E7002390
:1042000014220561027243728372C3722288012AEA
:104210000AD0022A10D047F2050001AAFBF7D2F813
:1042200003460028D8D0D3E76288C375828204226F
:10423000827563688361EEE76288C37582821022AB
:10424000231D8275143400F1180253F8040BA342A5
:1042500042F8040BF9D1DEE730B585B005460C46CF
:10426000FAF706FA38B90920F7F780FA4FF0FF336A
:10427000184605B030BDFFF720FD08B95F20F3E711
:104280000020FFF752FC014608B96920ECE7002343
:10429000042224EAE474027243728372C3720561D9
:1042A00044616A4447F20800FBF78CF80346002893
:1042B000DED0D9E7F0B593B007460D461446FFF7B8
:1042C000ACFC029050B90920F7F750FA4FF0FF34D8
:1042D00002A8FFF7B0FC204613B0F0BD15B11CB921
:1042E0000E20F1E7002CFBD1FFF7E7FC08B95F20B7
:1042F000EAE70298FFF70BFD28B10298FFF769FD86
:1043000008B90B20E0E70298FFF7A5FD019002989D
:10431000FFF701FD50B10298FFF75BFD0028D2D0F6
:10432000FAF772F9064680B91720CDE70298FFF731
:1043300050FD0028EFD1022001A9F7F74FF900281E
:10434000E5D00028B8BF4042BEE70020FFF7EDFBF4
:10435000014620B93046FAF79DF96920B4E70761B4
:10436000049675B17CB10CAB47F20C0003AA05931F
:10437000FBF728F8074640B13046FAF78BF9384684
:10438000A2E72B46F0E72346EEE73DB134B1BDF896
:104390003630042B04D0102B15D02760346897E7F3
:1043A00001232768ADF81830082F28BF0827BDF86B
:1043B0003430ADF81A300E9B07933A46284606A9CA
:1043C00000F00DFFE9E70223ADF81830BDF83430F6
:1043D00007AFADF81A3012ABADF82C0013E90F009F
:1043E00087E80F002768162F28BF1627E5E72DE975
:1043F000F04F87B0894616461D46109F009003F087
:10440000400803F4007AFAF733F9044638B9092072
:10441000F7F7ACF94FF0FF3007B0BDE8F08F35F497
:10442000107305D1B8F1000F11D0BAF1000F01D00F
:104430005F20EDE7FFF721FD02902046FFF767FCC4
:10444000A8B9B8F1000818BF4FF0010805E0FFF760
:1044500014FD0290BAF1000FEFD02046FFF780FC68
:1044600040B12046FFF76BFC68B1A069D0E74FF080
:104470000108F2E72046FFF762FC0028F5D120464C
:10448000FFF74EFCF0E72046D7B1FFF716FC00BB64
:1044900039462046FFF737FD08B96A20B8E73846A5
:1044A0001199FFF708FD08B91620B1E72046FFF77C
:1044B00009FC70B12046FFF70FFC50B17F20A7E741
:1044C000FFF700FC28B12046FFF717FC08B9792058
:1044D0009EE72046FFF7F1FB40B12046FFF7FCFBCB
:1044E00020B1B6F5006F28BF4FF40066FFF742FB1E
:1044F000B04206D22046FFF7E0FBC8B1FFF73AFB17
:10450000064600252046FFF721FC18B12046FFF79C
:104510002DFC78B93046FFF708FB8346C8B9012067
:1045200002A9F7F75BF880B9B8F1000FF2D004E008
:104530007A206DE7B8F1000F01D00B2068E7022068
:1045400002A9F7F74BF80028DCD00028B8BF40429A
:104550005EE7009B0361B9F1000F04D03246494683
:10456000006800F03CFE94F8340000283CD0FAF7D4
:104570001DFF0021024684F83410BAF1000F0ED05E
:10458000029D42F040026B1C30D04FF47A7195FBD3
:10459000F1F5ADB2B5F5167F28BF4FF41675002FB3
:1045A00047D020460192FFF788FB019A002840D1AE
:1045B0001A218BF809008BF808108BF80A008BF889
:1045C0000B00CBF81420ABF82C503A88012A10D0FD
:1045D000022A1AD047F20700594603AAFAF7F2FE58
:1045E0000346B8BB049817E70246C6E74FF41675B2
:1045F000D5E77A888BF81B00ABF8182004228BF8DB
:104600001A207A68CBF81C20E4E77A880BF11C01A9
:10461000ABF8182010228BF81B008BF81A2007F13A
:1046200014003A1D52F804CB824241F804CBF9D170
:10463000D0E7002106208BF809108BF808008BF8D2
:104640000A1047F206008BF80B10CBF81420ABF8D9
:104650001850C1E70C2806DC0A2807DDB8F1000F66
:104660003FF450AF69E78C283FF4D2AE1846CFE64E
:104670002DE9F74F8946DDE90C7A15461E4603F40D
:104680008078FFF7CAFA019058B90920F7F76EF859
:104690004FF0FF3701A8FFF7CEFA384603B0BDE868
:1046A000F08F36F4A17301D05F20EFE727B1BAF1A4
:1046B000000F04D10E20E9E7BAF1000FFAD1FFF79D
:1046C000FCFA28B10198FFF718FB08B98020DDE754
:1046D0000198B8F1000F16D1FFF719FB08B973065E
:1046E00011D50198FFF7C4FA68B90198FFF727FBC5
:1046F00048B90198FFF714FB28B90198FFF70BFBA5
:1047000008B90B20C2E70198FFF7A5FB6A460090A5
:1047100000210198FFF73FFB18B10028B8BF4042C5
:10472000B4E70198FFF7A4FA88B90198FFF7F8FAFF
:10473000002876D10198FFF7EEFA0028A5D101985C
:10474000FFF7FDFA0028A3D0019B98699EE7019826
:10475000FFF7B1FA044627B1C16852463846FFF761
:1047600046FA002706F0020A2046FFF7E9FBA842B6
:104770001DD82046FFF7E4FB0646002E8AD02046CF
:10478000FFF7DAFB09EB070B01463246584600F00B
:1047900026FD01983744FFF795FA50B1BAF1000FA2
:1047A0007FF478AF21460198FFF771FA72E72E4641
:1047B000E3E70198FFF78BFA0028EFD1BAF1000F79
:1047C00014D0B5423FF466AFB8F1000F04D06A468A
:1047D00021460198FFF7DFFA2046AD1BFFF7A9FB42
:1047E00004460028C0D1002F9FD053E7638920469C
:1047F00033446381FFF7A4FB18B921460198FFF702
:1048000046FAB5423FF446AFAD1BB8F1000F04D0F5
:104810006A4600210198FFF7BEFA0198FFF74BFAAC
:10482000DEE7002736E708B5F9F74CFF002008BDA2
:1048300038B504460068F9F71BFF054628B9012082
:10484000E38843F02003E38038BDFFF764FA0028D3
:10485000F5D12846FFF773FAF8B1E38843F008036F
:10486000E380A388DA0707D52846FFF7ADFAE8B159
:10487000E38843F00103E380A3885B0707D528465C
:10488000FFF7ADFA18B1E38843F00403E380B4F90D
:104890000600003818BF0120D6E72846FFF740FA87
:1048A0000028DED0E38843F01003D9E72846FFF75D
:1048B00090FA0028DCD12846FFF732FA0028D7D139
:1048C000DAE738B50D461446F9F7D2FE28B90920C3
:1048D000F6F74CFF4FF0FF3006E0032D03D0042D18
:1048E00003D01620F4E7006C38BD012CF9D804641D
:1048F0000020F9E7431F002B03D8DFE803F0010095
:10490000032070477047292815D005DC062814D0ED
:10491000112814D048B17047B0F5817F0DD040F216
:10492000111398420BD0FF280CD1012909D002297C
:1049300008BF022070470620704701207047022000
:10494000704708467047292811D00ADC012810D08A
:10495000062810D0002808BF042018BF4FF0FF30F1
:104960007047B0F58D7F08D0B0F5007FF5E70620E1
:10497000704708207047012070474FF480707047DF
:1049800008B5031F092B0FD8DFE803F00811050E47
:104990000E0E0E0E0E056FF0010008BD7320F6F727
:1049A000E5FE6FF00A00F8E7FAF7F4FCF7E76FF0BE
:1049B0006300F2E7C06870474269C3681A607047D5
:1049C00008B5034624301AB95A624260002008BD77
:1049D000082A28BF082200F002FCF7E708B50346C2
:1049E0002C301AB9DA624260002008BD082A28BFBC
:1049F000082200F0F4FBF7E738B504460D4639B15C
:104A0000082A0BD01620F6F7B1FE4FF0FF3038BD64
:104A1000002AF7D18263C2630020F8E7F9F7CAF8E9
:104A200095E8030004F1380383E803002046FFF70C
:104A300007F9F9F7C5F8EFE773B5044608680D46BE
:104A40001646FAF7B3FC002801DB042E06D0162028
:104A5000F6F78CFE4FF0FF3002B070BD2B68204699
:104A600084F83430FFF77CF900230028F4D0CDE936
:104A700000331A4619462068FFF7B9FCECE708B581
:104A800009B1042A05D01620F6F770FE4FF0FF306A
:104A900006E00B782BB1012BF5D180F848300020CF
:104AA00008BD0223F9E710B5541E1B2C02D812F0E2
:104AB000030405D01620F6F759FE4FF0FF3010BD65
:104AC000930880F84B304C3000F089FB2046F6E725
:104AD00008B509B1042A05D01620F6F747FE4FF0B5
:104AE000FF3008BD0B78003B18BF012380F8493028
:104AF0000020F6E708B509B1042A05D01620F6F71C
:104B000035FE4FF0FF3008BD0B6880F84A300020BA
:104B1000F9E770B5054614460E4631B992B1162034
:104B2000F6F724FE4FF0FF3070BD002AF7D0406C3E
:104B300008B1F6F78FFF601CF6F784FF686438B998
:104B40006920EDE7406C08B1F6F784FF0020EBE741
:104B50002246314600F043FB00226B6C1A55F5E704
:104B600010B5134612680446042A28BF04220846DA
:104B70001A6004F1180100F032FB0020A06110BDA2
:104B800010B5134612680446082A28BF08220846B2
:104B90001A6004F1240100F022FB002010BD10B5C2
:104BA000134612680446082A28BF082208461A60DD
:104BB00004F12C0100F013FB002010BD13B50446D6
:104BC000134694F84820084601921A6801A9042A5D
:104BD00028BF04221A6000F002FB002002B010BDC2
:104BE00013B50446134694F84920084601921A6802
:104BF00001A9042A28BF04221A6000F0F0FA00205C
:104C000002B010BD13B50446134694F84A20084676
:104C100001921A6801A9042A28BF04221A6000F030
:104C2000DEFA002002B010BD10B504460846114659
:104C300094F84B309A000B689A4228BF1A460A60D3
:104C400004F14C0100F0CBFA002010BDF8B5456C22
:104C50000E461446176875B12846F3F7E3FB01309A
:104C6000B842024628BF3A4629463046226000F044
:104C7000B6FA0020F8BD3A462946304600F0BCFAA4
:104C80002560F6E770B504460E4600F025F80546A7
:104C9000206808B1FEF76CFF48F202039E4218D06C
:104CA00048F209039E4214D048F201039E420BD100
:104CB0006B684BB104F1140204F1380152F8040B93
:104CC0008A4243F8040BF9D12046BDE8704000F059
:104CD00005B863696B60F7E7C06870470269C3682D
:104CE0001A6070470020704700207047002070470E
:104CF0000020704700207047FAF72CBD08B1F4F788
:104D00009BBF704740B1C368587810F001001EBFC8
:104D10001878B0FA80F040097047EFF31183202330
:104D200083F31288BFF36F8FFEE708B5FFF7F5FF37
:104D300010B5D0E9003433B90020E268537843F06D
:104D40000103537010BD204698470028F4D0002876
:104D5000B8BF4042FF28A8BFFF20E3681870ECE707
:104D600000F04ABA00F03BBA10B400F10C04C0E9FC
:104D7000034410BCF3F762BC07B5CDE900230A4633
:104D80000421FAF733FF03B05DF804FBC2688369BE
:104D9000134313F003030CD103614169994201D815
:104DA00000207047016901331160816902610A4482
:104DB000F3E76FF01500704790F90E308B4201D089
:104DC000FCF792BA0020704703460020C3E9003385
:104DD000C3E90200704710B5044630B1026893077A
:104DE00003D0446809B100F02DF9204610BD01231D
:104DF00007B5009300230A461946FBF793F903B061
:104E00005DF804FB5AB18A4209D300F11003C0E9EE
:104E10000212C0E90000C0E90433002070476FF0BF
:104E200015007047012302688B4022EA03030360E8
:104E300022FA01F000F00100704720B1002290300A
:104E40001146FCF76FBE704710B5FBF7CDFC041E92
:104E500008DDEFF31180202383F31288BFF36F8FF7
:104E6000FCF76CFB204610BDC0E900000020704735
:104E7000EFF30580003818BF012070476FF057002E
:104E80007047FCF709BBD0E9003213605A60002379
:104E9000C0E90033704738B504460D46FBF760FEA5
:104EA000637B43F002036373E5B1A5602B689D4209
:104EB00009D16B68C4E900531C606C6012E06A6839
:104EC0009A42F6D01B68002BF3D094F90E2093F988
:104ED0000E108A42F3D09142F1DD5A68C4E90032E3
:104EE00014605C6038BD01211838FCF77FB838B514
:104EF000054600202C68A54200D004B938BD2046E4
:104F0000FCF7A4F92046FBF7DBFF0120F2E708B528
:104F1000FDF79EF908BDFDF79BB9B3F1FF3F08BF50
:104F2000B2F1FF3F70B504461D46164613D01A4332
:104F300015D06FF001024FF0FF33921B63EB0501B8
:104F4000002904DAFDF784F9821941EB0501C4E96F
:104F50000021204670BD4FF0FF321146F7E70022D6
:104F6000FBE7B3F1FF3F08BFB2F1FF3FF8B50746DB
:104F700016461C4610D054EA020311D0FDF768F91A
:104F8000B0420A46A14103460AD2F31A64EB020476
:104F9000C7E900343846F8BD4FF0FF331C46F7E749
:104FA0000023FBE72DE9F041846805460E46ECB18D
:104FB0006378012B25D114F8533C9A0714D5A4F13A
:104FC00060073846FCF742F9082E0CBF6FF0030368
:104FD0000023E36114F8533CDB0605D154F8483C48
:104FE00013B93846FBF76CFF002323700020EB68F1
:104FF000A860C3F38632164366F39433EB60BDE8D2
:10500000F081022BF0D12378002BEDD054F8048CE2
:10501000B8F1000FE8D004F11400FDF71DF80023EB
:10502000A4F1140739464046E362FBF7DDFBDBE7FA
:105030000023C0E900008360704783680B60C36889
:105040001360704720B1011F50F8040CFAF76CBED2
:10505000704701460420FDF76DBA0139024410B5CE
:10506000904201D1002005E0037811F8014FA342DE
:1050700001D0181B10BD0130F2E7C9B20346184633
:1050800013F8012B12B18A42F9D17047002918BFD9
:105090000020704730B50A440546914201D10020F6
:1050A0000FE015F8013B11F8014BA3F1410019285D
:1050B000A4F1410098BF2033192803D82034181BCD
:1050C000EBD030BD181BFCD1002CE6D1F9E710B5B0
:1050D0000139044632B111F8013F013A00F8013BB1
:1050E000002BF7D1002100F087F8204610BD0246C2
:1050F000014410B58A42134603D01C780132002CBB
:10510000F8D1181A10BD0A7870B56AB970BD9A4204
:1051100009D10C46054614F8013F002BF6D015F8CE
:10512000016F9E42F7D001300378002BEFD1184673
:10513000ECE7F0B5C3F13707044603F01F03104650
:10514000FFB2082BE6B232D0102B3DD06508A40880
:1051500045EAC17544EA81748A082D1942EB51026F
:10516000290941EA02716D1842EB1212290A41EA3B
:1051700002616D1842EB1222290C41EA02416D18BE
:1051800042EB1242AD1842F10002EC0844EA4274CC
:10519000D10804EB8402A6EB4205EDB2092D0CD92F
:1051A0000134A5F10A0541F10001EDB212E0E40875
:1051B00006F0070544EA4174C908303554EA010293
:1051C00000F8015BBDD1F0BD240906F00F0544EAEB
:1051D00001740909092D84BFED19EDB2EDE70A4408
:1051E000431E914200D1704710B511F8014B914216
:1051F00003F8014FF9D110BD02440346934200D198
:10520000704703F8011BF9E7D1E9043293421EBF4E
:105210005A1C0A6118707047014800687047000006
:10522000C0D10020542FFF7F01000000199B000017
:1052300000000000719B000000000000B19B000016
:1052400000000000F59B000000000000299C000009
:105250000000000041C90000000000002DA5000072
:10526000F05201009DFB000000000000D1FD000095
:105270000000000051A9000004530100A533010003
:10528000185301005DAE00002C53010061A800001E
:1052900000000000E1B3000000000000BDB5000008
:1052A0000000000061BC0000DC520100F59A000023
:1052B00000000000F338010000000000AD04010010
:1052C00000000000AB32010000000000F5C4000047
:1052D00000000000D9C6000000000000D66A0100EE
:1052E0000000000060C800208CC9002004D5002008
:1052F0009A640100F85501000856010084C9002095
:1053000048D30020CC6501002C5601004456010012
:1053100088C90020A4D30020A5640100000000007B
:105320002456010086C9002000000000E06501004D
:10533000685601009C5601008AC900202CC8002034
:1053400000000000073201000000000007320100E9
:1053500000000000073201000000000007320100D9
:10536000000000000732010011CF0000FD380100ED
:1053700000000000073201000000000007320100B9
:105380002C5301003D3601000000000007320100EF
:105390000000000007320100000000000732010099
:1053A0000000000007320100000000000732010089
:1053B0000000000007320100000000000732010079
:1053C0000000000007320100000000000732010069
:1053D0000000000007320100000000000732010059
:1053E000000000000732010000000000D9B10000F9
:1053F0000000000007320100000000000732010039
:105400000000000007320100000000000732010028
:105410000000000007320100000000000732010018
:105420000000000007320100000000000732010008
:1054300000000000073201000000000007320100F8
:1054400000000000073201000000000007320100E8
:1054500000000000073201000000000007320100D8
:1054600000000000073201000000000007320100C8
:1054700000000000073201000000000007320100B8
:1054800000000000073201000000000007320100A8
:10549000D9DA0000FD3801000000000007320100E9
:1054A0000000000007320100000000000732010088
:1054B0000000000007320100000000000732010078
:1054C0000000000007320100FDD80000FD38010097
:1054D0000000000007320100000000000732010058
:1054E0000000000007320100000000000732010048
:1054F0000000000007320100000000000732010038
:105500000000000007320100000000000732010027
:105510000000000007320100000000000732010017
:105520000000000007320100000000000732010007
:1055300000000000073201000000000007320100F7
:105540000000000007320100000000000100000020
:10555000B9BD0000D5C10000FFFFFFFFFFFFFFFF47
:1055600051E50000E9F100003DF50000ED4C0100BF
:10557000F54C0100E54C01002748010081F50000D1
:10558000F14C0100E94C0100237201000001000010
:10559000000000000000000000000000000000000B
:1055A0000338FDD870470000B3300100D53001004A
:1055B00000000000ED87000080C500200000000012
:1055C0000600010002000000CC55010000000000B0
:1055D0005A61010006000000E0FF0F0068C50020CE
:1055E0006261010021000000E0FF032015A400001B
:1055F00005A50000000000009DA60000C1A5000058
:10560000793301007F33010085A500008B33010051
:105610005F3301000000000051A400000000000002
:10562000000000009133010000000000FFFFFFFFB9
:10563000002584400000000000000000001003402E
:105640000100000025AB0000B5330100C1330100AB
:10565000D5330100DF330100E9330100D9A900008F
:10566000B1A800000000000000800040020000001F
:1056700000000000785601000080004084560100C0
:10568000010000008C560100040000001B00000017
:105690000E0004001A0602000F0606006F34010017
:1056A000B5B0000023340100CF350100973401006C
:1056B000C5340100F1340100FB340100353501002F
:1056C00041350100FB340100253501004D35010055
:1056D0005B350100693501009F350100A3350100EC
:1056E00000800020E8040000E88400200020000082
:1056F00068A500200020000000000000000000005D
:10570000010000009F380100C1B4000069C2000020
:105710000B3701000F3801002D370100213801003F
:10572000C1C000000000000085C40000393801003D
:105730000537010099C3000021BE00003F3701007A
:1057400015BD000085BC0000D1BE000000000000B7
:105750000000000000000000C9E400009DEA000015
:1057600000000000854C010005F40000BDF50000BC
:105770000A6F01000F6F0100176F0100236F010016
:10578000000000020000000100000004000000080A
:1057900000000010000000000C0000006900000084
:1057A0000B000000720000008000000016000000E6
:1057B00070000000780000007F0000008000000002
:1057C0007100000068000000160000007400000076
:1057D0007300000073000000710000008C000000E6
:1057E0007A0000000D0000000B0000000B0000001C
:1057F00076000000ADBAADBAADBAADBAADBAADBAC9
:10580000ADBAADBAADBAADBAADBAADBAADBAADBA60
:10581000ADBAADBAADBAADBAADBAADBAADBAADBA50
:10582000ADBAADBAADBAADBAADBAADBAADBAADBA40
:10583000ADBAADBAADBAADBAADBAADBAADBAADBA30
:10584000ADBAADBAADBAADBAADBAADBAADBAADBA20
:10585000ADBAADBAADBAADBAADBAADBAADBAADBA10
:10586000ADBAADBAADBAADBAADBAADBAADBAADBA00
:10587000ADBAADBAADBAADBAADBAADBAADBAADBAF0
:10588000ADBAADBAADBAADBAADBAADBAADBAADBAE0
:10589000ADBAADBAADBAADBAADBAADBAADBAADBAD0
:1058A000ADBAADBAADBAADBAADBAADBAADBAADBAC0
:1058B000ADBAADBAADBAADBAADBAADBAADBAADBAB0
:1058C000ADBAADBAADBAADBAADBAADBAADBAADBAA0
:1058D000ADBAADBAADBAADBAADBAADBAADBAADBA90
:1058E000ADBAADBAADBAADBAADBAADBAADBAADBA80
:1058F000ADBAADBAADBAADBAADBAADBAADBAADBA70
:10590000ADBAADBAADBAADBAADBAADBAADBAADBA5F
:10591000ADBAADBAADBAADBAADBAADBAADBAADBA4F
:10592000ADBAADBA6F0000006F0000006F0000005C
:105930006F0000006F0000006F0000006F000000AB
:105940000B0000007A000000470000000B00000080
:105950000B0000005F000000041000000170000058
:1059600004700000FFFFFFFFFFFFFFFFFFFFFFFFCF
:10597000FFFFFFFFFFFFFFFFFFFFFFFFFFFFFFFF37
:10598000FFFFFFFF037000000270000005700000C1
:105990000670000008700000097000000A70000026
:1059A000FFFFFFFFFFFFFFFFFFFFFFFFFFFFFFFF07
:1059B000FFFFFFFFFFFFFFFFFFFFFFFFFFFFFFFFF7
:1059C000FFFFFFFFFFFFFFFF01800000104000000E
:1059D000106000001130000012300000FFFFFFFFD8
:1059E000FFFFFFFFFFFFFFFFFFFFFFFFFFFFFFFFC7
:1059F00010300000FFFFFFFFFFFFFFFFFFFFFFFF73
:105A0000FFFFFFFFFFFFFFFFFFFFFFFFFFFFFFFFA6
:105A1000FFFFFFFFFFFFFFFFFFFFFFFFFFFFFFFF96
:105A2000FFFFFFFFFFFFFFFFFFFFFFFF065000002C
:105A30002C5201002C520100945201009C52010092
:105A4000CC520100DC520100EAFF7AFFF4FF5468F7
:105A50006520415420686F73742073616D706C65AC
:105A600020737461727465640A004D6F64656D2003
:105A70006C69627261727920696E697469616C69BE
:105A80007A6174696F6E206661696C65642C20654B
:105A900072726F723A2025640A0052656164790A55
:105AA00000574553545F544F504449522F7A657004
:105AB0006879722F6C69622F686561702F68656103
:105AC000702E63006368756E6B5F7573656428681C
:105AD0002C20632900415353455254494F4E2046D0
:105AE00041494C205B25735D20402025733A256495
:105AF0000A0009756E657870656374656420686571
:105B000061702073746174652028646F75626C65C0
:105B10002D667265653F2920666F72206D656D6F19
:105B200072792061742025700A006C6566745F6369
:105B300068756E6B28682C2072696768745F63688B
:105B4000756E6B28682C20632929203D3D20630059
:105B500009636F7272757074656420686561702086
:105B6000626F756E64732028627566666572206F59
:105B7000766572666C6F773F2920666F72206D655F
:105B80006D6F72792061742025700A0028616C693C
:105B9000676E20262028616C69676E202D203129D0
:105BA00029203D3D20300009616C69676E206D75CC
:105BB0007374206265206120706F776572206F6654
:105BC00020320A006279746573203E206865617036
:105BD0005F666F6F7465725F62797465732862794E
:105BE000746573290009686561702073697A65209E
:105BF000697320746F6F20736D616C6C0A00686547
:105C000061705F737A203E206368756E6B737A28CB
:105C100073697A656F6628737472756374207A5F2E
:105C2000686561702929006368756E6B305F736900
:105C30007A65202B206D696E5F6368756E6B5F738C
:105C4000697A65286829203C3D20686561705F732A
:105C50007A00574553545F544F504449522F7A6548
:105C6000706879722F6C69622F7574696C732F6F0D
:105C70006E6F66662E63007374617465203D3D200F
:105C8000305500217379735F736C6973745F697346
:105C90005F656D70747928266D67722D3E636C693F
:105CA000656E747329007472616E73697420213D8E
:105CB000202828766F6964202A29302900737461AE
:105CC0007465203D3D202831554C203C3C20283136
:105CD0002929006D67722D3E72656673203D3D2057
:105CE00030007374617465203D3D202831554C208F
:105CF0003C3C202830292900574553545F544F50CD
:105D00004449522F7A65706879722F696E636C7599
:105D100064652F7A65706879722F7370696E6C6F25
:105D2000636B2E68007A5F7370696E5F756E6C6F5F
:105D3000636B5F76616C6964286C2900094E6F742F
:105D4000206D79207370696E6C6F636B2025700A0B
:105D5000007A5F7370696E5F6C6F636B5F76616C06
:105D60006964286C290009496E76616C6964207346
:105D700070696E6C6F636B2025700A005745535431
:105D80005F544F504449522F7A65706879722F6C76
:105D900069622F7574696C732F6E6F746966792EE2
:105DA00063002A2A2A20426F6F74696E67206E5240
:105DB0004620436F6E6E6563742053444B207632E9
:105DC0002E362E39392D61636131313137633135EA
:105DD0003465202A2A2A0A002A2A2A205573696E45
:105DE00067205A6570687972204F532076332E36BB
:105DF0002E39392D636364336432376465336361EC
:105E0000202A2A2A0A00574553545F544F504449C8
:105E1000522F7A65706879722F617263682F617290
:105E20006D2F636F72652F636F727465785F6D2F6E
:105E30006661756C742E6300212828285343425FE5
:105E400054797065202A2920282830784530303050
:105E500045303030554C29202B20307830443030BC
:105E6000554C2920292D3E434653522026202831C7
:105E7000554C203C3C20283055202B2034552929D6
:105E8000290009537461636B696E67206F72204447
:105E9000617461204163636573732056696F6C613F
:105EA00074696F6E206572726F7220776974686FA3
:105EB000757420737461636B2067756172642C2044
:105EC000757365722D6D6F6465206F72206E756CD1
:105ED0006C2D706F696E746572206465746563748F
:105EE000696F6E0A0A0065736620213D20282876B6
:105EF0006F6964202A293029000945534620636FC1
:105F0000756C64206E6F74206265207265747269AE
:105F100065766564207375636365737366756C6C11
:105F2000792E205368616C6C206E65766572206FE7
:105F3000636375722E0A00094661756C742065737F
:105F400063616C6174696F6E20776974686F7574D2
:105F50002046535220696E666F0A000948617264D8
:105F60004661756C7420776974686F757420484653
:105F7000535220696E666F205368616C6C206E65A9
:105F8000766572206F636375720A00574553545FDC
:105F9000544F504449522F7A65706879722F61725C
:105FA00063682F61726D2F636F72652F636F7274F8
:105FB00065785F6D2F6972715F6D616E6167652EC7
:105FC00063007072696F203C3D20282831554C20B9
:105FD0003C3C2028332929202D2031290009696ED5
:105FE00076616C6964207072696F726974792025BA
:105FF0006420666F722025642069727121207661A9
:106000006C756573206D757374206265206C6573A3
:1060100073207468616E20256C750A0A0057455319
:10602000545F544F504449522F7A65706879722FEB
:10603000617263682F61726D2F636F72652F6D706F
:10604000752F61726D5F6D70752E630009436F6E01
:106050006669677572696E6720257520737461744F
:106060006963204D505520726567696F6E732066B5
:1060700061696C65640A0A00094D61726B696E673B
:1060800020257520617265617320666F72206479C6
:106090006E616D696320726567696F6E73206661FA
:1060A000696C65640A0A000952657175657374202C
:1060B000746F20636F6E6669677572653A20257527
:1060C00020726567696F6E732028737570706F72C8
:1060D0007465643A202575290A0A002128726567CB
:1060E000696F6E5B6964785D2E64745F617474724D
:1060F0002026202831554C203C3C202830292929B5
:10610000000952414D5F4E4F434143484520776956
:1061100074682044545F4D454D5F434143484541B9
:10612000424C45206174747269627574650A0A0094
:10613000094661696C656420746F20616C6C6F63E3
:10614000617465204D505520726567696F6E7320CC
:1061500066726F6D2044540A0A00464C4153485FF2
:1061600030005352414D5F3000574553545F544FF8
:10617000504449522F7A65706879722F6C69622F8A
:10618000706F7369782F6F7074696F6E732F6261AF
:1061900072726965722E6300657272203D3D203017
:1061A00000574553545F544F504449522F7A6570FD
:1061B0006879722F6C69622F706F7369782F6F70B6
:1061C00074696F6E732F636F6E642E6300726574F3
:1061D000203D3D203000574553545F544F504449B3
:1061E000522F7A65706879722F6C69622F706F73A5
:1061F00069782F6F7074696F6E732F6D7574657821
:106200002E6300574553545F544F504449522F7AE0
:1062100065706879722F696E636C7564652F7A6535
:10622000706879722F6E65742F6E65745F636F6E20
:10623000746578742E6800636F6E746578740009F5
:106240000A00574553545F544F504449522F7A65C2
:10625000706879722F7375627379732F6E65742FFE
:106260006C69622F736F636B6574732F736F636BED
:106270006574732E6300736F636B5F66616D696C29
:10628000792D3E69735F737570706F727465640009
:10629000736F636B5F66616D696C79203C3D205F55
:1062A0006E65745F736F636B65745F726567697346
:1062B0007465725F6C6973745F656E640009756EF6
:1062C0006578706563746564206C69737420656EAD
:1062D00064206C6F636174696F6E0A005745535494
:1062E0005F544F504449522F7A65706879722F730A
:1062F00075627379732F6E65742F6C69622F736F7B
:10630000636B6574732F736F636B65745F6F666621
:106310006C6F61642E63006F707300646E735F6FE7
:1063200066666C6F6164203D3D202828766F696445
:10633000202A29302900574553545F544F5044496F
:10634000522F7A65706879722F696E636C75646517
:106350002F7A65706879722F6E65742F6E65745F21
:1063600069662E68006966616365006966616365D8
:106370002D3E69665F64657600574553545F544F00
:10638000504449522F7A65706879722F7375627321
:1063900079732F6E65742F69702F6E65745F6966EF
:1063A0002E63006E65745F69665F6765745F6C6914
:1063B0006E6B5F61646472286966616365292D3E56
:1063C0006164647220213D202828766F6964202A48
:1063D000293029006966616365203C3D205F6E6558
:1063E000745F69665F6C6973745F656E640069668B
:1063F0006163655F636865636B203C3D205F6E652C
:10640000745F69665F6C6973745F656E6400776C56
:10641000616E2564006E6574256400636F756E742B
:106420005F6966203D3D2069665F636F756E74002D
:10643000574553545F544F504449522F7A65706802
:1064400079722F647269766572732F636C6F636BF8
:106450005F636F6E74726F6C2F636C6F636B5F63DF
:106460006F6E74726F6C5F6E72662E6300747970FB
:1064700065203C20434C4F434B5F434F4E54524F9B
:106480004C5F4E52465F545950455F434F554E54F2
:1064900000657272203E3D203000636C6F636B407C
:1064A00035303030007073612D726E670057455380
:1064B000545F544F504449522F7A65706879722F57
:1064C000696E636C7564652F7A65706879722F6484
:1064D0007269766572732F6770696F2F6770696F65
:1064E0005F7574696C732E680063616C6C626163C4
:1064F0006B00094E6F2063616C6C6261636B210AF3
:106500000063616C6C6261636B2D3E68616E646CEC
:10651000657200094E6F2063616C6C6261636B2071
:1065200068616E646C6572210A00574553545F546C
:106530004F504449522F6D6F64756C65732F6861BD
:106540006C2F6E6F726469632F6E7266782F68614C
:106550006C2F6E72665F6770696F2E68006E726670
:106560005F6770696F5F70696E5F70726573656E8B
:10657000745F636865636B282A705F70696E2900B9
:1065800063622D3E68616E646C65720057455354BA
:106590005F544F504449522F7A65706879722F6466
:1065A0007269766572732F6770696F2F6770696F94
:1065B0005F6E7266782E6300657272203D3D204EDC
:1065C0005246585F53554343455353006770696FB4
:1065D000403834323530300000010203040506072C
:1065E00075617274403830303000574553545F54F1
:1065F0004F504449522F6E72662F6C69622F6E7233
:10660000665F6D6F64656D5F6C69622F6E72665F49
:106610006D6F64656D5F6C69622E630065203C3D43
:10662000205F6E72665F6D6F64656D5F6C69625F3F
:106630006466755F63625F6C6973745F656E640046
:1066400065203C3D205F6E72665F6D6F64656D5FB7
:106650006C69625F696E69745F63625F6C697374B1
:106660005F656E6400574553545F544F5044495220
:106670002F6E72662F6C69622F6E72665F6D6F642B
:10668000656D5F6C69622F6E72665F6D6F64656DBC
:106690005F6F732E63006572725F636F6465203E87
:1066A00020300009547269656420746F207365742A
:1066B000206E65676174697665206572726F7220FD
:1066C000636F64652C2025640A0075736564203C43
:1066D000203700094E6F7420656E6F7567682073F0
:1066E000656D6170686F72657320696E20676C7587
:1066F00065206C617965720A0028282873747275A8
:106700006374206B5F73656D202A2973656D292082
:10671000262620282875696E747074725F7429208B
:10672000286E72665F6D6F64656D5F6F735F736512
:106730006D732929203C3D20282875696E7470747A
:10674000725F7429202828737472756374206B5FDC
:1067500073656D202A2973656D2929202626202836
:106760002875696E747074725F7429202828737498
:1067700072756374206B5F73656D202A2973656D74
:106780002929203C20282875696E747074725F7402
:1067900029202826286E72665F6D6F64656D5F6FB5
:1067A000735F73656D73295B282873697A655F74FD
:1067B0002920282828696E74292073697A656F66F4
:1067C00028636861725B31202D2032202A20212825
:1067D000215F5F6275696C74696E5F74797065734F
:1067E0005F636F6D70617469626C655F70285F5F75
:1067F000747970656F665F5F286E72665F6D6F6437
:10680000656D5F6F735F73656D73292C205F5F74B7
:106810007970656F665F5F2826286E72665F6D6FA0
:1068200064656D5F6F735F73656D73295B305D29A0
:1068300029295D29202D203129202B202873697AD0
:10684000656F66286E72665F6D6F64656D5F6F73EE
:106850005F73656D7329202F2073697A656F6628D1
:10686000286E72665F6D6F64656D5F6F735F7365D1
:106870006D73295B305D292929295D2929290009A2
:10688000556E696E697469616C69736564207365BE
:106890006D6170686F72650A0075736564203C20D5
:1068A0003100094E6F7420656E6F756768206D75D5
:1068B000746578657320696E20676C7565206C61FE
:1068C0007965720A00282828737472756374206BC6
:1068D0005F6D75746578202A296D75746578292037
:1068E000262620282875696E747074725F742920BA
:1068F000286E72665F6D6F64656D5F6F735F6D7537
:1069000074657865732929203C3D20282875696EB7
:10691000747074725F74292028287374727563749C
:10692000206B5F6D75746578202A296D75746578A4
:10693000292920262620282875696E747074725FB4
:106940007429202828737472756374206B5F6D75C9
:10695000746578202A296D757465782929203C2072
:10696000282875696E747074725F7429202826282F
:106970006E72665F6D6F64656D5F6F735F6D75746A
:1069800065786573295B282873697A655F742920A7
:10699000282828696E74292073697A656F662863D0
:1069A0006861725B31202D2032202A202128215F4E
:1069B0005F6275696C74696E5F74797065735F632B
:1069C0006F6D70617469626C655F70285F5F747968
:1069D00070656F665F5F286E72665F6D6F64656D70
:1069E0005F6F735F6D757465786573292C205F5FC9
:1069F000747970656F665F5F2826286E72665F6DBA
:106A00006F64656D5F6F735F6D757465786573290D
:106A10005B305D2929295D29202D203129202B205B
:106A20002873697A656F66286E72665F6D6F64653C
:106A30006D5F6F735F6D75746578657329202F20A6
:106A400073697A656F6628286E72665F6D6F64651C
:106A50006D5F6F735F6D757465786573295B305D0D
:106A6000292929295D2929290009556E696E69742A
:106A700069616C69736564206D757465780A005787
:106A80004553545F544F504449522F6E72662F6CD9
:106A900069622F6E72665F6D6F64656D5F6C6962AF
:106AA0002F6366756E5F686F6F6B732E6300652072
:106AB0003C3D205F6E72665F6D6F64656D5F6C69F3
:106AC000625F61745F6366756E5F63625F6C69735A
:106AD000745F656E64006E726639315F736F636BED
:106AE000657400574553545F544F504449522F6EBC
:106AF00072662F6C69622F61745F6D6F6E69746F5F
:106B0000722F61745F6D6F6E69746F722E630065B2
:106B1000203C3D205F61745F6D6F6E69746F725FC2
:106B2000656E7472795F6C6973745F656E64006E14
:106B30006F74696620213D202828766F6964202AB9
:106B40002930290061745F6E6F74696600094E6FA9
:106B5000206865617020737061636520666F7220C4
:106B6000696E636F6D696E67206E6F7469666963C5
:106B70006174696F6E3A2025730A002573004154D1
:106B80002558434F4558303D312C312C3135363561
:106B90002C3135383600574553545F544F504449D3
:106BA000522F6E72662F6D6F64756C65732F7472E1
:106BB00075737465642D6669726D776172652D6D8C
:106BC0002F6661756C742E6300675F636F6E74650A
:106BD00078742E76616C696400094E6F6E2D736552
:106BE000637572652063616C6C6261636B207769A9
:106BF00074686F75742076616C696420636F6E745D
:106C00006578740A00574553545F544F50444952B5
:106C10002F6D6F64756C65732F68616C2F6E6F726A
:106C20006469632F6E7266782F68616C2F6E72666E
:106C30005F647070692E68006368616E6E656C20B9
:106C40003C206E72665F647070695F6368616E6E2F
:106C5000656C5F6E756D6265725F67657428705FE5
:106C60007265672900574553545F544F5044495249
:106C70002F6D6F64756C65732F68616C2F6E6F720A
:106C80006469632F6E7266782F68656C70657273C5
:106C90002F6E7266785F677070695F647070692EBE
:106CA00063006565700074657000574553545F5408
:106CB0004F504449522F6D6F64756C65732F686136
:106CC0006C2F6E6F726469632F6E7266782F6472B8
:106CD00069766572732F7372632F6E7266785F6365
:106CE0006C6F636B2E6300574553545F544F504491
:106CF00049522F6D6F64756C65732F68616C2F6ED0
:106D00006F726469632F6E7266782F68616C2F6E84
:106D100072665F636C6F636B2E68006D5F636C6F90
:106D2000636B5F63622E6D6F64756C655F696E691E
:106D30007469616C697A656400574553545F544FB8
:106D4000504449522F6D6F64756C65732F68616C88
:106D50002F6E6F726469632F6E7266782F68616C34
:106D60002F6E72665F6770696F74652E6800696E5A
:106D7000646578203C203800574553545F544F5089
:106D80004449522F6D6F64756C65732F68616C2F69
:106D90006E6F726469632F6E7266782F64726976A3
:106DA0006572732F7372632F6E7266785F67706996
:106DB0006F74652E63006E7266795F6770696F5FCE
:106DC00070696E5F70726573656E745F636865632A
:106DD0006B2870696E290070696E5F69735F696EF8
:106DE00070757428705F696E7374616E63652C20B2
:106DF00070696E290070696E5F6861735F74726993
:106E00006767657228705F696E7374616E63652C65
:106E10002070696E2900705F6368616E6E656C003A
:106E2000705F696E7374616E63652D3E705F72652D
:106E300067203D3D2028284E52465F4750494F5419
:106E4000455F547970652A292030783430303331E9
:106E5000303030554C2900696E745F656E61626C2C
:106E60006500574553545F544F504449522F6D6F3E
:106E700064756C65732F68616C2F6E6F72646963E3
:106E80002F6E7266782F647269766572732F7372D3
:106E9000632F6E7266785F6970632E6300705F6344
:106EA0006F6E666967006D5F63622E7374617465EF
:106EB000203D3D204E5246585F4452565F53544148
:106EC00054455F494E495449414C495A454400573D
:106ED0004553545F544F504449522F6D6F64756C45
:106EE00065732F68616C2F6E6F726469632F6E72A9
:106EF00066782F68616C2F6E72665F6970632E68AA
:106F00000041542B4346554E3D004F4B0D0A004562
:106F100052524F520D0A002B434D45204552524FBD
:106F2000523A002B434D53204552524F523A007073
:106F3000646E0000010205574553545F544F50449E
:106F400049522F7A65706879722F6B65726E656C25
:106F50002F6465766963652E6300646576203C3D29
:106F6000205F6465766963655F6C6973745F656EE5
:106F70006400574553545F544F504449522F7A652B
:106F8000706879722F6B65726E656C2F66617461C3
:106F90006C2E6300726561736F6E20213D204B5F24
:106FA0004552525F4B45524E454C5F50414E49430E
:106FB0000009417474656D7074656420746F20728B
:106FC00065636F7665722066726F6D2061206B65F8
:106FD000726E656C2070616E696320636F6E6469A8
:106FE00074696F6E0A00574553545F544F504449BB
:106FF000522F7A65706879722F6B65726E656C2F8F
:10700000696E69742E63007468726561645F64619F
:107010007461203C3D205F5F7374617469635F74C9
:1070200068726561645F646174615F6C6973745FE9
:10703000656E64006D61696E00574553545F544F2F
:10704000504449522F7A65706879722F6B65726E61
:10705000656C2F6B686561702E63006865617020D8
:107060003C3D205F6B5F686561705F6C6973745F46
:10707000656E640021617263685F69735F696E5F4A
:107080006973722829207C7C20282874696D656FBB
:107090007574292E7469636B73203D3D2028282860
:1070A0006B5F74696D656F75745F7429207B307DCB
:1070B00029292E7469636B732900574553545F5413
:1070C0004F504449522F7A65706879722F6B657200
:1070D0006E656C2F6D656D5F736C61622E630073FE
:1070E0006C6162203C3D205F6B5F6D656D5F736C12
:1070F00061625F6C6973745F656E640057455354D9
:107100005F544F504449522F7A65706879722F6BE3
:1071100065726E656C2F69646C652E63005F6B65CC
:10712000726E656C2E637075735B305D2E63757265
:1071300072656E742D3E626173652E7072696F2088
:107140003E3D203000574553545F544F5044495200
:107150002F7A65706879722F6B65726E656C2F6D12
:10716000757465782E630021617263685F69735F6F
:10717000696E5F697372282900096D757465786599
:10718000732063616E6E6F74206265207573656431
:1071900020696E7369646520495352730A006D75E6
:1071A0007465782D3E6C6F636B5F636F756E7420D2
:1071B0003E20305500574553545F544F5044495278
:1071C0002F7A65706879722F6B65726E656C2F739C
:1071D000656D2E63002828617263685F69735F695B
:1071E0006E5F6973722829203D3D203029207C7C08
:1071F00020282874696D656F7574292E7469636B16
:1072000073203D3D202828286B5F74696D656F757C
:10721000745F7429207B307D29292E7469636B7318
:10722000292900737973776F726B71005745535436
:107230005F544F504449522F7A65706879722F6BB2
:1072400065726E656C2F776F726B2E6300776F724D
:107250006B2D3E717565756520213D202828766F60
:107260006964202A29302900776F726B20213D2024
:107270002828766F6964202A29302900776F726B7D
:107280002D3E68616E646C657220213D2028287651
:107290006F6964202A29302900717565756500734E
:1072A0007461636B0021666C61675F746573742839
:1072B0002671756575652D3E666C6167732C204B74
:1072C0005F574F524B5F51554555455F535441529F
:1072D0005445445F4249542900574553545F544F25
:1072E000504449522F7A65706879722F6B65726EBF
:1072F000656C2F7468726561642E630028282828E5
:107300007072696F2929203D3D20313520262620C5
:107310007A5F69735F69646C655F746872656164E4
:107320005F656E7472792828656E747279292929CF
:10733000207C7C202828283135202D203129203E12
:107340003D2028282D3136292929202626202828A5
:107350007072696F2929203E3D2028282D31362959
:10736000292026262028287072696F2929203C3D73
:1073700020283135202D20312929290009696E76F0
:10738000616C6964207072696F7269747920282554
:1073900064293B20616C6C6F7765642072616E6755
:1073A000653A20256420746F2025640A000954681A
:1073B0007265616473206D6179206E6F74206265FF
:1073C000206372656174656420696E20495352734D
:1073D0000A00574553545F544F504449522F7A6521
:1073E000706879722F6B65726E656C2F696E636C55
:1073F0007564652F6B7468726561642E68005F6BDD
:1074000065726E656C2E637075735B305D2E63758F
:107410007272656E7420213D202828766F69642081
:107420002A29302900574553545F544F504449523C
:107430002F7A65706879722F6B65726E656C2F7329
:10744000636865642E6300217A5F69735F69646CA9
:10745000655F7468726561645F6F626A65637428F2
:1074600074687265616429007468726561642D3E98
:10747000626173652E70656E6465645F6F6E002176
:107480007465726D696E617465000961626F727412
:107490006564205F63757272656E74206261636BF0
:1074A0002066726F6D20646561640A0073697A6595
:1074B0006F66285F73636865645F7370696E6C6F75
:1074C000636B29203D3D2030207C7C206C6F636BFA
:1074D00020213D20265F73636865645F7370696E69
:1074E0006C6F636B00574553545F544F504449527F
:1074F0002F7A65706879722F6B65726E656C2F6973
:107500006E636C7564652F6B73636865642E6800C9
:107510005F6B65726E656C2E637075735B305D2E8C
:1075200063757272656E742D3E626173652E73634E
:107530006865645F6C6F636B656420213D20315525
:10754000005F6B65726E656C2E637075735B305D8A
:107550002E63757272656E742D3E626173652E7353
:10756000636865645F6C6F636B656420213D2030E8
:107570005500217A5F69735F7468726561645F7337
:10758000746174655F736574285F6B65726E656C9A
:107590002E637075735B305D2E63757272656E74E9
:1075A0002C20282831554C203C3C202834292929DE
:1075B00029000961626F7274696E67206573736573
:1075C0006E7469616C207468726561642025700A4C
:1075D00000574553545F544F504449522F7A6570B9
:1075E0006879722F6B65726E656C2F74696D657347
:1075F0006C6963696E672E6300282874696D656F16
:1076000075742920262620282875696E7470747276
:107610005F74292028736C6963655F74696D656F99
:107620007574732929203C3D20282875696E747073
:1076300074725F7429202874696D656F75742929C7
:1076400020262620282875696E747074725F74294C
:10765000202874696D656F75742929203C202828BD
:1076600075696E747074725F742920282628736C93
:107670006963655F74696D656F757473295B28282C
:1076800073697A655F742920282828696E74292017
:1076900073697A656F6628636861725B31202D209B
:1076A00032202A202128215F5F6275696C74696E1F
:1076B0005F74797065735F636F6D70617469626C1C
:1076C000655F70285F5F747970656F665F5F2873B0
:1076D0006C6963655F74696D656F757473292C20BF
:1076E0005F5F747970656F665F5F282628736C69C9
:1076F00063655F74696D656F757473295B305D29AF
:1077000029295D29202D203129202B202873697AF1
:10771000656F6628736C6963655F74696D656F7505
:10772000747329202F2073697A656F662828736C1B
:107730006963655F74696D656F757473295B305D2E
:10774000292929295D292920262620282828756904
:107750006E747074725F7429202874696D656F751A
:10776000742929202D20282875696E747074725F21
:1077700074292028736C6963655F74696D656F7522
:10778000747329292920252073697A656F66282852
:10779000736C6963655F74696D656F757473295B7C
:1077A000305D29203D3D20302900574553545F541A
:1077B0004F504449522F7A65706879722F6B657209
:1077C0006E656C2F74696D656F75742E630021731F
:1077D00079735F646E6F64655F69735F6C696E6B0C
:1077E00065642826746F2D3E6E6F646529005745C9
:1077F00053545F544F504449522F7A6570687972E0
:107800002F6B65726E656C2F706F6C6C2E630065EC
:1078100076656E742D3E73656D20213D2028287697
:107820006F6964202A2930290009696E76616C69C4
:10783000642073656D6170686F72650A0A00657611
:10784000656E742D3E717565756520213D20282873
:10785000766F6964202A2930290009696E76616C87
:1078600069642071756575650A0A006576656E74D0
:107870002D3E7369676E616C20213D202828766F4C
:107880006964202A2930290009696E76616C69646F
:1078900020706F6C6C207369676E616C0A0A0065FA
:1078A00076656E742D3E6D73677120213D2028280A
:1078B000766F6964202A2930290009696E76616C27
:1078C0006964206D657373616765207175657565A1
:1078D0000A0A0009696E76616C6964206576656ED6
:1078E0007420747970650A0A006D6F6465203D3DEF
:1078F000204B5F504F4C4C5F4D4F44455F4E4F54B3
:107900004946595F4F4E4C5900096F6E6C79204EB5
:107910004F544946595F4F4E4C59206D6F64652056
:10792000697320737570706F727465640A0A0074ED
:10793000797065203C20282831554C203C3C20287B
:107940005F504F4C4C5F4E554D5F54595045532935
:1079500029290009696E76616C6964207479706503
:107960000A0A006F626A20213D202828766F696428
:10797000202A29302900096D7573742070726F7682
:1079800069646520616E206F626A6563740A0A002B
:10799000574553545F544F504449522F7A6570688D
:1079A00079722F6B65726E656C2F6D656D706F6F80
:1079B0006C2E6300616C69676E203D3D2030207C39
:1079C0007C20282875696E747074725F74296D65E7
:1079D0006D20262028616C69676E202D20312929B1
:1079E000203D3D203000096D6973616C69676E65EB
:1079F00064206D656D6F7279206174202570202878
:107A0000616C69676E203D20257A75290A00616CDA
:107A100069676E202F2073697A656F6628766F69B3
:107A200064202A29203E3D20312026262028616C12
:107A300069676E20252073697A656F6628766F699D
:107A400064202A2929203D3D20300009616C6967A6
:107A50006E206D7573742062652061206D756C7485
:107A600069706C65206F662073697A656F66287629
:107A70006F6964202A290A00286E756C6C29002A17
:107A8000666C6F61742A0000C5BA00000000000037
:107A900005C9000000000000FFFFFFFFFFFFFFFF20
:107AA000FFFFFFFFFFFFFFFFFFFFFFFFFFFFFFFFE6
:107AB0009530010000000000A85501000100000001
:107AC00090C5002090C500200000000000000000CC
:107AD0000E000000A4C50020A4C500200000000086
:107AE000A855010001000000B8C50020B8C500205D
:107AF00000000000000000000E000000CCC50020C7
:107B0000CCC5002000000000A855010001000000C5
:107B1000E0C50020E0C500200000000000000000DB
:107B20000E000000F4C50020F4C500200000000095
:107B30000000000000000000000000000000000045
:107B40000000000000000000000000000000000035
:107B50000000000000000000000000000000000025
:107B60000000000000000000000000000000000015
:107B70000000000000000000000000000000000005
:107B800000000000000000000000000000000000F5
:107B900000000000000000000000000000000000E5
:107BA00000000000000000000000000000000000D5
:107BB00000000000000000000000000000000000C5
:107BC00000000000000000000000000000000000B5
:107BD00000000000000000000000000000000000A5
:107BE0000000000000000000000000000000000095
:107BF0000000000000000000000000000000000085
:107C00000000000000000000000000000000000074
:107C10000000000000000000000000000000000064
:107C20000000000000000000000000000000000054
:107C30000000000000000000000000000000000044
:107C40000000000000000000000000000000000034
:107C50000000000000000000000000000000000024
:107C60000000000000000000000000000000000014
:107C70000000000000000000000000000000000004
:107C800000000000000000000000000000000000F4
:107C900000000000000000000000000000000000E4
:107CA00000000000000000000000000000000000D4
:107CB00000000000000000000000000000000000C4
:107CC00000000000000000000000000000000000B4
:107CD00000000000000000000000000000000000A4
:107CE0000000000000000000000000000000000094
:107CF0000000000000000000000000000000000084
:107D00000000000000000000000000000000000073
:107D10000000000000000000000000000000000063
:107D20000000000000000000000000000000000053
:107D30000000000000000000A1320100000000006F
:107D40000000000014C8002014C800201CC8002037
:107D50001CC8002024C8002024C800200000000007
:107D600000C20100000103004CC800200000000018
:107D7000B4DA0020B3DA00200000000000000000A8
:107D800000000000B5DA0020200000000000000024
:107D900059C0000001370100000000000000000091
:107DA00005C500000000000000000000FFFF00000B
:107DB00000000000000000000000000000000000C3
:107DC00000000000000000000000000000000000B3
:107DD00000000000000000000000000000000000A3
:107DE0000000000000000000000000000000000093
:107DF0000000000000000000000000000000000083
:107E000008000000FF00000000000000010000006A
:107E10000000000000000000000000000000000062
:107E20000000000000000000000000000000000052
:107E30000000000000000000000000000000000042
:107E40000000000000000000000000000000000032
:107E50000000000000000000000000000000000022
:107E60000000000008000000FF000000000000000B
:107E70000100000000000000CDDD0000CDDB0000AF
:107E8000F1DD0000D9DB0000D5E000005DDE000080
:107E90009DE00000D93A0100D33A0100CD3A01003B
:107EA00070C9002070C9002000000000A138010046
:107EB0000000000000000000000000000000FFFFC4
:107EC00000000000B00E0120004000000000000093
:107ED00000000000000000000000000070EF002023
:107EE0000002000000000000000000000000000090
:107EF000C0C90020C0C90020000000000000000030
:107F00000E000000D4C90020D4C9002000000000E9
:107F1000000000000E000000E8C90020E8C90020B1
:107F200000000000000000000E000000FCC900205E
:107F3000FCC9002000000000000000000E0000004E
:107F400010CA002010CA002000000000000000003D
:107F50000E00000024CA002024CA002000000000F7
:107F6000000000000E000000000000000000000003
:107F70000000000044CA002044CA00204CCA00206F
:107F80004CCA002090CA0020000000000000000041
:107F900000000000000000000000000000000000E1
:107FA00000000000000000000000000000000000D1
:107FB00000000000000000000000000000000000C1
:107FC000DC520100B4CA00200000000000020000E2
:107FD000000000000000000000050000000000009C
:107FE000000000000000000000000000399D0000BB
:087FF0000000000015E015E09F
:00000001FF
