:020000040000FA
:1000000020F70020990A0000FF4D0000850A00003B
:10001000850A0000850A0000850A0000850A0000A4
:10002000000000000000000000000000610B000064
:10003000850A000000000000850A0000850A000013
:10004000C10C0000C10C0000C10C0000C10C00007C
:10005000C10C0000C10C0000C10C0000C10C00006C
:10006000C10C0000C10C0000C10C0000C10C00005C
:10007000C10C0000C10C0000C10C0000C10C00004C
:10008000C10C0000C10C0000C10C0000C10C00003C
:10009000C10C0000C10C0000C10C0000C10C00002C
:1000A000C10C0000C10C0000C10C0000C10C00001C
:1000B000C10C0000C10C0000C10C0000C10C00000C
:1000C000C10C0000C10C0000C10C0000C10C0000FC
:1000D000C10C0000C10C0000C10C0000C10C0000EC
:1000E000C10C0000C10C0000C10C0000C10C0000DC
:1000F000C10C0000C10C0000C10C0000C10C0000CC
:10010000C10C0000C10C0000C10C0000C10C0000BB
:10011000C10C0000C10C0000C10C0000C10C0000AB
:10012000C10C0000C10C0000C10C0000C10C00009B
:10013000C10C0000C10C0000C10C0000C10C00008B
:10014000C10C0000000000000000000000000000E2
:10015000000000000000000000000000000000009F
:10016000000000000000000000000000000000008F
:10017000000000000000000000000000000000007F
:10018000000000000000000000000000000000006F
:10019000000000000000000000000000000000005F
:1001A000000000000000000000000000000000004F
:1001B000000000000000000000000000000000003F
:1001C000000000000000000000000000000000002F
:1001D000000000000000000000000000000000001F
:1001E000000000000000000000000000000000000F
:1001F00000000000000000000000000000000000FF
:10020000DEE61E284CBBCE8F025B0000EC00000037
:10021000E66A00000100000000000000000000008D
:10022000FFFF02910000000000000000000000003D
:10023000000000000500000000000000DEE61E28AF
:10024000EAAC45B8025B000020000000031000008B
:10025000010000000100000041510000DEE61E2800
:10026000EAAC45B8025B000030000000021000005C
:10027000000000000100000019160000FD51000000
:10028000035200007550000074000000DEE61E28D6
:10029000EAAC45B8025B000020000000011000003D
:1002A00002000000010000000B510000DEE61E28E5
:1002B000EAAC45B8025B000020000000011100001C
:1002C00003000000010000008D520000DEE61E2841
:1002D000EAAC45B8025B00002000000000120000FC
:1002E00000000000010000003D1B000053B94AB9A6
:1002F000002908BF00281CBF4FF0FF314FF0FF302E
:1003000000F00CB8ADF1080C6DE904CE00F036F841
:10031000DDF804E0DDE9022304B07047704700BF58
:1003200030B44FF0000310F8014B11F8015B013AB3
:1003300084EA050443EA0403F5D1A3F101034FEA7B
:10034000D37030BC704700BF4FF0000310F8012B92
:10035000013943EA0203F9D1A3F101034FEAD37053
:10036000704700BF30B411F8014B12F8015B6C40CC
:1003700000F8014B013BF6D130BC70472DE9F04746
:1003800086468C460846089E154674461946002B3C
:1003900040F0C1808542B2FA82F245D94AB1C2F139
:1003A000200300FA02FC954094402EFA03F343EA3E
:1003B0000C0C4FEA154EA8B2230CBCFBFEF80EFB4A
:1003C00018CC08FB00F943EA0C43994528D9EB18EF
:1003D00008F1FF3704D2994502D9A8F102072B444E
:1003E000A3EB0903A4B2B3FBFEFC0EFB1C330CFB16
:1003F00000F044EA0344A04214D92C190CF1FF3355
:1004000004D2A04202D9ACF102032C44241A43EADC
:1004100007401EB1D440002334607360BDE8F0870C
:100420004746DDE76346F1E792BB431B01214FEAF4
:10043000154EAFB2200CB3FBFEFC0EFB1C330CFBC5
:1004400007F840EA0343984561D9EB180CF1FF30F7
:1004500004D2984502D9ACF102002B44A3EB080367
:10046000A4B2B3FBFEFC0EFB1C330CFB07F744EA03
:100470000344A7424DD92C190CF1FF3304D2A742F3
:1004800002D9ACF102032C44E41B43EA0040C0E76C
:10049000C2F120039540944020FA03F12EFA03F3B1
:1004A0004FEA154E9040AFB20343B1FBFEFC0EFB8A
:1004B0001C10190C0CFB07F841EA0041884522D9B1
:1004C00069180CF1FF3004D2884502D9ACF1020062
:1004D0002944A1EB08019BB2B1FBFEFC0EFB1C11F1
:1004E0000CFB07F743EA01439F420ED9EB180CF1CE
:1004F000FF3104D29F4202D9ACF102012B44DB1B35
:1005000041EA004193E76046E3E76146F7E760466A
:10051000A4E76346B8E7834206D916B90021084626
:100520007CE7C6E900E0F9E7B3FA83F78FB98342C5
:1005300001D3724508D8BEEB020460EB030301202F
:100540009C461EB9002169E73846FAE7C6E9004C27
:10055000F8E7C7F1200CBB400EFA07F522FA0CF4BD
:100560002EFA0CF1BA401C4320FA0CF3B8404FEAC3
:10057000144901431FFA84FEB3FBF9F809FB183054
:100580000B0C08FB0EFA43EA00439A4540D9E318E6
:1005900008F1FF3004D29A4502D9A8F102002344A1
:1005A000A3EB0A0389B2B3FBF9F809FB183308FB84
:1005B0000EFE41EA03418E452CD9611808F1FF3344
:1005C00004D28E4502D9A8F10203214443EA004037
:1005D000A1EB0E01A0FB02984145CE46434602D353
:1005E00006D14D4504D20138B9EB020E68EB040385
:1005F000002EA7D0B5EB0E0261EB030101FA0CFC53
:1006000022FA07F3F9404CEA0303C6E9003199E7FF
:100610004046C5E74346D9E72DE9F04307460026A3
:1006200085B0DFF83490DFF8348001AD59F8044B21
:1006300098E807003C4485E807000C22294620463C
:1006400004F0BDFF00B91CB90136052EEED100241F
:10065000204605B0BDE8F083985F0000B05C000064
:1006600037B504461E480D4604F09DFB2CB91D48C5
:1006700003B0BDE8304004F096BBA1691A4804F00D
:1006800092FB2146A06904F00FFE40B9174804F020
:100690008AFB204603B0BDE8304001F00DBB144892
:1006A000616904F080FB0DF1060004F0DDFD40B14E
:1006B000104804F078FB104804F075FB0023ADF8F7
:1006C00006306069BDF80630984203D9294680B2E9
:1006D00000F0D2FF204600F0D9FE03B030BD00BFCD
:1006E000AC620000CA620000E56200000D63000019
:1006F0003D630000536300007B63000070B54FF45E
:100700000041002000F070FE064620B1134804F0BE
:100710004AFB002070BD01F069F9044601F06CF954
:1007200005462046FFF778FF04462846FFF774FF8A
:10073000054618B1626943699A4209D300212046EF
:10074000FFF78EFF01212846FFF78AFF0448DEE706
:100750000121FFF785FF31462046F5E7BE63000023
:10076000EC630000014B1B68184700BF68E50020E0
:1007700030B585B004460D4610220021684605F0CC
:100780007FF802238DF80230044B2A462146684642
:10079000019303F0B5F905B030BD00BF6507000057
:1007A000014B1860704700BF68E5002008B54FF0A6
:1007B0002002EFF3118382F31288BFF36F8F00F0F2
:1007C0009BF9034804F0EFFA00F060FAFCE700BF81
:1007D0001664000008B5044804F0E5FABDE80840D6
:1007E000024804F0E0BA00BF3F64000075640000F6
:1007F000014802F07DBF00BFAC5F000030BFFFF7D3
:10080000FDBF00BF704700BF154B9A6A12F0007F12
:100810009A6A14BF1E201D2012F0807F9A6A18BFAA
:100820001F2012F4801F9A6A18BF022012F4002FB2
:100830009A6A18BF212012F4802F9A6A18BF2220CA
:1008400012F4003F9A6A18BF232012F4803F9A6A7C
:1008500018BF24206FEA02426FEA12429A62704780
:1008600000ED00E010B5194B0246986A9C6A10F43E
:10087000805F14BF1720162014F4006F9C6A18BF05
:100880001820A40509D5986B986A000404D51AB1FC
:100890009A6A22F400429A6219200C4B9A6A12F466
:1008A000806F9A6A18BF1A20D2050CD49B6A13F481
:1008B000005F18BF1C20054A936A43F47F4393628C
:1008C00000230B7010BD1B20F5E700BF00ED00E01A
:1008D00010B51C4B0246986A9C6A10F0100F14BFAA
:1008E0001120102014F0080F9C6A18BF1220A407D2
:1008F00009D5586B986A000604D51AB19A6A22F095
:1009000080029A6213200F4B9A6A12F0010F9A6AC2
:1009100018BF142012F0200F9A6A18BF1520D406B1
:1009200058BF9B6A074B9A6A920642BF5A6A22F4E2
:1009300000525A629A6A42F0FF029A6200230B70D8
:1009400010BD00BF00ED00E0F0B5474B04465B680A
:1009500000258BB0C3F3080385F31188BFF36F8FB5
:1009600002F07F40B0F17F4F11D102F00C00082857
:100970000DD010074CBF0C4601250022033B8DF81B
:100980000720032B05D8DFE803F02462665F2C46BE
:10099000F3E700239DF80720CAB902AE04F120074F
:1009A000324620686168083403C2BC421646F7D15B
:1009B000099A002D53D0C2F3080121B96FEA5222DF
:1009C0006FEA42220992184602A904F012FA0BB00B
:1009D000F0BD254BDA6A9107DBD4DA6A002AD8DB4E
:1009E000DA6A5200D5D55A69A16942F480725A6117
:1009F000BFF34F8FBFF36F8F5A6931F8021C22F497
:100A000080725A61BFF34F8FBFF36F8F4DF6027242
:100A1000914209D09A6AD2B242B101200DF1070188
:100A2000FFF756FF0346B5E72368B3E79A6A12F467
:100A30007F4F05D001200DF10701FFF713FFF1E70C
:100A40009B6AB3F5803FA4D3FFF7DEFEEAE7002000
:100A50000DF10701E4E700200DF10701EDE722F4B5
:100A6000FF7222F00102ADE700ED00E0044B5A698D
:100A700042F010025A615A6942F480625A6170472A
:100A800000ED00E0EFF30880EFF3098101B5724655
:100A9000FFF75AFF01BD00BF002080F31488BFF3A9
:100AA0006F8F002080F30A8880F30B8801F050F9E3
:100AB00000200E490860BFF34F8F0D4880F308886F
:100AC00000F02CF8202080F311880A484FF40061D0
:100AD000401880F30988EFF314800221084380F363
:100AE0001488BFF36F8F00F07DF8000094ED00E0F4
:100AF00020F7002020E70020BFF34F8F0549064B69
:100B0000CA6802F4E0621343CB60BFF34F8F00BFAB
:100B1000FDE700BF00ED00E00400FA0572B6002317
:100B200083F313884FF0FF300C4A03F120010133A7
:100B3000102B42F82100F8D100234FF0FF30074A74
:100B400003F160010133102B42F82100F8D162B6A5
:100B5000BFF34F8FBFF36F8F704700BF00E100E01E
:100B60001EF0040F0CBFEFF30880EFF309808169DA
:100B700011F8021C0229FFD001B504F03CF901BDB7
:100B800040B2002807DB01234109034A00F01F009F
:100B9000834042F82130704700E100E0054B4209F4
:100BA00053F82220012300F01F0003FA00F0104048
:100BB000704700BF00E100E040B2002801F10101F0
:100BC000ACBF00F16040064B4FEA4111C9B2ABBF68
:100BD00000F5614000F00F0080F8001319547047D1
:100BE00014ED00E0144A08B5144B22F07F029A601D
:100BF000BFF34F8FBFF36F8FD3F8882022F47002BA
:100C0000C3F88820D3F8882042F4A002C3F88820D3
:100C10004FF04042C3F83422BFF34F8FBFF36F8FC2
:100C20000023E1EE103A01F0B7FA01F0F9FA00F012
:100C30003BF801F0BDFA00BF0000000000ED00E04D
:100C40000446084611461A460023E1EE103A83F3A3
:100C50000B880A4B2025A3F5006686F30B8883F3E7
:100C6000098863B64FF0000383F31188BFF36F8FD9
:100C7000A04785F31188BFF36F8FFEE720F70020B0
:100C8000014910220A60704710ED00E072B6404042
:100C900080F31188BFF36F8FBFF34F8F30BF62B601
:100CA000BFF36F8F704700BF002320210348C21895
:100CB0000133412B82F80013F9D1704700E100E0C5
:100CC00001B5EFF30580A0F110004FEAC000044920
:100CD000014409C99847BDE801400249084700009E
:100CE000A05A00000508000008B5024B1B68984791
:100CF000002008BD20E60020034B044A18609378CA
:100D000043F002039370704720E600206CE500205A
:100D100008B50649064821F00701C1F1005202F565
:100D2000802203F0E6FF002008BD00BF27770120E6
:100D300024E600200122024B0020C3F84025704722
:100D40000090035020B1034B800143F0010318478A
:100D5000704700BF005D0000084B70B5C31A0D4618
:100D600007499B10044659434022064804F073F893
:100D70002B4601462046BDE87040184730E600206B
:100D8000B76DDBB6645A0000402373B50B4C00937B
:100D9000041B0B460D460A49A41061430646094A46
:100DA000094804F085F8011E05DA30462B4602B0EA
:100DB000BDE87040184702B070BD00BF30E60020AB
:100DC000B76DDBB6234F0000645A000010B54FF03A
:100DD0002003EFF3118483F31288BFF36F8F074A68
:100DE000136823F00201DB07116002D4012004F034
:100DF00068FB84F31188BFF36F8F10BD80E600207D
:100E000070B50022012104460520FFF7D5FE0F48EA
:100E100001F0ACF80E4B984215D101F0B7F82669F5
:100E20000C49304603F0CCFF00280BDB012535646C
:100E30002469084904F11C0003F0C2FF002801DB0B
:100E40000020E56470BD6FF00400FBE78D0E00002C
:100E50000000AD0BB45F000001460C2300224B43A1
:100E600070B50848C41840331844D4E90E56A2633C
:100E700003F0DEFF2DB132462B46BDE8704002483C
:100E8000184770BD30E60020645A000010B10128F8
:100E900004D07047034B1B6C5B0701D1FFF7DCBF2D
:100EA000704700BF30E6002008B54FF02003EFF395
:100EB000118183F31288BFF36F8F124A136843F0D6
:100EC00002001060DA0708D481F31188BFF36F8F36
:100ED000BDE80840012001F06DB84FF05023D3F871
:100EE0000C24D3F80C34DB07EED5074803F0A0FF41
:100EF00081F31188BFF36F8FBDE808400020FFF732
:100F0000ABBF00BF80E6002070E6002008B50748B0
:100F100004F004FB38B10648FFF7EEFE0448FFF783
:100F20003FFC002008BD6FF01200FBE78C5A000068
:100F3000350F00000A2838B50446074D04D1AB68C8
:100F40000D2128465B689847AB6803485B68E1B2AF
:100F50009847204638BD00BF8C5A00002DE9F04765
:100F600040F2FF16594FDFF868C1DFF868E100EB87
:100F70008101814202D10020BDE8F087046814F4A9
:100F8000804FC4F3C325C4F3080340F08C80640C85
:100F9000B34208BF4FF0FF337D5D192C00F286800D
:100FA000DFE804F00D13191C1F251C84848484368B
:100FB0006084848484848484848463787B7EC2F89F
:100FC0000C355C1C5BD10430D3E7C2F814355C1CD3
:100FD000F9D000245CE0C2F80835F2E7C2F8103519
:100FE000F5E75C1CC2F80835EDD0002404E05C1C79
:100FF000C2F80C35E7D001245FEA531859D14FF0FD
:101000000109DFF8CC8009FA03FAC8F80CA008E05F
:10101000C2F80835002DDAD15C1CD4D00024062596
:10102000A146D0F800A00AF40048B8F1000F1CBF98
:101030004FF00009012403F01F085B093FD10CEBBE
:101040008808D8F80032CAF3412A03EA0E0343EABB
:101050008A0343EA052343EA090343EA4403C8F841
:101060000032B0E7C2F80C35D4E7C2F86035B3F10E
:10107000FF3F0468A7D0C4F30044002CBBD05C0938
:101080001AD10124DFF8488004FA03F9C8F808905F
:10109000A146C6E7C2F86435E9E7C2F86835E6E775
:1010A000C2F86C35E3E76FF0150065E76FF0850077
:1010B00062E70023DB60FFDE00239B60FBE7002389
:1010C00008F1800853F82830F5E700BFAE6400004F
:1010D00000258450F0F8FCFFF8B504460D4607697A
:1010E00004F03BFA90B92C4B1B787BB16426606806
:1010F00003F055FFE0B9012004F081F9013EF6D17B
:10110000F4E786F31188BFF36F8FEFE74FF020030A
:10111000EFF3118683F31288BFF36F8F6068314657
:1011200003F03DFF90B986F31188BFF36F8FEDE7B1
:101130004FF02003EFF3118683F31288BFF36F8F14
:101140006068314603F02BFF0028DAD03B691D7040
:10115000626838691368C3F844050120C3F848057C
:101160000020C3F82001D3F82051C3F85801526879
:10117000D3F85801D20608D5082062681268C2F870
:1011800000054FF48002C3F8042301229A6081F322
:101190001188BFF36F8FF8BD1DE700202DE9F743DD
:1011A0004FF00008476805693C680646C4F80085AA
:1011B0002860D7F80C904146484601AA03F0C1FECA
:1011C00000283CDB019BD9F8002019791868FFF74B
:1011D000C5FE002833DB6B7A3169012B03D0032B6A
:1011E0002BD14FF01008AB7A032B26D195F80BC00A
:1011F000BCF1000F02D0BCF1010F1ED12A7A12B14E
:10120000022A1AD10E226B687068B3F5164F006877
:1012100000F0B28034D8B3F5165F00F0B0801AD871
:10122000B3F5966F00F0AD800CD8B3F5967F00F063
:10123000AB80B3F5167F00F0AA806FF0850003B095
:10124000BDE8F083B3F5166F00F0A480B3F5965FA8
:10125000F3D15C4B43E0B3F5E14F00F09E8008D83A
:10126000B3F5615F00F09B80B3F5964FE5D1564B27
:1012700035E047F6122E7345DFD14FF400032EE020
:10128000B3F5613F00F08D8015D8B3F5963F00F0BF
:101290008B800AD84DF6C02E734500F08780B3F5D9
:1012A000614FCAD14FF46B0319E0B3F5E13FC4D1EC
:1012B0004FF0EB7313E0B3F5612F7AD009D8DFF864
:1012C00020E1734578D0B3F5E12FB6D14FF0E86354
:1012D00005E0DFF810E17345AFD14FF08053C0F85F
:1012E0002435736848EA0C081B6842EA0802C3F810
:1012F0006C250B1DD5E9010183E803007B68990784
:1013000012D505F1180000F0DFFE304B984256D19F
:10131000287E04F10C0204F5907104F072F80120AB
:101320002B7E984000F01CFE0823C4F800353B7A61
:1013300053B9C4F81031D4F810316B69C4F834359E
:101340000123C4F8383523607B6800209A075CBF0E
:101350004FF48073C4F804337B68DB0644BF4FF45A
:101360008003C4F804332B69C4F844350123C4F85E
:101370004805A360E36062E74FF41D03AFE7144B39
:10138000ADE74FF49E23AAE74FF4A033A7E74FF44D
:101390001C33A4E74FF41D23A1E70E4B9FE70E4B30
:1013A0009DE74FF06C739AE70C4B98E74FF4650399
:1013B00095E74FF0706392E74FF080638FE76FF02F
:1013C00004003CE700B0130000A04E000000AD0B8D
:1013D0000050270000C0750000F03A0000903A016C
:1013E00090D0030040420F0040EA0103C3F30E0314
:1013F00030B58BB940F21515094CC90BC0F3C73095
:10140000994201D1002030BDC218D2B202F5C0729B
:1014100044F822500133F3E76FF01500F3E700BF03
:1014200000300050002230B5C0F80025D0F80C354F
:1014300085B00093D0F81435124C0193D0F80835DC
:10144000114D0293D0F810356846039350F8041BF1
:101450004B1C0CD001F01F0349090DD104EB830391
:10146000D3F80012294041F00201C3F80012013202
:10147000042AEBD105B030BD0022803352F823306E
:10148000FFDE00BF00258450F0F8FCFF38B50446AD
:1014900081692D4803F087FC2C48FFF7C3FF2C48D7
:1014A000FFF7C0FF4FF0FF324FF05023C3F808237F
:1014B000BFF36F8F72B60023264903F1200001337A
:1014C000102B41F82020F8D100234FF0FF30214AA3
:1014D00003F160010133102B42F82100F8D14FF0E5
:1014E000E02300221A61D3F8042D03F5506342F083
:1014F00000725A605A6A22F4E0225A62EFF31482B0
:10150000920707D5EFF3148222F0020282F31488C7
:10151000BFF36F8FBFF34F8FBFF36F8FA2690121AE
:101520009A602046A56900F009FB58B1002383F3B7
:101530000B8883F30A882A6882F3088883F3098872
:101540006B68984738BD00BFCA6400000080005037
:101550000090005000E100E00122024BC3F800259A
:10156000704700BF000084500022024BC3F80025E2
:10157000704700BF0000845070B5EFF30883B3F5E7
:10158000004F02D2094D2B780BB1002070BD01260F
:10159000074CC4F8006501F03FF818B92E70C4F884
:1015A0000005F2E76FF00D00F0E700BF1CE7002038
:1015B0000000845090B5B1F1005F83B002AF1FD23C
:1015C000BBB16C46ADF5007D02AB00934FF40073E8
:1015D00003F0E1FDA5460E4B984213D00A33984222
:1015E00013D00C3B984208BF6FF015000437BD467E
:1015F00090BD084B00934FF4004303F0CCFDEAE7A5
:101600000023F7E76FF01500F0E76FF08500EDE7D6
:101610000202F00020F7002008B500F05BFF034B4A
:10162000984208BF6FF0150008BD00BF0002F0002F
:101630001FB50446074A01AB07CA83E807000C221E
:101640001946204603F0BBFF00280CBF20460020AF
:1016500004B010BDBC5C000070B505460024054E0A
:1016600056F8040B2844FFF7E3FF10B90134052CAA
:10167000F6D170BD5060000073B50A4606460D46AF
:101680000146144803F08FFB01200DF1060103F021
:1016900049FE044620B101460F4803F084FB07E0F1
:1016A000BDF806303BB90D4803F07DFB6FF0150423
:1016B000204602B070BDB5FA85F1490941EA4601FC
:1016C000012089B203F047FE04460028F0D001460D
:1016D0000348E2E7DC640000106500005665000086
:1016E0007F6500002DE9F04F824689B010460F4615
:1016F00015461C46D668D2F81080FFF799FF38B916
:1017000014B99C4803F04FFB002009B0BDE8F08FEE
:10171000A869504503D0002CF6D19748F2E71CB9D0
:10172000B8420BD09548EDE73846FFF795FF854264
:10173000EAD12A6A924B9A42E6D109E0FFF78CFF80
:10174000854201D08F48DDE7296A8D4B994216D139
:101750000DF10E0003F088FD0146002837D094B942
:10176000894803F020FB894803F01DFBADF80E40CB
:10177000D5F81090B9F5A03F34D98548C2E785481F
:1017800003F011FBC0E70023ADF80E30D5F8109040
:10179000B9F5A03FB8D8EB689945B5D3AE19B3D227
:1017A00018EB0703B0D2BD4224D39D4222D2013EA2
:1017B000B7421FD89E421DD218EB0A082CBF012643
:1017C0000026EB6926D3002C9ED173489AE76969FD
:1017D000BDF80E20914211D2002C95D16F4803F034
:1017E000E2FA91E7EB689945C7D3AE1902D218EB3C
:1017F0000703D8D3002C87D1694883E7D5F8109028
:10180000B9F5A03F02D8EB689945EED2002C7FF4E1
:101810007BAFB2E75345D6D34345D4D23A1DA2EBB2
:101820000A02D3589A4504D9002C7FF46DAF5D4865
:1018300068E79845F8D907EB09085B4B08F1050BF9
:101840000DF1100A93E807008AE807000C225146C0
:10185000404603F0B4FE544B10B9B8F1000F7AD1F2
:1018600008F10108D845EDD1002C7FF44DAF4F4869
:1018700048E7002C7FF448AF4D4843E700F0F4F808
:10188000054658B1002C7FF43FAF0146494803F0AC
:101890008AFA71357FF438AF474833E7474A484BF7
:1018A000002C14BF93469B4600F0ACF8854204D34D
:1018B000002C7FF429AF434824E75146284600F026
:1018C000F9F8102801460ED010F1160F06D11CB9F8
:1018D00029463D4803F067FA0135E5E7002C7FF41F
:1018E00013AF3A484CE754B92946394803F05BFA3C
:1018F0009DF81F209DF81010364803F054FA514609
:101900003B46CDF8009008F1700208F13000D8474E
:10191000014690B9304FB54205D114B92F4803F0B4
:1019200042FA0120F1E61CB93146384603F03BFA91
:10193000304600F0EDF80136EDE710F1650F05D106
:10194000002CC9D1264803F02EFAC5E7002C7FF4FD
:10195000DBAE244814E7D8F80C20AB699A4288D152
:1019600003F0DCFB0146002888D0002C7FF4CCAECD
:101970001D4805E7B8650000D86500000B6600004B
:10198000FFFF029138660000886600007B6300005C
:10199000EF660000616600004B670000AF66000064
:1019A0001E67000077670000C85C0000A4670000A5
:1019B000D5670000286800004C6800000B5100004B
:1019C0002B5100009069000081680000AA680000A7
:1019D000CD680000F368000009690000206900007C
:1019E0003F6900006469000008680000014803F0D6
:1019F00060BC00BF3081FF00014803F05ABC00BF4B
:101A00003481FF00014803F054BC00BF3881FF005F
:101A10002DE9F0410746FFF7F5FF1423114D03FBB5
:101A20000055284603F06DFD012803D00024204610
:101A3000BDE8F0814FF000082C1DAE1C304603F0CD
:101A400060FD4045F2D9A01C03F05BFD0546204631
:101A500003F057FDB842EAD0023504EB450408F123
:101A60000108EBE73C81FF002DE9F04100264FF62D
:101A7000FF770F4CFFF7C6FFB04202D80020BDE849
:101A8000F081204603F015FC10F5803F0AD0251D9B
:101A900004F11408284603F034FDB84205D002359D
:101AA0004545F7D101361434E4E76FF07000E6E7FE
:101AB0003C81FF0070B51424444302461248204480
:101AC00003F0F7FB10F5803F17D0FFF79BFF904224
:101AD00016D900220D4D2544A81803F0EAFB002377
:101AE0008C1820FA03F60833202B04F8016BF8D188
:101AF0000432102AF0D1104670BD6FF01500FBE7DC
:101B00006FF00D00F8E700BF3C81FF004081FF004F
:101B100008B51423074A03FB0022104603F0C9FB53
:101B200010F5803F05D0BDE808401046024900F09E
:101B3000E7BA08BD3C81FF000000FFFF2DE9F04F30
:101B400087B00646009198B303F021FC00270446B5
:101B5000B36BBB424ED94FF00008DFF8B8A04FF08E
:101B600000095AF8043BDFF8B0B05BF8045B01935E
:101B70001D44254B93E8070003AB83E80700194693
:101B80000C22284603F01BFD019B00B9A5B909F101
:101B90000109B9F1050FE8D11C4B08F1010898457E
:101BA000DDD3009B13B10022636A1A60236A3BB342
:101BB000002007B0BDE8F08F2B6A154A9342EBD1A5
:101BC000AE42E9D0696B05F13C038842E4D0256957
:101BD0001A6995420AD19A69A569954206D8E569BC
:101BE000954203D962695D69AA4305D0DA6801307C
:101BF0001344EAE70120DCE7009A0AB1626A136045
:101C0000E36801371C44A3E7D45C00000100000036
:101C1000FFFF0291206A0000646000002DE9F0439C
:101C2000214885B003F0B3FB002604461E4B1F4F2E
:101C3000D3F83880DFF87C90B04503D8002005B099
:101C4000BDE8F083636A97E807001D6801AB83E88D
:101C500007000C221946284603F0B1FC78B975B18B
:101C600022692B699A420AD1AB69A2699A4206D8C5
:101C7000E2699A4203D963696A6993430AD0256A83
:101C800065B10B4803F08FF8404080F311884FF0A6
:101C9000040002DFE36801361C44CDE7484603F048
:101CA00082F8636A1D60F5E700020000E05C000056
:101CB000B0690000D9690000026A044B9A4203D15E
:101CC0000349203000F01CBA704700BFFFFF0291AB
:101CD0000000FFFF08B5EFF31083012B0C4A07D17A
:101CE000126ABFF34F8F511C4A424A41104608BD49
:101CF00003F063FB00B172B6126ABFF34F8F531C3F
:101D00005A425A4103F059FB0028EFD062B6EDE782
:101D10000080FF0008B5EFF31083012B0B4A06D1BA
:101D2000D269BFF34F8F02F00102104608BD03F0E5
:101D300044FB00B172B6D269BFF34F8F02F00102CB
:101D400003F03BFB0028F0D062B6EEE70080FF0016
:101D500010B503F032FB30B14FF050230022C3F82E
:101D60001421C3F8182103F037FB28B10122644B7A
:101D7000C3F8382AC3F878254FF47F02D2F83031FF
:101D8000D2F83421BFF34F8FC3F30B03092B05D1D6
:101D9000012A1EBF01225A4BC3F8782503F01CFB11
:101DA00018B10E22574BC3F8E42E03F006FB30B1F6
:101DB0000022534BC3F80C270122C3F8102700223E
:101DC000D30003F57F03D3F80013BFF34F8F013126
:101DD00008D0D3F800130132D3F80433B2F5807F72
:101DE0000B60EDD1EFF31084FFF794FF00284DD086
:101DF000BFF34F8F444BD3F80024012AFBD1C3F823
:101E00000425D3F80024012AFBD1012C03D003F0D0
:101E1000D4FA00B172B6FFF77DFF58B13B4AD369DF
:101E200023F00103D361BFF34F8F374AD2F8003458
:101E3000012BFBD1FFF74EFF68B1344A136A23F040
:101E4000FF0343F020031362BFF34F8F2E4AD2F8F3
:101E50000034012BFBD1012C03D003F0AEFA00B10A
:101E600062B60022284BC3F80425D3F80024012AC7
:101E7000FBD1BFF34F8F2649264BCA6802F4E062BC
:101E80001343CB60BFF34F8F00BFFDE7FFF722FF87
:101E90000028ADD11E4AD2F88C3043F44063C2F81A
:101EA0008C304FF47F03D3F83021D3F83431BFF3B3
:101EB0004F8FC2F30B02092A16D1013B022B02D825
:101EC000154AD35C83B11148144903680E4A8B420A
:101ED0000CBF5A230023C2F8103EC36A8B420CBFCA
:101EE0005A230023C2F8003E094AD2F8883043F44E
:101EF0007003C2F88830BFF34F8FBFF36F8F10BDF0
:101F00000040005000A00350009003500080FF00EC
:101F100000ED00E00400FA050C6A0000FA50FA50E7
:101F200030B50468ACB1B4FA84F30122C3F11F03E5
:101F3000DBB29A4024EA0202D0E8EF5FA54204D166
:101F4000C0E8EC2FBCF1000FF6D1EAD102480B70CB
:101F500030BD0248FCE700BF0000AD0B0200AD0B36
:101F6000014BC3F80405704700700150044B1A7907
:101F700022B9012218601A7102487047024870475E
:101F800084E600200000AD0B0C00AD0B08B5084B3B
:101F90001B6833B10520FEF701FE10B90520FEF7DE
:101FA000EFFD4FF050230122C3F8182508BD00BFF4
:101FB00084E6002010B510B1012847D010BD4FF0C5
:101FC0005023D3F81814D3F81824C90322D502F0EB
:101FD0000303022B05D0012B02D0002003F018FAD6
:101FE00001234FF050220220C2F8183508224FF486
:101FF0008273002103F1502319601C68012402F14F
:1020000050221460164A126822B34FF05023C3F8CE
:102010000403D3E7D3F81424D207E1D5D3F81C2462
:1020200002F00302013A012AD7D80D4A12681AB108
:102030000222C3F80423C1E7D3F80421002AFBD00D
:102040000022C3F80421D3F80431B7E700224FF48B
:102050008073CEE71A68002AFCD019601B68ADE7D0
:1020600084E600204FF0502310B5D3F8002152B180
:102070000020C3F80001D3F800210122C3F808238F
:10208000104B1B6898474FF05023D3F8042182B1BE
:102090000022C3F80421D3F80421D3F81824D3F87C
:1020A0001824022102F00302012A03D1C3F81815F3
:1020B0009A6010BDC3F80813024B0120BDE8104020
:1020C0001B68184784E6002001460148FFF728BF37
:1020D000B4E500200022034BC3F88425C3F804258F
:1020E000704700BF00900350044AD2F80834DB0761
:1020F000FBD50160BFF35F8F704700BF00900350B6
:10210000012208B5054BC3F88425C3F80425FFF761
:10211000EBFFBDE80840FFF7DDBF00BF00900350B4
:10212000104B70B553F82040013053F82060A642A0
:1021300000D870BDD4E9003595B153B12846984711
:1021400038B10028B8BF4042FF28A8BFFF20EB6885
:102150001870EA68537843F0010353700834E6E7D7
:102160009847FBE778600000012208B5084B032080
:102170001A70FFF7D5FFFEF72DFB0420FFF7D0FF05
:10218000FEF7BCFA034A137B23F00103137308BD67
:102190001DE700208CE6002008B50348034A002113
:1021A000121A03F0D6F908BD20E6002020E700202F
:1021B00008B50020FFF7B4FF164B03F5006282F369
:1021C000088883F30A880025E023134C84F8223022
:1021D000E57725766576A57684F82050636A43F422
:1021E000E023636284F82350FEF740FCFEF748FDCD
:1021F0004FF0FF33A362E36203F08FF90120FFF792
:102200008FFF0220FFF78CFF2B462A462946034802
:10221000FEF716FD20E7002000ED00E06921000038
:1022200008B50648064A0749121A03F094F9BDE8B2
:102230000840054A0549064803F08DB968E50020C5
:102240001EE600202C6A0000000000002C6A00003E
:1022500068E5002030B10268034B04489A4208BF89
:102260000020704702487047DD55AABB8208F00085
:102270007108F00038B50D460446B0B1A022002127
:10228000043003F089F995B10822294604F164006D
:1022900003F088F9082205F1200104F1840003F01D
:1022A00081F90020034B236038BD0348FCE7034855
:1022B000FAE700BFDD55AABB7108F0008308F00003
:1022C0002DE9F74305460E4699461146FFF7C2FF32
:1022D0000446002840F08480002E00F0858000290C
:1022E00000F08480B9F1200F40F0828005F14404B1
:1022F000082205F10408204603F054F905F12407EB
:1023000008223146404603F04DF906F1200108222B
:10231000384603F047F902A941F8049D4FF4807054
:1023200003F034F9002865D14FF48073324A01215B
:10233000136093600823314A00F034FB0121052328
:1023400008462F4A00F02EFB0823424601211C209C
:1023500000F028FB08233A460121032000F022FB6D
:10236000224608230121022000F01CFB0823254AF5
:1023700001211A2000F016FB0523234A01211B200E
:1023800000F010FB0823214A0121142000F00AFB71
:1023900008231F4A0121152000F004FB082305F142
:1023A00064020121162000F0FDFA082305F18402E1
:1023B0000121172000F0F6FA0823164A01210B200C
:1023C00000F0F0FA00F04AFB0446019800F0D8FA59
:1023D000114B002C18BF1C46A421284603F0DEF840
:1023E000204603B0BDE8F0830C4CF9E70C4CF7E74E
:1023F0000C4CF5E7084CEFE790108450D0600000DB
:10240000486100009060000034610000F46000004A
:1024100014610000B06000008408F0007608F0004D
:102420008008F0008108F000C2690C4B1A608269D4
:1024300043F8042C426943F8082C026943F80C2C39
:10244000C26843F8102C826843F8142C426843F8A1
:10245000182C026843F81C2C704700BF5C1684508F
:102460000C4B1B68C3610C4B1B6883610B4B1B68D7
:1024700043610B4B1B6803610A4B1B68C3600A4B2B
:102480001B688360094B1B684360094B1B68036032
:10249000704700BF5C168450581684505416845000
:1024A000501684504C16845048168450441684505C
:1024B0004016845030B10268034B04489A4208BF6A
:1024C0000020704702487047DD55AABB0202F000A9
:1024D0000002F00038B5044668B1051D7021284699
:1024E00003F05CF828462022044903F053F800204A
:1024F000034B236038BD0348FCE700BF5C6100006C
:10250000DD55AABB0002F0002DE9F04385B0154669
:102510006F46274B04460E460FCB87E80F002DB9B8
:102520004FF00009484605B0BDE8F0832046FFF7AC
:10253000C1FF81460028F5D1231D0193636AA3BB27
:10254000236F8BB1C3F14008A84528BFA84604F10A
:10255000300031461844424603F01CF8236F4644CD
:1025600043442367A5EB0805226F402A06D104F1F6
:102570003001384600F0B4FB0023236705F03F0824
:1025800035F03F0505D031462A46384600F0A8FB15
:102590002E44B8F1000FC3D04246314604F130005A
:1025A00002F0F8FFC4F87080BCE7DFF80890B9E7E4
:1025B000EC5C00000C02F0002DE9FF4104466F4680
:1025C000134B0E460FCB87E80F002046FFF772FF34
:1025D0008046B0B9CEB1636A251D01953BB9012390
:1025E000226F636204F13001384600F079FB2B461C
:1025F000043E243453F8042B12BAA34246F8042FA5
:10260000F8D1404604B0BDE8F081DFF80880F8E773
:10261000EC5C00000502F000084B1B681B0EF02B61
:1026200008D1074B1A68074B9A4205D10020064B88
:10263000186070470520704706207047281984509D
:10264000241A84500000E0200C1A8450002230B577
:10265000134640F6FC754900023802F1A15404F516
:10266000823490424FEA840402F10102CABF23601F
:1026700025605B181E2AF0D1034A13600B44536097
:10268000024B034A1A6030BD781084508410845085
:1026900020F80F001E4B30B51A4685B0196800911E
:1026A0000099CC07FAD500F1A15000F582308000E6
:1026B000016813680193019BD807FAD5154B164C96
:1026C000186820231F3090FBF3F0144D01380028C8
:1026D00010DA00230130400153B14FF00042A0F165
:1026E0002001134204D1013888424FEA5202F8D146
:1026F00005B030BD13680393039BDB07FAD543187D
:1027000023602B680293029B002BE3D10138DEE7A4
:10271000B4108450AC108450E4108450DC10845009
:10272000F0B51D6885B001F01F040DB91F2C28D12C
:10273000174D2E462F680197019FFF07FAD500F12C
:10274000A15000F582308000006835680395039D34
:10275000ED07FAD51F2C00EB611018BFC9430D4DD2
:1027600018BF01F01F0128600B4800680290029812
:102770001CBF00FA01F111604FF0000108BF1060AA
:10278000196010684300C00F136005B0F0BD00BFB2
:10279000B4108450E4108450DC1084500C4B890138
:1027A00018603F3020F03F00403058609960094881
:1027B000D9601961596199611C3382B0196002684E
:1027C0000192019AD207FAD5196002B0704700BF92
:1027D00090108450B410845038B5A0F12003B3F5A4
:1027E000426F05462CD88F2826D800F1470300F108
:1027F0006604DB064FEA541400D0013464013F3410
:10280000A409013411B1A1421AD30C464FF48050EF
:10281000E300B0FBF3F0202828BF202002B11060B5
:102820000122084B21461A60FFF710FF2846214677
:10283000FFF7B4FF002038BD00F11F046409DDE795
:102840000148F8E71C1884502221F000464BF0B5EF
:102850001D4689B01C680194019CE407FAD5434BDE
:10286000002413449B001A680B181E2B88BFC0F16C
:102870001E011F320B1852095343B3F5806F84BFFA
:102880004FF48061B1FBF2F1274688BF091ADFF8E7
:10289000E4E000F1A150DFF8E0C000F58230A14291
:1028A00033DC2B680493049BDB07FAD5304B1B68A1
:1028B000296805910599CF07FAD52E4C2E4923603A
:1028C00000231E46934203F1010040D11946002621
:1028D00020F0010228488A423CD8296806910699CE
:1028E000CE07FAD525490968286807900798C007D8
:1028F000FAD5216000210C461F488B422DD10020C3
:102900001D499A422CD809B0F0BD2B680293029B56
:10291000DB07FAD503199B001B682E680396039EFC
:10292000F607FAD5CEF800300023934203F10103F5
:1029300006D1164623F00103B34204D80134AEE7B2
:10294000CCF80070F1E7CCF800700136F4E70E60C7
:102950000346B7E706600131BDE704600131CCE70B
:1029600008600133CDE700BFB41084502404211463
:102970007C108450D4108450D81084507810845027
:1029800008B540B1202801464FF0070228BF20219A
:102990000020FFF75BFF0022014B1A6008BD00BF5B
:1029A0001C188450F0B5294D85B02C462E68009631
:1029B000009EF607FAD500F1A15000F582308000A4
:1029C0000568206801900198C707FAD52048214F73
:1029D000056002EB8306B24229D100275A1C1D4E26
:1029E00022F001029A4227D823680293029BDE0755
:1029F000FAD5194B0B449B001B681F335B099A42A5
:102A000013D2216803910399C907FAD5002115440F
:102A1000056008469B1A0F4A8B4210D800205A1CAA
:102A20000C4922F001029A420CD805B0F0BD52F8D0
:102A300004CBC7F800C0CEE737600133D2E710609F
:102A40000131E9E708600133EDE700BFB4108450BD
:102A5000D4108450D8108450240421142DE9F0415E
:102A6000814BA0B01D68986820331E461A680192F9
:102A7000019AD707FAD57D4B7D4A1A6032680292D7
:102A8000029AD407FAD57B4A1A607B4A1446116829
:102A900003910399C907FAD5784A1168C1F3402117
:102AA00037680497049FFF07FAD5754F1F602768A2
:102AB0000597059FFF07FAD51768002900F0CF801A
:102AC000B90540F1CC80316806910699CF07FAD557
:102AD0006C491960216807910799C907FAD51168EF
:102AE000C1F3402137680897089FFF07FAD5664F62
:102AF0001F6027680997099FFF07FAD51268002908
:102B000000F0AF80910540F1AC8032680A920A9AD9
:102B1000D207FAD5564A1A6032680B920B9AD70739
:102B2000FAD55A4A1A6031680C910C99CC07FAD53B
:102B30005749196031680D910D99C907FAD5554962
:102B4000196031680E910E99CF07FAD55249196074
:102B500031680F910F99CC07FAD550491960504B45
:102B60001E46196810911099C907FAD53F4C4D4B74
:102B7000236033681193119BDB07FAD54A4B23601E
:102B800033681293129BDF07FAD5484B23603A4B08
:102B90009846196813911399C907FAD5324F3860CE
:102BA00033681493149BDB07FAD5226033681593BE
:102BB000159BD807FAD53E4B236033681693169BB6
:102BC000D907FAD53B4B236033681793179BDA0775
:102BD000FAD5394B236033681893189BDB07FAD575
:102BE000364B236033681993199BD807FAD5344BB9
:102BF000236033681A931A9BD907FAD5314B2360A7
:102C000033681B931B9BDA07FAD52F4B236000F028
:102C10001DFC08BBD8F800301C931C9BDB07F9D5C2
:102C20003D6033681D931D9BD907FAD5274B236060
:102C300033681E931E9BDA07FAD5254B2360D8F81C
:102C400000301F931F9BDB07F9D50C4B1B6813F457
:102C5000805F204B08BF184620B0BDE8F0811E48B9
:102C6000FAE71E48F8E700BF9010845080108450A7
:102C700000100251C01F7229B41084508810845073
:102C8000C0CF0129C01F0E29C03F002940010249C1
:102C9000003184A800001649400108A1804408883A
:102CA000B0108450C044708880077A41C0077E41CC
:102CB00000006A498006164940006E490002002162
:102CC00000822021408220218082242140A161A114
:102CD00000C861510308F1000108F1000208F10089
:102CE000324B2DE9F74F80469246994644681A6860
:102CF000002AFCD12E4B9B461A68002AFCD14FF0CB
:102D0000FF30019100F094FC802000F097FC01233B
:102D10000720284A284DA2F59E722B60C2F83C017C
:102D20001360636A254F264E3B60A36A20463360DA
:102D3000D8F8003042F8043CD8F808309847019998
:102D4000D9F80030002BFBD1BAF1000F20D10422BA
:102D50001C4B1A60D9F80030002BFBD1DBF800A027
:102D6000BAF1000FFAD1D8F80C30204698473B68EA
:102D700063623368A362144BC3F800A0C3F844A194
:102D8000D9F80030002BFBD12B6003B0BDE8F08FE9
:102D9000236A4020012B04BF0B4A13600B4B1960C0
:102DA000C3F804A000F050FCD4E700BF1019845011
:102DB000201C84500019845018188450CC1784505B
:102DC000D0178450C817845084168450281C84500F
:102DD000544B10B5194698B01A680192019AD2075F
:102DE000FAD5514B514A1A600A680292029AD407E6
:102DF000FAD54F4A1A600A680392039AD007FAD5A7
:102E00004C4818600A680492049AD207FAD54A4AD4
:102E10001A600A680592059AD407FAD5474A1A60DB
:102E20000A680692069AD207FAD5454A1A600A68D5
:102E30000792079AD407FAD5424A1A600A6808929C
:102E4000089AD207FAD5404A1A600A680992099A84
:102E5000D407FAD53D4A1A600A680A920A9AD2073C
:102E6000FAD53B4A1A600A680B920B9AD407FAD536
:102E7000384A1A600A680C920C9AD207FAD5364A78
:102E80001A600A680D920D9AD407FAD5334A1A606F
:102E90000A680E920E9AD207FAD5314A1A600A6869
:102EA0000F920F9AD407FAD52E4A1A600A68109228
:102EB000109AD207FAD52C4A1A601A4B19461C6888
:102EC0001194119CE407FAD5174B1860086812900A
:102ED0001298C407FAD51A600A681392139AD00799
:102EE000FAD5124A1A600A681492149AD207FAD5CF
:102EF0001E4A1A600A681592159AD407FAD51C4A18
:102F00001A600A681692169AD007FAD5194A1A60FA
:102F10000A681792179AD207FAD5174A1A6018B09A
:102F200010BD00BFB0108450801084500093652104
:102F300000043190409665900083612100C33021E8
:102F400000C364900081619000461021008111212E
:102F50000041442100C320290C4610C800863121BD
:102F600000C3602140C1282940966521001331909B
:102F700040962529594614C840043249494B10B59A
:102F8000194694B01A680092009AD207FAD5464BB7
:102F9000464A1A600A680192019AD407FAD5444A4F
:102FA0001A600A680292029AD007FAD5414818605E
:102FB0000A680392039AD207FAD53F4A1A600A6850
:102FC0000492049AD407FAD53C4A1A600A6805921A
:102FD000059AD207FAD53A4A1A600A680692069A02
:102FE000D407FAD5374A1A600A680792079AD207B7
:102FF000FAD5354A1A600A680892089AD407FAD5B1
:10300000324A1A600A680992099AD207FAD5304AF8
:103010001A600A680A920A9AD407FAD52D4A1A60E9
:103020000A680B920B9AD207FAD52B4A1A600A68E3
:103030000C920C9AD407FAD5284A1A600A680D92A5
:103040000D9AD207FAD5264A1A600A680E920E9A8D
:10305000D407FAD5234A1A600A680F920F9AD2074A
:10306000FAD5214A1A600F4B19461C681094109C1F
:10307000E407FAD50C4B1860086811901198C40742
:10308000FAD51A600A681292129AD007FAD5174A2E
:103090001A600A681392139AD207FAD5144A1A6072
:1030A00014B010BDB0108450801084508090652101
:1030B000000409904096659080806121802008215D
:1030C00080206490008161900046102100811121D0
:1030D0000041442180202029024610C80086092191
:1030E000802060214021282940966521409625298D
:1030F000594614C8504B10B51C4696B01A68019238
:10310000019AD207FAD54D4B4D4A1A6022680292B5
:10311000029AD207FAD54B4A1A604B4A42EA8040DB
:1031200022680392039AD207FAD5186022680492A3
:10313000049AD007FAD5454A1A60A2F5800242EAFD
:10314000814122680592059AD207FAD51960226852
:103150000692069AD007FAD53D4A1A60226807926D
:10316000079AD107FAD53B4A1A6022680892089A52
:10317000D207FAD5384A1A6022680992099AD0070C
:10318000FAD5364A1A6022680A920A9AD107FAD505
:10319000334A1A6022680B920B9AD207FAD5314A49
:1031A0001A6022680C920C9AD007FAD52E4A1A603F
:1031B00022680D920D9AD107FAD52C4A1A6022681E
:1031C0000E920E9AD207FAD5294A1A6022680F92F7
:1031D0000F9AD007FAD5274A1A60216810911099E2
:1031E000C907FAD51A60144B1A461968119111993A
:1031F000C807FAD5114B204919601168129112992C
:10320000C907FAD51D491960116813911399CC07A4
:10321000FAD50B491960116814911499C807FAD5A9
:1032200017491960116815911599C907FAD5154AFA
:103230001A6016B010BD00BFB010845080108450CA
:103240004004419000862929D81001C840144190BB
:1032500040142129401465210034409000310C9025
:10326000C0400C90C030202940960D9000416090E5
:10327000031645C80086112100416021594644C803
:103280004014459040142D90264870B5054688B0EE
:1032900004680094009CE607FAD5234C2348046098
:1032A000234C44EA83432C680194019CE407FAD53B
:1032B0000360930143EA824242F0104444F4C04464
:1032C0002B680293029BDE07FAD504602B680393F8
:1032D000039BDB07FAD5174B03608B0143EA81415F
:1032E00041F0104343F4C0432E680496049EF60751
:1032F000FAD503602B680593059BDE07FAD50460B9
:1033000041F058412B680693069BDC07FAD5016013
:1033100042F058422B680793079BDB07FAD50260FF
:1033200008B070BDB0108450C021022980108450B4
:103330008071009880611890354B8EB019461A68DC
:103340000092009AD207FAD5324B334A1A600A68C3
:103350000192019AD007FAD5304A1A600A6802929F
:10336000029AD207FAD52E4A1A600A680392039A83
:10337000D007FAD52B4A1A600A680492049AD20739
:10338000FAD5294A1A600A680592059AD007FAD533
:10339000264A1A600A680692069AD207FAD5244A83
:1033A0001A600A680792079AD007FAD5214A1A606C
:1033B0000A680892089AD207FAD51F4A1A600A6862
:1033C0000992099AD007FAD51C4A1A600A680A922B
:1033D0000A9AD207FAD51A4A1A6008680B900B9815
:1033E000C007FAD51A600A680C920C9AD007FAD571
:1033F000144A1A600A680D920D9AD207FAD5124A39
:103400000E211A6000200D230F220EB0FFF73CBFE3
:10341000B0108450801084508043012940633921CA
:10342000807001298020542100D13490C040349014
:10343000C0302029C0530D9000413890832308C824
:1034400080E3102100413821CF4308C801232DE932
:10345000F04192B0CDE90333624B1D461A680592E4
:10346000059AD207FAD5604B604C2360604B194631
:103470001A680692069AD707FAD55E4B1A68D604E0
:1034800000F1A8802A680792079AD007FAD55A4A0D
:1034900022600A680892089AD207FAD51E68C6F315
:1034A0000036002E40F098801220FFF7F3F8074610
:1034B0001320FFF7EFF887428CBF12201320FFF78D
:1034C000E9F8471EFFF738FF03AB01AA394612207F
:1034D000FFF726F904AB804602AA39461320FFF70E
:1034E0001FF900EB4800022832D003283ED0012803
:1034F00074D12B680993099BDB07FAD53F4B2360F6
:103500002B680A930A9BD807FAD53D4B23602B689A
:103510000F930F9BD907FAD53A4B23602B68109372
:10352000109BDA07FAD5384B23602B681193119B57
:10353000DB07FAD5354B2360013F25D5102319222F
:1035400018210020FFF7A0FE304612B0BDE8F08140
:103550002B680B930B9BD907FAD52D4B23602B6857
:103560000C930C9BDA07FAD52A4BCFE72B680D9307
:103570000D9BDB07FAD5284B23602B680E930E9B1F
:10358000D807FAD5254BC1E703AB01AA394612206B
:10359000FFF7C6F804AB044602AA39461320FFF72A
:1035A000BFF810EB440402D1FFF712FCC4E7FFF7A9
:1035B000E5FC022C08D0032C09D0012C10D11721D6
:1035C0001620FFF797FDB7E715211420F9E70F2123
:1035D0000E20F6E7124EB7E7124EB5E7124EB3E7EC
:1035E000124EB1E7B010845000084A518010845048
:1035F000B41084508810845000084E5100065A4977
:1036000040065E49000442410014424940042E49EC
:10361000000652494006564900063A4940063E49CE
:103620000608F1000708F1000408F1000508F100A0
:10363000014B1860704700BF081A8450014B186096
:10364000704700BF041A8450034A13681842FCD024
:10365000024A106018467047001A8450081A8450B5
:1036600010B50A4C23681BB101232360002010BD54
:1036700000F046F80028F7D00138062803D8044B9C
:1036800053F8200010BD034810BD00BF00E7002024
:103690007C610000FE8FFFFFBFF34F8F0549064B93
:1036A000CA6802F4E0621343CB60BFF34F8F00BFE0
:1036B000FDE700BF00ED00E00400FA0530B44FF074
:1036C000FE320025074B084C08494968C3F800241E
:1036D000C3F80424C3F80824C3F80C24C4F8005524
:1036E00030BC08470010845000008450B8E500202A
:1036F000024BD0E90012C3E900127047B8E5002080
:1037000038B500F02FF820B1032400F063F820460C
:1037100038BD00F031F898B900F0ACF898B90F4D09
:10372000D5F828391B0EF02B08D1D5F8242A0C4BDC
:103730009A420AD0072400F017F8E6E70624FAE7D1
:103740000424204638BD0024F5E7012000F092F85B
:1037500004460028F7D1C5F80C0AD8E700108450B9
:103760000000E0200020704700207047014BC3F8A4
:10377000040A70470010845010B5114800F048F852
:1037800000B110BD0F4800F043F80028F9D10E4CED
:10379000204600F03DF80028F3D10C4B0C481C608B
:1037A00000F036F801460028EBD100F02DF8044671
:1037B00008B1204610BD00F03FF82046FAE700BFF0
:1037C000D0E50020CCE50020C8E50020C0E50020C1
:1037D000C4E5002008B5084800F024F8074800F0C8
:1037E00021F8074800F01EF8064800F01BF8BDE875
:1037F000084000F00BB800BFD0E50020CCE5002069
:10380000C8E50020C4E5002000207047704700BFD5
:1038100008B5034B02681B6810689847002008BD74
:10382000E8E5002008B5034B02685B68106898471C
:10383000002008BDE8E5002070B5094C094D20695D
:10384000AB68984718B1084B08485B689847002157
:10385000074AEB6811602069BDE87040184700BF57
:10386000D4E50020E8E50020B8E5002098610000DC
:1038700004E70020F8B51A4D1A4E0446B2682869CC
:103880009047E8B9184F3B684CB1A3B1012B19D050
:10389000013B3B602869F36898470020F8BD43B9B5
:1038A0000121124AC2F800151149D1F81029002A45
:1038B000FBD101333B60F368286998470020F8BDCD
:1038C0000C48F8BD0A4AD2F81039002BFBD1074A40
:1038D0006FF07E40C2F80035FFF748FF3B68D7E73E
:1038E000D4E50020E8E5002004E700200000845033
:1038F00000108450E98FFFFF10B5044650B1636893
:1039000013F0685F05D0064A934202D0002362603C
:10391000236010BD034B04485B689847EFE700BF86
:103920002C5F5CA9B8E50020B8610000C8B143680D
:103930000D4A934213D013F0685F0ED0012350E874
:10394000002F194640E8001C9CF0000FF7D1012A17
:10395000F5D0BFF35F8F00207047044870470448DC
:1039600070476FF4E04070472C5F5CA9E98FFFFF60
:10397000EA8FFFFF034680B1426809498A420AD0B4
:1039800012F0685F05D0BFF35F8F002210461A6007
:10399000704704487047044870476FF4E040704730
:1039A0002C5F5CA9E98FFFFFEA8FFFFF10B504468B
:1039B00020B10023034A2360626010BD0248FFF774
:1039C0007DFEF6E73A00003AE06100002DE9F041A3
:1039D00001260746B24201DCBDE8F0813B461F46A6
:1039E00013F8014B002CF7D0252CF8D11C780237A6
:1039F000252CF3D00023DFF804819C461D461F2DA3
:103A000018D8A4F1200EBEF1100F09D9A4F1300E80
:103A1000BEF1090F1ED80A24202504FB03E304E0AD
:103A200028FA0EFE1EF0010F06D017F8014B002CED
:103A3000E5D128E07F2D1CD8A4F1300EBEF1090F8E
:103A4000E9D9242C10D1BCF1000F46D0B34246D0A6
:103A50000023EAE724F0040EBEF12A0FF8D06C2C04
:103A600009D145F08005E0E724F0040EBEF12A0FED
:103A7000EED06C2C22D06C2C1BD8682C23D06A2C56
:103A800028D04C2C26D0BCF1000FA5D0B445A1D134
:103A900044F020070B68A7F1650CBCF1020F01D9B7
:103AA000612F1ED1073323F00703083301360B6063
:103AB0008FE7742CB9D07A2CB7D0E4E72C0648BF36
:103AC00045F40075CDE7EC0548BF45F4007545F4B5
:103AD0008075AAE745F42075A7E79C46B8E76324FC
:103AE000D6E7692C02D007D8632C03D02F0601D566
:103AF000AC05D7D40433D9E7732CF6E78928010045
:103B00002DE9F04F436893B080460193837898077E
:103B1000CDE9061216D50B4600250B921F789FB1F2
:103B2000252F15D00133059341463846019B0135B9
:103B30009847002880F2458498F8023043F0040347
:103B400088F802304FF0FF35284613B0BDE8F08FFB
:103B50005F789A1C252F0592E6D000242646A246BF
:103B6000A346BBF11F0F32D8A7F12003102B0AD8B0
:103B7000DFE803F02409092A0909091B09090922B8
:103B8000092709091900A7F13003092B2DD92A2F7C
:103B900039D154B90B9B1BF0400F53F8042B0B93F6
:103BA00029D0164601E04BF0010B059B13F8017B71
:103BB0000593002FD5D15BE04BF0020B4BF0040BCB
:103BC000F3E74BF0080BF0E74BF0100BEDE7BBF120
:103BD0007F0F3FD8A7F13003092BD8D81BF0400F37
:103BE00003D00A2202FB0636DFE70A2202FB0A3A6A
:103BF0004BF0200BD9E7B2F1000AF9DACAF1000A5A
:103C00004BF0280BD1E72E2F05D11BF0400F9BD195
:103C10004BF0400BC9E7242F1CD1002C00F03F8152
:103C2000079B1BF0400F0B930AD152460BA9069835
:103C3000FFF7CCFE0B9B1A1DD3F800A00B92B4E744
:103C400032460BA90698FFF7C1FE0B9B1A1D1E6892
:103C50000B92AAE76C2F00F00F8100F20681682F0B
:103C600000F012816A2F00F017814C2F00F01481B0
:103C700034B1079B22460BA906980B93FFF7A6FECB
:103C8000002E47F02003B8BF2BF0400B0293A3F1A6
:103C90006503BCBF00261FFA8BFB022B40F2048198
:103CA000029B612B40F07282FF431BF0400F0CA877
:103CB0004BF4C05407F0200314BF31464FF0FF31DE
:103CC000A346049301270B9B073323F0070303F15B
:103CD000080293ED000B0B92049A01F0D9FD431CEE
:103CE0000646DDF83090DBB203937023029309F1AE
:103CF0000903122B0CD909F16303C62B40F20D8185
:103D000009F2E73340F2CE72934294BF03270427AF
:103D10009DF8342002F00C0312F0010240F01881EB
:103D20001BF0020F40F011811BF0040400F0F7803B
:103D3000002B40F0108120231BF4405F22D1039A16
:103D4000002E02F1480208BF01266A44133A039983
:103D500021B112F8011D302900F032811BF0100F43
:103D6000039A18BF324619F1040FC0F22E81B145F3
:103D700080F22B814A454BF4005B40F3288109F126
:103D80000106961B1BF40052089200F0228129EADA
:103D9000E974013403B10134002E00F02181721C5A
:103DA0001444A245CCBFAAEB040400241BF0090F65
:103DB00004D12C44A54240F0188100243BB11846A0
:103DC0004146019B013598470028FFF6B5AE1BF42C
:103DD000006F12D041463020019B98470028FFF623
:103DE000ABAE049B41460235C3F17800019B00F065
:103DF000F80098470028FFF69FAE1BF0080F05D18A
:103E00002C44AC4240F0FD8025460024089B002B4A
:103E100000F0268129EAE97A7642A9EB0A02039B9F
:103E20000AF1FF3A6F1C0292934289BF0CAB30201B
:103E3000D3185879564500F3ED804146019B9847C9
:103E4000029A002802F10102FFF676AEBAF1FF3FB6
:103E500009D141462E20019B029298470028FFF687
:103E60006BAEAF1C029A3D46D9E7742F3FF49DAE6E
:103E70007A2F3FF49AAEFBE61BF0800F18BF4BF48D
:103E8000007B4BF0800B90E61BF4807F18BF4BF457
:103E9000007B4BF4807B88E64BF4207B85E626464E
:103EA0005446B346B24680E6FF431BF0400F07F08E
:103EB000200308BF062604930B9B073323F0070358
:103EC00003F1080293ED000B029B0B92652B12D1BC
:103ED000711C00224BF4805BC9B2134611290CA857
:103EE0004FF0020728BF112100F008FBDDF83090E9
:103EF000C3B20393FBE6029B662B05D14BF4005B38
:103F0000334601221121E9E7F1B20022652001299F
:103F10001346029038BF0121E0E70227F8E6002BA4
:103F20003FF40AAFBAF1030F39DC9DF83430A44EE8
:103F300013F0080FA34B08BF1E46B1464F4619F8B1
:103F4000010BA0BBAE1B374485E023BB2B23F3E65C
:103F50001BBB2D23F0E62022BAF1040F12DD1BF06B
:103F6000080FAAF104040ED12C4441462020019BE5
:103F70000135029298470028FFF6DEADA542029A6D
:103F8000F3D192B1002441461046019B0135984778
:103F90000028CADAD0E52B22DEE72D22DCE71BF071
:103FA000080FAAF10304C0D1DEE71446BDE7049B65
:103FB0004146C01A019BC0B298470028BEDABBE553
:103FC00003990139C9B20391C1E6561EDAE600260B
:103FD000D8E61BF4006F0CBF032405243C44D9E64B
:103FE0001BF0100F18BF0134DBE609934146019B1B
:103FF00020209847002805F10105099BBFF6DAAE9D
:104000009AE541463020019B013598470028BFF6CC
:10401000F8AE91E5D1450AD19DF83530352B1DD844
:1040200005D19DF8343013F0100F08BF3120414600
:10403000019B98470028FFF67FAD1BF0100F0AD0B8
:10404000BAF1FF3F07D1AF1C41462E20019B984794
:104050000028FFF671AD3D463C4436E23120E6E7EC
:104060009DF83500414631281EBF9DF8343023F0BD
:1040700010038DF83430019B98470028FFF65CADA3
:10408000002E68DD41462E20019B98470028FFF650
:1040900053AD4FF0010A039B4146D3469A45B7BF43
:1040A0000CAB302053445879019B98470028FFF609
:1040B00043AD0AF1010A5645EDDA02355D44029B33
:1040C0004146049A981A019BC0B298470028FFF60F
:1040D00033ADB9F1000F04DB4AD19DF83430DB0673
:1040E00046D5C9F100092D204146019B984700287B
:1040F000FFF622AD042F3DD14FF47A774146019B64
:10410000033599FBF7F606F13000C0B29847002856
:10411000FFF612AD07FB169964274146019B013556
:1041200099FBF7F606F13000C0B298470028FFF679
:1041300003AD07FB16990A274146019B013599FB00
:10414000F7F606F13000C0B298470028FFF6F4AC4D
:1041500007FB169914E01BF0100F01D10135AEE7F3
:1041600041462E20019B023598470028A7DAE3E458
:104170002B20B9E7032F05F10205CDD0012FDAD1AD
:1041800009F130006F1C4146C0B25FE7A7F163033D
:10419000122B00F2FF80DFE813F017005700FD003C
:1041A000FD00FD00FD005700FD00FD00FD00FD00CD
:1041B000FD001701F800FD00FD002C00FD00B90016
:1041C000136A00000F6A00000B9B01240CAF1A1D3C
:1041D0001B680B928DF830301BF0080F2AD007EBCC
:1041E00004093E464E4527D1EF1B3744AAEB040491
:1041F00031E70B9B1A1D0B921F68AA4B002F08BFBB
:104200001F461BF0400F384614BF31464FF0FF31B8
:1042100001F0E5F90446DFE741462020019B98477D
:104220000028FFF689AC013EB442F5D35544B246AE
:10423000AD1BD4E75646F7E7414616F8010B019B44
:1042400098470028CEDA77E41BF0800F0B9B35D01F
:104250001BF4007F2DD0073323F0070303F108027E
:10426000D3E900010B922BF0100900291FFA89F9FC
:1042700036DA404249F4806961EB41010DF1300BBF
:104280000A235A4601F0B7F919F0400FA0EB0B0BC7
:1042900065D029F001025E4592B240F3B280002F52
:1042A00000F0A98019F010033446914626D002345C
:1042B0005CE01A1D18680B92C117D4E71A1D1BF495
:1042C000807F19680B9201D10846F5E71BF4007F47
:1042D00019BF48B241F3C01108B241F3C031C2E77F
:1042E00050EA0103CAD11BF0400FC7D0002EC5D140
:1042F0002BF0110B34461FFA8BF9B34640F20643FC
:1043000019EA03031CBF013400232FE02BF0100B2C
:104310000A231FFA8BFB1BF080040B9A57D01BF467
:10432000007115BF0732101D22F007020B900FBF5E
:10433000106802F108010B91D2E9000150EA010274
:1043400052D12BF016091BF0400F1FFA89F94FD0FC
:10435000002E4DD12BF0170B1FFA8BF9B34619F035
:10436000100352D0002F4ED10BF1010419F0080FA9
:104370005ED119F0010F06D0A2456DDDAAEB040451
:1043800004EB0B06544622464DE04BF0100B102375
:104390007827C0E7029B782B04D1C7F1780343F05C
:1043A0001003B8E741462520019B98470028FFF6F7
:1043B000C3AB41463846019B98470028FFF6BCAB8B
:1043C0000235059BFFF7AABB08230027A3E7111DB1
:1043D00010680B911BF48071B0D01BF400711ABFF0
:1043E000C0B2214680B2A9E72BF0060B1FFA8BF969
:1043F0000DF1300B45E729F0110934461FFA89F910
:104400007CE79146ABE75C4651E75C4676E7CDE951
:10441000022341462020019B98470028FFF68CABE1
:10442000029A039B01329245F1DC2C1BA51814461D
:10443000EBB141463020019B98470028FFF67CAB4A
:1044400067B901352F462E44F31B5B4521DC5D46E1
:104450000CAE4DBB5F44C9E65E4694E7023541466B
:104460003846019B98470028ECDAFFF765BB40F21D
:10447000064319EA030FE5D019F0020F05F1010513
:10448000414614BF2B20202019F4806F18BF2D2027
:10449000E7E741463020019B013798470028D3DAEF
:1044A000FFF74ABB176A0000013D4146019B705D62
:1044B00098470028CDDAFFF73FBB41462020019BFB
:1044C000013598470028FFF637AB631B002BF4DC5F
:1044D00077E700BF1FB502AB074A00934FF0CC331C
:1044E00001F06DF9DDE90201C00840EA4170C90838
:1044F00005B05DF804FB00BFCDCCCCCC2DE9F04F6E
:104500009DB055EC104BCDE90B122A46290D0D93A9
:10451000C5F31303D20FC5F30A5507908DED050AB5
:104520000A9275B922461A431BD130230126056031
:1045300043710A9B43F00203037130461DB0BDE88E
:10454000F08F40F2FF7295424DD1059A0026134339
:104550000A9B079A14BF43F0080343F00403137146
:10456000EBE7059A4FEA83089A46B14D02F0010243
:104570000992059A48EA9278970001221646C5F1F9
:10458000000B0892584600F017FAB5F1FF3FACBF98
:104590008146A0F10109ABEB090B09EB0503584675
:1045A000069300F00FFA18A9A0F17D05584600F017
:1045B00029FA14AB089AA9EB0505019312AB0292F4
:1045C0005146009318AA2B46059801F03BF8B9F123
:1045D000010F04460D4600F2D880099B002B40F0E5
:1045E000CB8001276FE0059A43F4801AA5F2354588
:1045F00002F001024FEA8A080992059A134348EA39
:1046000092784FEA82074BD140F2FE7319420CBFF9
:1046100001260026002D3246B1DB284600F0C6F9FF
:104620000346032DC8BF013B1846069300F0CAF9A4
:10463000069B7C3018A95D1B0544184600F054FA0F
:1046400014AB18AA0598019312AB51460296009339
:104650002B4600F0F7FF069B04460D46152B00F293
:10466000888016AB734A3846414600934FF0CC33EE
:1046700001F0A5F8169B179A9B0843EA827303EB97
:104680008303BB42DDE9129A0CD13846414600F063
:10469000A1F9069B83428CBF00270127002612E068
:1046A0000126B7E7099B002B53D1013F48F1FF31A9
:1046B000B81B61F1000100F08DF9069B099F834250
:1046C0008CBF002601260C9B002B40F09280DDF869
:1046D0002CB04FF000084FF00A0ACDF82080CDF83A
:1046E0001480DDE91201FFF7F5FE149BCDE90E0100
:1046F000184615991093FFF7EDFE0E9B81460F9A11
:1047000098420B461191934180F08D8020462946B6
:10471000FFF7E0FE0AFB09F3109AB8F1000F14BF8F
:10472000002707F001070AFB10480D46934214BF0B
:10473000002606F001060E9B5FFA88F804461293E5
:104740000F9BCDE91339119B1593089B01330893F7
:10475000C7E7B81C48F1000100F03CF9069B834212
:104760008CBF00200120B9EB00006AF10002CDE906
:10477000120200273E46A6E7129B0127139A013B2F
:1047800042F1FF32CDE9123288E7B9F13E0FF0D89D
:104790004FF0FF33A9F12000C9F1200103FA09F21B
:1047A00003FA00F023FA01F103FA09F3024327EABE
:1047B00003070A4328EA020857EA08070CBF012743
:1047C00000276BE700FB02FC0133A1FB00126244EF
:1047D0008C4275EB020CF5D2069A13440D9A1344E1
:1047E0000B9A012BB8BF01239A42A8BF1A469346E1
:1047F0006FE70A21002201230846E9E70AFB03F0DC
:104800000131A2FB0A230344944275EB0300F5D265
:10481000594511DDBBF1000F02D154EA05030BD05D
:104820000123059372E70A2200230121ECE700BF70
:10483000CCFBFFFFCDCCCCCC7EB34FF00A0A149B4F
:10484000159918460F93FFF745FE0F9B0AFB00F2E0
:1048500081460E919A4220D1B8F1000F14BF002773
:1048600007F00107DDE91201FFF734FE10900F9108
:1048700020462946FFF72EFE0F9B0AFB1048109A90
:1048800004460D465FFA88F81292CDE913390E9B63
:104890001593089B01330893D1E7069B089A1344AC
:1048A0009946002F5BD0B8F1050F58D114F00103E1
:1048B0004BD1059A32B9DDE914239D4208BF9442D9
:1048C00060D0059B18194FF00A044FF000024FF01A
:1048D000010645F100012546A04271EB020754D2C2
:1048E000EBB1B3451BDA0C9B63B106EB09030D9AE0
:1048F0001A4422EAE2730B9A9A42A8BF1A469642D9
:1049000093460CDD053009F1010906F1FF364FF041
:104910000A024FF0000341F10001FBF7E7FC5E459E
:104920000FFA89F9079BA8BF5E4636B2B14406F17B
:10493000050809F1FF3798444FF00009B1452BDB1A
:10494000079B0A9A1F601A71F7E5059B2BB9DDE9F1
:1049500014239D4208BF944209D00123B2E7059B6E
:1049600053B9DDE914239D4208BF944204D1099B49
:10497000002BF2D1002EF0D0B8F1040F94BF002329
:1049800001239FE74FF00408F1E705FB02F701362A
:10499000A4FB05423A449FE70A220023FBF7A6FC4A
:1049A000303209F1010908F8012DC7E7014B5843DE
:1049B000800C704741340100014B5843000D704793
:1049C000FB2E0B00024B5843C00C0130704700BF58
:1049D0004F93120070B50346094A00204FF0CC36C1
:1049E0004FF0333506FB03F402FB0144A3FB023115
:1049F00021449D4275EB010401D30130F2E770BD03
:104A0000CDCCCCCC1A232DE9F04FB0FBF3FA334ECA
:104A100003FB1A0389B004460D4606EB0A1653B988
:104A2000D6E90023C1E90023D6E90201C5E9020164
:104A300009B0BDE8F08F2A4A02EBC303D3E900892D
:104A400004AB404649460093D6E9022300F0B7FE86
:104A500006AB83460F46404649460093D6E90023FD
:104A600000F0ADFE00238146DDE9066216EB0B0681
:104A700052EB070828BF012333B1049B059A013389
:104A800042F10002CDE9043220460391FFF79AFF7C
:104A900007461A2000FB0AF0FFF794FF3F1A324640
:104AA000434648460399009700F0A4FE0D4A4FEA9A
:104AB000141C640004F01E0352F82C40DC4004F087
:104AC00003042418304641F10001DDE90423C5E95F
:104AD00000414146009700F08DFEA7E7D85D000039
:104AE000085D0000046200002DE9F04F1A2700F174
:104AF0001905DFF8E8A089B004460E46B5FBF7F5C6
:104B00006F434FEA051B0AEB05153A1A0AD1D5E99E
:104B10000023C1E90023D5E90201C6E9020109B079
:104B2000BDE8F08F2B4B03EBC203D3E9008904AB44
:104B3000404649460093D5E9022300F040FE5AF86A
:104B40000B206B68013ACDE9020106A963F100036D
:104B500040460091494600F032FE8A460299002301
:104B60008146DDE906526D18039952EB010828BF12
:104B7000012333B1049B059A013342F10002CDE9D0
:104B800004323846FFF71EFF07462046FFF71AFF9C
:104B90003F1A2A46434648465146009700F02AFEEF
:104BA0000D4A4FEA141C640004F01E0352F82C4016
:104BB000DC4004F0030401342418284641F10001CC
:104BC000DDE90423C6E900414146009700F012FEEA
:104BD000A3E700BF085D000058620000A85E000067
:104BE0007047836800EBC101B3F5004F2CBF51F84B
:104BF000220031F81200704700EBC1018068B0F567
:104C0000004F2CBF41F8223021F8123070470122AA
:104C100008B5FFF7E6FFD04008BD836800EBC1018F
:104C2000B3F5004F08D34B681AB143F001034B6052
:104C3000704723F00103FAE74B881AB143F00103F0
:104C40004B80704723F00103FAE753000122FFF77E
:104C5000D3BFB0F5004F34BF04230823481C0833EA
:104C6000A0EBD300B0FA80F0C0F11F0070472DE92F
:104C7000F0410D4686680446FFF7C9FFB6F5004FC0
:104C8000014601D3012832D03046FFF7E2FF04EBA2
:104C900080010E6996B90122E36882401343E36004
:104CA00002220D612B4629462046FFF7A5FF03226D
:104CB00029462046BDE8F041FFF79EBF022231465B
:104CC0002046FFF78EFF0746034629462046FFF79A
:104CD00093FF0322334629462046FFF78DFF3946CE
:104CE0002B462046FFF788FF02223146E1E7BDE868
:104CF000F081B2F5802F2CBF082304232DE9F04169
:104D00000026D21A8C18CD1D25F0070524F00704C3
:104D1000641BE408056021462046AC60EE60FFF7A6
:104D200098FF421D9200013002F107074FEAD707B2
:104D30003146A2F1100205F11000B8BF324600F072
:104D40009FFD3A4631462846FFF77FFF33463246FD
:104D500031462846FFF750FFA4EB070828463146A6
:104D60000122FFF75AFF42463946FFF76EFF3B46E6
:104D7000324639462846FFF73FFF21462846FFF7CF
:104D800064FF4346324621462846FFF735FF214659
:104D900028460122FFF741FF3946BDE8F041FFF701
:104DA00066BF002070470FB407B504A951F8040B83
:104DB0000191FBF7DDFC03B05DF804EB04B0704734
:104DC00038B50C46054658B151B10B6843B14B6834
:104DD00033B11C22002100F053FD00202C6138BDAE
:104DE0006FF01500FBE77047002008B5FBF7DEFC0D
:104DF000704700F09EBB0146006800F09ABB08B502
:104E0000FBF7FCFCBDE80840FBF7FCBC00210120DF
:104E1000FFF7EFBF08B5FBF767FF002008BD0C22C6
:104E20000369C9B201FB0233186C00F00700704738
:104E30004FF02003EFF3118283F31288BFF36F8FDB
:104E4000036803F0C00343F00203036082F3118898
:104E5000BFF36F8F704770B5C9B203694FF020047C
:104E6000EFF3118584F31288BFF36F8F0C2606FBD6
:104E70000134246C14F0C00408D0A24206D085F39B
:104E80001188BFF36F8F4FF0FF3070BD012206FB1A
:104E900001331A6485F31188BFF36F8F436803EB06
:104EA000C1035B6898470020EFE78022FFF7D3BF7C
:104EB000F8B5069F0469C9B24FF02005EFF31186DB
:104EC00085F31288BFF36F8F0C2505FB0144256C19
:104ED00005F0070CBCF1010F0CD1276486F3118893
:104EE000BFF36F8FC4E90E23436853F831309847FE
:104EF0000020F8BD05F0C005AF4286F31188BFF36E
:104F00006F8F0CBF6FF077004FF0FF30F1E713B5F4
:104F100080240094FFF7CCFF02B010BD6FF0850035
:104F2000704710B41C240069CBB203FB04000021BD
:104F30005DF8044B10470020FDF73CB8002000F05E
:104F4000C0BA30B543681360057A446804EBC50401
:104F5000A34202D36FF0010030BD5C798C4201D0D6
:104F60000833F0E70020F7E743681B68D3F88004B4
:104F7000C3F880047047436802691B68D3F81001C6
:104F800050B10020526912780A70C3F81001D3F8AA
:104F9000102101221A6070474FF0FF3070470268FD
:104FA0000346D2F8580140B95B689B0706D4D2F893
:104FB0002001003818BF0120704701207047426867
:104FC0001368D3F80413C90518D5D3F82011A9B173
:104FD0004FF02000EFF3118180F31288BFF36F8F41
:104FE000D3F8200130B10020C3F82001D3F820010C
:104FF0000120D86081F31188BFF36F8F5268D20609
:1050000015D54FF02001EFF3118281F31288BFF321
:105010006F8FD3F8581111B10021C3F800154FF468
:105020008001C3F8081382F31188BFF36F8F7047B4
:1050300010B50446002201210920FBF7BDFD09201F
:10504000FBF79EFD2046BDE81040FCF7A7B810B561
:105050000446002201210820FBF7AEFD0820FBF7E3
:105060008FFD2046BDE81040FCF798B8002008B539
:10507000FBF742FD30B589B0154601230A460146CB
:10508000684600F0DAF8044640B92022694628460E
:10509000FBF746F9002808BF6FF06404204609B00A
:1050A00030BD2DE9F04190B09DF85C600446884623
:1050B00015461F4601463346402208A800F0BDF8B9
:1050C00038B91022404608A9FBF72AF920B96FF039
:1050D000640010B0BDE8F081334639466846169A40
:1050E00000F0ABF80028F4D12022334669460DEBDE
:1050F000020000F0A2F80028EBD120212B46224626
:105100000DEB010000F01CF8E3E713B50124019456
:10511000049C0094FFF7C5FF02B010BD08B500F075
:105120000DF808B900F068F808BD13B50024019423
:10513000049C0094FFF7B5FF02B010BDFCF71CBA49
:10514000F0B5144606460F461D46ADB0FCF704FA0E
:10515000334621462A46009703A800F004FA044685
:10516000FCF702FAA4F57003A3F676030E2B0DD814
:10517000DFE803F0080C0C0C0C0C0C0C0C0C0808F1
:105180000C080E006FF015002DB0F0BD2046FBE7B7
:105190006FF06500F8E72DE9F84F15469A42904602
:1051A00081468A461E4628BF9846AB46FCF7D4F98E
:1051B0000027AF4205D30024FCF7D6F92046BDE80E
:1051C000F88F0A9B0AEB07013BB108F1030218466E
:1051D00022F0030200F03AFB0A9942464846FDF7E6
:1051E00093F904460028E7D1ABEB080B5E45B046C7
:1051F000374428BFD846DCE7FCF7BEB90123FCF7EB
:10520000D9B938B504460D46FCF7A6F9294620461B
:10521000FDF7D2F90446FCF7A7F9A4F57003A3F54E
:105220000073052B04D8252222FA03F3DB0701D4EF
:10523000204638BD6FF01500FBE7F0B59FB004467F
:1052400001A80D4616461F46FCF7E6F950B93B4645
:105250003246294601A8FCF7ADF918B9214601A844
:10526000FFF7CFFF1FB0F0BD13B5044658B10120C2
:105270000DF1060100F06CF818B9BDF806305B08B6
:10528000238002B010BD6FF01500FAE770B5054637
:1052900008460C46FCF7E0F9214602460123284661
:1052A000BDE87040FCF71EBA0A4600230146FCF731
:1052B00019BAEFF31083012B03D10068BFF34F8FAE
:1052C000704772B60068BFF34F8F62B670472DE922
:1052D000F8430D461646FCF79BFB0446F8B1F5B1C2
:1052E000023000F00EF900278146B8460434B94573
:1052F00007D8002406B134600020A5F80080BDE87E
:10530000F883204600F0FDF8C3439BB2A21C002B9B
:10531000F0D0984538BF984614460137E7E76FF05C
:105320001500ECE710B50C46FCF772FB58B154B110
:10533000023000F0E6F84FF6FF72904203464FF05D
:10534000000003D120806FF0150010BD2380FCE722
:105350000022FFF7BCBF37B50D4601AA0DF10201CF
:10536000FFF7B5FF044648B9BDF80230AB4208D29A
:10537000019848B1E94389B200F0B3F8204603B080
:1053800030BD6FF01504F9E76FF00B04F6E7034644
:105390005A6B00233C309A4200D17047C1680133F8
:1053A0000844F8E7FEF75CB908B5FBF721FAFFF708
:1053B0001FFDBDE80840FEF753B94FF47F03D3F853
:1053C0003001D3F83431BFF34F8FC0F30B00A0F19D
:1053D00009035842584170474FF47F02D2F83031E8
:1053E000D2F83401BFF34F8FC3F30B03092B03D162
:1053F000431E58425841704700207047004700F054
:1054000088B840F00040C1F88000C2F880007047C2
:10541000F7B5044618B1012824D003B0F0BD4FF011
:1054200050230222C3F8082301220646DA60C3F89B
:105430000401D3F80431012342F210754FF05027D4
:105440008DF80730DCB1012CE7D1D7F80C3403F428
:1054500080338EBB002BE0D00120FFF7D0FF013D51
:10546000F3D1DAE74FF050230022C3F80803586065
:10547000C3F80021D3F800310DF10706DBE7D7F8B8
:10548000183403F480333EB9002BC6D00120FFF757
:10549000B6FF013DF3D1C0E7D7F8182402F00302AC
:1054A0003270002BB9D09DF807000128B5D1FFF765
:1054B000A6FF013DC6D1B0E7D7F80C2402F00102E7
:1054C000EEE7FFF7A5BF4FF0FF3307B500F003008D
:1054D000019301AB184400F0ACF9019803B05DF8FA
:1054E00004FB13B50222ADF806100DF106010446C7
:1054F000FFF7E9FF014624F00300FCF701FE02B0CC
:1055000010BD20F003031B6882070CBF98B2180C73
:10551000704708B1FBF716BC7047704740B1C368CD
:10552000587810F001001EBF1878B0FA80F04009DA
:10553000704710B54FF02003EFF3118483F3128806
:10554000BFF36F8FFFF792FD84F31188BFF36F8F66
:1055500010BD00F095B900F06CB9EFF3058000388C
:1055600018BF012070472DE9F041069F04461546FB
:105570001E46FCF77FFE38B93B4632462946204698
:10558000BDE8F041FCF79CBEBDE8F0810A46002171
:10559000FDF722B900F04DB900F072B90A460021BA
:1055A00000F06EB901EB820204388A4201D100207A
:1055B000704752F8043D1BBA40F8043FF5E7013943
:1055C000024410B5904201D1002005E0037811F8A3
:1055D000014FA34201D0181B10BD0130F2E7024673
:1055E000014410B58A42134603D01C780132002CC6
:1055F000F8D1181A10BD2DE9F047C3F13709074655
:10560000884603F01F055FFA89F916464FF0000A35
:10561000384641462A465346FAF768FE4346D4B216
:105620003A4688460746092C84BF4C44E4B2AA4255
:1056300004F1300473EB0A0306F8014BE8D230465C
:10564000BDE8F0872DE9F04F061889B09946154658
:1056500041EB010404AB3046DDF84CB02146009329
:10566000A9F1410AD2E9002300F0A9F806AB0746E8
:105670008846304621460093D5E9022300F09FF882
:105680000022DDE90463841951EB0306069B28BF61
:105690000122D5E90001D218079B43F10003381815
:1056A00048EB0101B84271EB0801E968039138BF8A
:1056B0000120A96828BF0020CDF800A014EB010C40
:1056C000039946EB010110EB0C0041F10001A042EF
:1056D00071EB060C34BF4FF0010C4FF0000CCDE91C
:1056E00006231CEB020243F1000300F083F8129B37
:1056F000C3E90001149B012BDDE9062329D1D5E97B
:105700000201D5E900C5201ACDF800A066EB010121
:10571000674578EB050534BF01250025401B61F185
:105720000001844276EB010534BF01250025521BA0
:1057300063F1000300F05EF8DDE90623CBE9000128
:1057400020463146CDF800A000F054F809B0BDE87D
:10575000F08F17EB070E48EB080C201946EB0601FB
:10576000BE457CEB080834BF01270027C71941F16B
:105770000008D5E9000186457CEB010C34BF01200F
:105780000020D5E90215381A68F1000C401A6CEBBC
:10579000050192185B41A74278EB060534BF01254D
:1057A0000025521943F10003874278EB010834BF0A
:1057B00001250025521BA9F140050095B8E7F0B579
:1057C0000F460446A0FB0201059EA7FB02524919A1
:1057D000A3FB0445A7FB037342F10002611845F1E6
:1057E0000004D21943F10003121943F10003C6E982
:1057F0000023F0BDF0B5059CC4F14007C4F12006BC
:10580000A4F12005E04002FA06F6BB4022FA05F5B5
:10581000BA403343C4F120062B4301FA06F6A4F143
:105820002005304321FA05F5E14028431943104390
:10583000F0BD0A44431E914200D1704710B511F8E3
:10584000014B914203F8014FF9D110BD884210B5C8
:1058500001EB020402D98442234607D8431EA14229
:1058600008D011F8012B03F8012FF8E70244014694
:105870008A4200D110BD13F8014D02F8014DF7E73F
:1058800002440346934200D1704703F8011BF9E735
:105890002DE9F04F55EC104BA446C5F30A540346CE
:1058A000084644EA0C072946C5F313053026E146AD
:1058B00057EA0508AE465E7174D10024A1421C71FE
:1058C0006EDA0121A04219714FF000041ADA204665
:1058D00003F112060D25C2F157024FF0300C07F00C
:1058E0000F013F0947EA0E774FEA2E1E002940F0CC
:1058F0008780A84201DB86F800C0013D06F1FF3633
:10590000EDD176E00C2868DCC0F10D01012689009C
:1059100001F1FF3EA1F12108C1F1210706FA08F8C3
:1059200026FA07F706FA0EF648EA070816EB060A03
:1059300048EB080BDAF100076BEB4B0E1AF1FF3A5C
:105940004BF1FF3B0AEA0C0A0BEA050B564578EBD4
:105950000B0B11DBC1F1200BB1F1200A2CFA01F184
:1059600005FA0BFB58BF45FA0AFA41EA0B0158BF8A
:1059700041EA0A01C90724D51CEB060C45EB0805D2
:10598000E146B5F5801F1CDB5979B4F5806F01F154
:105990000101597127D007EA0C070EEA050E97E7B7
:1059A000002891E75CB13126C90F0028A4F2FF342A
:1059B0005E7119710FDB0C28A6DD0D2005E00124B6
:1059C000F2E707EA09090EEA0505B4F5806F06D08B
:1059D0004F46AE467CE70020F7E70D2078E759EA0E
:1059E00005051A7908D01A794FF4806442F008024C
:1059F0001A711C60BDE8F08F42F004021A71F8E7DA
:105A00000929D4BF30318918A8423170B8BF28465F
:105A100073E7000068A9FF7F01000000350D00005A
:105A200000000000010E0000645A0000A5530000B1
:105A3000000000004F5000008C5A00003150000060
:105A4000785A00000D0F000000000000110D00004A
:105A500000000000A9530000000000001D1C000011
:105A600000000000A3640000C05F0000D05F0000E1
:105A700018E6002030E60020B6640000EC5F00006D
:105A8000446000001AE600207CE50020C0640000AD
:105A900018600000446000001CE6002098E500202B
:105AA000000000000D4E0000000000000D4E000040
:105AB000000000000D4E0000000000000D4E000030
:105AC000000000000D4E000065200000FD530000A6
:105AD000000000000D4E0000000000000D4E000010
:105AE0008C5A0000BF4F0000785A0000BF4F0000E2
:105AF000000000000D4E0000000000000D4E0000F0
:105B0000000000000D4E0000000000000D4E0000DF
:105B1000000000000D4E0000000000000D4E0000CF
:105B2000000000000D4E0000000000000D4E0000BF
:105B3000000000000D4E0000000000000D4E0000AF
:105B4000000000000D4E0000000000000D4E00009F
:105B5000000000000D4E0000000000000D4E00008F
:105B6000000000000D4E0000000000000D4E00007F
:105B7000000000000D4E0000000000000D4E00006F
:105B8000000000000D4E0000000000000D4E00005F
:105B9000000000000D4E0000000000000D4E00004F
:105BA000000000000D4E0000000000000D4E00003F
:105BB000000000000D4E0000000000000D4E00002F
:105BC000000000000D4E0000000000000D4E00001F
:105BD000000000000D4E0000000000000D4E00000F
:105BE000000000000D4E0000000000000D4E0000FF
:105BF000000000000D4E0000000000000D4E0000EF
:105C0000000000000D4E0000000000000D4E0000DE
:105C1000000000000D4E0000000000000D4E0000CE
:105C2000000000000D4E0000000000000D4E0000BE
:105C3000000000000D4E0000000000000D4E0000AE
:105C4000000000000D4E0000000000000D4E00009E
:105C5000000000000D4E0000000000000D4E00008E
:105C6000000000000D4E0000000000000D4E00007E
:105C7000000000000D4E0000000000000D4E00006E
:105C8000000000000D4E0000000000000D4E00005E
:105C9000000000000D4E0000000000000D4E00004E
:105CA000000000000D4E0000FFFFFFFFFFFFFFFFA1
:105CB000DEE61E284CBBCE8F025B0000DEE61E280F
:105CC0004CBBCE8F025B0000DEE61E28838451862B
:105CD000025B0100DEE61E284CBBCE8F025B00009B
:105CE000DEE61E28EAAC45B8025B000002000000B8
:105CF00000000000292400006124000000000000D2
:105D00000338FDD8704700000100000000000000CB
:105D10000500000000000000190000000000000065
:105D20007D00000000000000710200000000000083
:105D3000350C000000000000093D000000000000DC
:105D40002D31010000000000E1F505000000000019
:105D500065CD1D0000000000F90295000000000064
:105D6000DD0EE90200000000514A8D0E0000000027
:105D70009573C24800000000E941CC6B01000000AF
:105D80008D49FD1A07000000C16FF2862300000054
:105D9000C52EBCA2B1000000D9E9AC2D78030000EB
:105DA0003D9160E45811000031D6E275BC56000008
:105DB000F52E6E4DAEB10100C9EA26836778080062
:105DC000ED95C28F055A2A00A1EDCCCE1BC2D3009F
:105DD00025A4000A8BCA2204000000000000000075
:105DE00000000000000000100000000000000000A3
:105DF000B9340332B7F4AD1410DB1AB30892540E61
:105E00000D307D951447BA1A66088F4D26ADC66DC4
:105E1000F598BF85E2B74511CA96853D92BD1DEB49
:105E2000FCA11860DCEF52163C92AE220BB8C1B454
:105E3000839D2D5B0562DA1C304C7E8F4E8BB25BEE
:105E400016F4529F8B56A512FBD4827643ED8AF04E
:105E50008FE7F9311565191850F19BD94A13EEB443
:105E6000284CF0A686C1251F035FC270CB9E491641
:105E7000E642889C44EB2014B0650836AD6EA585DB
:105E800085F0CA14E2FD031A0B899979D5B13D0951
:105E9000D8DA973A35EBCF10AC363F5E73BB38CFCC
:105EA0003E6752FA44AFBA1501000000000000003E
:105EB0000000000000000020345065C05FC9A652F9
:105EC000BB13CBAEC440C21806C8DF7100D5A87C96
:105ED000F56F0FDA58FC27136E4756357D24206581
:105EE00002C7E768E48CA41DE9E60268D7CD3961F2
:105EF0007977FCC2405BEF16798CDE43FFA751F93E
:105F000091F3B278F5BDBE11E857E9D6E8BEE87B5B
:105F1000B054AC8F848D751BEA23A499E9F9D38B17
:105F2000B7A3714061DA3E15CEE33ECB73F9480862
:105F30008C97B427D51B7010A2BFEFB9EB85321533
:105F40004DB44DB49BBB6F1996B6076CF8E7EEAD38
:105F500036D9B4F59135AE13222218AF4E6A684D8A
:105F600091DAAA3D4F40741E9FBD9EE006A1C098E5
:105F700057C2A7FDA40E90170E7D497173E3208FC1
:105F8000B220D87605143B12853D7434811343B09A
:105F9000AD297A5F27F4351C0000000000020000E4
:105FA00000040000000800000010000000000000D5
:105FB000E94D0000890D0000590D000000000000AF
:105FC000A90E0000CD0D0000374F00003D4F00002E
:105FD0001D4F0000AB4E00000F4F000000000000FE
:105FE0001F4E000000000000000000000090005064
:105FF0000200000000000000FC5F00000090005064
:1060000008600000010000001060000002000000B5
:1060100005000000040002000080005002000000A3
:106020000000000028600000008000503460000084
:10603000010000003C6000000200000001000000C0
:1060400000000200774F0000D9100000694F0000E7
:106050000000000000020000000400000008000032
:10606000001000000000000000020000000400001A
:1060700000080000001000001C5A00001C5A00001C
:106080004C5A00004C5A0000645A0000645A000048
:10609000FFFFFFFFFFFFFFFFFFFFFFFF000000000C
:1060A000000000000000000001000000FFFFFFFFF3
:1060B000FCFFFFFFFFFFFFFFFFFFFFFF00000000EF
:1060C000000000000000000001000000FFFFFFFFD3
:1060D000512563FCC2CAB9F3849E17A7ADFAE6BC8A
:1060E000FFFFFFFFFFFFFFFF00000000FFFFFFFFBC
:1060F0000000000096C298D84539A1F4A033EB2DDA
:10610000817D0377F240A463E5E6BCF847422CE1C9
:10611000F2D1176BF551BF376840B6CBCE5E316B0D
:106120005733CE2B169E0F7C4AEBE78E9B7F1AFED1
:10613000E242E34FFFFFFFFF7F000000800000000E
:106140000000000000000000FFFFFFFF7F000000D4
:1061500080000000000000000000000067E6096AFF
:1061600085AE67BB72F36E3C3AF54FA57F520E5178
:106170008C68059BABD9831F19CDE05BFF8FFFFFB8
:10618000FF8FFFFFFE8FFFFFFE8FFFFFFD8FFFFFE3
:10619000FC8FFFFFFC8FFFFF436F756C64206E6FF9
:1061A00074206C6F636B20706F77657220736176FB
:1061B00065206D75746578006D757465785F6672BD
:1061C00065652063616C6C65642077697468204E36
:1061D000554C4C20706172616D65746572000000F1
:1061E00043616E277420696E697469616C697A65B0
:1061F000206D757465782C20776173204E554C4C5A
:106200000D0A000000000000000000000000000077
:10621000000000000000004095596959555554553B
:1062200015555556040515411054554045515544D2
:106230004045504450555545004000404004449668
:106240006555565545404554514115405591555554
:106250005555405105010000544554544555050419
:106260000010041014044000000001405555154171
:1062700054040000440001000000004041000044BC
:106280005044455054005555545565510040004008
:1062900001000001000501001154515154555505EC
:1062A0000000000000000000000000004174746560
:1062B0006D7074696E6720746F20626F6F742073E5
:1062C0006C6F742025642E0D0A004E6F2066775F78
:1062D000696E666F2073747275637420666F756E75
:1062E000642E0D0A00417474656D7074696E6720C8
:1062F000746F20626F6F742066726F6D20616464CA
:106300007265737320307825782E0A0D0046616916
:106310006C656420746F2076616C69646174652CAF
:10632000207065726D616E656E746C7920696E7631
:10633000616C69646174696E67210A0D0046697257
:106340006D776172652076657273696F6E20256462
:106350000D0A004661696C656420746F2072656186
:106360006420746865206D6F6E6F746F6E69632052
:10637000636F756E746572210A0D00576520617335
:1063800073756D6520746869732069732064756521
:1063900020746F20746865206669726D776172651C
:1063A0002076657273696F6E206E6F742062656906
:1063B0006E6720656E61626C65642E0A0D00466131
:1063C000696C656420746F2070726F7465637420EB
:1063D000423020666C6173682C2063616E63656C6B
:1063E00020737461727475702E0A0D004E6F2062F6
:1063F0006F6F7461626C6520696D61676520666F9F
:10640000756E642E2041626F7274696E6720626FD0
:106410006F742E0A0D004661696C656420746F20EC
:106420007265626F6F743A207370696E6E696E6721
:1064300020656E646C6573736C792E2E2E0A002AAB
:106440002A2A20426F6F74696E67206E524620437D
:106450006F6E6E6563742053444B2076322E362E59
:1064600039392D383331653336323761613637206B
:106470002A2A2A0A002A2A2A205573696E67205A76
:106480006570687972204F532076332E362E393955
:106490002D313535626239383534303633202A2A89
:1064A0002A0A00636C6F636B4035303030000001A6
:1064B00002030405060775617274403930303000FC
:1064C00075617274403830303000426F6F74696E9D
:1064D00067202830782578292E0D0A0053657474BA
:1064E000696E67206D6F6E6F746F6E696320636F86
:1064F000756E746572202876657273696F6E3A20C6
:1065000025642C20736C6F743A202564290D0A00D1
:106510004661696C656420647572696E6720726596
:106520006164696E67206F6620746865206E756DA2
:10653000626572206F662074686520636F756E7483
:10654000657220736C6F74732C206572726F723A6F
:106550002025640D0A004D6F6E6F746F6E696320A5
:1065600076657273696F6E20636F756E74657220E5
:1065700069732064697361626C65642E0D0A00465C
:1065800061696C656420647572696E6720736574F7
:1065900074696E6720746865206D6F6E6F746F6EBE
:1065A000696320636F756E7465722C206572726FFB
:1065B000723A2025640D0A00496E76616C69642088
:1065C0006669726D7761726520696E666F20666FAD
:1065D000726D61742E0A0D00546865206669726DD3
:1065E0007761726520646F65736E27742062656CD5
:1065F0006F6E672061742064657374696E6174697D
:106600006F6E20616464722E0A0D007372632061E4
:106610006E6420647374206D7573742062652065E8
:106620007175616C20666F72206C6F63616C2063A2
:10663000616C6C732E0A0D004669726D776172652C
:1066400020696E666F20646F65736E277420706FAB
:10665000696E7420746F20697473656C662E0A0D00
:1066600000466972776D61726520686173206265AA
:10667000656E20696E76616C6964617465643A2048
:10668000307825782E0A0D0043616E6E6F7420728B
:1066900065616420746865206669726D77617265F2
:1066A0002076657273696F6E2E2025640A0D004690
:1066B00069726D776172652076657273696F6E209D
:1066C0002825752920697320736D616C6C657220B3
:1066D0007468616E206D6F6E6F746F6E6963206396
:1066E0006F756E74657220282575292E0A0D004974
:1066F0006E76616C69642073697A65206F722074AC
:106700006F74616C5F73697A6520696E2066697267
:106710006D7761726520696E666F2E0A0D0046699D
:10672000726D7761726520696E666F206973206E85
:106730006F742077697468696E207369676E656429
:1067400020726567696F6E2E0A0D00426F6F7420AC
:1067500061646472657373206973206E6F7420774F
:10676000697468696E207369676E65642072656715
:10677000696F6E2E0A0D0052657365742068616E34
:10678000646C6572206973206E6F74207769746819
:10679000696E207369676E656420726567696F6EE4
:1067A0002E0A0D00436F756C64206E6F742066694D
:1067B0006E642076616C6964206669726D776172BF
:1067C000652076616C69646174696F6E20696E66BC
:1067D0006F2E0A0D0056616C69646174696F6E20DA
:1067E000696E666F20646F65736E27742062656CD6
:1067F0006F6E6720746F2074686973206669726DAC
:10680000776172652E0A0D00626C5F637279707435
:106810006F5F696E697428292072657475726E6580
:10682000642025642E0A0D007665726966795F70B2
:1068300075626C69635F6B65797328292072657472
:1068400075726E65642025642E0A0D0041207075F6
:10685000626C6963206B657920636F6E7461696E29
:1068600073203078464646462C2077686963682056
:10687000697320756E737570706F727465640A0D3C
:10688000004B657920256420686173206265656E20
:1068900020696E76616C6964617465642C20747221
:1068A00079206E6578742E0A0D007075626C6963CC
:1068B0005F6B65795F646174615F726561642066B6
:1068C00061696C65643A2025642E0A0D0056657274
:1068D000696679696E67207369676E617475726540
:1068E00020616761696E7374206B65792025642E61
:1068F0000A0D00486173683A203078253032782ECE
:106900002E2E253032780D0A00496E76616C69644E
:106910006174696E67206B65792025642E0A0D000D
:106920004669726D77617265207369676E6174750F
:1069300072652076657269666965642E0A0D00507D
:1069400075626C6963206B6579206469646E277475
:10695000206D617463682C20747279206E65787480
:106960002E0A0D004669726D776172652076616C42
:1069700069646174696F6E206661696C6564207713
:10698000697468206572726F722025642E0A0D008A
:106990004661696C656420746F2076616C6964611E
:1069A0007465207369676E61747572652E0A0D00D7
:1069B0004552524F523A2043616E6E6F7420667595
:1069C0006C66696C6C204558545F41504920726573
:1069D00071756573742E0D0A005741524E494E472A
:1069E0003A204F7074696F6E616C204558545F4156
:1069F00050492072657175657374206E6F742066DE
:106A0000756C66696C6C65642E0D0A000000016986
:106A10006E66006E616E00286E756C6C2900000059
:106A200000000000FFFFFFFFFF000000A34D00007B
:106A300000000000154E00000000000000000000F3
:106A40000000000040420F000001030000000000B1
:106A500019E7002018E700200000000000000000F7
:106A600000C2010000010300000000001BE700203D
:106A70001AE7002000000000FFFF000000000000F7
:106A800099360000C8E50020E4E50020DCE50020A0
:106A9000D8E50020D4E5002010E6002008E600201C
:106AA00000E6002000000000F8E50020AD390000FD
:106AB000F93800002D3900007539000008E7002082
:106AC0003A00003A0CE700203A00003A10E70020B4
:106AD0003A00003A14E700203A00003A00000000B3
:066AE000000015E015E0C6
:108200008884002069AA00000116010055AA000018
:1082100055AA000055AA000055AA000055AA000062
:1082200000000000000000000000000021AC000081
:1082300055AA0000000000008DAB000055AA000008
:1082400051AE000051AE000051AE000051AE000032
:1082500051AE000051AE000051AE000051AE000022
:1082600051AE000051AE000051AE000051AE000012
:1082700051AE000051AE000051AE000051AE000002
:1082800051AE000051AE000051AE000051AE0000F2
:1082900051AE000051AE000051AE000051AE0000E2
:1082A00051AE000051AE000051AE000051AE0000D2
:1082B00051AE000051AE000051AE000051AE0000C2
:1082C00051AE000051AE000051AE000051AE0000B2
:1082D00051AE000051AE000051AE000051AE0000A2
:1082E00051AE000051AE000051AE000051AE000092
:1082F00051AE000051AE000051AE000051AE000082
:1083000051AE000051AE000051AE000051AE000071
:1083100051AE000051AE000051AE000051AE000061
:1083200051AE000051AE000051AE000051AE000051
:1083300051AE000051AE000051AE000051AE000041
:1083400051AE00000000000000000000000000002E
:10835000000000000000000000000000000000001D
:10836000000000000000000000000000000000000D
:1083700000000000000000000000000000000000FD
:1083800000000000000000000000000000000000ED
:1083900000000000000000000000000000000000DD
:1083A00000000000000000000000000000000000CD
:1083B00000000000000000000000000000000000BD
:1083C00000000000000000000000000000000000AD
:1083D000000000000000000000000000000000009D
:1083E000000000000000000000000000000000008D
:1083F000000000000000000000000000000000007D
:10840000DEE61E284CBBCE8F025B00003C00000065
:108410005CC000000100000000820000008200003B
:10842000FFFF0291000000000000000000000000BB
:1084300000000000000000000000000053B94AB92D
:10844000002908BF00281CBF4FF0FF314FF0FF305C
:1084500000F00CB8ADF1080C6DE904CE00F008F89E
:10846000DDF804E0DDE9022304B07047704700BF87
:108470002DE9F04786468C460846089E1546744608
:108480001946002B40F0C1808542B2FA82F245D9EC
:108490004AB1C2F1200300FA02FC954094402EFA42
:1084A00003F343EA0C0C4FEA154EA8B2230CBCFBB5
:1084B000FEF80EFB18CC08FB00F943EA0C43994583
:1084C00028D9EB1808F1FF3704D2994502D9A8F151
:1084D00002072B44A3EB0903A4B2B3FBFEFC0EFB83
:1084E0001C330CFB00F044EA0344A04214D92C19BD
:1084F0000CF1FF3304D2A04202D9ACF102032C44A8
:10850000241A43EA07401EB1D4400023346073604C
:10851000BDE8F0874746DDE76346F1E792BB431BC2
:1085200001214FEA154EAFB2200CB3FBFEFC0EFB4F
:108530001C330CFB07F840EA0343984561D9EB185C
:108540000CF1FF3004D2984502D9ACF102002B4463
:10855000A3EB0803A4B2B3FBFEFC0EFB1C330CFB25
:1085600007F744EA0344A7424DD92C190CF1FF3315
:1085700004D2A74202D9ACF102032C44E41B43EA23
:108580000040C0E7C2F120039540944020FA03F177
:108590002EFA03F34FEA154E9040AFB20343B1FBFE
:1085A000FEFC0EFB1C10190C0CFB07F841EA004105
:1085B000884522D969180CF1FF3004D2884502D9C8
:1085C000ACF102002944A1EB08019BB2B1FBFEFC17
:1085D0000EFB1C110CFB07F743EA01439F420ED927
:1085E000EB180CF1FF3104D29F4202D9ACF1020129
:1085F0002B44DB1B41EA004193E76046E3E7614619
:10860000F7E76046A4E76346B8E7834206D916B9A0
:10861000002108467CE7C6E900E0F9E7B3FA83F7F2
:108620008FB9834201D3724508D8BEEB020460EBD8
:10863000030301209C461EB9002169E73846FAE78A
:10864000C6E9004CF8E7C7F1200CBB400EFA07F56D
:1086500022FA0CF42EFA0CF1BA401C4320FA0CF367
:10866000B8404FEA144901431FFA84FEB3FBF9F8FE
:1086700009FB18300B0C08FB0EFA43EA00439A453D
:1086800040D9E31808F1FF3004D29A4502D9A8F185
:1086900002002344A3EB0A0389B2B3FBF9F809FBF8
:1086A000183308FB0EFE41EA03418E452CD96118B0
:1086B00008F1FF3304D28E4502D9A8F10203214408
:1086C00043EA0040A1EB0E01A0FB02984145CE46D3
:1086D000434602D306D14D4504D20138B9EB020E10
:1086E00068EB0403002EA7D0B5EB0E0261EB03018B
:1086F00001FA0CFC22FA07F3F9404CEA0303C6E93D
:10870000003199E74046C5E74346D9E7F0B5354B18
:10871000354A4921C3F800263448C3F8042685B0F9
:10872000C3F80826C3F80C26C3F81026C3F814268D
:10873000C3F81826C3F81C2608F0DAFE08F0F0FA91
:1087400000F094FA054601A800F07CFF0446284694
:1087500000F09CFA264B1B68A34205D04521254812
:1087600008F0C6FE08F0D0FB039A4921224808F021
:10877000BFFE4921214808F0BBFE4FF420314FF4E1
:10878000004004F071F8044620B145211C4808F06F
:10879000AFFEFEE769469DF8080000F035F8009B43
:1087A000039D1D44019B1E8904F046F8AF1901F09A
:1087B0000FFB01F0DFFA01F0F9FA84F30B8884F380
:1087C0000A88AB5983F3088884F31488BFF36F8F4A
:1087D000BFF36F8F7B68984745210A4808F088FEF1
:1087E000FEE700BF008001503546526EB4380100EC
:1087F00008000020CD380100F03801001F390100C9
:108800004439010077390100024608B538B10548FE
:108810000023452108F06CFE6FF0150008BD0860CC
:10882000FCE700BF9A39010021B1012908D06FF09F
:108830001500704748B10128054818BFFF20704750
:10884000022834BF0320FF2070470C20704700BF70
:10885000080000002DE9F04F864FDDB01446DDE939
:1088600068891D46DDF8A8B13E6801F04DFA012285
:10887000814B3CA8C3F8002507F070F9B8F1000F50
:1088800007D0B9F1000F04DD4A4641463CA808F084
:1088900020FD4FF0000823896289D4F80CA013440E
:1088A0009A44C24558D80FA93CA807F0C9F900223C
:1088B000714BC3F80025C3F80025BBF1000F04D0AD
:1088C000202258460FA908F0C1FE00232A46009333
:1088D00021464FF6FF7309A808F023FA03900028F9
:1088E0004BD128460E9C00F0ABF9844245D84FF09E
:1088F000FF34DFF88CB1DFF880910DF11E0307AA79
:1089000008A909A808F05BFA002836DB40F0A88027
:10891000BDF81EA0BAF1100F38D1BDF81C80B8F117
:10892000200F2AD14346284608993CAA08F0EEFDBC
:1089300018BB00F09BF9424682463CA90FA800F004
:1089400025F98046504600F0A1F94C4B1B68434581
:1089500013D101230393D0E7679BAAEB080999453C
:1089600028BF994641464B462846669A08F0CEFDF8
:1089700028B10022404BC3F800253E6873E04A4608
:1089800066993CA808F0A5FCC8448AE7BAF1010F33
:108990003FD1BDF81C30202BEFD8284608993CAABF
:1089A00008F0B4FD04460028E7D19DF81C30202BC8
:1089B00004930AD8DBF80030DFF8C8800593059BE4
:1089C0009C4205DB0023C9F800354FF0FF3494E7E3
:1089D00001F09AF9C9F800A51FA807F0BFF8D8F868
:1089E00004201FA8126858F8081B08F072FC17A989
:1089F0001FA807F025F90022C9F80025049A3CA910
:108A000017A808F013FE10B9C9F8000575E701347E
:108A1000D5E7BAF1220F7FF470AF631C3FF46DAF5E
:108A2000DBF80030A342D0DDBDF81C30802BA4D889
:108A3000284608993CAA08F069FD00289DD100F05D
:108A400015F9E4B280462021BDF81C303CAA009400
:108A50000FA800F019F80646404600F017F9B4E7F1
:108A6000039B002B89D000F009F930465DB0BDE8CA
:108A7000F08F00BF04000020000084500800002098
:108A8000983201009C3201002DE9F04796B016465D
:108A90001D469DF87820384B074653F8321003EBFB
:108AA000C2035B6801911868DFF8DC800144302361
:108AB00002AA01A8D8F8009008F099FB002851D12B
:108AC000DDE901431C44214606AB03AA01A808F0D6
:108AD000B6FB002846D1049A072A43D127490598B6
:108AE00008F0A4FD00283DD1079A082A3AD124496C
:108AF000089808F09BFDA8BB214602AA01A808F02F
:108B00008AFB78BBDDE901A30AEB0302944229D179
:108B1000412B27D135443023294603AA02A80296C7
:108B200008F065FBE0B9DDE9023213449D4217D33A
:108B30002A4602A906A808F08EF988B92A4602A991
:108B40000EA808F088F958B99AF80030042B07D11C
:108B50002023384606AA0AF1010101F0EDF838B1E8
:108B6000D8F8009000F08AF8484616B0BDE8F087C3
:108B7000044BD3F80090F5E79C320100C93901009D
:108B8000C0390100080000200400002070B5094B26
:108B900004461D680023934205D1074B1D6800F071
:108BA0006DF8284670BDE65CC85C8642F7D101339B
:108BB000F1E700BF04000020080000200B7868B136
:108BC000012806D0FF2B14BF4FF0FF304FF4C060D8
:108BD0007047054A934203D0032BF4E70C2BFAE7C6
:108BE0004FF4C060704700BF080000001FB50C467E
:108BF000A8B1012815D11048C0B2214601F092FC5D
:108C000050B92068102381686A46103908F07EFC4C
:108C100048B1206808F079FC4FF0FF300AE00C20E2
:108C2000EBE7FF20E9E710226846044908F0FEFC64
:108C30000028EED104B010BD08000000A4380100E7
:108C400013B5044608F038F96A460146204608F094
:108C50004EF830B10448452108F04AFC002002B02B
:108C600010BD0098FBE700BFD1390100024B186826
:108C7000421C1A60704700BFD8040020024A1368E3
:108C8000013B1360704700BFD8040020034B1B68F2
:108C9000834201D008F038B9704700BFD8040020E3
:108CA00003464FF4007213B5084693F8B8100192CA
:108CB000C1B1012903D0FF2804D0012010E0104ADF
:108CC000904211D1582404FB013204FB0133526A53
:108CD00003F1280401A901F04DFC08B9019B2360B0
:108CE00002B010BD0C28ECE70328E6D1582404FBA1
:108CF000013204FB0133126D03F15404EAE700BFB3
:108D00000800000038B590F8B8300446F3B1012BE4
:108D100006D0FF21FFF7C4FFD0B10125284638BD9A
:108D20000D49FFF7BDFF0028F7D103212046FFF7CB
:108D3000B7FF054670B9582294F8B83002FB0343D8
:108D4000186A08F023FCC4F8B400E7E70C21E8E750
:108D5000FF21EBE70925E1E7080000002DE9F04FCE
:108D60004A4B8DB0044690F8B8000D461E68FFF7D8
:108D70005BFD0AA9C0B201F0D5FB28B1FFF77EFF69
:108D800030460DB0BDE8F08F94F8B8B0294658468B
:108D9000FFF74AFD4FF02C080BA9C0B208FB05F8FD
:108DA00001F0C0FB00284ED04FF0580A2C230AFBDC
:108DB0000BF703FB057704EB0709D9F8106016F0F1
:108DC000100655D1FFF752FF0A9B94F8B810069091
:108DD00009930891FFF74AFF07904FF480701AFB40
:108DE0000B8201902A48CDE90366099B08990296F7
:108DF000009022443046FFF72DFD06460798FFF706
:108E000045FFFFF73BFF0698FFF740FF214BE25974
:108E10000A989A420CD1D9F80C20B9F808309B185E
:108E200006D28268934203D21B4B1B68B34226D002
:108E30004DB38268002108F093FB184A4521184879
:108E400008F056FB19E00B9808F0A7FB06460B98B4
:108E500008F05BFB582394F8B82013FB02832344EB
:108E60005A1E033312F8011FB1429DD19A42F9D123
:108E70001DB120460A9908F0E2F80A4B1E680A98CC
:108E800008F043FB7AE7084AD8E700BF0400002057
:108E9000205200203DB8F39608000020143A01004B
:108EA0001E3A0100000000200C3A01007FB50D467B
:108EB0000021044690F8B8202846CDE9021108F0B8
:108EC000AFF860B358235A431C4EA358B34203D1A2
:108ED000204603AA08F04CF8582294F8B83002FB58
:108EE0000343DB6AB34204D10121204602AA08F001
:108EF0003FF8DDE90232934288BF0393039BAB60E6
:108F0000039A2946204600F0D9FD0D4B1A68002A25
:108F100003DD57210B4808F0EBFA04B070BD104692
:108F200001A9FFF763FE019805F1080107F0CFFFE3
:108F3000AB680198039308F0E8FAE1E73DB8F396CF
:108F400098490020463A01007FB590F8B8300646AF
:108F50000D468BB3012B1A4818BFFF2001A9C0B2E0
:108F600001F0E0FA50BB019807F0A6FFD6F8B41064
:108F70000446284608F0DAF80444019808F006FB95
:108F80000646019808F009FB082201460DEB020095
:108F900008F067FB2B7921468DF80830019833469D
:108FA00002AA08F0C8FA041E019818BF012408F0AC
:108FB000ACFA204604B070BD0C20CFE70124F8E7DE
:108FC000080000002DE9F84F884691469A46002691
:108FD000DFF870B0194C1A4D0B9B9E4201D3002054
:108FE0000FE00B9B40469F1BB7F5806F28BF4FF4E7
:108FF0008067144A3B4606EB0A0108F087FA10B175
:109000000120BDE8F88F0A993B465A464846711838
:1090100008F091FA0028F3D1C4F800563E44C4F891
:109020000456C4F80856C4F80C56C4F81056C4F8D0
:109030001456C4F81856C4F81C56CDE700800150E9
:109040003546526EDC4400202DE9F04F4FF0000A07
:1090500004460E46574693B0BAF1010F84F8B8A003
:1090600006D9002F00F0E28100202C25582759E175
:1090700004EB0A0292F8B950002D4AD14FF058097A
:109080004FF02C0B09FB0A42A94B03EB0A31A94B09
:10909000516203EB0A31116529465046FFF7C4FBC4
:1090A000202394F8B810804619FB01310BFB051101
:1090B000C0B2214401F036FA48B153464246452138
:1090C000CDE900509C4808F013FA07F01DFF4FF05F
:1090D00001087DB12046FFF715FE054660B9002264
:1090E0002046114607F023FFC8B1572194F8B82055
:1090F000924824E04546CFE74FF40072572190484C
:1091000008F0F6F994F8B830012D234483F8B080C4
:10911000E5D194F8B83001335FFA83FA9CE7204632
:1091200008F017F868B108A807F071FF014620465B
:1091300000F0A2FA60B1572194F8B820814808F0F5
:10914000D7F9012294F8B830234483F8B020E0E73F
:1091500008A807F065FF80F0010108AA2046C9B2FF
:1091600007F0E5FE02460028BFD108A807F058FF27
:10917000054600284CD194F8B8305BBB204608A9BE
:10918000FFF794FE94F8B8009DF82730221882F873
:10919000B030033B012B08D800F0D2FA28B1FF22EF
:1091A00094F8B830234483F8B0209DF8273094F821
:1091B000B800023B022B1ED800F0A6FAD8B1FF225D
:1091C00094F8B830234483F8B02045215E4808F075
:1091D0008FF9FEE794F8B020042A04BF012284F836
:1091E000B020012BCAD094F8B130042BC6D1012392
:1091F00084F8B130C2E794F8B830234493F8B03023
:10920000FF2BE2D00021204608AA07F090FE98E745
:109210009DF82730012B66D1582194F8B83005927B
:1092200001FB0343494AD96AD86C91423FD1998ED8
:10923000042305AA194408F069F9014608B34FF060
:10924000050994F8B830234483F8B09094F8B83006
:1092500073B1E21892F8B020012A3FF45AAF042A01
:109260000DD094F8B020042A02D1012284F8B02055
:10927000234493F8B030023B022B3FF64AAF2F460F
:1092800047E794F8B800FFF7CFFA0CA9C0B201F095
:1092900049F90028D3D10C99059A4B68934203D819
:1092A00089680B449A4202D94FF00109C9E794F842
:1092B000B80003F0BDFB831E022B8146C1D8FFF727
:1092C000D5FC012180462046FFF748FD82464046F6
:1092D000FFF7DCFC1E4B1B689A45B2D01D4B1B6888
:1092E0009A45ACD1E0E7FFF7C1FC0121804620465A
:1092F000FFF734FD81464046FFF7C8FC144B1B685E
:10930000994518BF052294F8B83008BF9DF827206A
:10931000234483F8B02099E7231893F8B920DAB1F1
:109320000130C0B2012884F8B800F5D97EE000BF52
:10933000DC240020DC040020753A0100043B01001D
:10934000C23A0100303B01005A3B01003DB8F396A0
:10935000080000200000002093F8B08008F0FB080F
:10936000B8F1010818BF4FF001084146FFF75CFA59
:1093700003A9C0B201F0D6F8002840F08B80012389
:1093800005FB08F894F8B810039A17FB01810093C5
:10939000214440230CA807F0C4FC804600287BD160
:1093A00000230DF10A0204A90CA807F008FD00280B
:1093B0003CDB03987DD1BDF80A300C2B77D10499A2
:1093C00005AA08F0A3F800287CD19DF81430012BE1
:1093D0007BD8E21892F8B0207B43023A022A8CBF75
:1093E0000022012205FB02332344197D9DF8182039
:1093F0009142D5D80AD3597D9DF819209142CFD8F2
:1094000004D3DA8ABDF81A309A42C9D294F8B83037
:109410000398234493F8B020012A39D0023A012A54
:1094200002D8012283F8B02008F06FF80022FF254F
:10943000012A84F8B8204BD900237E4DDFF8008242
:109440007D4F0C93012B84F8B83040F28A800C9B3E
:10945000022B01D007F058FD94F8B930002B40F0F2
:10946000CC80582505FB034284F8B830106A07F019
:109470003CFC307194F8B83005FB03431B6A5B6811
:10948000B36094F8B83003FB05453560694B84E060
:109490000422C7E70398C7E7039808F036F8B8F145
:1094A000030FC3D140F20113A4F8B030BEE74FF070
:1094B0000308039808F029F8B8F1000FEFD194F8E9
:1094C000B8002DE74FF00108F3E74FF00708F0E789
:1094D000A11891F8B930002B3ED108A807F097FDEC
:1094E00091F8B030042B8DF8273005D8012B09D81E
:1094F00025D081F8B05022E0052BFAD1104600F0BB
:109500001FF912E0204608A9FFF7D0FC94F8B80034
:10951000231893F8B030DA1E012A0ED800F010F9A3
:1095200020B994F8B80000F0EFF840B1FF2294F8A9
:10953000B830234483F8B02001E0022BF1D094F836
:10954000B830234493F8B030FF2B05D145213B4878
:1095500007F0CEFF07F0D8FC94F8B8200132D2B261
:1095600066E7234493F8B9208DF814209DF8141071
:1095700001F0FF0239B10C9B01330C9394F8B83021
:109580000133DBB25EE793F8B030012B07D0114610
:10959000204607F0CCFC10B1294B1D681AE094F866
:1095A000B830012BE7D0FFF761FB0021824620464F
:1095B000FFF7D4FB81465046FFF768FB2B689945BF
:1095C00006D1D8F80030994502D03B689945D2D1F0
:1095D000D8F800501022002108A808F042F85826B8
:1095E0000023012B84F8B8300FD9FFF747FB28463A
:1095F00013B0BDE8F08F012333E794F8BA30002BA5
:10960000F9D0022384F8B83040E7E21892F8B92084
:109610005AB906FB0343D86C07F077FF94F8B830CB
:1096200006FB0343186A07F070FF94F8B830013363
:10963000DBB2D6E708000020000000205A3B010002
:109640000400002070B50B4E0446BC2200213046B9
:1096500008F007F8FFF70AFB214605463046FFF7FA
:10966000F3FC04462846FFF711FBFFF707FB2046F3
:1096700070BD00BFDC48002073B50D46064600F003
:109680005DF90446E86090B3022837D196F8B83007
:1096900083B3012B1B4818BFFF2001A9C0B200F003
:1096A00041FF68BB2A463146019800F0DFF80446C6
:1096B000D0B9019808F08DFF012301460DF1030296
:1096C000019807F023FF0446B0B9012201980DF17B
:1096D000030108F092FF10B101238DF803309DF8CB
:1096E000033003F00F03EB71019807F00EFF2046E3
:1096F00002B070BD0C20D0E70124F5E70724F6E79F
:109700000124F4E70800000013B588B1012811D145
:109710000A48C0B201A900F005FF68B9019809F034
:1097200003F80446019807F0F0FE204602B010BD91
:109730000C20EFE7FF20EDE70124F6E7080000002A
:109740001FB5D8B101281BD11048C0B201A900F043
:10975000E9FEC8B9019802A903F014F9044688B9D2
:109760009DF80B30032B03D1019808F0ABFF0446A2
:10977000019807F0CAFE204604B010BD0C20E5E7B2
:10978000FF20E3E70124F3E70124F4E708000000E9
:109790002DE9F74306460C4690461D460BB90027B7
:1097A0002FE0184607F03CFC0028F8D1694696F8EF
:1097B000B800FFF71BFA009838B90124009807F0A9
:1097C000A4FE204603B0BDE8F08301A907F07FFBAB
:1097D0000028F2D1009807F098FE3046019907F072
:1097E00096FC582296F8B83002FB03635B6A5F6808
:1097F0006B79012B23D1002CD1D12B68834298BFE8
:109800000027214696F8B800FFF70EF86946C0B267
:1098100000F088FE0028D0D1202342463946009827
:1098200007F074FE04460028C7D1002DC6D0D8F832
:1098300000400D4BE41A18BF4FF0FF34BEE7022B77
:10984000ADD12B68012B05D98342A8D8B4FA84F492
:109850006409A4E7A3D1002CD3D0012C9FD12C798B
:10986000023C18BF01249AE73DB8F3962DE9F04F6A
:109870000C460746014685B094F8B8001646FFF737
:109880009DF9051E53DB3846D4F8B44007F014FBAD
:109890005FFA84F94FF0000A4FF0010B4FF0FF34EC
:1098A0006B1E09FB0308A5B9BAF1010F03DD4521C1
:1098B000214807F01DFE631C07D0B4F5007F2ADAAB
:1098C00040F2011301343460B380284605B0BDE88E
:1098D000F08F6B1E00934146012338460DF10F02B5
:1098E00007F014FE031E019323DB012238460DF11D
:1098F0000F0108F082FE019B40B15B4501D00AF1E7
:10990000010A9B46009DA8EB0908CCE7B4F1FF3F94
:1099100008BF2C46F5E70223A4F5007473716310A9
:1099200004F001040133013433603471CDE70725BD
:10993000CBE70125C9E700BF663B010010B590F8F1
:10994000B84088B0002C4ED0012C2D4818BFFF2005
:1099500004A908F0C4FE9DF81020012A45D0294B27
:109960002949032A08BF0B469DF813202748029275
:109970009DF81220492101929DF811200092244A5D
:1099800007F0B6FD012C8CBFFF20032006A908F0CC
:10999000A6FE9DF81820012A29D01A4B1A49032A3D
:1099A00008BF0B469DF81B20492102929DF81A2002
:1099B000164801929DF819200092164A07F098FD6A
:1099C0009DF81030012B14D19DF81230032B10D1CB
:1099D0009DF81830012B0CD00F48492107F088FD65
:1099E000022008B010BD0C20B2E70C4BBCE70B4BBB
:1099F000D8E70B48492107F07BFD0020F1E700BFC5
:109A000008000000893B0100923B0100A63B0100D9
:109A1000983B0100E73B0100F73B01008D3B010053
:109A2000163C010070B54B6814461E4A03F0FF2334
:109A3000934206460D4686B02FD10B68012B2CD1E0
:109A4000204604A902F09EFF9DF81020012A26D08E
:109A5000154B1649032A08BF0B469DF813204921D0
:109A600002929DF81220124801929DF81120009256
:109A7000104A07F03DFD9DF81030032B0DD1214613
:109A8000304607F0DCFA204608F01CFE2046A968A4
:109A900007F02BFA204602F055FF06B070BD064BCA
:109AA000DBE700BF00010004893B0100923B01009D
:109AB000A63B0100E73B01008D3B01002DE9F04F83
:109AC00004461646582789B00D468548492107F0B7
:109AD0000FFD3146204607F01AFB94F8B830834654
:109AE00007FB03435B6A28465E6807F099FA10B3E8
:109AF000D4F8B40007F0DBF994F8B83007FB03435F
:109B00009F6A0023013F3344834201D2013FFAE7B9
:109B1000BB4510D35721734807F0EAFC07FB06F357
:109B200057210BFB0662704807F0E2FC0123EB7142
:109B300009B0BDE8F08F94F8B83006A9D3B1012B75
:109B400012D0FF2000F0EEFCFF2007A900F0EAFC95
:109B500029462046079AFFF765FF6B79012B58D1FC
:109B60005F46DFF88CA14EE06048C0B200F0DAFC3E
:109B70000320EAE70C20F9E72A68C2F101035B44FD
:109B80009F423FD8582194F8B830012A01FB034383
:109B90005B6A196853F8370003EBC70353F8083CB6
:109BA000A0EB0109A3EB0103049311D1079B0393DD
:109BB000EB68022B08D04146204607F040FA2A46BF
:109BC0004146204607F07FFA2046039907F037FA0E
:109BD00032464946404607F030FA049B4246414629
:109BE0002046CDE90096FFF7EDF929462046FFF71C
:109BF000ABF92B6801332B6020B1DAF80030013368
:109C0000CAF80030013FDDF81880002FB4D10123DD
:109C10002B60022301276B71BB45DDF8189006D23B
:109C2000484607F072FC079807F06FFC80E72B6846
:109C30009F4252D3582394F8B820DDF81CA003FBB0
:109C40000242516AFB0051F83700126D0490086817
:109C5000083BC9580390D0581368A0EB03082B7930
:109C6000012B38D1039B3246C91A4846059107F0AB
:109C7000E4F9059943464A4600912046514601962B
:109C8000FFF7A0F929462046FFF75EF902232B7162
:109C900018B1174A136801331360324641465046E3
:109CA00007F0CBF9DDE9032349469B1A20465246CB
:109CB000CDE90086FFF786F929462046FFF744F9EB
:109CC0002B6801332B6001232B7130B1084A1368D4
:109CD0000133136001E0022BDFD001379CE700BFA6
:109CE0002D3C0100563C0100853C010008000000AD
:109CF000984900200A4619B1024B00211B681847F9
:109D0000704700BF0C00002070B5094D2B780BB1D7
:109D1000002070BD0126074CC4F8006505F0C0FFA7
:109D200018B92E70C4F80005F2E74FF0FF30F0E7E5
:109D300020530020000084502DE9F041ACB01F46B4
:109D400006460C461546FFF7DFFF0123DFF82080AB
:109D50002A46C8F8003521463346009703A809F083
:109D600096F80023C8F800352CB0BDE8F08100BF9C
:109D700000008450BFF36F8F72B600234FF0FF30A6
:109D8000094A03F120010133102B42F82100F8D1D8
:109D900000234FF0FF30044A03F160010133102B20
:109DA00042F82100F8D1704700E100E00023184696
:109DB0000649D1F89020C2F30722934200DB704796
:109DC000C1F89830C1F8A0000133F6E700ED00E0DB
:109DD00038B501224FF0FF3400251A4B29465A604E
:109DE000C3F84843C3F8084303F580535A60C3F8E7
:109DF0004843C3F80843A3F55043C3F800558022F5
:109E0000C3F80843104807F02CFC802229460F486D
:109E100007F027FC0E4B8022C3F800552946C3F8F3
:109E200008430C4807F01DFC802229460A4807F029
:109E300018FC0A4BC3F808454FF05023C3F80843F9
:109E400038BD00BF0040015080800050808100502C
:109E500000900050809000508091005000700150A0
:109E6000014B1B68184700BF1000002007B50B46C8
:109E7000002102460091034800F00CF803B05DF8A1
:109E800004FB00BF619E0000014B1860704700BFDB
:109E9000100000202DE9F04F82464FF000098DB0F0
:109EA0001D46531E01910393039B58785C1C252883
:109EB00019D100204FF0FF381E46444603460236B3
:109EC000029031780396392955D81F2914D80029D2
:109ED00000F0EF8101992520D04701993078D047D3
:109EE00009F10209E0E7002800F0E3810199D04779
:109EF00009F101090394D7E7A1F12002192AE9D851
:109F000001A757F822F000BF719F0000D59E000006
:109F1000D59E0000719F0000D59E0000F19F0000BB
:109F2000D59E0000D59E0000D59E0000D59E000065
:109F30003DA00000719F0000D59E000051A00000D0
:109F4000FD9F0000D59E00000BA000002BA000008C
:109F50002BA000002BA000002BA000002BA00000D5
:109F60002BA000002BA000002BA000002BA00000C5
:109F700008460136A5E7582900F0EB80A1F16302FD
:109F8000D7B2172FA6D8172AA4D801A757F822F0BE
:109F9000F9A1000077A00000D59E0000D59E00002A
:109FA000D59E000057A0000077A00000D59E0000BD
:109FB000D59E000057A00000D59E0000D59E000051
:109FC000D59E00002DA10000D59E0000D59E00006A
:109FD000CDA10000D59E000077A00000D59E000016
:109FE000D59E00002DA10000D59E000057A00000C6
:109FF00025200199D04709F1010955E7029A4FF050
:10A00000000802F0FE020292B3E7002C0DDAB8F16C
:10A01000000F0DDA029A002A00F043810A2224EA96
:10A02000E47402FB0414303CA3E7B8F1000FF5DB45
:10A030000A2202FB0812A2F130089AE7B8F1000FD9
:10A0400055F8042B80F22F81002A80F22E81544291
:10A05000022202928DE7682903D1682B06D148239A
:10A0600087E76C2902D16C2B00F02181002B7FF453
:10A0700031AF0B467DE77A2B06D1752955F8046B75
:10A0800014D14FF0000B0CE06C2BF6D04C2BF4D11C
:10A09000073525F00703752903F10805D3E9006B9F
:10A0A00006D120283BD1854F013C09E04FEAE67BF1
:10A0B000BBF1000FF5DA7642814F6BEB4B0B013CA5
:10A0C0000DF12D03059300230493304659460A22CF
:10A0D0000023FEF7B3F9059BB446303203F8012D97
:10A0E0005A460593049BBCF10A0F8B4672F100029D
:10A0F00003F1FF3106460491E7D2C3F1010B30337F
:10A100000DEB0306B8F1000FA6F104066DDA029B11
:10A11000D9077DD4A8EB0B03A4EB0B0413E02B2889
:10A120000ABF684F684F04F1FF34C9E770290FD1A7
:10A1300055F8042B0023FAB96FF004034FF0050B18
:10A14000614F624E053C029A920770D4A04666E0C9
:10A1500078216C2B03D1002355F8042B08E04C2BFD
:10A16000F9D1073525F007031D465B6855F8082B24
:10A17000232825D1880621D5554F023C002601F021
:10A180006001A1F1390B0DF12D0E02F00F0109292B
:10A1900088BF594430310EF8011D102A4FEA1211C0
:10A1A00041EA03714FEA131C73F1000306F1FF301B
:10A1B00008D2C6F1010B06F13003A1E7454FDCE7F9
:10A1C000414FDBE706460A466346DEE755F8046B77
:10A1D000304607F024FAB8F1000F834602DB404511
:10A1E000A8BFC3464FF00008374FA8EB0B03002B66
:10A1F00092DDA4EB0804A6E755F8043B4FF0010BF1
:10A200008DF81830304F4FF0FF33013C06AE9AE71F
:10A21000A046EAE7029320200199D047029BB8F1BB
:10A220000108F7D524EAE472013C9144A41AB84627
:10A2300006E0049302920199D047029A049B90464B
:10A24000424612F8010B0028F3D11A46013A15D5FF
:10A25000002BACBFC7EB03077F425B46013B15D524
:10A26000BBF1000FA8BF5F4426464F44013E14D502
:10A27000002CA8BF3F1907EB080915E604930292CA
:10A2800030200199D047049B029ADFE7029301999D
:10A2900016F8010BD047029BE0E701992020D04738
:10A2A000E4E70122D5E6904663E6144661E64C23D6
:10A2B0005FE648460DB0BDE8F08F00BF133D0100DA
:10A2C000113D0100153D01003E3F01001D3D010013
:10A2D000173D01001A3D0100044608B54FF0200269
:10A2E000EFF3118382F31288BFF36F8F02F0A4FAA9
:10A2F000204600F0E9FB034807F008F800F082FD73
:10A30000FCE700BF233D01002DE9F047058B044623
:10A310002807904611D4022905F0070540F0CD80AA
:10A32000204607F00AF878B10138218B042811D8AB
:10A33000DFE800F0C3106D85950001290CBF45F0E2
:10A34000100545F02005258388F31188BFF36F8F32
:10A35000BDE8F08701F0070AAA4500F0A6800027B3
:10A36000B9463E46A368002B00F0BD8041F00801CD
:10A37000218388F31188BFF36F8FA168002900F053
:10A38000BB800D68002900F0B78033465246204656
:10A39000D1F80480C047002D76D02B6829461D4691
:10A3A000F0E701F007035A1F012A1BD8002221F011
:10A3B0000701062B276889B2C4E9002209D13B4670
:10A3C00003E0628B013262831B68002BF9D141F0FC
:10A3D00002012046218306F0B0FF00287BD041F027
:10A3E000200177E0042B0AD121F0070189B2204631
:10A3F000218306F0A2FF10B141F020012183218BBF
:10A4000001F0070AAA4550D00027B946AAE72369F8
:10A4100021F0070141F00601062DD3F800902183B9
:10A420002DD1B9F1000F40D041F00801218388F30C
:10A430001188BFF36F8F20463949C84729E021F0C2
:10A440000701236941F0040189B2042DD3F8049077
:10A450002183E6D000274FF0040A3E4682E721F030
:10A460000701236941F0050189B2052DD3F8089051
:10A470002183D6D000274FF0050A3E4672E7002719
:10A480004FF0060A3E466DE72B4687E7B9F1000F0D
:10A49000D1D14FF02003EFF3118883F31288BFF37B
:10A4A0006F8F238B23F008032383258BEA062ED599
:10A4B00025F01003238305F007056669218B002E24
:10A4C000BFF66FAF00232768C4E9003321F007010E
:10A4D00041F001012183218B4FF0000901F0070AAF
:10A4E000AA457FF43FAF002F9BD041F008012183A4
:10A4F00088F31188BFF36F8F002FC7D03D683946AE
:10A5000033465246204606F044FF2F46F4E7AB069A
:10A510007FF51AAF25F02003238305F00705FFE63A
:10A52000BF13010070B5114B0D461C68DCB1104B18
:10A53000196800238B4202DB6FF0010070BD2246D8
:10A5400012F8106B864202D014460133F2E7E0683D
:10A5500010B96FF01200F1E708F0C2FA0028F8D045
:10A5600000202C60EAE76FF00C00E7E71400002001
:10A57000A832010070B588B005460C46C0B26946E5
:10A580001646FFF7CFFF00281BDB0098C8B14368D1
:10A590002268029383680195CDE903360023CDE953
:10A5A00006230593C56806F0B0FF6DB1284608493B
:10A5B00001AA07F083FC079808B9059B236008B03F
:10A5C00070BD6FF01500FAE76FF01200F7E700BFFB
:10A5D000A915010008B5054806F098FE044806F0E4
:10A5E00095FEBDE80840034806F090BE4C3D0100D2
:10A5F000843D0100B83D0100014804F0C7BF00BF21
:10A60000FC33010038B5044618B90F4B0F485B689E
:10A6100098476168B1F5683F10D0B1F5680F0DD06B
:10A620000B4DA9420AD011F46861206807D0014699
:10A63000084808F088FA00232360656038BD1422BA
:10A6400007F00FF8F9E700BF74010020E63D0100B4
:10A650002C5F5CA99C4E002008B500B34368B3F59D
:10A66000683F0CD101220368D3E8EF1F002903D112
:10A67000C3E8E02F0028F7D10DD1002008BD094A1A
:10A6800093420AD000684FF0FF324FF0FF3303F0DF
:10A69000CDFF0028F1D00448F0E70448EEE76FF45E
:10A6A000E040EBE72C5F5CA9E98FFFFFEA8FFFFF3B
:10A6B00008B5B8B14368B3F5683F0CD10022036810
:10A6C000D3E8EF1F012903D1C3E8E02F0028F7D119
:10A6D0000BD1002008BD074A934208D0006804F05F
:10A6E0001FF8F6E76FF4E040F4E70348F2E70348A9
:10A6F000F0E700BF2C5F5CA9E98FFFFFEA8FFFFF47
:10A7000010B5044618B91D4B1D485B68984763682F
:10A71000B3F5683F2FD0B3F5680F2CD0194A934298
:10A7200019D1236803BB4FF0FF324FF0FF332146AE
:10A73000154803F04DFF08B923681BB90F4B1348A8
:10A740005B68984714220021206806F08AFF4FF4C6
:10A750006863636008E0B3F5683F0DD83A2B03D017
:10A7600040F6BA629342DED1206808F026FA6368A8
:10A7700043F03A03636010BD054AF3E7740100201B
:10A78000E63D01002C5F5CA99C4E00200C3E0100C0
:10A790003A00003A08B5064940231422054808F05B
:10A7A000C4F9BDE808400449044804F061BF00BF93
:10A7B0009C4900209C4E0020043401001834010004
:10A7C00030BFFFF7FDBF00BF044B9968986988420E
:10A7D00003D003494FF080520A60704708500020B0
:10A7E00004ED00E0154B9A6A12F0007F9A6A14BFDC
:10A7F0001E201D2012F0807F9A6A18BF1F2012F4BD
:10A80000801F9A6A18BF022012F4002F9A6A18BF9C
:10A81000212012F4802F9A6A18BF222012F4003FE0
:10A820009A6A18BF232012F4803F9A6A18BF242026
:10A830006FEA02426FEA12429A62704700ED00E04E
:10A8400010B5194B0246986A9C6A10F4805F14BFD9
:10A850001720162014F4006F9C6A18BF1820A40556
:10A8600009D5986B986A000404D51AB19A6A22F443
:10A8700000429A6219200C4B9A6A12F4806F9A6A0D
:10A8800018BF1A20D2050CD49B6A13F4005F18BFBE
:10A890001C20054A936A43F47F43936200230B70A4
:10A8A00010BD1B20F5E700BF00ED00E010B51C4B0C
:10A8B0000246986A9C6A10F0100F14BF11201020F5
:10A8C00014F0080F9C6A18BF1220A40709D5586B12
:10A8D000986A000604D51AB19A6A22F080029A6238
:10A8E00013200F4B9A6A12F0010F9A6A18BF1420B6
:10A8F00012F0200F9A6A18BF1520D40658BF9B6A21
:10A90000074B9A6A920642BF5A6A22F400525A6270
:10A910009A6A42F0FF029A6200230B7010BD00BFDA
:10A9200000ED00E070B5444B06465B6800259CB026
:10A93000C3F3080385F31188BFF36F8F02F07F40E4
:10A94000B0F17F4F11D102F00C0008280DD0100794
:10A950004CBF0E4601250022033B8DF80720032B38
:10A9600005D8DFE803F01E5C60592E46F3E70024AB
:10A970009DF807309BB96822314602A806F066FEB2
:10A98000099B002D53D0C3F3080222B96FEA532369
:10A990006FEA43230993204602A906F02BFE1CB060
:10A9A00070BD254BDA6A9107E1D4DA6A002ADEDB52
:10A9B000DA6A5200DBD55A69B16942F480725A6191
:10A9C000BFF34F8FBFF36F8F5A6931F8021C22F427
:10A9D00080725A61BFF34F8FBFF36F8F4DF60272D3
:10A9E000914209D09A6AD2B242B101200DF1070119
:10A9F000FFF75CFF0446BBE73468B9E79A6A12F4D4
:10AA00007F4F05D001200DF10701FFF719FFF1E796
:10AA10009B6AB3F5803FAAD3FFF7E4FEEAE7002084
:10AA20000DF10701E4E700200DF10701EDE723F444
:10AA3000FF7323F00103ADE700ED00E0044B5A691A
:10AA400042F010025A615A6942F480625A617047BA
:10AA500000ED00E0EFF30880EFF3098101B57246E5
:10AA6000FFF760FF01BD00BF002080F31488BFF333
:10AA70006F8F002080F30A8880F30B8802F0A0F823
:10AA800000200E490860BFF34F8F0D4880F30888FF
:10AA900000F02CF8202080F311880A484FF4006160
:10AAA000401880F30988EFF314800221084380F3F3
:10AAB0001488BFF36F8F00F009F9000094ED00E0F7
:10AAC0008884002048530020BFF34F8F0549064B70
:10AAD000CA6802F4E0621343CB60BFF34F8F00BF3C
:10AAE000FDE700BF00ED00E00400FA0572B60023A8
:10AAF00083F313884FF0FF300C4A03F12001013338
:10AB0000102B42F82100F8D100234FF0FF30074A04
:10AB100003F160010133102B42F82100F8D162B635
:10AB2000BFF34F8FBFF36F8F704700BF00E100E0AE
:10AB3000084B9B6883420BD1EFF3058343B1064B6F
:10AB40005A6842F080525A605A6A22F400425A62AD
:10AB500008F032B90850002000ED00E06FF00A0163
:10AB6000084A93689967084958674B6843F08053CF
:10AB70004B60002383F31188BFF36F8F9368986F46
:10AB8000704700BF0850002000ED00E022498A68AD
:10AB900082F8BDE04FF030001044EFF3098C80E8FC
:10ABA000F01F1EF0100F03D102F17C0080EC108A20
:10ABB000202080F31288BFF36F8F184F4FF000668C
:10ABC0008A698A603E6092F9BDE0506F0023536746
:10ABD00080F311881EF0100F03D00023E1EE103A2D
:10ABE00003E002F17C0090EC108AEFF3148323F071
:10ABF000040383F31488BFF36F8F02F1300090E8F1
:10AC0000F01F8CF3098802F1000004B506F003FD83
:10AC1000BDE80440704700000850002004ED00E04B
:10AC20001EF0040F0CBFEFF30880EFF30980816979
:10AC300011F8021C0229FFD001B506F0DDFC01BDB0
:10AC400040B2002807DB01234109034A00F01F003E
:10AC5000834042F82130704700E100E040B2002814
:10AC60000CDB01220649430900F01F00824020331B
:10AC700041F82320BFF34F8FBFF36F8F704700BFA2
:10AC800000E100E0054B420953F82220012300F0C7
:10AC90001F0003FA00F01040704700BF00E100E021
:10ACA00040B2002801F10101ACBF00F16040064B49
:10ACB0004FEA4111C9B2ABBF00F5614000F00F008F
:10ACC00080F800131954704714ED00E0144A08B5D9
:10ACD000144B22F07F029A60BFF34F8FBFF36F8F48
:10ACE000D3F8882022F47002C3F88820D3F8882093
:10ACF00042F4A002C3F888204FF04042C3F8342247
:10AD0000BFF34F8FBFF36F8F0023E1EE103A03F0D4
:10AD100099FB04F079FA00F08FF803F0DDFB00BF37
:10AD20000082000000ED00E042F8203C009B0D494D
:10AD300042F81C3C019B21F0010142F8183C029BA7
:10AD400042F8081C42F8143C4FF0807342F8043C6F
:10AD5000002343674FF47D43203A0265C0F8BC30BE
:10AD6000704700BF27130100114B9B6883421BD122
:10AD7000EFF30580C0B94FF02002EFF3118182F3A9
:10AD80001288BFF36F8F1A7B22F002021A73EFF35F
:10AD9000148323F0040383F31488BFF36F8F81F3CC
:10ADA0001188BFF36F8F70476FF01500704700BFB9
:10ADB000085000200023E1EE103AEFF3148323F053
:10ADC000040383F31488BFF36F8FBFF36F8F094BB6
:10ADD0009860436E83F30B88104681F30988002145
:10ADE00063B681F31188BFF36F8F0022002306F052
:10ADF0009AFA00BF08500020014910220A607047EB
:10AE000010ED00E072B6404080F31188BFF36F8F01
:10AE1000BFF34F8F30BF62B6BFF36F8F704700BF75
:10AE200072B6494081F31188BFF34F8F20BF80F382
:10AE3000118862B6704700BF002320210348C21862
:10AE40000133412B82F80013F9D1704700E100E093
:10AE500001B5EFF30580A0F110004FEAC0000449EE
:10AE6000014409C99847BDE801400249084700006C
:10AE700050300100C9A70000014B1860704700BFA7
:10AE8000380000200122024B0020C3F84025704703
:10AE90000090035020B1034B800143F00103184799
:10AEA000704700BF90320100084B70B5C31A0D46C1
:10AEB00007499B10044659434022064806F0F9FB17
:10AEC0002B4601462046BDE870401847CC4E002076
:10AED000B76DDBB6882F0100402373B50B4C009390
:10AEE000041B0B460D460A49A41061430646094A55
:10AEF000094806F00AFC011E05DA30462B4602B06E
:10AF0000BDE87040184702B070BD00BFCC4E0020B5
:10AF1000B76DDBB675170100882F010070B50022F0
:10AF2000012104460520FFF7BBFE0F4801F072FF28
:10AF30000E4B984215D101F07DFF26690C49304631
:10AF400006F04CFA00280BDB01253564246908491A
:10AF500004F11C0006F042FA002801DB0020E56441
:10AF600070BD6FF00400FBE7A9AF00000000AD0B5F
:10AF70002834010001460C2300224B4370B50848D9
:10AF8000C41840331844D4E90E56A26306F07EFB81
:10AF90002DB132462B46BDE870400248184770BDBF
:10AFA000CC4E0020882F010010B1012804D070473A
:10AFB000034B1B6C5B0701D1FFF7DCBF704700BF81
:10AFC000CC4E002008B54FF02003EFF3118183F33E
:10AFD0001288BFF36F8F124A136843F002001060AB
:10AFE000DA0708D481F31188BFF36F8FBDE80840FA
:10AFF000012001F033BF4FF05023D3F80C24D3F8D5
:10B000000C34DB07EED5074806F040FB81F31188CE
:10B01000BFF36F8FBDE808400020FFF7ABBF00BF54
:10B020001C4F00200C4F00201FB500220123CDE94A
:10B0300002236B46084ACDF800D0CDF804D006F0C4
:10B0400092FB002805DB4FF480420023684603F0A2
:10B05000C7FB05B05DF804FB9517010010B54FF074
:10B060002003EFF3118483F31288BFF36F8F074A35
:10B07000136823F00201DB07116002D4012007F0FE
:10B08000DFFB84F31188BFF36F8F10BD1C4F0020CE
:10B090002DE9F041012207463749D1E8EF3FC1E8E9
:10B0A000E02F0028F9D133B9344935484B60CB60E3
:10B0B0008A6006F0A6F97B1E012B2BD8012F07D141
:10B0C0004FF05023D3F81C3403F00303022B21D09C
:10B0D00007F0BDFD0546F8B92A4B1B78E3B14FF0E8
:10B0E000502302220646C3F808234FF05024DFF80D
:10B0F0009880D4F81824D4F81834D20316D503F065
:10B100000303022B01D0012F10D175B386F31188F0
:10B11000BFF36F8FBDE8F0814FF02003EFF311868E
:10B1200083F31288BFF36F8F0125DEE7C5B1304688
:10B13000FFF776FED4F81835DBB2012BD9D1D4F85D
:10B140000421002AD5D00022C4F80421D4F8042117
:10B150000222C4F818252022C8F88021A360C8E77D
:10B160000021212003F094FFE4E74FF05023022256
:10B17000C3F80423CEE700BFC84E0020B84E00201D
:10B18000E84E00204553002000E100E008B50748E4
:10B1900007F0A6FC38B10648FFF76EFE0448FEF73C
:10B1A00073FE002008BD6FF01200FBE7C42F010002
:10B1B000B5B100000A2838B50446074D04D1AB6884
:10B1C0000D2128465B689847AB6803485B68E1B28D
:10B1D0009847204638BD00BFC42F01000048704783
:10B1E000F4340100024B0B6001231360704700BF71
:10B1F000404F0020004870471035010010B5012273
:10B200000648114607F0E0FC07F081FB044C206083
:10B2100007F07AFB6060002010BD00BF484F00209F
:10B22000404F002070B50C46154607F06DFB2946CF
:10B230000646204606F0E6FD08B3B4FBF6F306FB2F
:10B240001343E3B9B5FBF6F306FB1353BBB9AE42A8
:10B2500001D9002070BD4FF0FF324FF0FF33094895
:10B2600003F0BEFA07F050FB0646204602F012FA41
:10B27000AD1B3444F9D1034803F08EFAE9E76FF0CF
:10B280001500E7E7484F0020F8B50E46194630464E
:10B2900017461C4606F0B6FD08B344EA060515F04D
:10B2A00003051CD1A4B14FF0FF324FF0FF330D481E
:10B2B00003F096FA24F00304A54206EB050009D139
:10B2C000094AD2F80034DB07FBD5064803F064FADC
:10B2D0000020F8BD795902F0FBF90435ECE76FF076
:10B2E0001500F6E7484F002000900350C3780F2B5D
:10B2F00014D9C96B0B480B0E13708B0200EA911026
:10B3000003F47C030906034301F0FE4110680B437C
:10B31000054901400B430020136070476FF0850022
:10B32000704700BF00FF0300FF00008038B545688C
:10B330002B69B3B11035284602F092F8044680B963
:10B340000146284602F056F8084B98420BD1224697
:10B350002846074902F036F8224605210D20FFF75E
:10B360009FFC002038BD6FF00400FBE70000AD0B30
:10B3700075B30000430970B507D10B4B596821B173
:10B3800001250C68094E854001B970BD8A682A40C4
:10B3900002D030464B6898471CB1236821461C46B2
:10B3A000F2E72346FAE700BF584F00209C2F010028
:10B3B0002DE9F04340F206354668D00648BF032029
:10B3C000337B02EA050558BFC2F3401087B001F095
:10B3D0001F07B5F5837F144647EA43178DF803002E
:10B3E00041D00FD8062D18D007D8B5B1022D3CD0CA
:10B3F0006FF0150007B0BDE8F083B5F5807FF7D199
:10B4000001250AE040F20222954230D0B5F5407F96
:10B410002FD0B5F5007FEBD1022522032BD50123D8
:10B4200072688B409360326962BB07F01F037F092B
:10B4300075D13D4A84F4803102EB8302D2F80032A8
:10B44000C1F30041C4F3404423F4E16344EA4104FE
:10B4500023F007031C4344EA800444EA0524C2F8AD
:10B4600000420020C6E70725D7E70425D5E70525D4
:10B47000D3E70325D1E7630341BF012372688B4003
:10B48000D360D0E71036394630460DF1020201F0A4
:10B490009FFF14F4403F80460CD13946304607F0F8
:10B4A00029FA224B9845DCD130469DF8021001F074
:10B4B000E1FFD6E74FF0000901AB3946304603AA59
:10B4C000CDE90439CDE90199CDF80C9001F054FE95
:10B4D000164B98428CD114F4003315D09DF80330EC
:10B4E00084F48034C4F300448DF80E3039464B4662
:10B4F000304603AA8DF80C508DF80D4001F0EAFE9D
:10B500000A4B9842CDD073E7CDE9043339460DF1AB
:10B510000303304603AA039301F02EFEF0E78033C5
:10B5200052F82330FFDE00BF002584500000AD0B31
:10B53000F0B5406801F01F04057B87B044EA45146C
:10B540000569002D5FD0B2F5001F00F1100506D18E
:10B550002146284607F0D0F9002007B0F0BD0027AB
:10B56000B2F5800F01AE0197776037D1B3F1007F5C
:10B5700014BF052304238DF804300023CDE90463B0
:10B580000393836823FA01F111F0010118D1B2F19C
:10B59000A07F15D104F01F03620903F1800338D1A5
:10B5A0001D4A52F82330DB070AD40DF10306324658
:10B5B0002146284601F00CFF184B984219D00296FC
:10B5C0002146284603AA01F0D7FD154B98421DD10C
:10B5D00001222146284601F059FFBDE7B3F1C06FB3
:10B5E00005D0B3F1007F14BF01230223C3E7032377
:10B5F000C1E73146284601F043FF094B9842DED0AF
:10B600006FF00B00A9E76FF08500A6E76FF015005B
:10B61000A3E751F82330FFDE002584500400AD0B72
:10B620000000AD0B2DE9F8430227204C2668304678
:10B6300007F056FAB0BB6FF01200BDE8F88301279F
:10B64000F4E7636803EBC50213F835105368D802BA
:10B65000D6F80890D6F810C006D513F4402F03D0C2
:10B66000DA0748BF83F44023DCF8000023F480129B
:10B6700008FA01FEDB074CBF4EEA000020EA0E008C
:10B68000CCF80000D9F80030304698470028D4DBC9
:10B690000135A368AB42D4D8012F04F10C04CED1FC
:10B6A0000020CAE700254FF00108F2E780350100CD
:10B6B00038B544680569E3699847206A06F05DFD7E
:10B6C00000280DDB2B462046074A04F1080102F052
:10B6D000ABFA064B984204D1204602F007FB00204B
:10B6E00038BD6FF00400FBE72DB700000000AD0B84
:10B6F00070B5446823682046D3F80855D3F80C6524
:10B7000002F004FB3146284602F096FD0546206A09
:10B7100006F033FD204602F0E9FA034B9D4214BFC8
:10B720006FF00F00002070BD0000AD0B0378012BFF
:10B7300008D0022B08D04BB9054B0B6201F1100069
:10B7400003F02AB8034BF8E7034BF6E7034BF4E7A3
:10B750000000AD0B0100AE0B0200AE0B0100AD0B03
:10B760002DE9F04F934614221D46D0F804A08BB06B
:10B770000669BAF8183080460C460DEB020000212D
:10B78000D6F82490029305F06CFF8DF815504FF019
:10B79000FF324FF0FF33304603F022F806F110037A
:10B7A0000193002700220023019803F019F83D4679
:10B7B0005F4501D3002461E0207A020700F1828016
:10B7C00001375F4521680AD2830708D4237D80EAC8
:10B7D000030202F0010203F004031A4307D025B963
:10B7E00001F06043B3F1005F18D0002300E00123B3
:10B7F000D4F804E0029A05EB0E0C944565D8C20714
:10B8000006D4724609EB0500039305F01FFF039B66
:10B8100062682A4495B2002B3FD1FDB90025236808
:10B8200008936368227A069302F001018DF81410E0
:10B83000BAF8241099424BD382F00202C2F34002BC
:10B840005046520105A902F07FFA234B984209D0D5
:10B850000B33984210D16FF00F040FE02B46CDF858
:10B860002090DFE74FF480420023019802F0B8FFF8
:10B8700058B14046FFF73CFF6FF00404304602F039
:10B880008BFF20460BB0BDE8F08F336A124A93421B
:10B89000F2D1237ADB0702D400250C3488E7089B19
:10B8A0009945F9D1234608E0A91AD8688DB219FA4A
:10B8B00081F1039305F0CAFE039B5A680C3B954245
:10B8C000F2D2E9E76FF08504D8E76FF01B04D5E703
:10B8D0006FF01B04D5E700BF0000AD0B2DE9F04170
:10B8E000446805460669206807F0FAF818B96FF051
:10B8F0001200BDE8F081304607F05FF97561A3687A
:10B900007BB904220B212846637C06F07EFC0028CC
:10B91000EFDB2846A37C0622BDE8F0410B2106F0B0
:10B9200074BC052306212846227C06F06EFC002804
:10B93000DFDBA06807F0D4F80028D8D0E389A0683E
:10B94000217B43F480320127D0F810C013F0010F9F
:10B95000DCF8003007FA01F714BF3B43BB43D0F8D3
:10B9600008E0CCF80030DEF8003098470028C0DB53
:10B970000127237B144A07FA03F3C6E90723A068CB
:10B9800006F118018368DB6913B96FF05700B0E75F
:10B990003A4698470028ACDB0C4BB362A068217B89
:10B9A000826803699669002EEFD01B688F401F42A2
:10B9B00014BF4FF000734FF080634FF0A072B04798
:10B9C00000289EDA95E700BF9B210100D1B9000055
:10B9D000262300222DE9F04F044650F8100C91B0B8
:10B9E000D0F804901146009306AB06F0EAFB00285D
:10B9F00005DA204603F032F811B0BDE8F08F0026DA
:10BA0000234F97F8008097F801A008F140036B449A
:10BA100013F8273C1AEA030F13D0216931B101232F
:10BA200054F8100C0D6803FA06FB11BB08F1010273
:10BA30005346002154F8100CD2B206F0E6FB002861
:10BA4000D7DB01360E2E07F10207DAD1D9F808004C
:10BA500099F80C500669836805A95B689847002827
:10BA6000C7D1059B32685A400123AB401A42C3D06C
:10BA7000BFE78A681BEA020203D04B68039098472D
:10BA800003981DB12B6829461D46CEE72B46FAE7E1
:10BA9000A23E01002DE9F04740F2FF16594FDFF8B2
:10BAA00068C1DFF868E100EB8101814202D100202A
:10BAB000BDE8F087046814F4804FC4F3C325C4F3D1
:10BAC000080340F08C80640CB34208BF4FF0FF3392
:10BAD0007D5D192C00F28680DFE804F00D13191C3F
:10BAE0001F251C84848484366084848484848484B4
:10BAF000848463787B7EC2F80C355C1C5BD1043097
:10BB0000D3E7C2F814355C1CF9D000245CE0C2F81D
:10BB10000835F2E7C2F81035F5E75C1CC2F80835C5
:10BB2000EDD0002404E05C1CC2F80C35E7D0012401
:10BB30005FEA531859D14FF00109DFF8CC8009FAB8
:10BB400003FAC8F80CA008E0C2F80835002DDAD1D5
:10BB50005C1CD4D000240625A146D0F800A00AF42D
:10BB60000048B8F1000F1CBF4FF00009012403F09A
:10BB70001F085B093FD10CEB8808D8F80032CAF3E4
:10BB8000412A03EA0E0343EA8A0343EA052343EA10
:10BB9000090343EA4403C8F80032B0E7C2F80C35A1
:10BBA000D4E7C2F86035B3F1FF3F0468A7D0C4F30F
:10BBB0000044002CBBD05C091AD10124DFF8488076
:10BBC00004FA03F9C8F80890A146C6E7C2F864353C
:10BBD000E9E7C2F86835E6E7C2F86C35E3E76FF0ED
:10BBE000150065E76FF0850062E70023DB60FFDE8C
:10BBF00000239B60FBE7002308F1800853F82830FE
:10BC0000F5E700BFBE3E010000258450F0F8FCFFC0
:10BC10002DE9F7434FF00008476805693C68064680
:10BC2000C4F800852860D7F80C904146484601AA20
:10BC300006F0FAFA00283CDB019BD9F800201979BC
:10BC40001868FFF727FF002833DB6B7A3169012B77
:10BC500003D0032B2BD14FF01008AB7A032B26D146
:10BC600095F80BC0BCF1000F02D0BCF1010F1ED142
:10BC70002A7A12B1022A1AD10E226B687068B3F5C3
:10BC8000164F006800F0B28034D8B3F5165F00F0AC
:10BC9000B0801AD8B3F5966F00F0AD800CD8B3F52C
:10BCA000967F00F0AB80B3F5167F00F0AA806FF0AE
:10BCB000850003B0BDE8F083B3F5166F00F0A480F3
:10BCC000B3F5965FF3D15C4B43E0B3F5E14F00F081
:10BCD0009E8008D8B3F5615F00F09B80B3F5964F66
:10BCE000E5D1564B35E047F6122E7345DFD14FF4C0
:10BCF00000032EE0B3F5613F00F08D8015D8B3F559
:10BD0000963F00F08B800AD84DF6C02E734500F0A8
:10BD10008780B3F5614FCAD14FF46B0319E0B3F5D7
:10BD2000E13FC4D14FF0EB7313E0B3F5612F7AD04C
:10BD300009D8DFF820E1734578D0B3F5E12FB6D10B
:10BD40004FF0E86305E0DFF810E17345AFD14FF045
:10BD50008053C0F82435736848EA0C081B6842EA2F
:10BD60000802C3F86C250B1DD5E9010183E8030027
:10BD70007B68990712D505F1180001F0F9F8304BEE
:10BD8000984256D1287E04F10C0204F5907106F019
:10BD9000F7FC01202B7E984001F036F80823C4F808
:10BDA00000353B7A53B9C4F81031D4F810316B69BF
:10BDB000C4F834350123C4F8383523607B6800208B
:10BDC0009A075CBF4FF48073C4F804337B68DB06CA
:10BDD00044BF4FF48003C4F804332B69C4F84435DE
:10BDE0000123C4F84805A360E36062E74FF41D0334
:10BDF000AFE7144BADE74FF49E23AAE74FF4A0330F
:10BE0000A7E74FF41C33A4E74FF41D23A1E70E4B23
:10BE10009FE70E4B9DE74FF06C739AE70C4B98E74A
:10BE20004FF4650395E74FF0706392E74FF080633E
:10BE30008FE76FF004003CE700B0130000A04E0055
:10BE40000000AD0B0050270000C0750000F03A0064
:10BE500000903A0190D0030040420F00F8B504462C
:10BE60000D46076906F0F3FEB0B92E4B1B789BB167
:10BE70006426606806F006FA00BB012006F07EFC2E
:10BE8000013EF6D10021212003F002F9F0E786F30C
:10BE90001188BFF36F8FF5E74FF02003EFF31186A2
:10BEA00083F31288BFF36F8F6068314606F0EAF9BA
:10BEB00090B986F31188BFF36F8FEDE74FF0200341
:10BEC000EFF3118683F31288BFF36F8F60683146FA
:10BED00006F0D8F90028DAD03B691D70626838692D
:10BEE0001368C3F844050120C3F848050020C3F8CF
:10BEF0002001D3F82051C3F858015268D3F85801F3
:10BF0000D20608D5082062681268C2F800054FF40E
:10BF10008002C3F8042301229A6081F31188BFF3E1
:10BF20006F8FF8BD455300202DE9FF410569074695
:10BF3000AA6CD0F804802B6D002A3AD16BB3B8F804
:10BF40003040686C9C4228BF1C46EE6CEB6C53B1D1
:10BF50002A6D42B106F06042B2F1005F03D0082CB6
:10BF600028BF08246E6E6A6CAC6500901AB1AA6C8A
:10BF7000002A18BF2246CDE901261BB12B6D002BEC
:10BF800018BF2346002269464046039301F050FD46
:10BF9000164B98420AD06FF004033C69236304F106
:10BFA000200002F0F9FB002384F85C3004B0BDE807
:10BFB000F081696CEE6C0846B8F8304013B19A42D3
:10BFC00028BF1A46944228BF14460029BED001F06B
:10BFD0006043B3F1005FB9D0082C28BF0824286E55
:10BFE000224605F033FB286EB0E700BF0000AD0B22
:10BFF0002DE9F04F994643688DB001938B880E462A
:10C00000990407469246046900F127814FF0FF32F8
:10C010004FF0FF3304F1100002F0E2FB6660D7F846
:10C0200004B0D7F81080DBF80830039398F85D303F
:10C030001BB1D8F800309E427AD0B6F804E01EF466
:10C04000006F40F037811EF0090F40F03081CEF3D1
:10C050004513082B40F02B8133680293029AA94BB9
:10C060009A4240F2248104AD0BF10C0CBCE80F00A5
:10C070000FC59CE80F0085E80F00DDE902329A4207
:10C0800028BF1A46A04B9A4215D2A04B9A4200F202
:10C09000ED809F4B9A4200F2EB809E4B9A4200F259
:10C0A000E9809D4B9A4200F2E7809C489C4B9D4959
:10C0B000824288BF0B461EF0020F09930EF0040364
:10C0C00000F0DC80002B14BF032302238DF82830FE
:10C0D000CEF300138DF82930DBF800301EF0020F8C
:10C0E000D3F8082590484FF00103CEF340014FEA02
:10C0F000521540F0C780002D40F0FF809340C36090
:10C1000098F85D302BB1584601F056FC002388F8B2
:10C110005D3043465846854A04A901F019FC844B1A
:10C12000984240F0B4800123C8F8006088F85D3080
:10C13000012384F85C30019B996B4A1C03D003F106
:10C140003C0000F02FF9BAF1000F40F0B680C4F8BF
:10C1500034A00023A36304F1480204F1380104F180
:10C16000340006F0FBF86064B9F1000F40F0AE80D7
:10C17000C4F83C900023236404F1500204F1400110
:10C1800004F13C0006F0EAF80023E0642068236331
:10C1900048B183683BB10121083006F0F2F823680A
:10C1A000186906F098FC3846FFF7BEFE00221346D9
:10C1B000A06B834240F0938000231946256CA9426E
:10C1C00040F09480934238BF134626464FF4FA520B
:10C1D0004FF0000802FB03F556F8203B4FF4004CEB
:10C1E0001B684146B5FBF3F540F2E730C8354FF424
:10C1F0007A720023E5FB0C01FCF720F902460B469E
:10C20000304602F0EDFA18B9256B15F1740F13D111
:10C210006FF073050198C4F8588001F0CDFB84F8E5
:10C220005D803F693D6307F1200002F0B5FA87F8B1
:10C230005C80304602F0FCFA236853B39A6842B33C
:10C24000998811F4805624D1186906F044FC2068BE
:10C250003146083006F095F81BE0A369002B7FF407
:10C26000D5AE63689E427FF4D1AED8E6314B22E76B
:10C27000314B20E7314B1EE7314B1CE7003B18BF29
:10C28000012323E7002D3AD19340836038E76FF014
:10C29000040523689B8813F4005304D1636004F100
:10C2A000100002F079FA28460DB0BDE8F08F6FF06B
:10C2B0001505EEE76FF08505EBE7DAF8003063630C
:10C2C000002B3FF446AFDAF8043043E7D9F80030EA
:10C2D000E363002B3FF44EAFD9F804304BE7616BBA
:10C2E00001EBC301496801330A4462E7E06B00EBEC
:10C2F000C10040680131034461E7C960FFDE0023EB
:10C300009B60FBE747E8010000127A00FF083D0050
:10C310007F841E003F420F001FA107008FD0030043
:10C3200048E8010090D0030000258450C524010096
:10C330000000AD0B00093D0080841E0040420F004C
:10C3400020A107000123F0B587B08DF80230022349
:10C3500000248DF804306B4403930F4601AB0DF1BC
:10C360000301049305460291059401F089F80C4BF2
:10C37000064698420FD13946284603AA00F0FCFE33
:10C38000B0420BD028469DF8031001F073F86FF00F
:10C39000040007B0F0BD6FF01200FAE72046F8E79E
:10C3A0000000AD0B2DE9F0410D46064606F0A6FA59
:10C3B000002207462946304601F068F86B0905F06F
:10C3C0001F0429D1174B03EB8404D4F80022164B29
:10C3D000134043F00C03C4F8003206F0DCF880464A
:10C3E0003368DB597BB100273046294606F084FAD2
:10C3F000D4F800220C4B3846134043F00403C4F831
:10C400000032BDE8F08106F0C6F8A0EB080006286F
:10C41000E6D96FF07307E7E70023803453F8243040
:10C42000FFDE00BF00258450F0F8FCFF01238340AD
:10C4300070B5DC430B4AD2E8EF1F01EA0405C2E8FD
:10C44000E65F002EF7D14FF4803282400648C0F8F4
:10C450000823BFF35F8FBFF36F8F0B4214BF012020
:10C46000002070BDA84F00200050015070B40E494C
:10C4700022F07F46D1E90034D01AC31844F10004F9
:10C48000C1E90034A6F50013B3F5400F09D2074BFC
:10C490001B681A0A1B069C19054B42F10005C3E9EB
:10C4A000004570BC02F08CBF48020020AC4F002059
:10C4B00050020020D9B101230D4A8340D2E8EFCFCA
:10C4C0004CEA030CC2E8E1CF0029F7D14FF48033E6
:10C4D000084A8340C2F80433074BD3E8AF3FC34058
:10C4E000DB0742BF4FF40012044BC3F80021704732
:10C4F000A84F002000500150A44F002000E100E0B0
:10C500000D4B1868010A0006BFF35F8F0B4BD3F881
:10C510000435181841F10001B3F5801F0AD2084B09
:10C52000D3E90023904271EB030303D210F1807032
:10C5300041F10001704700BFAC4F00200050015096
:10C54000500200202DE9F04F85B016461F460446E4
:10C550009DF840A0FFF76AFF0190FFF7D1FFB042BE
:10C5600071EB070352D23B4B301A67EB0101984243
:10C5700071F100014DD2384B03EB0413D3E90223D0
:10C580009F4208BF964258D04FF48038334908FA8A
:10C5900004F8204626F07F4BC1F8488305F0EFFFF2
:10C5A0004FF00309584604F15005AD00ADB205F156
:10C5B000502504F5A87305F580350293029A20F002
:10C5C0007F4341F82230C1F84483D1F80435244A2E
:10C5D000C01A033820F07F4090422ED9286868B1F5
:10C5E000D1F80435A3EB0B0020F07F40B0F5000F2D
:10C5F000039322D9204605F0C2FF039BBAF1000F36
:10C6000007D109EB030009F10109D7E7BAF1000FDF
:10C6100009D06FF0150520460199FFF74BFF28461A
:10C6200005B0BDE8F08F01230E4AA340D2E8EF0F1A
:10C630001843C2E8E10F0029F8D107490E982301F9
:10C64000C8500F9B01EB04120025C2E9026753603A
:10C65000E1E700BF010080003802002000500150D7
:10C66000FDFF7F00A44F00207FB500254FF0FF3075
:10C670004FF0FF31194C1A4B0226C4F80833C4F8A6
:10C680004833184BC4F80855C3E902014FF480330E
:10C690004FF40012C4F80433134B0121C4F80463AF
:10C6A0001520C3F880212A46FEF7FAFA1520FEF776
:10C6B000C7FA01230D4AA360236013600C4B0D4A97
:10C6C000009328460023CDE90155FFF73BFF304694
:10C6D000FEF7DEFC284604B070BD00BF00500150DC
:10C6E00003000F003802002000E100E0A84F002006
:10C6F0006DC40000FFFF7F002DE9F7432E4BD3F8F8
:10C70000042390070BD5D3F8042142B10022C3F8CB
:10C7100004212A4AD3F80431136801331360264AEE
:10C72000D2F80433D90327D5254BD3E8EF1F21F0E6
:10C730000100C3E8E40F002CF7D1CB0702D4D2F8F4
:10C740004031CBB100251C4CC4F84051D4F84031E5
:10C75000FFF7D6FE4FF02003EFF3118283F3128828
:10C76000BFF36F8F174BD3E90267B042B94106D2CE
:10C7700082F31188BFF36F8F03B0BDE8F0834FF0F1
:10C78000FF38D3E900104FF0FF391D60C3E902897B
:10C790004FF48033C4F84833C4F84051D4F84031E2
:10C7A00082F31188BFF36F8F0029E5D000903246E5
:10C7B0003B4628468847DFE700500150AC4F002039
:10C7C000A44F00203802002030B5431C124C85B025
:10C7D00005D08442A8BF0446012CB8BF0124FFF74E
:10C7E0008FFE0E4B0C4DD3E90013401AB0F5000F2D
:10C7F0000FD22218AA4228BF2A4600205218084900
:10C80000CDE90100009143F10003FFF79BFE05B065
:10C8100030BD2A46F1E700BFFFFF7F00480200203D
:10C820006DC4000008B5FFF76BFE024B1B68C01A11
:10C8300008BD00BF48020020012310B5074C152099
:10C840006360FEF70BFA4FF40012054BC4F808338F
:10C85000C4F84833034BC3F8802110BD0050015089
:10C8600003000F0000E100E040EA0103C3F30E0300
:10C8700030B58BB940F21515094CC90BC0F3C73060
:10C88000994201D1002030BDC218D2B202F5C07267
:10C8900044F822500133F3E76FF01500F3E700BFCF
:10C8A000003000502DE9F043224885B005F07BFEB2
:10C8B000002504461F4B204ED3F83880DFF88090C7
:10C8C000A84503D8002005B0BDE8F083636A96E868
:10C8D00007001F6801AB83E807000C2219463846A1
:10C8E00004F0A4FE88B987B1636A21691B681A69DC
:10C8F00091420AD19A69A169914206D8E1699142AF
:10C9000003D962695B699A430AD0276A67B10B4809
:10C9100004F0FCFC404080F311884FF0040002DF7B
:10C92000E36801351C44CBE7484604F0EFFC636A3A
:10C930001F60F5E70084000060320100E33E010063
:10C940000C3F010030B5816885B0103921F0070433
:10C95000054604F022FE10220146684604F081FEDE
:10C9600010226846064904F071FE10236A462146EB
:10C97000284604F0E0FD003818BF012005B030BDA6
:10C98000A438010030B50D46816887B0102302AA93
:10C990001039044604F0BAFD002802DA012007B07D
:10C9A00030BD1022204602A905F027FE00283AD10A
:10C9B00010221E4902A804F039FE00280CBF0123F2
:10C9C00002232B70204605F004FE012301460DF1E1
:10C9D0000702204604F09AFD0028DFDB9DF80730AF
:10C9E000204603F00F021B096A702B7101220DF122
:10C9F000070105F002FE10B96B78042B03D901235F
:10CA00006B7000232B71A2682046183A22F00702AF
:10CA1000083AA91C05F004FE0028BFD12046E91CF5
:10CA200005F057FEBBE70323CBE700BFA4380100A6
:10CA3000F0B585B00546694600284DD0012807D0DD
:10CA4000FF2005F04CFE002848D0FF2005B0F0BDC7
:10CA5000324805F044FE0028F7D1032002A905F072
:10CA60003EFE01283CD12A4649212D4804F040FDD4
:10CA70002C4B029300238DF80C3000229DF80060AF
:10CA80009DF80870284C3146207805F0A8FD70B359
:10CA90003946607805F0A3FD48B3A378042B03D092
:10CAA0009DF80310994222D1E378042B03D09DF81E
:10CAB0000B1099421BD12379042B14D16279022ADD
:10CAC00021D11A4B1A482A46492104F011FD6079F8
:10CAD000831E022BBAD9B8E70C20BAE7FF20BDE7C6
:10CAE0000028CAD0B1E79DF802109942E6D0013281
:10CAF000032A04F10604C6D10E482A46492104F04F
:10CB0000F7FC0120A2E7032A05D00B4B0B49042AAE
:10CB100008BF0B46D6E70A4BD4E700BF0800000069
:10CB2000623F010003010303F73F0100443F01009E
:10CB3000AD3F0100D13F0100493F01005B3F0100D3
:10CB40003F3F010008B5EFF31083012B0C4A07D1DA
:10CB5000126ABFF34F8F511C4A424A41104608BD2A
:10CB600005F0EAFD00B172B6126ABFF34F8F531C95
:10CB70005A425A4105F0E0FD0028EFD062B6EDE7D9
:10CB80000080FF0008B5EFF31083012B0B4A06D19C
:10CB9000D269BFF34F8F02F00102104608BD05F0C5
:10CBA000CBFD00B172B6D269BFF34F8F02F0010224
:10CBB00005F0C2FD0028F0D062B6EEE70080FF006D
:10CBC00010B505F0B9FD30B14FF050230022C3F885
:10CBD0001421C3F8182105F0BEFD28B10122644BD1
:10CBE000C3F8382AC3F878254FF47F02D2F83031E1
:10CBF000D2F83421BFF34F8FC3F30B03092B05D1B8
:10CC0000012A1EBF01225A4BC3F8782505F0A3FD67
:10CC100018B10E22574BC3F8E42E05F08DFD30B14C
:10CC20000022534BC3F80C270122C3F8102700221F
:10CC3000D30003F57F03D3F80013BFF34F8F013107
:10CC400008D0D3F800130132D3F80433B2F5807F53
:10CC50000B60EDD1EFF31084FFF794FF00284DD067
:10CC6000BFF34F8F444BD3F80024012AFBD1C3F804
:10CC70000425D3F80024012AFBD1012C03D005F0B0
:10CC80005BFD00B172B6FFF77DFF58B13B4AD36937
:10CC900023F00103D361BFF34F8F374AD2F800343A
:10CCA000012BFBD1FFF74EFF68B1344A136A23F022
:10CCB000FF0343F020031362BFF34F8F2E4AD2F8D5
:10CCC0000034012BFBD1012C03D005F035FD00B160
:10CCD00062B60022284BC3F80425D3F80024012AA9
:10CCE000FBD1BFF34F8F2649264BCA6802F4E0629E
:10CCF0001343CB60BFF34F8F00BFFDE7FFF722FF69
:10CD00000028ADD11E4AD2F88C3043F44063C2F8FB
:10CD10008C304FF47F03D3F83021D3F83431BFF394
:10CD20004F8FC2F30B02092A16D1013B022B02D806
:10CD3000154AD35C83B11148144903680E4A8B42EB
:10CD40000CBF5A230023C2F8103EC36A8B420CBFAB
:10CD50005A230023C2F8003E094AD2F8883043F42F
:10CD60007003C2F88830BFF34F8FBFF36F8F10BDD1
:10CD70000040005000A00350009003500080FF00CE
:10CD800000ED00E00400FA0509400100FA50FA50F5
:10CD900030B50468ACB1B4FA84F30122C3F11F03C7
:10CDA000DBB29A4024EA0202D0E8EF5FA54204D148
:10CDB000C0E8EC2FBCF1000FF6D1EAD102480B70AD
:10CDC00030BD0248FCE700BF0000AD0B0200AD0B18
:10CDD00010B50368CB40DB0710D401238B400268F9
:10CDE00043EA0201D0E8EF4F944204D1C0E8EC1FBF
:10CDF000BCF1000FF6D1F2D1014810BD0148FCE7AB
:10CE00000000AD0B0400AD0B014BC3F804057047E7
:10CE100000700150044B1A7922B9012218601A716E
:10CE20000248704702487047B04F00200000AD0B29
:10CE30000C00AD0B08B5084B1B6833B10520FDF79E
:10CE400021FF10B90520FDF7FBFE4FF05023012212
:10CE5000C3F8182508BD00BFB04F002010B510B1B1
:10CE6000012847D010BD4FF05023D3F81814D3F841
:10CE70001824C90322D502F00303022B05D0012B8D
:10CE800002D0002005F083FC01234FF05022022045
:10CE9000C2F8183508224FF48273002103F15023A1
:10CEA00019601C68012402F150221460164A1268AD
:10CEB00022B34FF05023C3F80403D3E7D3F814246C
:10CEC000D207E1D5D3F81C2402F00302013A012A6B
:10CED000D7D80D4A12681AB10222C3F80423C1E759
:10CEE000D3F80421002AFBD00022C3F80421D3F890
:10CEF0000431B7E700224FF48073CEE71A68002AA6
:10CF0000FCD019601B68ADE7B04F00204FF05023F4
:10CF100010B5D3F8002152B10020C3F80001D3F8B6
:10CF200000210122C3F80823104B1B6898474FF0DB
:10CF30005023D3F8042182B10022C3F80421D3F88E
:10CF40000421D3F81824D3F81824022102F0030294
:10CF5000012A03D1C3F818159A6010BDC3F808134D
:10CF6000024B0120BDE810401B681847B04F00205D
:10CF700001460148FFF70CBF04010020036803F0DD
:10CF80001F025B090260024818BF0020704700BF03
:10CF90000025845070B50D4C00F1080334F81330AF
:10CFA0000546DA050E4607D5C3F3432304EBC30257
:10CFB000526854F833309847A3682BB1314628465D
:10CFC000E268BDE87040184770BD00BF080100204E
:10CFD000024611F0010004D003490B6A13600B6292
:10CFE00003B90020704700BF0025845010B4134AD5
:10CFF000C0B2083032F81030D9051CD5C3F3432134
:10D0000023F4F85322F81030002002F10E0434F813
:10D01000023F13F4807F03D0C3F3432399420AD025
:10D0200001302028F3D1002342F8313004485DF864
:10D03000044BFFF7CDBE5DF8044B7047080100209C
:10D0400060010020F0B50546002001260446074691
:10D050008C420BD1114BD3F87C2132B10022C3F8A2
:10D060007C21D3F87C3140F00040F0BDE3B29B005E
:10D0700003F580729B0806FA03F31D420BD002F100
:10D08000A04202F55042D2F800C0BCF1000F02D01D
:10D090001760126818430134DAE700BF00D000506F
:10D0A000064BC0B2083033F81000830643BF400B74
:10D0B000800000F580704FF4BE70704708010020BA
:10D0C000CBB2024608460D49083331F813309906B1
:10D0D00011D599070FD4012110685B0B9940C0F856
:10D0E0000813126802EB8303D3F8102522F0030221
:10D0F000C3F810257047002105F0EDBB08010020A2
:10D10000F7B5194ECDB2083536F815300746DB07AE
:10D110000C4626D5FFF7D4FF36F815309A0608D509
:10D120005A0B3B6803EB82030022C3F81025C3F8B7
:10D1300010252046FFF75AFF002301A826F81530D6
:10D140000194FFF71BFF019B00EB8300D0F8002246
:10D15000064B134043F00203C0F80032044803B00A
:10D16000F0BD0448FBE700BF08010020F0F8FCFF19
:10D170000000AD0B0400AD0B2DE9FF41136807461D
:10D180000C461646FBB1DFF84481CDB2083538F8BD
:10D19000152002F02202222A22D000222046CDE9C8
:10D1A00000228DF80E208DF80F200DF10E010DF1EB
:10D1B0000F0205F047FB38F8153023F0020343F067
:10D1C000010328F8153073684BB31A785868DFF8F4
:10D1D000FCC0E3B208333CF813108D0702D5B0B1A0
:10D1E00038481FE021F02001C904C90C2CF81310A5
:10D1F00068B1032AF4D870683D68406890F800E090
:10D2000005EB8E058AB9C5F81025C5F810253CF840
:10D21000131021F01C0141EA82022CF81320B3689C
:10D220002BBB294804B0BDE8F081D5F8108541EA50
:10D230004E3128F00308C5F810853D6841F0200103
:10D2400005EB8E05D5F810052CF8131020F44730A7
:10D2500020F44070C5F810052002D5F8107500F4D0
:10D26000F85040EA02403843C5F81005CFE72046A1
:10D27000D3E90067FFF7BAFE002ED2D0134DD5E9EF
:10D280000023964203D19F4201D1002209E01048B9
:10D290000DF10F01FFF77CFD0B4B9842C2D19DF8B9
:10D2A0000F20E4B205EBC20308345F6035F8143098
:10D2B00045F8326043EA422343F4807325F8143082
:10D2C000AFE700BF0400AD0B0000AD0B080100206C
:10D2D000600100202DE9FF4107460C461E4612B3AF
:10D2E000DFF8D480CDB2083538F81530980701D46E
:10D2F000990621D413F01C0F02D05378012B1BD0B8
:10D3000001238DF80F3000232046CDE900230DF1D5
:10D310000F01931C013205F095FA38F8153043F0EF
:10D32000030328F81530002E44D0234DE1B2083114
:10D3300035F81120930703D4204804B0BDE8F081EC
:10D34000002096F800E03B6822F02002D20403EBB4
:10D350008E03D20CC3F8100525F81120C3F8100570
:10D3600096F801C04FEA8E08BCF1000F22D0386851
:10D37000B6784044D0F810354FEA0C4C23F498139B
:10D3800023F4F853C0F81035230203F4F8530CF4D7
:10D39000403C3605D0F8107543EA0C0306F48016BD
:10D3A000334342EA4E323B4342F02002C0F810358C
:10D3B00025F811200248C0E7080100200400AD0B49
:10D3C0000000AD0B014BC3E90212704708010020B9
:10D3D000054BC9B2083133F81130990643BF5B0BD6
:10D3E0000248137002487047080100200000AD0B8E
:10D3F0000400AD0B70B5174E054696F860403CBB77
:10D400002146402206F1100004F02BF921462D6838
:10D41000306D884212D1002345F30730C5F87C31C6
:10D42000D5F87C31FDF70CFC4FF00043C5F8043310
:10D430000123094886F86030B36570BDCBB29B000C
:10D4400003F580727C2B04BFAC50AB580131E0E790
:10D450000248F2E7080100200000AD0B0C00AD0B04
:10D46000034B93F86000003818BF0120704700BFDD
:10D47000080100200148FFF7ABBC00BF5C010020A1
:10D480000148FFF785BC00BF5C01002073B5CBB23B
:10D490000C461D49083331F8133099061AD513F09C
:10D4A000020617D15B0B05689C0004F580716E5075
:10D4B000695801682144D1F8104544F00104C1F8CD
:10D4C00010452AB10122016802FA03F3C1F80433BE
:10D4D00002B070BDC3F38203042B11D0052B11D011
:10D4E00001A80194FFF74AFD019A0369D34003F0B4
:10D4F0000103991C204602B0BDE8704005F0EBB96D
:10D500000321F7E70221F5E7080100202DE9F347A1
:10D51000534B544FD3F80403396DC0B240F0004070
:10D52000FFF790FD051E18DA00236846F96D009399
:10D530004FF00108FFF74CFD97F85C30DA0757D43D
:10D54000396D4FF00040FFF77DFD6846F96DFFF73C
:10D550003FFD0028F0D125F000450124002D66D1C3
:10D5600002B0BDE8F08794FAA4F4B4FA84F4E008B9
:10D5700004F1080337F8139004F007021DF8003097
:10D5800008FA02F223EA02030DF8003001A8019420
:10D59000FFF7F4FC019B4FEA9901803350F82360B8
:10D5A000C9F3820A4B07D146C6F3014624D520466B
:10D5B0005146FFF7EFFC01A80194FFF7DFFC019B48
:10D5C000F6B2803350F82330C3F301439E4207D1B3
:10D5D0000021204605F07FF93146204605F07BF911
:10D5E00001A80194FFF7CAFC019B08FA03F3036248
:10D5F000009C002CB7D1A3E7022E0CD103212046BA
:10D6000005F069F90AF00503012BE9D149462046E6
:10D61000FFF7C0FCE4E70221204605F05CF9BAF10F
:10D62000030FF3D0032EDBD1BAF1020FEDE795FA29
:10D63000A5F3B3FA83F304FA03F29B0003F1A043CA
:10D6400003F55043D3F81005D3F81015C0F30420A8
:10D65000C1F3014125EA0205FFF79CFC7EE700BF0C
:10D6600000D00050080100200022034BC3F884259D
:10D67000C3F80425704700BF00900350044AD2F855
:10D680000834DB07FBD50160BFF35F8F704700BF35
:10D690000090035008B5C0F30B0383B90222094B75
:10D6A000C3F88425C3F804254FF0FF320260D3F895
:10D6B0000024D207FBD5FFF7D7FF034808BD034876
:10D6C000FCE700BF009003500000AD0B0A00AD0B5B
:10D6D000012208B5054BC3F88425C3F80425FFF7DC
:10D6E000CDFFBDE80840FFF7BFBF00BF009003506B
:10D6F000430904D10123034A834093607047002308
:10D700009B60FFDE002584500C4B984213D00AD852
:10D710000B4B98420FD00B4B98420CD00A4BC31ABC
:10D72000584258417047094B984204D0084B9842E0
:10D7300001D0084BF3E70120704700BF40420F00C3
:10D7400090D0030020A1070048E8010000093D0037
:10D7500000127A0080841E00431C14D000F01F03C6
:10D7600040090BD1084A02EB8302D2F80012074BA2
:10D770000B4043F00203C2F80032704700228033AE
:10D7800052F82330FFDE704700258450F0F8FCFF8C
:10D79000430904D10123034A8340D3607047002327
:10D7A000DB60FFDE0025845038B51446421C054678
:10D7B00016D0012902D1A3B1FFF79AFF05F01F038C
:10D7C0006D0911D10B4A41EA840402EB8303D3F8BB
:10D7D0000002094A0240144344EA4101C3F800121E
:10D7E00038BDFFF7D5FFE9E70022803352F8233038
:10D7F000FFDE00BF00258450F0F8FCFF2DE9F84360
:10D800004C4B4D6907469D420C4690F804907DD0E4
:10D8100071D8494B9D427CD0484B9D427CD0484BAF
:10D820009D420CBF4FF000754FF080452422DFF879
:10D830001C81E07E02FB0983997F60F300019977E8
:10D840003B79217C02FB0383D977E67EEEB9237E08
:10D850003246012B94BF0023012301212068FFF7EA
:10D86000A3FF3346324601216068FFF79DFF334630
:10D870003146A27EA068FFF797FF237C3246012144
:10D88000E06883F00103FFF78FFF242202FB098980
:10D89000E368C9F82030237C89F81F30267FA07CFC
:10D8A000217E637E3A6846B9D4E900C6A468C2F80E
:10D8B00008C5C2F80C65C2F81045003B18BF01232B
:10D8C0000229C2F8C005C2F824552BD003292CD058
:10D8D000012901D143F00203C2F8543524223B79D7
:10D8E000534358F803301BB33868BDE8F84340F39E
:10D8F0000730FDF7A5B9134B9D4210D0124B9D4246
:10D900000CBF4FF000454FF080458FE74FF080553A
:10D910008CE74FF0806589E74FF0006586E74FF0B0
:10D92000005583E743F00403D6E743F00603D3E74B
:10D93000BDE8F88340420F0090D0030020A107000B
:10D9400048E8010080841E0000127A00B84F0020D1
:10D950002DE9F8430746242597F80480124C05FB6F
:10D9600008F504EB05091E4699F81C30C3B999B1B6
:10D970004869FFF7C9FEA8B138466251C9F804608A
:10D98000FFF73CFF242303FB0844002363770123B4
:10D9900006482377BDE8F8836251C9F80460F1E7CF
:10D9A0000348F7E70348F5E7B84F00200000AD0B48
:10D9B0000C00AD0B0400AD0B2DE9F04104460679D7
:10D9C0000068194D40F30730FDF748F924237343ED
:10D9D000EB5853B12368154A06EBC601C3F8082378
:10D9E000206805EB810104F0E8FF2368242404FB90
:10D9F0000654D3F80805D3F80C75D3F81085A37F27
:10DA0000DB070AD4FFF7A8FE4046FFF7A5FE38461D
:10DA1000FFF7A2FE206AFFF79FFE242303FB0655B3
:10DA200000232B77BDE8F081B84F00205201080099
:10DA300024232DE9F0430779524D7B439046EA18A1
:10DA40000E46517F814685B0002940F09880EB5802
:10DA500023B118F0140F04BF01235377242496E850
:10DA60000F0004FB075404F10C0C8CE80F00206A33
:10DA7000431C03D0E37FD3B1FFF73AFE3368D9F8F4
:10DA8000004023B103F06043B3F1005F06D1B368F7
:10DA900083B103F06043B3F1005F0BD02423002275
:10DAA00003FB075338485A7705B0BDE8F083FFF70A
:10DAB0006FFEE3E718F0010318BF0123C4F85035E7
:10DAC00018F0020318BF0123EC46C4F8403596E86D
:10DAD0000F008CE80F00039BC4F84405C4F84815F8
:10DAE000C4F83425C4F838350023C4F81831D4F804
:10DAF00018310723C4F8003524237B4318F0080F9E
:10DB000005EB03021DD10121E858216158B9D4F871
:10DB10001831002BFBD062464021204604F00FFF55
:10DB200024237B43EA18EB5803BB106A411C12D133
:10DB300007EBC707204605EB870104F03EFF1348BB
:10DB4000B2E7EB5893B9106A431CF8D0D37F53B1B6
:10DB5000FFF71EFEF3E7D37F13B1FFF719FEE7E7E8
:10DB6000FFF7C6FDE4E7FFF7C3FDE8E7402318F041
:10DB7000040F14BFC4F80833C4F80433DFE70448C3
:10DB800092E700BFB84F00200A00AD0B0000AD0BBC
:10DB90000B00AD0B10B540210F4A104804F0CFFE2A
:10DBA000C0B10F4C206A431C03D0E37F7BB1FFF769
:10DBB000EFFD637F1BB10A49084804F0FEFE002315
:10DBC00023720848D4E90031BDE810401847FFF738
:10DBD0008FFDEEE710BD00BFC44F002000B0005025
:10DBE000B84F0020C04F002010B4CC7B8A68036877
:10DBF0002CB9D1E90041C3F80845C3F80C15C3F8A6
:10DC00002425282203795343064AD35833B10068A8
:10DC10005DF8044B40F30730FDF712B85DF8044B94
:10DC2000704700BFDC4F00204FF0280CF8B5067994
:10DC3000294C0CFB06FC04EB0C0595F82270002F18
:10DC40003FD1AF6044F80C206B6085F8257085F8F3
:10DC5000247071B38F7B85F8277017BB0A6802F0B8
:10DC60001F0352092FD140F20C6C1C4DDFF878E0F5
:10DC700005EB8303D3F8007207EA0E0747EA0C07A7
:10DC8000C3F800724F6807F01F037F091FD105EB2F
:10DC90008303D3F8002202EA0E0242EA0C02C3F820
:10DCA0000022282303FB06434A7B83F82620FFF744
:10DCB0009BFF282303FB06440123094884F82230F4
:10DCC000F8BD0848FCE7803357F82330FFDE803387
:10DCD00052F82330FAE700BFDC4F002000258450C3
:10DCE0000000AD0B0C00AD0BF0F8FCFF0621036843
:10DCF0000279C3F800152821034B01FB02330222ED
:10DD000083F82220704700BFDC4F002028210279D1
:10DD10000B4B01FB02330021996002680948C2F8ED
:10DD20000803D2F8000220F4BC50C2F80002C2F886
:10DD30000015012283F8241083F82220704700BFC9
:10DD4000DC4F002002029C012DE9F84F2823904669
:10DD5000002290F80490AE4D046803FB095383F849
:10DD600023204B680E4633B1CB6803F06043B3F118
:10DD7000005F40F085813378023B012B06D8336980
:10DD800003F06043B3F1005F40F07A81A14BC4F827
:10DD90000833282303FB095393F8241001F0FF02F2
:10DDA00039B19B68DFF878B2C4F804335846BDE84F
:10DDB000F88F18F0140F0CBF0121002183F82410F4
:10DDC000317809EB890783F82010717805EBC707D4
:10DDD00083F82110F168D96071681961316959615E
:10DDE000B168C3F81C809961C8F3001183F825104D
:10DDF0007378C4F88835C4F86021D4F86031C4F869
:10DE00004821D4F84831C4F82421D4F82431C4F886
:10DE10000421D4F8043118F0010318BF0123C4F819
:10DE2000503518F0020318BF0123C4F84035337889
:10DE3000032B00F2A480DFE803F0799962024FF42B
:10DE40008073C4F80032D7E90323C4F84425C4F82A
:10DE500048350123A3604FF48011204604F005FEED
:10DE60000028F8D1D7E90523C4F84425C4F848357B
:10DE700028234FF4802203FB09539A60DFF8A4B1F2
:10DE8000282202FB09F218F0080AAB5805EB020041
:10DE900013D13178032910D0012940F08680216008
:10DEA000002B6FD0282202FB09F27168AA5821B911
:10DEB000002A00F0BB8001226261282202FB09F2E5
:10DEC000A918AA58002A00F0B18018F0040F1CBF4E
:10DED00000228A6018F0400F06D1282202FB095266
:10DEE000916841F002019160282202FB0952916879
:10DEF00041F4007191609268C4F8042356E7D7E9B1
:10DF00000323C4F84425C4F84835D7E90523C4F8E9
:10DF10003425C4F838354FF48453C4F80032012353
:10DF200023622823022203FB0953A6E718F0200FDF
:10DF3000D7E90323C4F8442514BF4FF480724FF48B
:10DF40000072C4F848354FF0280315BFC4F800220A
:10DF5000C4F800224FF48022022214BF03FB0953AD
:10DF600003FB09539A600123236287E7D7E9032360
:10DF7000C4F83425C4F838354FF48053CDE7DFF8C2
:10DF8000A8B07DE7026902B961612349DFF88CA07E
:10DF9000204604F06AFD012210F4007F18BF626180
:10DFA00010EA0A0F1C49F3D07CE70121A160002B85
:10DFB0007FF478AF006918B3184B1AEA030F7FF4A7
:10DFC00071AF2046144904F050FD10F4007F8246E2
:10DFD000F2D04FF08071204604F047FDD4F80012D3
:10DFE00080B111F4007003D1012282462262626185
:10DFF000CB05E1D54FF48021204604F036FD04E046
:10E000006161D9E70122226262614FF0000AD3E721
:10E01000DC4F002002029C01020204000200040006
:10E020000B00AD0B0000AD0B0400AD0B282101FB74
:10E0300009550021D4F8C424C4F8C42485F8241058
:10E040008AB11149114B12F0010F14BF8B469B4648
:10E05000013112F0020F18BF8B4612F0040F0C4A68
:10E0600018BF9346A2E618F0400F7FF49FAE3946E2
:10E07000204604F0B8FC054A002808BF934695E600
:10E08000DFF810B092E600BF0000AE0B0100AD0B50
:10E090000200AE0B0A00AD0B70B55D4D022186B0DB
:10E0A000284604F0E2FC4FF400710646284604F0CE
:10E0B000DCFC584CD8B1E6B9A3684FF08071C5F8C4
:10E0C00008330223A360A3682846C5F8043304F08C
:10E0D000CCFC18B1D5F800329B0503D401224C4B7F
:10E0E0001A625A61012384F8233006B070BD002EF5
:10E0F00058D0E5696E060AD494F823303BB94549F7
:10E10000434804F070FC80F0010084F8230015F00F
:10E11000040525D13E4B94F82520C3F86051D3F86F
:10E120006011C3F85C51D3F85C1112B194F823204C
:10E130005AB10022C3F80022A260374AC3F808236C
:10E140004FF48062354BC3F88021238CADF8043046
:10E15000E36804932369029363690593A3690393B6
:10E160002B4AD2F8C4349807C2F8C4344AD45907A9
:10E170004AD4DA074AD494F823309B00DBB28DF8F6
:10E18000003094F825300BB984F82430E3695B073C
:10E1900003D594F82330002BA7D0D4E9003168468A
:10E1A0009847A2E74FF48021284604F05EFC94F8DB
:10E1B0002030ABB994F8253053B94FF48062C5F8DC
:10E1C0000032A360144BC5F80833144BC3F8802108
:10E1D00000238DF8043094F821308DF80530B7E72E
:10E1E0004FF40073C5F8003240F20223A36003F13C
:10E1F000CE73C5F80833A368C5F804330123AB60B8
:10E200002B6272E70123BAE70223B8E70323B6E7DC
:10E2100000A00050DC4F002002029C0100E100E061
:10E22000036803F01F025B090260024818BF002068
:10E23000704700BF00258450F7B5064604F03FFC48
:10E24000084604F03CFC01A80196FFF7E9FF0C46E4
:10E2500040F20D61019B2B4D00EB8300D0F80032A2
:10E2600001942B400B43C0F8003201A8FFF7D8FF00
:10E27000019B012700EB8300D0F800322B400B43B9
:10E28000C0F80032042004F079FA092501A80194AD
:10E29000FFF7C6FF019A0369D340DB0714D401A836
:10E2A0000196FFF7BDFF019B013D07FA03F3C36031
:10E2B000042004F063FA304604F001FC042004F06A
:10E2C0005DFA15F0FF05E1D101A80194FFF7A8FF61
:10E2D0000123019A9340C360042004F04FFA2046C2
:10E2E00004F0EDFB042004F049FA01A80194FFF7C3
:10E2F00097FF019A03690448D34003F00103C01A51
:10E3000003B0F0BDF0F8FCFF0100AD0B38B54FF0E5
:10E310002003EFF3118583F31288BFF36F8F064B51
:10E320009C6804F03CF985F31188BFF36F8F204699
:10E33000BDE83840FCF7FCBB08500020104B70B51E
:10E3400053F82040013053F82060A64200D870BD39
:10E35000D4E9003595B153B12846984738B1002823
:10E36000B8BF4042FF28A8BFFF20EB681870EA68DA
:10E37000537843F0010353700834E6E79847FBE70E
:10E3800018370100012270B5294B032086B01A709E
:10E39000FFF7D4FFFCF71EF90420FFF7CFFF254C51
:10E3A000254D2646AE4204F1300410D300F0B4FDF2
:10E3B000204C224EAC4226D300F0C2FDFAF7A6F95B
:10E3C0001F4A137B23F00103137306B070BD54F88A
:10E3D0000C3C059354F8103C049354F8143C0393FC
:10E3E00054F8183C029354F81C3C019354F8203C18
:10E3F000009354E90A2354E90C0100F06DFB54F832
:10E40000303C5E65CDE7D4E90A23B3F1FF3F08BF96
:10E41000B2F1FF3F05D052EA0301206803D104F0B6
:10E420001FFC3034C6E73146183000F04DFFF8E7E6
:10E430004553002058320100583201006B2D010075
:10E440001803002008B50348034A0021121A04F0FB
:10E4500052FB08BD3802002048530020C02370B58D
:10E46000174E012203FB0066002386B0CDE904238A
:10E470000F220193CDE9023218234FF4A072044613
:10E48000104D114903FB005502FB00110F4B3046A4
:10E49000009500F021FB737B2C7423F0040373734D
:10E4A0000B4B013403EBC4236B600A4BEE60D3E8E3
:10E4B000EF1F0131C3E8E21F002AF8D106B070BD9A
:10E4C0005802002008500020485B0020932B0100D8
:10E4D000485300200450002080B50020B6B0FFF75C
:10E4E0002DFF2B4B03F5006282F3088883F30A8823
:10E4F0000024E023274D284E85F82230EC772C7637
:10E500006C76AC7685F820406B6A244F43F4E023A8
:10E510006B6285F82340FCF791FAFCF76DFC4FF035
:10E52000FF33AB62EB6240F20113ADF8243006AB6F
:10E53000B360CDE91F44229404F0D1FA0120FFF723
:10E54000FDFE0220164DFFF7F9FE00F015FD154BFC
:10E55000B5610593012314494FF42052CDE90343DB
:10E5600028463B46CDE90144009400F0B5FA064642
:10E570006A7B284622F004026A7304F0A8FB204656
:10E58000FFF76CFF3A4631462846FCF713FC00BF04
:10E590004853002000ED00E00850002085E3000013
:10E5A000180300200C400100885C0020002038B5D2
:10E5B000054C064DAC4200D338BD204604F09FFA0E
:10E5C0000028F9DB1C34F5E7E8010020E801002011
:10E5D00073B50C464FF02005EFF3118185F31288D7
:10E5E000BFF36F8FC5685DB125602B68C360836919
:10E5F00001338361002081F31188BFF36F8F11E035
:10E6000052EA030603D16FF00B002560F3E7CDE972
:10E6100000230246083000F0C3FB18B9024B9B6888
:10E620005B69236002B070BD085000202DE9F34102
:10E63000044617461E464FF02003EFF3118883F37C
:10E640001288BFF36F8FC368334A7BB180689168CB
:10E65000884219D057EA060318D188F31188BFF30E
:10E660006F8F6FF00F0002B0BDE8F081916891F9F3
:10E670000E100133E36093682161A36088F3118871
:10E68000BFF36F8F0020EEE72169F2E791F90E10DA
:10E6900090F90E306FF07E029942A8BF1946914260
:10E6A000B8BF11468B422EDD04F07FFA05462246A4
:10E6B0004146CDE90076194800F072FB0028E1D010
:10E6C0004FF02003EFF3118683F31288BFF36F8FAF
:10E6D000A068D0B1236821699C420AD04BB193F95C
:10E6E0000E309942A8BF19466FF07E039942B8BF19
:10E6F000194604F05AFA40B13146084800F0C8FB08
:10E700006FF00A00AFE70025D1E7002DF4D186F3C2
:10E710001188BFF36F8FF3E70850002046530020A5
:10E7200038B5836804466BB3194A926893422CD17A
:10E73000C368012B03D9013BC360002038BD4FF0F3
:10E740002003EFF3118583F31288BFF36F8F016904
:10E75000806804F02AFA204604F00BFBA06058B150
:10E7600090F90E2022610022826704F0B0FA294657
:10E77000084800F08DFBE0E7E06085F31188BFF307
:10E780006F8FDAE76FF01500D8E74FF0FF30D5E76D
:10E79000085000204653002038B504464FF02003AF
:10E7A000EFF3118583F31288BFF36F8F04F0E1FA62
:10E7B00048B10022826704F08AFA2946BDE8384051
:10E7C000064800F065BBD4E902329A4218BF013313
:10E7D000A36085F31188BFF36F8F38BD46530020C7
:10E7E00013B54FF02004EFF3118184F31288BFF3C7
:10E7F0006F8F846844B1013C846081F31188BFF35A
:10E800006F8F002002B010BD52EA030406D181F3DD
:10E810001188BFF36F8F6FF00F00F3E7CDE900238E
:10E820000246024800F0BCFAECE700BF4653002065
:10E8300070B504464FF02003EFF3118583F312887F
:10E84000BFF36F8F6FF00A06204604F092FA18B1FA
:10E85000866704F03CFAF7E7A0602946BDE87040FF
:10E86000014800F015BB00BF465300202DE9F043DE
:10E8700005464FF0FF384FF0FF39494E85B04FF055
:10E880002003EFF3118783F31288BFF36F8FD5F85E
:10E89000C0408CB9022105F1D80004F0A1F900288C
:10E8A0005DD100233946CDE90089029305F1C80204
:10E8B0003C4800F011FCE2E7D5F8C42023689442FC
:10E8C000C5F8C03008BFC5F8C430D5F8D83043F01B
:10E8D0000203C5F8D830E36823F0040343F00103D2
:10E8E000E360636887F31188BFF36F8F2046984712
:10E8F0004FF02003EFF3118783F31288BFF36F8F7C
:10E90000E368D90623F0010233D4E260E3689A0792
:10E9100016D5306823F00203E36088B10022036853
:10E9200070B141688C4232D1036852BB7268336067
:10E93000824200D17360002340F8083BFFF72CFFB0
:10E94000D5F8D83023F00203C5F8D83087F3118802
:10E95000BFF36F8FDB0592D400F016FB8FE705F154
:10E96000D00400220121204604F047FA0028F8D103
:10E9700097E723F01103E36004F11000FFF70CFFA9
:10E98000C4E713607368834208BF7260D3E723B1A2
:10E990001968024618460B46C2E71946F9E700BF58
:10E9A0003050002046530020F8B5C36804469A074B
:10E9B0000F46C3F340062CD45B071AD40B680BB97F
:10E9C00083680B60E368DD0742BFA36802263B60F3
:10E9D0003D6858BF0126002D3AD01F4B9B68AB42C3
:10E9E0000AD0D5F8D830D807C3F3800214D46FF01A
:10E9F000120600233B6025E004F029F9D5F8D83051
:10EA00000028F0D1D907C3F3C002F0D552B15B079B
:10EA100008D46FF00F06ECE7002AFAD1C3F3C00365
:10EA2000002BF6D100232360D5F8C43063B9C5E9C3
:10EA30003044284604F0DFF8E36843F00403E36061
:10EA40003B68A3603046F8BD1C60C5F8C440F0E7E1
:10EA50006FF01506CDE700BF0850002001460148C1
:10EA600004F0E4B8F8030020F0B50446002089B0B3
:10EA7000C4E930000E9D04F1C800C4E9320004F17D
:10EA8000D000C4E934001DB32879002840F20110F9
:10EA900008BF0120C4F8D80000204FF0FF364FF027
:10EAA000FF37CDE90330CDE90100CDE90667204607
:10EAB000084B009400F040F825B1296811B12046B8
:10EAC00004F0CBF8204609B0BDE8F04004F0C8B827
:10EAD0000120DFE76DE800002DE9FF410E9E00F107
:10EAE000580506730426C0E91655002504464673EA
:10EAF0000D9EC0E906558673D61D0C9A26F00706B2
:10EB0000C0E919168560C573C56602920B9A01EBC0
:10EB1000060801920A9A00924246FCF705F9054B55
:10EB200065659B6803B11B6F4046236704B0BDE871
:10EB3000F08100BF08500020F0B5002587B0059592
:10EB4000109DDDE9127604950F9D044603950E9DF8
:10EB500002950D9D01950C9D0095FFF7BDFFB6F147
:10EB6000FF3F08BFB7F1FF3F05D056EA070305D1C5
:10EB7000204600F09FF9204607B0F0BD3A463346E4
:10EB8000024904F1180000F09FFBF4E76B2D01002F
:10EB900070B506460C4804F074F90C4D044600B9F3
:10EBA000EC68AB683EB95A7BD20604D1A26912B9AF
:10EBB000DA897F2A05D89C4202D0204600F0CCFAA0
:10EBC0002346AB6170BD00BF2450002008500020D8
:10EBD00010B590F90D200446002A437B06DA03F0B5
:10EBE0007F0301464373064804F043F9054B9868D8
:10EBF000031B58425841BDE81040FFF7C9BF00BF92
:10EC0000245000200850002070B490F90D30427B51
:10EC1000002B29DBD30627D183692BBB134962F074
:10EC20007F0242730A4652F81C4F944218BF234693
:10EC30000C6A23B9C0E90024206008620CE090F956
:10EC40000E5093F90E60B5420AD0AE4208DD5A6804
:10EC5000C0E9003210605860002070BCFFF798BF18
:10EC60009C42E7D01B68E4E770BC70470850002066
:10EC7000002A2DE9F0410CBF10250825437B0446EE
:10EC80001D420E460AD12B43D90903F09F0211D130
:10EC90004273082D16D00120FFF77AFF1F4B9B68A7
:10ECA000A34234D1EFF305838BBB3046BDE8F0417E
:10ECB000FBF754BF03F01F0301464373184804F0E9
:10ECC000D8F8E6E7A36813B1204603F0CBFF04F1C0
:10ECD000180004F0B2F84FF0000804F15807A56DD1
:10ECE000BD4200D035B90120FFF752FF2046FCF7A6
:10ECF0003BF8D3E7284603F0B5FF05F1180004F010
:10ED00009CF82846C5F87880FFF77EFFE7E786F392
:10ED10001188BFF36F8FBDE8F08100BF085000205D
:10ED20002450002070B590F90D200446002A437B42
:10ED300006DA03F07F0301464373174804F099F89D
:10ED4000164A637B114663F07F03637351F81C3FDF
:10ED5000106A8B4208BF002323B9C4E90010046085
:10ED600014620CE094F90E5093F90E60B5420ED087
:10ED7000AE420CDD5968C4E900310C605C609068FB
:10ED8000031B58425841BDE87040FFF701BF98424D
:10ED9000E3D01B68E0E700BF2450002008500020AB
:10EDA000F8B5134B0C46DDE9067611469868114A12
:10EDB00010604FF02000EFF3118280F31288BFF350
:10EDC0006F8F9D68284603F05AFFB6F1FF3F08BFDA
:10EDD000B7F1FF3F06D03A463346074905F1180020
:10EDE00000F072FA2046BDE8F840FBF7B7BE00BF5E
:10EDF00008500020385000206B2D01002DE9F04113
:10EE000004464FF02003EFF3118883F31288BFF319
:10EE10006F8F437B4EB2DA061BD18569CDB91B4F8C
:10EE200003F07F0343730146384604F022F8637B06
:10EE3000A67363F07F0363733B4653F81C29BA4201
:10EE400018BF15461A6A65B9C4E9007214601C62DD
:10EE500012E00020A67388F31188BFF36F8FBDE81E
:10EE6000F08195F90E108E420BD0B14209DD6B682E
:10EE7000C4E900531C606C600120FFF789FE01208B
:10EE8000E9E7AA42E0D02D68DDE700BF245000206A
:10EE900049B9EFF3058030B9054B9A699B689A42EE
:10EEA00001D0FBF75BBE81F31188BFF36F8F704712
:10EEB0000850002010B54FF02002EFF3118482F3C8
:10EEC0001288BFF36F8F427B510704D484F31188FB
:10EED000BFF36F8F10BD22F004024273FFF794FE60
:10EEE0002146BDE810400148FFF7D2BF465300203D
:10EEF000034648B9EFF3058232B9064A9169926830
:10EF0000914201D0FBF72ABE83F31188BFF36F8FC4
:10EF1000704700BF085000204FF02003EFF311812D
:10EF200083F31288BFF36F8F044B9A68D37B013B46
:10EF3000D37381F31188BFF36F8F7047085000209F
:10EF400010B54FF02003EFF3118483F31288BFF361
:10EF50006F8F084B00209A68D37B0133D373FFF780
:10EF600017FE84F31188BFF36F8FBDE8104003F0E4
:10EF700019BF00BF08500020024B03F11C02C3E977
:10EF80000722704708500020F8B54FF02003EFF338
:10EF9000118683F31288BFF36F8F1A4CA16804F1B6
:10EFA0001C054B7B284603F07F034B7303F061FF86
:10EFB000A3685A7B62F07F025A73E269216AAA420F
:10EFC00008BF002222B9C3E900510B6023620CE0A4
:10EFD00093F90E0092F90E70B8420ED087420CDD04
:10EFE0005168C3E900210B6053600120FFF7D0FD99
:10EFF0003046BDE8F840FBF7B1BD8A42E3D0126865
:10F00000E0E700BF0850002050EA01032DE9F0417D
:10F0100005460E4603D1FFF7B7FF00202CE0831C06
:10F0200071F1FF332ADB03F01EFF2C184FF0200391
:10F03000EFF3118883F31288BFF36F8F114F124BD8
:10F04000B8681860FFF7C4FDB86810492A4633460F
:10F05000183000F039F9BA684046537B43F010038A
:10F060005373FBF77BFD03F0FEFE201A63EB0303F3
:10F07000012873F10003D0DBBDE8F0816FF00104DB
:10F08000241AD3E708500020385000206B2D0100CF
:10F09000B1F1FF3F08BFB0F1FF3F08B506D10A4B01
:10F0A000986803F024FE4FF0FF3008BDFFF7ACFF77
:10F0B0004FF47A7147F6FF730022C0FB0132D80B80
:10F0C00040EA4240F1E700BF08500020014B986839
:10F0D000704700BF08500020D3B5DDE90667089CE3
:10F0E000CDE90067FFF75CFE1CB1034B9B685B69D1
:10F0F000236002B0D0BD00BF085000200122044BA5
:10F10000C01A044BC0105843034B1A54704700BF39
:10F11000D8030020ABAAAAAA46530020C3897F2B9C
:10F1200012D80A4B1B6863B1094B90F90E201B687B
:10F130009A4209DB437BDB0606D1064BC31A18BF94
:10F14000012303F0010070470023FAE7405000203C
:10F150003C5000205802002070B50E4B0E4C1E7C17
:10F16000054606EB460304EBC304204603F065FEA8
:10F1700000220A4B28469A55FFF7D0FF48B1084BAA
:10F180002046BDE870401A680649013AD31700F0DE
:10F190009BB870BD08500020D803002046530020C3
:10F1A00040500020FDF0000038B54FF02003EFF391
:10F1B000118583F31288BFF36F8F104B104A9C6840
:10F1C0001068A04206D1FFF7C7FF85F31188BFF38F
:10F1D0006F8F38BD00211B7C11600A4AD35C002B65
:10F1E000F3D02046FFF79AFF0028EED0637BDB06C2
:10F1F00002D12046FFF796FD2046E4E708500020A4
:10F20000385000204653002008B50648064A0749F2
:10F21000121A03F072FCBDE80840054A0549064889
:10F2200003F06BBC000000203802002020400100E9
:10F23000000000002040010000000020034B1B687C
:10F240000BB9FDF7EFBA0020704700BF4450002013
:10F2500030B570B10B4B5B6898420AD0036843B17C
:10F26000D3E90421D0E90445121941EB0501C3E9B2
:10F270000421D0E9003213605A600023C0E9003352
:10F2800030BD00BF6C01002010B50E4B1C689C42C5
:10F2900004D1FFF7D3FF6FF0004010BDFFF7CEFFA2
:10F2A000002CF8D0D4E904321B1A62EBE072B3F1FF
:10F2B000004F72F10001EEDA002AACBF18460020C0
:10F2C000EBE700BF6C010020B3F1FF3F08BFB2F1D4
:10F2D000FF3FF8B504461D4616465FD081604FF0EB
:10F2E0002003EFF3118783F31288BFF36F8F01328E
:10F2F00075F1FF3324DA6FF001032E49D1E90020C4
:10F300009B1A4FF0FF3262EB00009E1B60EB050082
:10F31000012E70F1000301DA01260020C4E9046027
:10F32000254ED6F800C07568B44508BF4FF0000CF4
:10F33000BCF1000F0DD1C4E900652C6074601CE0C5
:10F34000FFF77CFF013645F10005361845EBE0700C
:10F35000E4E7DCE90420D4E90431934271EB000EC8
:10F360001DDAD21ADCF8043060EB0100CCE904208D
:10F37000C4E900C31C60CCF804403368B34209D030
:10F380009C4207D10D4B1C6824B9FFF77DFF214635
:10F39000FDF71AFA87F31188BFF36F8FF8BD9B1A38
:10F3A00061EB0001AC45C4E90431C4D0DCF800C015
:10F3B000BEE700BFF00300206C0100204450002095
:10F3C0002DE9F84F4FF02003EFF3118783F31288F4
:10F3D000BFF36F8FDFF8B8902B4E4FF0000A30600C
:10F3E000D9F800004FF0000B484508BF0020274C1B
:10F3F0003D46D4E9001E336888B3D0E904874FEA5C
:10F40000E37C43457CEB070206DAB8EB030267EBCB
:10F410000C07C0E9042722E018EB01014EEBE8736A
:10F42000C0E904ABC4E90013FFF712FF85F31188AC
:10F43000BFF36F8F836898474FF02003EFF3118578
:10F4400083F31288BFF36F8F3368D9F80000A3EB02
:10F45000080348452F463360CAD1D4E9001E591825
:10F460004EEBE373C4E9001300243460FFF70CFF94
:10F470002146FDF7A9F985F31188BFF36F8FBDE829
:10F48000F84FFFF791BE00BF44500020F00300206A
:10F490006C01002010B54FF02003EFF3118483F3CB
:10F4A0001288BFF36F8FFFF7C9FE0346054AD2E902
:10F4B0000001181841EBE37184F31188BFF36F8FDB
:10F4C00010BD00BFF00300201FB50024084B4FF40F
:10F4D0008062029302AB009306494FF0FF33064867
:10F4E0008DF80C40FFF7C0FA204604B010BD00BFF5
:10F4F0001140010088840020F803002010B50A4C58
:10F5000023681BB101232360002010BD00F0EAF83E
:10F510000028F7D00138062803D8044B53F8200000
:10F5200010BD034810BD00BF485000203037010017
:10F53000FE8FFFFFBFF34F8F0549064BCA6802F4E9
:10F54000E0621343CB60BFF34F8F00BFFDE700BF06
:10F5500000ED00E00400FA0530B44FF0FE32002563
:10F56000074B084C08494968C3F80024C3F8042431
:10F57000C3F80824C3F80C24C4F8005530BC08476D
:10F58000001084500000845074010020024BD0E928
:10F590000012C3E9001270477401002010B5044640
:10F5A00050B1636813F0685F05D0064A934202D0F9
:10F5B00000236260236010BD034B04485B689847DA
:10F5C000EFE700BF2C5F5CA9740100204C370100FD
:10F5D000C8B143680D4A934213D013F0685F0ED050
:10F5E000012350E8002F194640E8001C9CF0000F52
:10F5F000F7D1012AF5D0BFF35F8F00207047044890
:10F600007047044870476FF4E04070472C5F5CA976
:10F61000E98FFFFFEA8FFFFF034680B14268094987
:10F620008A420AD012F0685F05D0BFF35F8F0022D4
:10F6300010461A60704704487047044870476FF4DA
:10F64000E04070472C5F5CA9E98FFFFFEA8FFFFF66
:10F6500010B5044620B10023034A2360626010BD48
:10F660000248FFF779FFF6E73A00003A74370100E5
:10F670002DE9F041174C4768066867608768C068E5
:10F68000A760E06026600868134B144D1860486856
:10F69000D5F818215860886812F0685F9860C868CB
:10F6A0000969D860196112D000230D4A05F58A70E6
:10F6B000C5F81431C5F8B831C5F81821C5F8BC2112
:10F6C000B047236805F5DC70BDE8F0411847BDE898
:10F6D000F08100BF900100207C01002060500020DC
:10F6E0002C5F5CA938B500F02FF820B1032400F09E
:10F6F00063F8204638BD00F031F898B900F0ACF856
:10F7000098B90F4DD5F828391B0EF02B08D1D5F834
:10F71000242A0C4B9A420AD0072400F017F8E6E797
:10F720000624FAE70424204638BD0024F5E701202A
:10F7300000F092F804460028F7D1C5F80C0AD8E783
:10F74000001084500000E020002070470020704727
:10F75000014BC3F8040A70470010845010B51148DB
:10F7600000F048F800B110BD0F4800F043F8002841
:10F77000F9D10E4C204600F03DF80028F3D10C4B97
:10F780000C481C6000F036F801460028EBD100F070
:10F790002DF8044608B1204610BD00F03FF8204681
:10F7A000FAE700BFD0010020CC010020C8010020F2
:10F7B000C0010020C401002008B5084800F024F86A
:10F7C000074800F021F8074800F01EF8064800F04E
:10F7D0001BF8BDE8084000F00BB800BFD0010020C6
:10F7E000CC010020C8010020C40100200020704787
:10F7F000704700BF08B5034B02681B681068984744
:10F80000002008BD9001002008B5034B02685B682A
:10F8100010689847002008BD9001002070B5094C81
:10F82000094D2069AB68984718B1084B08485B68D8
:10F8300098470021074AEB6811602069BDE87040D5
:10F84000184700BF7C0100209001002074010020B7
:10F85000983701005C500020F8B51A4D1A4E044646
:10F86000B26828699047E8B9184F3B684CB1A3B11A
:10F87000012B19D0013B3B602869F36898470020B1
:10F88000F8BD43B90121124AC2F800151149D1F857
:10F890001029002AFBD101333B60F368286998479F
:10F8A0000020F8BD0C48F8BD0A4AD2F81039002BE8
:10F8B000FBD1074A6FF07E40C2F80035FFF748FFE2
:10F8C0003B68D7E77C010020900100205C500020BD
:10F8D0000000845000108450E98FFFFF30B10268AF
:10F8E000034B04489A4208BF002070470248704703
:10F8F000DD55AABB8208F0007108F00038B50D464E
:10F900000446B0B1A0220021043003F0D9FA95B129
:10F910000822294604F1640003F0D8FA082205F110
:10F92000200104F1840003F0D1FA0020034B23608E
:10F9300038BD0348FCE70348FAE700BFDD55AABB22
:10F940007108F0008308F0002DE9F74305460E46E4
:10F9500099461146FFF7C2FF0446002840F0848014
:10F96000002E00F08580002900F08480B9F1200F7E
:10F9700040F0828005F14404082205F10408204685
:10F9800003F0A4FA05F1240708223146404603F0AB
:10F990009DFA06F120010822384603F097FA02A9E1
:10F9A00041F8049D4FF4807003F084FA002865D17B
:10F9B0004FF48073324A0121136093600823314A67
:10F9C00000F034FB0121052308462F4A00F02EFBEE
:10F9D0000823424601211C2000F028FB08233A4658
:10F9E0000121032000F022FB2246082301210220EE
:10F9F00000F01CFB0823254A01211A2000F016FB09
:10FA00000523234A01211B2000F010FB0823214A73
:10FA10000121142000F00AFB08231F4A01211520B0
:10FA200000F004FB082305F164020121162000F018
:10FA3000FDFA082305F184020121172000F0F6FAEF
:10FA40000823164A01210B2000F0F0FA00F04AFBCF
:10FA50000446019800F0D8FA114B002C18BF1C4640
:10FA6000A421284603F02EFA204603B0BDE8F08317
:10FA70000C4CF9E70C4CF7E70C4CF5E7084CEFE7BA
:10FA800090108450F837010070380100B837010039
:10FA90005C3801001C3801003C380100D8370100F7
:10FAA0008408F0007608F0008008F0008108F0007B
:10FAB000C2690C4B1A60826943F8042C426943F80E
:10FAC000082C026943F80C2CC26843F8102C826899
:10FAD00043F8142C426843F8182C026843F81C2C95
:10FAE000704700BF5C1684500C4B1B68C3610C4B05
:10FAF0001B6883610B4B1B6843610B4B1B680361E5
:10FB00000A4B1B68C3600A4B1B688360094B1B6868
:10FB10004360094B1B680360704700BF5C1684504C
:10FB20005816845054168450501684504C168450E5
:10FB300048168450441684504016845030B10268F0
:10FB4000034B04489A4208BF0020704702487047A0
:10FB5000DD55AABB0202F0000002F00038B50446F1
:10FB600068B1051D7021284603F0ACF92846202213
:10FB7000044903F0A3F90020034B236038BD034878
:10FB8000FCE700BF84380100DD55AABB0002F0008D
:10FB90002DE9F04385B015466F46274B04460E46C7
:10FBA0000FCB87E80F002DB94FF00009484605B08C
:10FBB000BDE8F0832046FFF7C1FF81460028F5D15C
:10FBC000231D0193636AA3BB236F8BB1C3F140086C
:10FBD000A84528BFA84604F13000314618444246E3
:10FBE00003F06CF9236F464443442367A5EB0805F3
:10FBF000226F402A06D104F13001384600F0B4FBF0
:10FC00000023236705F03F0835F03F0505D0314656
:10FC10002A46384600F0A8FB2E44B8F1000FC3D0A6
:10FC20004246314604F1300003F048F9C4F87080D0
:10FC3000BCE7DFF80890B9E7783201000C02F00069
:10FC40002DE9FF4104466F46134B0E460FCB87E864
:10FC50000F002046FFF772FF8046B0B9CEB1636A4D
:10FC6000251D01953BB90123226F636204F1300128
:10FC7000384600F079FB2B46043E243453F8042B1D
:10FC800012BAA34246F8042FF8D1404604B0BDE8AA
:10FC9000F081DFF80880F8E7783201000502F00013
:10FCA000084B1B681B0EF02B08D1074B1A68074B3B
:10FCB0009A4205D10020064B186070470520704716
:10FCC0000620704728198450241A84500000E02030
:10FCD0000C1A8450002230B5134640F6FC754900DA
:10FCE000023802F1A15404F5823490424FEA8404B0
:10FCF00002F10102CABF236025605B181E2AF0D101
:10FD0000034A13600B445360024B034A1A6030BD30
:10FD1000781084508410845020F80F001E4B30B5AA
:10FD20001A4685B0196800910099CC07FAD500F100
:10FD3000A15000F582308000016813680193019B97
:10FD4000D807FAD5154B164C186820231F3090FBA6
:10FD5000F3F0144D0138002810DA0023013040017F
:10FD600053B14FF00042A0F12001134204D10138F9
:10FD700088424FEA5202F8D105B030BD13680393B0
:10FD8000039BDB07FAD5431823602B680293029B81
:10FD9000002BE3D10138DEE7B4108450AC1084505E
:10FDA000E4108450DC108450F0B51D6885B001F07B
:10FDB0001F040DB91F2C28D1174D2E462F6801970F
:10FDC000019FFF07FAD500F1A15000F582308000B5
:10FDD000006835680395039DED07FAD51F2C00EBED
:10FDE000611018BFC9430D4D18BF01F01F012860F5
:10FDF0000B480068029002981CBF00FA01F11160E4
:10FE00004FF0000108BF1060196010684300C00F78
:10FE1000136005B0F0BD00BFB4108450E4108450EE
:10FE2000DC1084500C4B890118603F3020F03F00FB
:10FE30004030586099600948D960196159619961E9
:10FE40001C3382B0196002680192019AD207FAD578
:10FE5000196002B0704700BF90108450B4108450F5
:10FE600038B5A0F12003B3F5426F05462CD88F2892
:10FE700026D800F1470300F16604DB064FEA54146C
:10FE800000D0013464013F34A409013411B1A1420E
:10FE90001AD30C464FF48050E300B0FBF3F0202857
:10FEA00028BF202002B110600122084B21461A60B1
:10FEB000FFF710FF28462146FFF7B4FF002038BDAA
:10FEC00000F11F046409DDE70148F8E71C188450BD
:10FED0002221F000464BF0B51D4689B01C68019404
:10FEE000019CE407FAD5434B002413449B001A6895
:10FEF0000B181E2B88BFC0F11E011F320B185209B0
:10FF00005343B3F5806F84BF4FF48061B1FBF2F1CE
:10FF1000274688BF091ADFF8E4E000F1A150DFF8B6
:10FF2000E0C000F58230A14233DC2B680493049BCF
:10FF3000DB07FAD5304B1B68296805910599CF0777
:10FF4000FAD52E4C2E49236000231E46934203F11E
:10FF5000010040D11946002620F0010228488A42BB
:10FF60003CD8296806910699CE07FAD52549096833
:10FF7000286807900798C007FAD5216000210C4631
:10FF80001F488B422DD100201D499A422CD809B020
:10FF9000F0BD2B680293029BDB07FAD503199B0087
:10FFA0001B682E680396039EF607FAD5CEF800303C
:10FFB0000023934203F1010306D1164623F0010307
:10FFC000B34204D80134AEE7CCF80070F1E7CCF8C6
:10FFD00000700136F4E70E600346B7E706600131B2
:10FFE000BDE704600131CCE708600133CDE700BF15
:10FFF000B4108450240421147C108450D4108450F4
:020000040001F9
:10000000D81084507810845008B540B1202801469B
:100010004FF0070228BF20210020FFF75BFF0022DE
:10002000014B1A6008BD00BF1C188450F0B5294D63
:1000300085B02C462E680096009EF607FAD500F192
:10004000A15000F582308000056820680190019879
:10005000C707FAD52048214F056002EB8306B2425C
:1000600029D100275A1C1D4E22F001029A4227D89E
:1000700023680293029BDE07FAD5194B0B449B00C1
:100080001B681F335B099A4213D2216803910399BD
:10009000C907FAD500211544056008469B1A0F4A86
:1000A0008B4210D800205A1C0C4922F001029A42BF
:1000B0000CD805B0F0BD52F804CBC7F800C0CEE7AD
:1000C00037600133D2E710600131E9E7086001339E
:1000D000EDE700BFB4108450D4108450D810845081
:1000E000240421142DE9F041814BA0B01D689868CB
:1000F00020331E461A680192019AD707FAD57D4B24
:100100007D4A1A6032680292029AD407FAD57B4A75
:100110001A607B4A1446116803910399C907FAD5FE
:10012000784A1168C1F3402137680497049FFF079C
:10013000FAD5754F1F6027680597059FFF07FAD509
:100140001768002900F0CF80B90540F1CC803168F4
:1001500006910699CF07FAD56C4919602168079175
:100160000799C907FAD51168C1F340213768089784
:10017000089FFF07FAD5664F1F6027680997099FF8
:10018000FF07FAD51268002900F0AF80910540F111
:10019000AC8032680A920A9AD207FAD5564A1A6097
:1001A00032680B920B9AD707FAD55A4A1A6031680F
:1001B0000C910C99CC07FAD55749196031680D910B
:1001C0000D99C907FAD55549196031680E910E99F4
:1001D000CF07FAD55249196031680F910F99CC07B2
:1001E000FAD550491960504B1E4619681091109964
:1001F000C907FAD53F4C4D4B236033681193119BCF
:10020000DB07FAD54A4B236033681293129BDF0752
:10021000FAD5484B23603A4B9846196813911399C5
:10022000C907FAD5324F386033681493149BDB0743
:10023000FAD5226033681593159BD807FAD53E4B43
:10024000236033681693169BD907FAD53B4B23607E
:1002500033681793179BDA07FAD5394B2360336855
:100260001893189BDB07FAD5364B23603368199334
:10027000199BD807FAD5344B236033681A931A9B1D
:10028000D907FAD5314B236033681B931B9BDA07E0
:10029000FAD52F4B236000F01DFC08BBD8F80030C6
:1002A0001C931C9BDB07F9D53D6033681D931D9B98
:1002B000D907FAD5274B236033681E931E9BDA07B4
:1002C000FAD5254B2360D8F800301F931F9BDB071E
:1002D000F9D50C4B1B6813F4805F204B08BF184600
:1002E00020B0BDE8F0811E48FAE71E48F8E700BFDD
:1002F000901084508010845000100251C01F722949
:10030000B410845088108450C0CF0129C01F0E291A
:10031000C03F002940010249003184A8000016496D
:10032000400108A180440888B0108450C0447088FF
:1003300080077A41C0077E4100006A49800616495D
:1003400040006E49000200210082202140822021CD
:100350008082242140A161A100C861510308F100FD
:100360000108F1000208F100324B2DE9F74F8046F9
:100370009246994644681A68002AFCD12E4B9B4647
:100380001A68002AFCD14FF0FF30019100F094FC74
:10039000802000F097FC01230720284A284DA2F571
:1003A0009E722B60C2F83C011360636A254F264E93
:1003B0003B60A36A20463360D8F8003042F8043C22
:1003C000D8F8083098470199D9F80030002BFBD1B4
:1003D000BAF1000F20D104221C4B1A60D9F800306A
:1003E000002BFBD1DBF800A0BAF1000FFAD1D8F84E
:1003F0000C30204698473B6863623368A362144B15
:10040000C3F800A0C3F844A1D9F80030002BFBD1F9
:100410002B6003B0BDE8F08F236A4020012B04BF9E
:100420000B4A13600B4B1960C3F804A000F050FC9A
:10043000D4E700BF10198450201C84500019845048
:1004400018188450CC178450D0178450C817845083
:1004500084168450281C8450544B10B5194698B00B
:100460001A680192019AD207FAD5514B514A1A6083
:100470000A680292029AD407FAD54F4A1A600A68AB
:100480000392039AD007FAD54C4818600A68049280
:10049000049AD207FAD54A4A1A600A680592059A60
:1004A000D407FAD5474A1A600A680692069AD20714
:1004B000FAD5454A1A600A680792079AD407FAD50E
:1004C000424A1A600A680892089AD207FAD5404A46
:1004D0001A600A680992099AD407FAD53D4A1A6047
:1004E0000A680A920A9AD207FAD53B4A1A600A6841
:1004F0000B920B9AD407FAD5384A1A600A680C9204
:100500000C9AD207FAD5364A1A600A680D920D9AEB
:10051000D407FAD5334A1A600A680E920E9AD207A7
:10052000FAD5314A1A600A680F920F9AD407FAD5A1
:100530002E4A1A600A681092109AD207FAD52C4AED
:100540001A601A4B19461C681194119CE407FAD5DD
:10055000174B1860086812901298C407FAD51A60F1
:100560000A681392139AD007FAD5124A1A600A68D9
:100570001492149AD207FAD51E4A1A600A68159284
:10058000159AD407FAD51C4A1A600A681692169A68
:10059000D007FAD5194A1A600A681792179AD20733
:1005A000FAD5174A1A6018B010BD00BFB0108450B9
:1005B000801084500093652100043190409665902E
:1005C0000083612100C3302100C3649000816190E9
:1005D00000461021008111210041442100C320293F
:1005E0000C4610C80086312100C3602140C1282973
:1005F000409665210013319040962529594614C82C
:1006000040043249494B10B5194694B01A6800921B
:10061000009AD207FAD5464B464A1A600A680192F8
:10062000019AD407FAD5444A1A600A680292029ADB
:10063000D007FAD5414818600A680392039AD20796
:10064000FAD53F4A1A600A680492049AD407FAD588
:100650003C4A1A600A680592059AD207FAD53A4AC6
:100660001A600A680692069AD407FAD5374A1A60C1
:100670000A680792079AD207FAD5354A1A600A68BB
:100680000892089AD407FAD5324A1A600A68099281
:10069000099AD207FAD5304A1A600A680A920A9A69
:1006A000D407FAD52D4A1A600A680B920B9AD20722
:1006B000FAD52B4A1A600A680C920C9AD407FAD51C
:1006C000284A1A600A680D920D9AD207FAD5264A6E
:1006D0001A600A680E920E9AD407FAD5234A1A6055
:1006E0000A680F920F9AD207FAD5214A1A600F4B67
:1006F00019461C681094109CE407FAD50C4B18603E
:10070000086811901198C407FAD51A600A68129205
:10071000129AD007FAD5174A1A600A681392139AE8
:10072000D207FAD5144A1A6014B010BDB010845024
:100730008010845080906521000409904096659057
:100740008080612180200821802064900081619058
:1007500000461021008111210041442180202029E0
:10076000024610C8008609218020602140212829E6
:100770004096652140962529594614C8504B10B51E
:100780001C4696B01A680192019AD207FAD54D4BD1
:100790004D4A1A6022680292029AD207FAD54B4A51
:1007A0001A604B4A42EA804022680392039AD207B9
:1007B000FAD5186022680492049AD007FAD5454AFF
:1007C0001A60A2F5800242EA814122680592059AE8
:1007D000D207FAD5196022680692069AD007FAD590
:1007E0003D4A1A6022680792079AD107FAD53B4A18
:1007F0001A6022680892089AD207FAD5384A1A6015
:1008000022680992099AD007FAD5364A1A602268F6
:100810000A920A9AD107FAD5334A1A6022680B92D3
:100820000B9AD207FAD5314A1A6022680C920C9AB8
:10083000D007FAD52E4A1A6022680D920D9AD10778
:10084000FAD52C4A1A6022680E920E9AD207FAD56F
:10085000294A1A6022680F920F9AD007FAD5274AC0
:100860001A60216810911099C907FAD51A60144BC3
:100870001A46196811911199C807FAD5114B2049E8
:100880001960116812911299C907FAD51D491960AA
:10089000116813911399CC07FAD50B4919601168A7
:1008A00014911499C807FAD5174919601168159160
:1008B0001599C907FAD5154A1A6016B010BD00BFC0
:1008C000B010845080108450400441900086292943
:1008D000D81001C8401441904014212940146521CA
:1008E0000034409000310C90C0400C90C030202962
:1008F00040960D9000416090031645C80086112176
:1009000000416021594644C84014459040142D9040
:10091000264870B5054688B004680094009CE60738
:10092000FAD5234C23480460234C44EA83432C68C3
:100930000194019CE407FAD50360930143EA8242E3
:1009400042F0104444F4C0442B680293029BDE073B
:10095000FAD504602B680393039BDB07FAD5174B8A
:1009600003608B0143EA814141F0104343F4C043EB
:100970002E680496049EF607FAD503602B6805934B
:10098000059BDE07FAD5046041F058412B680693B9
:10099000069BDC07FAD5016042F058422B680793AA
:1009A000079BDB07FAD5026008B070BDB010845019
:1009B000C0210229801084508071009880611890B5
:1009C000354B8EB019461A680092009AD207FAD5B4
:1009D000324B334A1A600A680192019AD007FAD55D
:1009E000304A1A600A680292029AD207FAD52E4A51
:1009F0001A600A680392039AD007FAD52B4A1A6044
:100A00000A680492049AD207FAD5294A1A600A6839
:100A10000592059AD007FAD5264A1A600A68069206
:100A2000069AD207FAD5244A1A600A680792079AEA
:100A3000D007FAD5214A1A600A680892089AD207A4
:100A4000FAD51F4A1A600A680992099AD007FAD59E
:100A50001C4A1A600A680A920A9AD207FAD51A4AF8
:100A60001A6008680B900B98C007FAD51A600A68DC
:100A70000C920C9AD007FAD5144A1A600A680D92A3
:100A80000D9AD207FAD5124A0E211A6000200D23C2
:100A90000F220EB0FFF73CBFB0108450801084507E
:100AA000804301294063392180700129802054212D
:100AB00000D13490C0403490C0302029C0530D90F4
:100AC00000413890832308C880E310210041382179
:100AD000CF4308C801232DE9F04192B0CDE903339B
:100AE000624B1D461A680592059AD207FAD5604BEB
:100AF000604C2360604B19461A680692069AD70725
:100B0000FAD55E4B1A68D60400F1A8802A680792CD
:100B1000079AD007FAD55A4A22600A680892089ABA
:100B2000D207FAD51E68C6F30036002E40F0988032
:100B30001220FFF7F3F807461320FFF7EFF887427C
:100B40008CBF12201320FFF7E9F8471EFFF738FF8C
:100B500003AB01AA39461220FFF726F904AB804601
:100B600002AA39461320FFF71FF900EB48000228BC
:100B700032D003283ED0012874D12B680993099BF9
:100B8000DB07FAD53F4B23602B680A930A9BD807F3
:100B9000FAD53D4B23602B680F930F9BD907FAD5ED
:100BA0003A4B23602B681093109BDA07FAD5384B29
:100BB00023602B681193119BDB07FAD5354B23601B
:100BC000013F25D51023192218210020FFF7A0FE90
:100BD000304612B0BDE8F0812B680B930B9BD90710
:100BE000FAD52D4B23602B680C930C9BDA07FAD5B2
:100BF0002A4BCFE72B680D930D9BDB07FAD5284BCB
:100C000023602B680E930E9BD807FAD5254BC1E7BE
:100C100003AB01AA39461220FFF7C6F804AB04461D
:100C200002AA39461320FFF7BFF810EB440402D1A3
:100C3000FFF712FCC4E7FFF7E5FC022C08D0032CF9
:100C400009D0012C10D117211620FFF797FDB7E727
:100C500015211420F9E70F210E20F6E7124EB7E711
:100C6000124EB5E7124EB3E7124EB1E7B010845002
:100C700000084A5180108450B41084508810845069
:100C800000084E5100065A4940065E4900044241A0
:100C90000014424940042E49000652494006564974
:100CA00000063A4940063E490608F1000708F100EF
:100CB0000408F1000508F100014B1860704700BFFF
:100CC000081A8450014B1860704700BF041A845002
:100CD000034A13681842FCD0024A10601846704755
:100CE000001A8450081A845070470020704730B5AD
:100CF000836804468B42154685B00ED96368C06888
:100D0000194401AA01F0D6F828B96268019B9B1A20
:100D10002B60029B6B6005B030BD6FF02100FAE7DD
:100D200070472DE9F7430E4617469946044628B901
:100D30004FF0FF38404603B0BDE8F0830029F7D0FC
:100D4000002AF5D0CB680D8938461D440423294676
:100D50000DEB030200F0DAFB80460028E8D146F6EE
:100D60000812BDF804107389914225D1BDF8061010
:100D70009942DDD1042338460DEB0302294400F0EB
:100D8000C5FB0028D4D146F60713BDF804209A42CB
:100D9000CED1C4E900679DF82830A4F80890A3726A
:100DA0007389BDF806202B44E360738913442B44F8
:100DB000043563612561BDE7002BE4D0B8E72DE978
:100DC000F3410E4617461D46044620B94FF0FF304A
:100DD00002B0BDE8F0810368002BF7D04368002B18
:100DE000F4D04FF6FF78D4E904239A4216D2236850
:100DF0005B8923B1E368934204BF04332361042376
:100E0000216960680DEB030200F080FB0028DDD152
:100E1000A37A2BB1D4E903329A4201D30120D7E758
:100E20002389BDF80610434501F1040203D0BDF843
:100E300004C09C450BD115B1BDF804302B8023694B
:100E4000043333603980236913442361C0E7236985
:100E500013442361C7E773B50C46064611460223C7
:100E6000204601AA00F0C3F90546E8B9019A1F2AF5
:100E70000ED9A2F12001304620222368194400F047
:100E8000E5FB2368019A13442360284602B070BD35
:100E90000146C2F12002304600F0E3FB019A2168CE
:100EA000C2F120003044EAE76FF00205EDE74FF4AD
:100EB000C06358433030704710B5044600F066FBFD
:100EC0004FF4C062A368303B02FB103010BD70B518
:100ED0000D46044601F07DFB2A46A0F108010423DB
:100EE0002046BDE8704000F011BB13B504460191E7
:100EF00001F06FFB0423A0F108010DEB0302204673
:100F000001F0AAFB02B010BDFFF7FEBFFFF7FCBF68
:100F1000FFF7FABFFFF7F8BFFFF7F6BFFFF7F4BF21
:100F2000FFF7F2BFFFF7F0BFFFF7EEBF7047F8B56E
:100F30001346164658220F4690F8B810044601FB97
:100F400002020021F8F724FC94F8B85008B1012DF2
:100F50000DD1582303FB054501213346204605F1F9
:100F60002C02F8F715FC10B1002F08BF0020F8BDC7
:100F70002DE9F341044690F8B8000D461646F7F700
:100F800053FC6946C0B2F9F7CDFA88BB2C224FF06A
:100F90005808554394F8B830009808FB035323448D
:100FA0001F89DB681F44042339460DEB030200F060
:100FB000ADFAE8B994F8B830BDF8042008FB035541
:100FC00046F608132C449A426489009816D1BDF85D
:100FD00006309C420CD10423E1190DEB030200F012
:100FE00095FA28B946F60713BDF804209A4208D0AE
:100FF000009800F08AFA02B0BDE8F081002CF1D030
:10100000F6E7BDF80610214439443160F0E70123CA
:10101000036003F1012343600023C0E902337047FA
:101020004379012B07D10368012B04D10079431EBA
:101030005842584170470020704700F091BA2DE99E
:10104000F84F90F8B8600F46044600213046F7F795
:10105000EBFB054601213046F7F7E6FB3B789D4266
:101060002DD098422DD101262C224FF058095643FD
:1010700094F8B830D4F8B40009FB036323449D6AA4
:10108000FFF715FF4FF0000A8046013D94F8B83095
:10109000384609FB036323445B6A03EBC50253F83C
:1010A0003510D2F804B01B685A46C91ADA44FFF763
:1010B000C4FFC24505F1FF35E8D3BDE8F88F00262F
:1010C000D2E70120F9E773B5154690F8B8600C46F1
:1010D000012E69468CBFFF20032001F000FBE97957
:1010E000012903D03246204601F00DFB9DF8033064
:1010F000012B02D1204601F0E5FAA9682046FFF74E
:10110000F4FE2046FBF71EFC002002B070BD582202
:1011100090F8B83002FB0300436A00205A68034687
:1011200013448B4200F10100FAD3704710B54379A4
:101130000279012B06BF00230C464B0202F1FF325D
:1011400001FB0233026818BF4C00013A04FB023075
:1011500010BD0120704770B50368CD1A002D02DC68
:101160006FF05F0070BD93F900601C78002E0ADB01
:101170005C1C04601B7813600368C91A13688B42F7
:10118000EED80020EEE704F07F04013C032C2BD8BE
:10119000DFE804F0020A1421012DE1D05B7813602E
:1011A000036802330360E7E7022DD9DDB3F80130AD
:1011B0005BBA9BB2136003680333F3E7032DCFDD03
:1011C0009C785D782402DB7844EA0544234313606D
:1011D00003680433E6E7042DC2DDD3F801301BBAFF
:1011E000136003680533DDE76FF06300BAE770B49E
:1011F00004680E1B002E07DD26789E4208D10134BC
:10120000046070BCFFF7A7BF6FF05F0070BC704751
:101210006FF06100FAE738B503230446FFF7E7FFF4
:1012200018B9136813B96FF0670038BD013B13603C
:1012300023681A78002AF6D101332360F5E72DE9F7
:10124000F34190461F4601AA302305460E46FFF79C
:10125000CEFF0446F0B92B68F61A002E34DD424664
:101260001B78284642F8043B2E68019B1E443146F9
:101270000623FFF7BCFF044660B92B68D8F80420AA
:10128000C8F808309918B142296007D10C213846B6
:10129000F8F730FD204602B0BDE8F0819B5C3A468D
:1012A00042F8043B2B683146013328462B60FFF798
:1012B00052FF60B92B687A68BB601344B34218BF11
:1012C0006FF065042B60E5E76FF05F04E2E704462A
:1012D000E0E7F8B5B1F1005F0546144600AF10D263
:1012E0006E46D31D23F00703ADEB030D684600F0F7
:1012F000ADF9694622462846FEF74AFCB546BD468A
:10130000F8BDFEF745FCFAE7002070470FB407B5BB
:1013100004A951F8040B0191F8F7A8FD03B05DF89A
:1013200004EB04B07047044608B5084611461A4657
:10133000A047FDF7CBFEF9F7FBFB038B13F0070388
:1013400005D10368002B0CBF002003207047022B3F
:1013500005D1408BB0FA80F0400980007047012B26
:1013600005D10368002B0CBF00200520704700202A
:10137000704710B50C4600B111B96FF0150010BDE3
:10138000081D00F096F80028F9D1A368032BF6D9C0
:10139000F3E72DE9F0410D4607461946281D904612
:1013A0001E4600F097F8044638B1334642462946B7
:1013B0003846A446BDE8F0416047BDE8F08110B46E
:1013C0004FF02004EFF3118284F31288BFF36F8F84
:1013D00041615DF8044B0121F8F796BF38B50C4622
:1013E000054658B151B10B6843B14B6833B11C226B
:1013F000002100F036F900202C6138BD6FF0150097
:10140000FBE770B505460E46FFF7B3FF041E15DB7C
:101410004FF02003EFF3118283F31288BFF36F8F35
:101420004FF6FF716B8B2C8B8B4204F0070407D1B6
:1014300082F31188BFF36F8F6FF00A04204670BDEE
:10144000022C0CD101336B8382F31188BFF36F8FB1
:101450000023224631462846FFF79BFFEEE7062C85
:1014600014D8DFE804F004131313041A0400002353
:1014700033606B683BB9C5E90066ACB90221284608
:10148000F8F742FFDAE71E606E60F6E782F3118834
:10149000BFF36F8F6FF00404D0E782F31188BFF3BE
:1014A0006F8F6FF08504C9E782F31188BFF36F8FE8
:1014B000C4E7034658B1426802F00302012A03D090
:1014C000032A04D1026812B10020986070476FF0BF
:1014D000150070474268034602F00302032A4FF0EA
:1014E0000002816014BF104600685A607047704760
:1014F0000FB407B504A951F8040B0191F8F7B6FC35
:1015000003B05DF804EB04B070477047002930B4B5
:10151000044618460BDBA5680844A84207D8E068D3
:101520006468214484682468A44630BC60476FF036
:10153000150030BC7047002930B4044618460BDB58
:10154000A5680844A84207D8E06864682144846814
:101550006468A44630BC60476FF0150030BC70472B
:101560000029034610B410460BDB9C680844A042D7
:1015700007D8D8685B68194483685DF8044B9B689A
:1015800018476FF015005DF8044B704708B5C06848
:101590008368DB689847006808BD08B5C068836841
:1015A000DB689847007908BD70B54C680368A342B2
:1015B00001D2012070BD8A682244934201D30020E9
:1015C000F8E74E69D1E90325B54203D36FF00B0369
:1015D0008B61F4E71B1B42F835304368086902EB66
:1015E000C00253600B6901330B61E2E7002008B5CC
:1015F000F8F772FEFCF78ABE01460068FCF786BE6B
:1016000008B5F9F7DDF8BDE80840F9F7DDB80021C5
:101610000120FFF7EFBF436E83F30B88704703464B
:1016200000201A5C02B970470130FAE710B55AB1D0
:101630000139841810F8012B11F8013FA04201D0A4
:101640009A42F7D0D01A10BD1046FCE710B5431EE1
:101650000A44914200D110BD11F8014B03F8014F2B
:10166000F7E70346C9B20244934200D1704703F83A
:10167000011BF9E74FF0FF3070470C220369C9B234
:1016800001FB0233186C00F0070070474FF0200395
:10169000EFF3118283F31288BFF36F8F036803F0B7
:1016A000C00343F00203036082F31188BFF36F8F1E
:1016B000704770B5C9B203694FF02004EFF311858C
:1016C00084F31288BFF36F8F0C2606FB0134246C61
:1016D00014F0C00408D0A24206D085F31188BFF3ED
:1016E0006F8F4FF0FF3070BD012271430B441A64BD
:1016F00085F31188BFF36F8F43680B445B6898478D
:101700000020F0E78022FFF7D4BFF8B5069F0469F8
:10171000C9B24FF02005EFF3118685F31288BFF3AD
:101720006F8F0C2569430C44256C05F0070CBCF148
:10173000010F0BD1276486F31188BFF36F8FC4E9C3
:101740000E2343685B5898470020F8BD05F0C0059C
:10175000AF4286F31188BFF36F8F0CBF6FF0770035
:101760004FF0FF30F1E713B580240094FFF7CDFF71
:1017700002B010BD10B41C240069CBB203FB0400FE
:1017800000215DF8044B10470020FBF767BB0020E9
:1017900001F056B81046FCF7FFBF43681C330B60DE
:1017A000012313607047FCF7F7BF4FF0FF324FF093
:1017B000FF33FDF715B8F0B54468076900208BB01A
:1017C00000908DF804000120119E079010988DF86C
:1017D0000010D107CDE9080602F08005CDF818D039
:1017E0000DD53A7D1BBA0493D3071DD5042204A955
:1017F0000DF10100FFF72AFF079B04330793002E2A
:101800000CBF0122022206ABCDE90323029302237F
:101810002146059351F8040B85B183681C680023A9
:1018200002AAA0470BB0F0BD03220DF111010DF18A
:101830000100FFF70BFF079B0333DFE783681C689A
:1018400004ABEDE7002373B50D1E466814BF0421F9
:101850000621CDE9003380220446FFF7ACFF96F85D
:101860003430DB0609D540B93DB90346CDE9000067
:10187000802298212046FFF79EFF02B070BD1FB561
:10188000012301930DF10F030093002305211A4654
:10189000FFF791FF08B99DF80F0005B05DF804FB54
:1018A000F7B51E4643680D1E044617469B6914DBB8
:1018B000AA199A4211D80069FFF777FF2B46012237
:1018C00003212046CDE90076FFF775FF0546206924
:1018D000FFF769FF284603B0F0BD6FF01505F9E783
:1018E000F7B54468054694F83430DA0744D50769FB
:1018F00001F0BDFA4FF47A76A0FB063206FB012216
:10190000DB0B43EA42433A699B1A13D4E28D268EDD
:101910009B1AB3420EDA4FF4004740F2E730002141
:10192000F61A4FF47A720023E6FB0701F6F786FDFC
:10193000FDF7AEFB94F8343013F002031CD1802283
:10194000AB212846CDE90033FFF735FFA8B994F85D
:101950003430DB0710D540F2E7314FF400450E4636
:101960000146648E4FF47A72E5FB04610023304631
:10197000F6F764FDFDF78CFB002003B0F0BD2DE908
:10198000FF41064615461C4601270DF10F080023AE
:1019900005211A463046CDE90087FFF70CFF40B914
:1019A0009DF80F30DB0704D528462146FDF770FB74
:1019B000EDE704B0BDE8F0812DE9F74F05461F467D
:1019C000436800690E1E92469B69B0F81E904CDB7E
:1019D000F2199A4249D8FFF7E8FE00212846FFF79E
:1019E00031FF0446B0BB83462FB901212846FFF7DB
:1019F00029FF044632E0B945C84628BFB84606EB81
:101A00000803013B96FBF9F2B3FBF9F3934218BFCD
:101A100009FB12624FF0000318BFA9EB0208062170
:101A200080222846CDE900BBFFF7C5FE3346812260
:101A300002212846CDE900A8FFF7BDFE044648B9BB
:101A4000012200232846A7EB0807C2444644FFF7BB
:101A500096FFC9E701212846FFF7F4FE2869FFF742
:101A6000A2FE204603B0BDE8F08F6FF01504F8E742
:101A70002DE9F74F43680F1E05461646D3F818A008
:101A800077DBBB18534574D847EA0209C9F30B0941
:101A9000B9F1000F6DD10069FFF787FE494628466E
:101AA000FFF7D0FE4FF0FF3B0446002E5AD1012134
:101AB0002846FFF7C7FE002C08BF04462869FFF739
:101AC00072FE204603B0BDE8F08F23468022062137
:101AD0002846CDE90044FFF76EFEB2450FD12346FC
:101AE0008022C7212846CDE90044FFF764FE264640
:101AF00040F2676200232846FFF741FFD5E7A04682
:101B00002A6902F115031D32597881B10BFA01F0EF
:101B100037EA00000BD101208840B04207D8B8F165
:101B2000000F1AD098F80100884238BF9846023357
:101B30009342E9D1B8F1000F11D03B46812298F8C9
:101B400000102846CDE90099FFF735FE012398F8EB
:101B5000012093401F44F61ACAE79846E7E76FF062
:101B60001504C5E7002CB0D001212846FFF76AFE16
:101B7000A4E76FF01504A4E72DE9F043044687B00D
:101B800000694FF0FF32012101F01EF867683868E4
:101B900000F0A6FF28B96FF01205284607B0BDE88F
:101BA000F083F86858B92069FFF7FFFD2046FFF77A
:101BB00097FE002808DA2069FFF7F5FDEBE700F053
:101BC0008FFF0028EFD1E6E72046FFF758FE0028F8
:101BD00006DDC50704D5002200232046FFF7CFFE0F
:101BE0002069FFF7E0FD2069FFF7DFFD4FF00308F4
:101BF000002302AE1A469F212046CDF804800096AD
:101C0000FFF7D9FD05462069FFF7CDFD002DC2D1B4
:101C10003046424607F12401FFF708FD064600283A
:101C200040F0CE8097F82C30206953B3FFF7BDFD0C
:101C30002046FFF724FE051E1EDD97F82C3080227B
:101C400025EA0305062133462046CDE900668DF8D6
:101C50001050FFF7B0FD03460028ACD1012104AAC3
:101C60000092204680220191FFF7A5FD0022054643
:101C700000232046FFF783FE2069FFF794FD002D27
:101C800089D10022CDE904226368276993F82710DF
:101C900007F115088DF813109E6A7368934280F25D
:101CA0008280012123F00043A3F12002C3F1200030
:101CB00001FA02F221FA00F0024301FA03F3DB0811
:101CC00043EA4275002108224046FFF7CAFC4FF064
:101CD0000109494609F10109424630465FFA89F98E
:101CE00000F018F9B9F1050F08F10208F1D19DF8DB
:101CF00013300A2B89BF01234FF48073B26AC2F3F9
:101D0000031288BF9340FB8363689B699D427FF405
:101D100042AF336813F4C02F27D0314603AA04A87A
:101D2000F9F7E4FA054600BB9DF80C60731EDBB2C0
:101D3000FD2B1AD8B0073FF42EAF2069FFF735FD11
:101D4000B10732D400238022B7212046CDE90033E9
:101D5000FFF731FD00287FF42EAF2269137D43F099
:101D6000010313752069FFF71EFD6268D2E90713AE
:101D70004B4392699A427FF40EAF2069FFF715FD3D
:101D8000636893F83430DA073AD500238022B9210A
:101D90002046CDE90033FFF70EFD054698B12069D6
:101DA000FFF701FDF9E6013389E72B468022062182
:101DB0002046CDE90055FFF7FEFC0028C2D0FAE628
:101DC0006FF01505E9E66368256993F83430DB07A1
:101DD0000AD42846FFF7E7FC2069FFF7E6FC204617
:101DE000FFF77EFD0546DAE701F041F84FF47A721D
:101DF000A0FB020302FB0131C00B40EA4140286115
:101E00002069E7E738B505460C4600F07AFD002D5D
:101E100007DBA84205D9401B84428CBF002001206B
:101E200038BD0020FCE770B50D4619462846164619
:101E30001C46FFF7E7FF38B124B122462946304659
:101E4000FFF704FC002070BD6FF01500FBE72DE9E3
:101E5000F3411C460023904682682360A3600D4630
:101E60001369694601AA9847019B5A1E019223B93A
:101E70006FF0150002B0BDE8F0810098A2684768D5
:101E80002168676085B9A8EB02030668B34228BFE2
:101E9000334603FB07111A442160A26002689A428C
:101EA00006D808300090DFE76B1AB3FBF7F3ECE7D6
:101EB0000020DFE713460022FFF7C9BF2DE9F047F6
:101EC0000024836886B0884691461B6902AA01A94E
:101ED0009847A2462546029BAB4202D806B0BDE811
:101EE000F0870026019F07EBC5077B6804933A68DB
:101EF0000AEB0603B24202D89A460135EBE749469F
:101F00000394059303A8C0470028E7D0049B01363B
:101F10001C44ECE74B1E5B0800EB8300C369C90758
:101F200058BF1B0CC3F3072113F0FF031BBF002096
:101F300011706FF0150053707047436800205B68A4
:101F40001B690B607047436802EA01005B6821EA85
:101F5000020198600020D9607047436800205B68E8
:101F600099607047436800205B68D9607047436898
:101F70005A68536821EA03000B4090600020D36048
:101F8000704710B503695868F8B1884219D19C6848
:101F90000868A142586000D19860002008602AB10A
:101FA0005A680A609A68596002B99960002010E086
:101FB000814206D10868206098688142EDD19C601A
:101FC000EBE7044600680028F2D1002AE8D16FF060
:101FD000150010BDF8B50D4616460024476825FAD1
:101FE00004F3DA0704D40134052CF8D10020F8BD3D
:101FF00026FA04F3DB074CBF08230923062178687F
:10200000E2B200F002F90028EDD0F0E70022FFF77D
:10201000E1BF0A46FFF7DEBF13B540680DF10703C5
:102020000C461E220621406800F0E8F80028A2BFF6
:1020300000209DF80730236002B010BD37B50D4673
:1020400001A90446FFF7E8FF002808DB019A2946AA
:10205000D243204603B0BDE83040FFF7BBBF03B01A
:1020600030BD70B50C461546466800F0F0FD0028FE
:1020700056D1042C57D8E90370680AD5EA074CBF3B
:10208000042303232246062100F0BFF800280EDABD
:1020900018E06B0501D50623F4E7290501D50723D0
:1020A000F0E72A0301D50823ECE7AB030BD404F1D6
:1020B000140206217068C5F34003D2B200F0A5F8FF
:1020C000002802DA70BD0923DCE704F10A020621C8
:1020D0007068C5F30013D2B200F097F80028F1DB66
:1020E00004F10F0206217068C5F34013D2B200F06C
:1020F0008CF80028E6DB621D06217068C5F300231A
:10210000D2B200F082F80028DCDB04F1190270681A
:10211000C5F340230621BDE87040D2B200F075B887
:102120006FF00A00CEE76FF01500CBE708B5436803
:10213000586800F0D5FC00280CBF6FF0120000209A
:1021400008BDCA07436805D4C1F34201012904D080
:10215000022909D06FF0150070474FF0CC721B6850
:102160000020C3F8242570474FF0C8621B68F7E7CA
:10217000002201210A20F8F793BD13B5002101AA1E
:10218000044600F051F8002805DB019B226819790C
:102190001868F9F77FFC02B010BD01F10C00FCF7E4
:1021A0005DBC1FB50346CDE90112022200689B8881
:1021B0008DF80C20826801A994680122A04704B020
:1021C00010BD30B589B08DF80410002144681D465B
:1021D0002068A3888DF810100C998DF8052001AAAD
:1021E0000292069102220721039205958DF81C1098
:1021F00081688C6802A9A04709B030BD13B50124DD
:102200000094FFF7DEFF02B010BD07B58DF8041093
:102210008DF8052001A9032240688DF80630FFF7EC
:10222000C0FF03B05DF804FB30B543681360057A66
:10223000446804EBC504A34202D36FF0010030BD33
:102240005C798C4201D00833F0E70020F7E743685F
:102250001B68D3F88004C3F88004704743680269A0
:102260001B68D3F8100150B10020526912780A702F
:10227000C3F81001D3F8102101221A6070474FF003
:10228000FF30704702680346D2F8580140B95B68D6
:102290009B0706D4D2F82001003818BF01207047F0
:1022A0000120704742681368D3F80413C90518D594
:1022B000D3F82011A9B14FF02000EFF3118180F382
:1022C0001288BFF36F8FD3F8200130B10020C3F81C
:1022D0002001D3F820010120D86081F31188BFF3D9
:1022E0006F8F5268D20615D54FF02001EFF311829F
:1022F00081F31288BFF36F8FD3F8581111B1002109
:10230000C3F800154FF48001C3F8081382F3118855
:10231000BFF36F8F704710B50446002201210920DA
:10232000F8F7BEFC0920F8F78BFC2046BDE810400A
:10233000F9F76EBC10B50446002201210820F8F719
:10234000AFFC0820F8F77CFC2046BDE81040F9F708
:102350005FBC002201210B20F8F7A2BC10B50B686E
:1023600013B91846136005E003685C681CB114607B
:102370000368186810BD083303600B68013B0B60ED
:10238000EDE703460A4619790123006803FA01F1D3
:1023900003691B68194218BF82F0010212B18368F9
:1023A000DB68184783681B69FBE710B503680446C0
:1023B0004BB19A683AB1186900F08DFB2068002192
:1023C0000830FFF7DEFFA36933B9636004F1100042
:1023D000BDE81040FCF7E0B910BD10B50069036816
:1023E0008B4206D190F85C4034B9FFF7DEFF2046FF
:1023F00010BD6FF01500FBE76FF00F00F8E72DE957
:10240000F34144680569666B0021304601AAFFF775
:102410000BFF002825DB019B326819791868F9F752
:1024200039FB00281DDBA16B481C11D10126E36A92
:102430009847AC680834D5E9023203EBC203A4F133
:102440000802934210D82846FFF7AFFF002008E0AB
:1024500004F13C00F9F776FF10F1130F01D0411D94
:10246000E4D102B0BDE8F08154F8080C00F038FB6C
:1024700028B354F8080C14F8041C34F8023CD0F8C3
:1024800010C0DA07DCF8007054BF43F4B01383F4D3
:10249000D01323F4801206FA01FEDB07D0F808807F
:1024A0004CBF4EEA070727EA0E07CCF80070D8F8B1
:1024B00000309847002804F10804BCDAD1E76FF037
:1024C0001200CEE738B5027803460C4662B98D6D2E
:1024D0005DB94B6D1C696FF07303236304F1200039
:1024E000FCF75AF984F85C5038BDC86C48B10A6DE5
:1024F0003AB1DB682BB1984203D02A46496EFFF708
:10250000A5F8A36CA56D9BB19D4211D85B1BA3647C
:102510004BBB636B04F1480208336363A36B04F1A4
:102520003801013BA36304F13400FFF717FF606437
:10253000236D9BB19D4211D85B1B2365CBB9E36B27
:1025400004F150020833E363236C04F14001013BC2
:10255000236404F13C00FFF701FFE064606DBDE817
:102560003840F9F7E1BC636C002BE1D02B44636485
:10257000DEE7E36C002BF1D02B44E364EEE70022AE
:1025800000F150039B009BB203F1502303F580330D
:102590001A601B68704708B5F9F7B2FF08BD002044
:1025A00008B5F8F791FA03465A6B00233C309A427B
:1025B00000D17047C16801330844F8E7FCF79EBFBB
:1025C00008B5F8F719F8F8F7E5F8BDE80840FCF7A2
:1025D00095BF8068183820F007001038704704282D
:1025E00009D0052803D1481E18BF01207047431A9F
:1025F0005842584170470120704738B515460C467F
:1026000061B15AB1FEF7C9FF2146254411F8013BDB
:10261000834203D1A942F9D1012038BD0020FCE753
:1026200038B50C460123114622460546FEF76EFFDB
:1026300000280FDB012221462846FFF7DEFF38B9CC
:102640002378012B14BF022301230020237038BDFF
:102650000323FAE70120FAE72DE9F7431D46064672
:102660000F469046FEF792FF6C1E04444042044021
:10267000082C1AD83046FEF790FF81462A4641467C
:102680006846FEF7E3FF4946621B0DEB0500FEF7C7
:10269000E8FF23466A4639463046FEF74CFF0038CD
:1026A00018BF012003B0BDE8F0834FF0FF30F9E719
:1026B00007B501238DF8042001AAFFF7CDFF03B071
:1026C0005DF804FB81680122183921F00701FFF74A
:1026D000EFBF8268183A22F00702FFF7A1BF13B5D7
:1026E0000C46C0B201A9F7F71DFF50B92146019869
:1026F000FAF748F904460198FEF707FF204602B0B2
:1027000010BD0124FAE713B541EA021104468DF821
:102710000710FFF75EFF012301460DF10702204677
:10272000FFF79AFF02B010BD81680122183921F02D
:1027300007010839FFF7BCBF4FF47F03D3F830011E
:10274000D3F83431BFF34F8FC0F30B00A0F109036E
:102750005842584170474FF47F02D2F83031D2F8D6
:102760003401BFF34F8FC3F30B03092B03D1431E77
:1027700058425841704700207047004700F0ABB9FD
:1027800040F00040C1F88000C2F880007047F7B503
:10279000044618B1012824D003B0F0BD4FF05023F7
:1027A0000222C3F8082301220646DA60C3F80401B6
:1027B000D3F80431012342F210754FF050278DF801
:1027C0000730DCB1012CE7D1D7F80C3403F48033A7
:1027D0008EBB002BE0D00120FFF7D0FF013DF3D1ED
:1027E000DAE74FF050230022C3F808035860C3F81B
:1027F0000021D3F800310DF10706DBE7D7F81834D4
:1028000003F480333EB9002BC6D00120FFF7B6FF9A
:10281000013DF3D1C0E7D7F8182402F0030232706B
:10282000002BB9D09DF807000128B5D1FFF7A6FF0E
:10283000013DC6D1B0E7D7F80C2402F00102EEE763
:10284000FFF7A5BFF7B51646DDE90847019001A8D7
:102850001D46FAF793FB019BB6F1000C18BF4FF031
:10286000010C00EB83000B1E18BF0123002D43EA6F
:102870004C0314BF4FF00C0C4FF0000C002C43EA3B
:102880000C0314BF4FF4E06C4FF0000C002F43EA30
:102890000C0314BF4FF4403C4FF0000CD0F8002262
:1028A00043EA0C0322EA030301B109780EB136783A
:1028B000760019430DB12D78AD0031430CB1247869
:1028C000240229430FB13F783F040C433C43C0F836
:1028D000004203B0F0BD1FB50DF10F0301930023BB
:1028E0008DF80F101A4619460093FFF7ABFF05B09D
:1028F0005DF804FBFAF704BCFAF7E2BB0846FAF706
:10290000CFBB4FF4801070474FF4805070474FF4A6
:102910008070704770B50126A2F58074A40806FA8D
:1029200004F4054614EA010008D0A85830B100218B
:102930003046A950AA581A6822431A6070BD002375
:102940002DE9F34104460D460193904601AB4FF447
:10295000A672FFF7DFFF4FF4827229462046FFF789
:10296000D9FF4FF48C72074629462046FFF7D2FF65
:10297000064630B1B8F1000F1DD017B13E46D4F86D
:102980003C354FF488722946204601ABFFF7C2FF61
:1029900030B1B8F1000F03D016B90FB1D4F83C35FF
:1029A0004FF490722946204601ABFFF7B3FF019820
:1029B00002B0BDE8F0814646E3E7012370B5044666
:1029C0000D4664264361002202212046FFF7B7FF2F
:1029D00020B90120FFF7D2FE013EF4D100236B772E
:1029E000C4F8003570BD91F820200346032A29D889
:1029F000DFE802F0212519028A68500304D5D3F8D4
:102A00004C250869904207D18A6852031AD4D3F83A
:102A10004C258969914215D000200622C3F8000593
:102A2000C3F800257047D3F84C2508699042F3D1CC
:102A3000D3F83C25EDE7D3F84C250969EAE7D3F84C
:102A40003C25FAE70120704730B50124A2F58075D6
:102A5000AD08AC400C4207D0815829B1002181500B
:102A600082581A6822431A6030BD002313B50C4601
:102A700001934FF4A47201ABFFF7E6FF21464FF438
:102A80008272FFF7E1FF21464FF49272FFF7DCFFFD
:102A900021464FF4A872FFF7D7FF21464FF4A672E4
:102AA000FFF7D2FF21464FF4B072FFF7CDFF4FF48E
:102AB000AE722146FFF7C8FF019802B010BD07B5FE
:102AC000019001A8FBF7ACFB0123019A93408360BE
:102AD00003B05DF804FB08B1F8F7DCB97047704744
:102AE00040B1C368587810F001001EBF1878B0FAE2
:102AF00080F040097047FEF7B4BDFEF7A7BD8268BD
:102B00004369134313F003030CD1C3600169994275
:102B100001D800207047C168013311604169C2606B
:102B20000A44F3E76FF01500704710B5C0E90432AE
:102B30000023816083610446FFF7E1FF0028A8BFFE
:102B4000C4E9004410BDF8B504460D464FF020031B
:102B5000EFF3118683F31288BFF36F8FC7686FB9E5
:102B600000F007F950B18767456100F0B0F83146D1
:102B700004F10800BDE8F840FCF78AB9E3682B606F
:102B8000A369E560013BA36186F31188BFF36F8FF2
:102B9000F8BD08B54FF02002EFF3118382F31288DD
:102BA000BFF36F8FF8F72EF9F4E790F90E308B42F0
:102BB00001D0FCF723B90020704703460020C3E989
:102BC0000033C3E9020070473AB18A4205D3C0E935
:102BD0000212C0E90000002070476FF01500704736
:102BE000012302688B4022EA0303036022FA01F00A
:102BF00000F00100704720B10022C830114600F0FB
:102C0000FCB8704713B5019008464FF02003EFF36E
:102C1000118483F31288BFF36F8F01A9FBF7C4FE01
:102C200084F31188BFF36F8F02B010BD10B5FFF7AA
:102C3000E9FF041E09DD4FF02003EFF3118083F359
:102C40001288BFF36F8FFCF753F9204610BDEFF3E6
:102C50000580003818BF012070476FF0570070479B
:102C6000FCF728B910B504460146806800F001F968
:102C7000637B23F0020363730023A36010BD38B5A8
:102C800004460D46FBF7A4FF637B43F00203637326
:102C9000E5B1A5602B689D4209D16B68C4E900537A
:102CA0001C606C6012E06A689A42F6D01B68002BC8
:102CB000F3D094F90E2093F90E108A42F3D091428A
:102CC000F1DD5A68C4E9003214605C6038BD10B5AB
:102CD0004FF02003EFF3118483F31288BFF36F8F5B
:102CE000FBF792FF84F31188BFF36F8F10BD10B50F
:102CF0000446183000F0A1F84FF02003EFF31181E3
:102D000083F31288BFF36F8F627B12F0100204D03E
:102D100081F31188BFF36F8F10BD2046BDE81040CE
:102D2000FBF7A6BF70B504460D464FF02003EFF346
:102D3000118683F31288BFF36F8F437B13F0280F44
:102D40000BD183680BB1FFF78DFF637B55B903F09F
:102D5000FB0320466373FBF757FF86F31188BFF32D
:102D60006F8F70BD03F0EB03F3E701211838FFF715
:102D7000D9BF38B54FF02003EFF3118583F31288E4
:102D8000BFF36F8F00F07DF8044628B1FFF76AFFAC
:102D900004F1180000F051F885F31188BFF36F8F2C
:102DA000204638BD4FF02003EFF3118083F31288E3
:102DB000BFF36F8FFCF79CB84FF02002EFF3118147
:102DC00082F31288BFF36F8F027BD2070AD581F39B
:102DD0001188BFF36F8F404080F311884FF00400DB
:102DE00002DF7047437B1B0704D581F31188BFF3D3
:102DF0006F8F70470122FBF73BBFF8B50E461546B3
:102E00004FF02003EFF3118783F31288BFF36F8F26
:102E100000F037F8044658B186674561FFF722FF96
:102E200004F1180000F009F82046FBF7EDFE012040
:102E300087F31188BFF36F8FF8BD10B54FF02002F4
:102E4000EFF3118482F31288BFF36F8F03683BB1F5
:102E5000FCF7FEF9002084F31188BFF36F8F10BDDB
:102E60006FF01500F7E708B5FCF714FB08BDFCF799
:102E700011BBD1E9003213605A600023C1E900336D
:102E800070470368984214BF1846002070472DE928
:102E9000F041069F044615461E46FCF72FFD38B943
:102EA0003B46324629462046BDE8F041FCF74CBD82
:102EB000BDE8F0810A460021FCF7D2BFFEF7C6BB91
:102EC000FEF7CFBB0A460021FEF7CBBB01EB820227
:102ED00004388A4201D10020704752F8043D1BBAE1
:102EE00040F8043FF5E700008855FF7F010000002F
:102EF00085AE0000000000001DAF0000882F01001B
:102F0000ADE50000000000002DB300009C2F010083
:102F1000BD2501000000000035230100C42F010081
:102F200017230100B02F01008DB100000000000048
:102F300069C6000000000000C1250100000000007B
:102F4000C9F400000000000025B6000000000000E9
:102F5000FDB10000D82F0100B1B60000EC2F010038
:102F6000FF23010000300100DDB80000283001001F
:102F7000791B0100143001002D2101003C300100BB
:102F8000A5C8000000000000393E010034340100F3
:102F90004C340100D4010020CC4E0020743E0100CE
:102FA0001835010030350100DA010020584F0020AB
:102FB000C63E01003036010088360100E2010020E3
:102FC00064000020D03E01005C360100883601001C
:102FD000E4010020800000205D3E010000000000B0
:102FE000FC340100D8010020000000008E3E0100EA
:102FF000C035010004360100DE0100203C00002045
:10300000DA3E01009436010010370100E60100208D
:103010009C000020503E010068340100E0340100B3
:10302000D6010020204F0020973E01001C360100F1
:1030300000000000E0010020684F0020803E0100F9
:10304000543501005C350100DC010020644F002094
:10305000000000000F160100000000000F16010024
:10306000000000000F160100000000000F16010014
:10307000000000000F1601000DCF00007B270100AB
:10308000000000000F160100000000000F160100F4
:10309000C42F0100A5220100B02F0100A5220100CC
:1030A00099E000007B27010095DB00007B270100F1
:1030B000000000000F1601000DD500007B27010065
:1030C000000000000F160100000000000F160100B4
:1030D000000000000F160100000000000F160100A4
:1030E000000000000F160100000000000F16010094
:1030F000000000000F16010000000000F9C60000EB
:10310000000000000F160100000000000F16010073
:10311000000000000F160100000000000F16010063
:10312000000000000F160100000000000F16010053
:10313000000000000F160100000000000F16010043
:10314000000000000F160100000000000F16010033
:10315000000000000F160100000000000F16010023
:10316000000000000F160100000000000F16010013
:10317000000000000F160100000000000F16010003
:10318000000000000F160100000000000F160100F3
:10319000000000000F160100000000000F160100E3
:1031A000000000000F160100000000000F160100D3
:1031B000000000000F160100000000000F160100C3
:1031C000000000000F160100000000000F160100B3
:1031D000000000000F160100000000000F160100A3
:1031E000000000000F160100000000000F16010093
:1031F000000000000F160100000000000F16010083
:10320000000000000F160100000000000F16010072
:10321000000000000F160100000000000F16010062
:10322000000000000F160100000000000F16010052
:10323000000000000F160100000000000F16010042
:10324000000000000F160100000000000F16010032
:10325000000000000F160100923901000300000079
:10326000DEE61E28EAAC45B8025B0000DEE61E285A
:103270004CBBCE8F025B000002000000000000008B
:10328000B1FA0000E9FA00000000000000000000B0
:103290000338FDD87047000001000000B63C010073
:1032A000A43201005B0000001500000000000000D7
:1032B0000000000000800000D82F01000100000085
:1032C0000000000000800000D82F01000200000074
:1032D00000000000000000021430010003000000A4
:1032E0000000000000000D00143001000400000088
:1032F0000080000000400100D82F01000500000000
:103300000080000000020000D82F0100060000002D
:1033100000820000003E0100D82F010007000000DD
:1033200000820000003E0100D82F010008000000CC
:1033300000C0010000400100D82F0100090000007A
:1033400000C0010000020000D82F01000A000000A8
:1033500000C20100003E0100D82F01000B00000058
:103360000000030000020000D82F01000C00000044
:103370000000030000000D00D82F01000D00000028
:103380000000030000800000D82F01000E000000A4
:103390000002030000FE0C00D82F01000F00000007
:1033A0000002030000FE0C00D82F010010000000F6
:1033B00000020300007E0000D82F01001100000071
:1033C0000080030000800C00D82F010012000000D4
:1033D0000080030000800C00D82F010013000000C3
:1033E00000000D0000200000143001001400000057
:1033F00000000D000020000014300100000000005B
:10340000ED150100300000202800002020000020E1
:10341000000000001800002001A7000005A6000021
:1034200059A60000B1A60000D9AE0000A9AE000068
:1034300000000000C5AF00005DB00000443E010088
:10344000891701008F1701004A3E010029B00000D2
:103450000517010067170100000000007B1601003E
:1034600000000000000000000030010000127A009F
:10347000000100009C2F01000C0001000000000072
:10348000000000020020000000100000C8601910B9
:10349000A034010000000100000001000100000054
:1034A000E520F3FFFFFFFF0F44EB086B083B42BB37
:1034B000FEFFFFFFFFFF00FFFFFF42EB0C200F525C
:1034C00010D800FFD431A5FE84DF144FEC62163310
:1034D0007A757A7504B3D55C19061400085000019A
:1034E000A1180100B9190100711A0100DDB1000035
:1034F0009B17010001000000FF000000271E0100D3
:1035000089B2000025B20000F5B10000E5B100006D
:1035100004000000FF000000FFFFFFFF00258450B3
:10352000000000000000000000D00050000000007B
:10353000B1B300003B1F0100471F01005B1F0100EA
:10354000651F01006F1F010031B50000831F0100DE
:10355000000000001F00000028300100632001006F
:1035600019200100D51F0100132001000D200100CA
:103570003D200100000000000000000000000000ED
:103580003C300100A0350100040000009C2F010028
:103590009835010001000000030000000000000059
:1035A00000000000000000000100000017001600ED
:1035B0000200000000000000040000000000000005
:1035C00000A000500000000000000000000000000B
:1035D00000009801000001011000000071210100AD
:1035E000E8350100FF1F000000A00050F435010085
:1035F00001000000FC350100020000000900180075
:1036000008001600432101000000000061B700001F
:103610000000000000000000F1B60000EC2F0100E7
:103620006B0000009C2F010002000000030300005B
:103630000090005002000000000000004036010031
:10364000009000504C36010001000000543601008B
:10365000020000000500000004000200008000508D
:1036600002000000000000006C36010000800050E5
:1036700078360100010000008036010002000000E1
:1036800001000000000002005D2201005DBE00009C
:103690004F22010000B000500000000000127A002C
:1036A000000000000000000000000000FFFFFFFF1E
:1036B0000000FF0000000000000000010100000009
:1036C00053230100FF1F0000D8360100FFFFFFFF5A
:1036D000000000000000000000B00050E4360100CF
:1036E00001000000EC360100030000000D0008009E
:1036F0000E000A000F000C009C2F01000C000100BE
:103700009C2F0100110001009C2F01000A00010004
:10371000F1BF0000DB230100F02E0100F02E0100BC
:10372000302F0100382F0100882F0100882F010061
:10373000FF8FFFFFFF8FFFFFFE8FFFFFFE8FFFFF5B
:10374000FD8FFFFFFC8FFFFFFC8FFFFF6D75746522
:10375000785F667265652063616C6C65642077696B
:103760007468204E554C4C20706172616D657465B3
:103770007200000043616E277420696E697469618C
:103780006C697A65206D757465782C20776173207B
:103790004E554C4C0D0A0000436F756C64206E6FE3
:1037A00074206C6F636B20706F7765722073617625
:1037B00065206D7574657800FFFFFFFFFFFFFFFF59
:1037C000FFFFFFFF000000000000000000000000FD
:1037D00001000000FFFFFFFFFCFFFFFFFFFFFFFFF7
:1037E000FFFFFFFF000000000000000000000000DD
:1037F00001000000FFFFFFFF512563FCC2CAB9F3BF
:10380000849E17A7ADFAE6BCFFFFFFFFFFFFFFFF97
:1038100000000000FFFFFFFF0000000096C298D8E4
:103820004539A1F4A033EB2D817D0377F240A463E9
:10383000E5E6BCF847422CE1F2D1176BF551BF37F2
:103840006840B6CBCE5E316B5733CE2B169E0F7CC5
:103850004AEBE78E9B7F1AFEE242E34FFFFFFFFF3A
:103860007F00000080000000000000000000000059
:10387000FFFFFFFF7F00000080000000000000004D
:103880000000000067E6096A85AE67BB72F36E3C14
:103890003AF54FA57F520E518C68059BABD9831F1B
:1038A00019CDE05B77C295F360D2EF7F3552500FB0
:1038B0002CB6798025633A205374617274696E67FF
:1038C00020626F6F746C6F616465720A0025633AE1
:1038D00020556E61626C6520746F2066696E64208D
:1038E000626F6F7461626C6520696D6167650A0063
:1038F00025633A20426F6F746C6F61646572206358
:103900006861696E6C6F6164206164647265737371
:10391000206F66667365743A20307825780A002532
:10392000633A204A756D70696E6720746F20746801
:103930006520666972737420696D61676520736CB8
:103940006F740A0025633A2050726F7465637420A7
:103950006D6375626F6F7420666C61736820666159
:10396000696C65642C2063616E63656C207374619F
:10397000727475702E0A0025633A204E6576657262
:103980002073686F756C6420676574206865726564
:103990000A006D6375626F6F740025633A20696E6B
:1039A00076616C696420666C6173682049442025E7
:1039B000643B2065787065637465642025640A0043
:1039C0002A8648CE3D030107002A8648CE3D0201E3
:1039D0000025633A20556E61626C6520746F206427
:1039E000657465726D696E6520666C6173682073BD
:1039F0006563746F72206F662074686520696D61FD
:103A0000676520747261696C65720A007072696D15
:103A1000617279007365636F6E646172790025630A
:103A20003A20496D61676520696E207468652025BC
:103A30007320736C6F74206973206E6F74207661CD
:103A40006C6964210A0025633A202564207374613F
:103A5000747573207772697465206661696C732070
:103A6000706572666F726D696E6720746865207329
:103A70007761700A0025633A204661696C656420AD
:103A8000746F206F70656E20666C61736820617260
:103A900065612049442025642028696D616765209F
:103AA000256420736C6F74202564293A2025642CCA
:103AB0002063616E6E6F7420636F6E74696E7565DE
:103AC0000A0025633A204661696C6564207265616D
:103AD00064696E6720736563746F72733B20424F35
:103AE0004F545F4D41585F494D475F534543544FD5
:103AF00052533D2564202D20746F6F20736D616CCF
:103B00006C3F0A0025633A204661696C6564207247
:103B1000656164696E6720696D61676520686561CC
:103B2000646572733B20496D6167653D25750A00C8
:103B300025633A204661696C656420726561646939
:103B40006E6720626F6F74207374617475733B20AD
:103B5000496D6167653D25750A0025633A207061EE
:103B60006E6963210A0025633A20446574656374B5
:103B7000656420696E636F6E73697374656E74201B
:103B8000737461747573210A0062616400676F6FFA
:103B90006400756E736574005072696D617279208E
:103BA000696D6167650025633A2025733A206D6170
:103BB0006769633D25732C20737761705F7479703A
:103BC000653D307825782C20636F70795F646F6E67
:103BD000653D307825782C20696D6167655F6F6B76
:103BE0003D307825780A005365636F6E64617279A1
:103BF00020696D6167650025633A20426F6F74200C
:103C0000736F757263653A207072696D61727920A5
:103C1000736C6F740A0025633A20426F6F742073CF
:103C20006F757263653A206E6F6E650A0025633AA0
:103C3000205374617274696E6720737761702075A8
:103C400073696E67206D6F766520616C676F72694E
:103C500074686D2E0A0025633A204E6F7420656EDD
:103C60006F75676820667265652073706163652093
:103C7000746F2072756E2073776170207570677233
:103C80006164650A0025633A207265717569726521
:103C90006420256420627974657320627574206FD6
:103CA0006E6C792025642061726520617661696C93
:103CB00061626C650A003059301306072A8648CEC7
:103CC0003D020106082A8648CE3D03010703420053
:103CD000042ACB403CE8FEED5BA44995A1A91DAEAA
:103CE000E8DBBE1937CD14FB2F245737E59539880B
:103CF000D994B9D65AEBD7CDD5308AD6FE48B24A38
:103D00006A810EE5F07D8B6834CC3A6AFC538EFAFA
:103D1000C12D0020002B00307800305800286E693B
:103D20006C29004661696C656420746F207265625D
:103D30006F6F743A207370696E6E696E6720656E7E
:103D4000646C6573736C792E2E2E0A002A2A2A2041
:103D5000426F6F74696E67204D79204170706C6995
:103D6000636174696F6E2076322E312E302D64655A
:103D7000762D363530643131633332333638202A8C
:103D80002A2A0A002A2A2A205573696E67206E5251
:103D90004620436F6E6E6563742053444B20763229
:103DA0002E362E39392D383331653336323761614D
:103DB0003637202A2A2A0A002A2A2A205573696EB1
:103DC00067205A6570687972204F532076332E36FB
:103DD0002E39392D31353562623938353430363344
:103DE000202A2A2A0A006D757465785F696E6974E5
:103DF0002063616C6C65642077697468204E554C53
:103E00004C20706172616D6574657200436F756CF2
:103E100064206E6F7420616C6C6F63617465206DDB
:103E200075746578206265666F726520696E697465
:103E300069616C697A696E6700636C6F636B4035AA
:103E4000303030006866636C6B006C66636C6B00CE
:103E5000474432354C4532353545403000666C615B
:103E600073682D636F6E74726F6C6C65724033395A
:103E7000303030006770696F403834323530300090
:103E80006E706D313330305F6770696F7300693207
:103E9000634061303030006E706D31333030403609
:103EA00062000A100A200E010E021201120212080C
:103EB0001601160222012202220422082210000109
:103EC0000203040506077561727440393030300012
:103ED0007561727440383030300073706940623000
:103EE0003030004552524F523A2043616E6E6F742B
:103EF0002066756C66696C6C204558545F4150496A
:103F000020726571756573742E0D0A005741524E0B
:103F1000494E473A204F7074696F6E616C20455866
:103F2000545F4150492072657175657374206E6FDE
:103F3000742066756C66696C6C65642E0D0A007081
:103F400065726D0074657374004255473B20636170
:103F50006E27742068617070656E00726576657298
:103F6000740025633A205365636F6E646172792033
:103F7000696D616765206F6620696D616765207096
:103F8000616972202825642E2920697320756E725C
:103F90006561636861626C652E205472656174208E
:103FA000697420617320656D7074790A0025633A25
:103FB00020496D61676520696E6465783A202564E3
:103FC0002C205377617020747970653A2025730A2C
:103FD0000025633A20496D61676520696E646578E4
:103FE0003A2025642C205377617020747970653AEB
:103FF000206E6F6E650A00040104030402040104CC
:104000000104030103030401040000016D61696EF2
:1040100000737973776F726B71000000008000008D
:1040200088EACD1F55555515AAAAAA1A631601008C
:1040300009130100AC320100FC0100203A0000002D
:10404000100200203A000000E80100203A000000C1
:10405000240200203A000000751601003C000020F8
:104060003C00002001000000010000004C00002086
:104070004C000020000000000100000000000000D3
:10408000215300200000000040420F000001030007
:1040900000000000325300203153002000000000D7
:1040A0000000000000C20100000103000000000049
:1040B00034530020335300200000000000000000B3
:1040C00000000000F836010003000000AC000020F2
:1040D000AC0000200000000001000000BC00002037
:1040E000BC000020000000000100000000000000F3
:1040F00000000000000000000000000000000000C0
:1041000000000000000000000000000000000000AF
:104110000030010000000000000000003D530020BE
:1041200035530020FFFF00000000000000000000E9
:10413000000000000000000000000000000000007F
:10414000000000000000000000000000000000006F
:10415000000000000000000000000000000000005F
:10416000000000000000000000000000000000004F
:10417000000000000000000008000000FF00000038
:104180000000000001000000000000006C010020A1
:104190006C0100200000000035F50000B80100208F
:1041A000B0010020A801002000000000A0010020B4
:1041B00051F600009DF50000D1F5000019F6000051
:1041C0004C5000203A00003A505000203A00003A8B
:1041D000545000203A00003A585000203A00003A6B
:1041E000C80100208C0100208401002080010020F3
:1041F0007C01002000000000000000000000000022
:104200000000000000000000E8010020E80100209C
:1042100000000000000000000E000000FC01002073
:10422000FC01002000000000000000000E00000063
:10423000100200201002002000000000000000001A
:104240000E000000240200202402002000000000D4
:10425000000000000E00000015E015E0DEE61E285C
:1042600083845186025B0100008200005EFD9B3565
:10427000E6767E26F0769C09439A0AA7CFE620B31D
:10428000C9B4D62404A980545039365A9252EAC08F
:10429000F7A501CCDE3BAFC0DEE6BE0F49EB1AACA2
:1042A0002C171AB2ABFB4C950DE19AF3854DFECF5E
:1042B0001D87D6A60D310F873D7048781FA3230AAE
:1042C00099602FFC9472BDDE1D46B3835FD7F6D78D
:1042D000B6D8F1A36B8D185A9133A8D5B58AEF7073
:1042E000A80F4D6CCB6493D1C5F262B44523263C34
:1042F000A142114EDFEEF6435B7775637FBC661615
:0C43000034FE2480BA49D9676F8CA26B90
:020000040003F7
:100000003DB8F3960000000000020000BCEF0100C4
:1000100000000000000000000000000000000000E0
:10002000FFFFFFFFFFFFFFFFFFFFFFFFFFFFFFFFE0
:10003000FFFFFFFFFFFFFFFFFFFFFFFFFFFFFFFFD0
:10004000FFFFFFFFFFFFFFFFFFFFFFFFFFFFFFFFC0
:10005000FFFFFFFFFFFFFFFFFFFFFFFFFFFFFFFFB0
:10006000FFFFFFFFFFFFFFFFFFFFFFFFFFFFFFFFA0
:10007000FFFFFFFFFFFFFFFFFFFFFFFFFFFFFFFF90
:10008000FFFFFFFFFFFFFFFFFFFFFFFFFFFFFFFF80
:10009000FFFFFFFFFFFFFFFFFFFFFFFFFFFFFFFF70
:1000A000FFFFFFFFFFFFFFFFFFFFFFFFFFFFFFFF60
:1000B000FFFFFFFFFFFFFFFFFFFFFFFFFFFFFFFF50
:1000C000FFFFFFFFFFFFFFFFFFFFFFFFFFFFFFFF40
:1000D000FFFFFFFFFFFFFFFFFFFFFFFFFFFFFFFF30
:1000E000FFFFFFFFFFFFFFFFFFFFFFFFFFFFFFFF20
:1000F000FFFFFFFFFFFFFFFFFFFFFFFFFFFFFFFF10
:10010000FFFFFFFFFFFFFFFFFFFFFFFFFFFFFFFFFF
:10011000FFFFFFFFFFFFFFFFFFFFFFFFFFFFFFFFEF
:10012000FFFFFFFFFFFFFFFFFFFFFFFFFFFFFFFFDF
:10013000FFFFFFFFFFFFFFFFFFFFFFFFFFFFFFFFCF
:10014000FFFFFFFFFFFFFFFFFFFFFFFFFFFFFFFFBF
:10015000FFFFFFFFFFFFFFFFFFFFFFFFFFFFFFFFAF
:10016000FFFFFFFFFFFFFFFFFFFFFFFFFFFFFFFF9F
:10017000FFFFFFFFFFFFFFFFFFFFFFFFFFFFFFFF8F
:10018000FFFFFFFFFFFFFFFFFFFFFFFFFFFFFFFF7F
:10019000FFFFFFFFFFFFFFFFFFFFFFFFFFFFFFFF6F
:1001A000FFFFFFFFFFFFFFFFFFFFFFFFFFFFFFFF5F
:1001B000FFFFFFFFFFFFFFFFFFFFFFFFFFFFFFFF4F
:1001C000FFFFFFFFFFFFFFFFFFFFFFFFFFFFFFFF3F
:1001D000FFFFFFFFFFFFFFFFFFFFFFFFFFFFFFFF2F
:1001E000FFFFFFFFFFFFFFFFFFFFFFFFFFFFFFFF1F
:1001F000FFFFFFFFFFFFFFFFFFFFFFFFFFFFFFFF0F
:10020000F80B0020690803003D090300F15A0300C0
:10021000115B0300315B0300715B0300515B030062
:100220000000000000000000000000009929030009
:100230003D090300000000003D0903003D090300E3
:1002400000000000000000000000000079340300FE
:10025000000000003D090300000000000000000055
:100260003D0903003D0903003D0903003D0903006A
:10027000000000003D0903003D0903003D090300A3
:100280003D0903003D0903000000000000000000DC
:100290003D0903003D0903000000000000000000CC
:1002A0003D09030000000000000000003D090300BC
:1002B0003D0903003D0903003D0903003D0903001A
:1002C0003D0903003D0903003D0903003D0903000A
:1002D0003D090300000000003D090300000000008C
:1002E0003D090300000000003D090300000000007C
:1002F0003D090300000000000000000000000000B5
:10030000000000003D0903000000000000000000A4
:1003100000000000000000000000000000000000DD
:10032000000000003D090300000000000000000084
:1003300000000000000000000000000000000000BD
:100340003D09030000015F5F00000000FE0B00009C
:10035000292A0300800600000000000000000000C1
:10036000000000000000000000000000401200201B
:100370000000000001015F5F030100001F01000099
:1003800085060300000000000000000001000000DE
:10039000010000000000000000000000000000005C
:1003A0000000000070000000945F03008000000067
:1003B000000F000001000000D104030001015F5F95
:1003C000040100001F010000F3070300000000000B
:1003D000000000000000000001000000000000001C
:1003E0000000000000000000000000009F5F03000C
:1003F000400000000507000001000000DF060300C8
:1004000038B50025054C29462046D4F80024C4F808
:10041000045405F016FCC4F8005438BD200C00202C
:1004200013B511460022CDE9002242680346382A5E
:10043000046844D194F82820022A19D01AB900F08F
:1004400047F902B010BD21482468D0F80404013AED
:10045000CDE90040082A35D8DFE802F0050A0E137E
:10046000181D22272C006A46184600F02EF9E8E7EE
:10047000184600F018F9E4E76A46184600F016F945
:10048000DFE76A46184600F00BF9DAE76A461846D5
:1004900000F00FF9D5E76A46184600F00DF9D0E7ED
:1004A0006A46184600F00BF9CBE76A46184600F09A
:1004B00009F9C6E76A46184600F00EF9C1E76FF081
:1004C0008000BEE76FF08500BBE700BF200C002076
:1004D0002DE9F04F05680446A1B0002D40F0AA8038
:1004E0002022294602A805F0ACFB12AF20222946A3
:1004F0000AA805F0A6FB38222946384605F0A1FBDC
:10050000E26904F11C039846B2B10426E26A04F1E0
:100510002C03EAB10425EEB96FF08306304621B012
:10052000BDE8F08F002EF1D053F8041D3246013E95
:100530000029F7D01646E9E70326F5E7002DEAD0B3
:1005400053F8041D2A46013D0029F7D01546E2E77D
:100550000325F5E738233A460021606805F0AEFB35
:100560003828D9D14FF00109CDE90270334F0DF190
:10057000080A04F1100B4E45D7F800141CD10DF1F8
:1005800028094B46002008EB850EC64533D108B13B
:10059000C7F80014A3683146C7F804340AAA2B46EA
:1005A00002A8FFF73DFF00270646BD4209F10809F2
:1005B00038D1FFF725FFB1E75BF8043FC1F5806252
:1005C000D81C20F00300904204D9FFF719FF6FF008
:1005D0008C06A3E70844CA19C7F8000449466068B6
:1005E000019205F06BFB019ACAF80C0009F10109B0
:1005F0004AF8082FBFE758F804CFC1F5806A0CF11C
:10060000030222F00302524503F1080305D87818CB
:1006100043E9020C11440120B7E70028D5D0C7F800
:100620000014D2E7394659E90223606805F05BFB04
:100630000137BAE76FF0850670E700BF200C002095
:1006400008B528220021024805F0FBFA002008BD69
:100650002810002010B5044C0F222046034905F055
:10066000CBFA204610BD00BF51100020F607030052
:1006700008B50121024803F0A1FA002008BD00BF1F
:100680005010002008B5FFF7DBFF40B9FFF7E2FF8D
:10069000FFF7EEFF18B9BDE8084003F0FDBA08BD4A
:1006A0006FF0850070476FF0850070476FF0850030
:1006B00070476FF0850070476FF0850070476FF0EE
:1006C000850070476FF0850070476FF085007047B8
:1006D000D1E9000103F0C0BA6FF085007047F0B5B2
:1006E00003680546B3F57D7FA7B007D040F2F53229
:1006F000934207D06FF0850027B0F0BD01F0A6FC53
:100700000020F9E700243C22214607A8CDE9024455
:10071000CDE90444069405F094FA3C22214617A83A
:10072000169405F08EFAEA69019405F11C0302B3F0
:100730000426EA6A05F12C033AB30424731E012B44
:1007400052D8012C50D80423002168680DEB030215
:1007500005F0B4FA04281AD06FF08000CCE7002E20
:10076000E7D053F8041D3246013E0029F7D0164663
:10077000DFE70326F5E7002CE0D053F8041D2246FE
:10078000013C0029F7D01446D8E70324F5E7022EF0
:1007900016D16E69402E29D806AF33463A4601215C
:1007A000686805F08BFA8642D6D1CDE9027602A9B7
:1007B00044B92246019801F05BFC044620469BE7C1
:1007C0000021F5E72B6A402BC6D816AACDE90423F1
:1007D000019804AA01F04CFCDDE904230446002141
:1007E000686805F080FAE9E7012085E76FF0890085
:1007F00082E7002070474D62656420544C532033DB
:100800002E352E3000000000000000000000000027
:1008100000000000000000000000000000000000D8
:100820007430000001000000407C030080100020B4
:1008300048000000407C0300200C00200000000065
:10084000407C0300000C002000000000A0110020EC
:10085000C6050000200C002018010000000C00203C
:100860000800000002F082BC08B572B6002383F3D2
:100870001488BFF36F8F83F30A8883F30B88BFF369
:100880005F8F254B5A6A22F480325A62D3F8942043
:1008900022F00102C3F89420BFF34F8FBFF36F8F94
:1008A0001E4A9A6000F058F81D4B83F309881D4BCF
:1008B00083F30A8883F30B881B4B15A1D1E9000150
:1008C000C3E9000100F0EEF8184B19498B4212D32E
:1008D0000020184B18498B4218D302F0DFFF18682C
:1008E00050F82240586840F822400132986882420D
:1008F000F5D30C33EAE70022F8E71C6844F822003D
:1009000001325C68A242F8D30833E4E70022F8E73A
:10091000A5EDF5FEA5EDF5FE00ED00E000020300FB
:10092000F80B002000040020F80B0020280803002A
:100930004C0803004C08030064080300EFF3088030
:10094000EFF309812DE9F00F6B46724600F094F940
:1009500008B0FFF787FFFEE738B572B6002383F3D0
:10096000138883F311884FF0FF30274A03F12001E9
:100970000133102B42F82100F8D100234FF0FF344F
:10098000214A03F160010133102B42F82140F8D1D4
:10099000012200251D4B29465A60C3F84843C3F87D
:1009A000084303F580535A60C3F84843C3F808432B
:1009B000A3F55043C3F800558022C3F808431448F8
:1009C00005F03FF929468022124805F03AF9124B0A
:1009D0002946C3F800558022C3F808430F4805F0A4
:1009E00030F9802229460E4805F02BF90D4BC3F84B
:1009F00008454FF05023C3F8084362B6BFF34F8F4A
:100A0000BFF36F8F38BD00BF00E100E00040015030
:100A100080800050808100500090005080900050F5
:100A2000809100500070015008B5EFF31083012B46
:100A30000C4A07D1126ABFF34F8F511C4A424A41F8
:100A4000104608BD01F0C6FB00B172B6126ABFF3D2
:100A50004F8F531C5A425A4101F0BCFB0028EFD083
:100A600062B6EDE70080FF0008B5EFF31083012BBD
:100A70000B4A06D1D269BFF34F8F02F00102104634
:100A800008BD01F0A7FB00B172B6D269BFF34F8F6A
:100A900002F0010201F09EFB0028F0D062B6EEE702
:100AA0000080FF00694A10B5D2F8D03043F002034D
:100AB000C2F8D03001F08EFB30B14FF0502300224D
:100AC000C3F81421C3F8182101F093FB28B10122C7
:100AD0005F4BC3F8382AC3F878254FF47F02D2F869
:100AE0003031D2F83421BFF34F8FC3F30B03092BFE
:100AF00005D1012A1EBF0122554BC3F8782501F00C
:100B000078FB18B10E22534BC3F8E42E01F062FBC0
:100B100030B100224E4BC3F80C270122C3F8102736
:100B20000022D30003F57F03D3F80013BFF34F8FE8
:100B3000013108D0D3F800130132D3F80433B2F5F1
:100B4000807F0B60EDD1EFF31084FFF78DFF00285D
:100B50004DD0BFF34F8F404BD3F80024012AFBD177
:100B6000C3F80425D3F80024012AFBD1012C03D0BB
:100B700001F030FB00B172B6FFF776FF58B1374A8B
:100B8000D36923F00103D361BFF34F8F324AD2F808
:100B90000034012BFBD1FFF747FF68B12F4A136ADE
:100BA00023F0FF0343F020031362BFF34F8F2A4A61
:100BB000D2F80034012BFBD1012C03D001F00AFB49
:100BC00000B162B60022244BC3F80425D3F80024F8
:100BD000012AFBD1BFF34F8F1C49214BCA6802F495
:100BE000E0621343CB60BFF34F8F00BFFDE7FFF719
:100BF0001BFF0028ADD1154AD2F88C3043F4406376
:100C0000C2F88C304FF47F03D3F83021D3F834315D
:100C1000BFF34F8FC2F30B02092A16D1013B022BFF
:100C200002D8104AD35C83B10C480F4903680A4AC2
:100C30008B420CBF5A230023C2F8103EC36A8B427A
:100C40000CBF5A230023C2F8003E10BD00ED00E0A7
:100C50000040005000A00350009003500080FF00AF
:100C60000400FA0548350300FA50FA507C22014985
:100C700004F0C2BFDC18002038B51D46364B374C97
:100C80005B68C3F308032360EFF30383C4E9012027
:100C90006365C2F3801302F00C020C2AE16036D1C6
:100CA0000BB9EFF3898120222D48216104F0A4FFC4
:100CB00025B1202229462B4804F09EFF264B9A6A34
:100CC000A265D96AE165986B206602F4004060660F
:100CD000586BA06602F08000E0669A62D962D3F891
:100CE000E42021482267D3F8E810616702F0400150
:100CF000A167C3F8E4200E2101F08DFA2268D31E0B
:100D0000042B1CD8DFE803F0090F1215180013B9E3
:100D1000EFF38881C7E70146C5E70C211348BDE81A
:100D2000384001F078BA12211148F8E70B21114838
:100D3000F5E70D211048F2E70E211048EFE70F2AE2
:100D400098BF1421BDE8384089BF25210C480D48C3
:100D5000103A01F0CFBB00BF00ED00E0DC1800202E
:100D6000F0180020101900204B35030059350300FE
:100D70006535030077350300823503008F350300A6
:100D80009D350300B13503002DE9F34106460F46BA
:100D90000C4DD5F82C80C04710F00104FBD139462A
:100DA00030466B69984740B9C047C307FCD42B6AEB
:100DB000019302B0BDE8F0411847204602B0BDE8FB
:100DC000F08100BFD835030010B5084C0020A3689F
:100DD0009847236902209847A46A05490120A04743
:100DE0002346BDE81040012115201847D8350300DF
:100DF00040420F00064B82B01868002382B262F3B3
:100E00000F03000C60F31F43184602B0704700BF89
:100E100018360300014B1869704700BF841000208A
:100E2000014B5869704700BF8410002010B5044C76
:100E3000204600F0B5FE002084F8200010BD00BF61
:100E40008410002038B50C4D0C4695F8203013B9AD
:100E50004FF0FF3038BD0A460146284600F026FF15
:100E6000064B984205D00B3B9842F1D100206C61B3
:100E7000F0E76FF00100EDE7841000200B00AD0BF0
:100E8000F0B51B4E054696F820300C4691B01BB9C4
:100E90004FF0FF3011B0F0BD00F06043B3F1005FE0
:100EA00021D100230A460146304600F0EFFB114BEA
:100EB00098421AD00B3B9842EAD1346111E0A71B4B
:100EC000402F28BF4027A9193A46684604F094FEEF
:100ED00039466846FFF7D4FF0028DBD14036B442DC
:100EE000EDD80020D6E70026F9E76FF00100D1E742
:100EF000841000200B00AD0BC3B2012B10B540F0E5
:100F000096804DF6C023994270D028D8B1F5615F24
:100F10006FD011D8B1F5965F6DD008D8B1F5966F46
:100F20006BD0B1F5166F6BD06FF007005DE0B1F5D7
:100F3000165FF9D1454B33E047F61223994262D050
:100F400007D8B1F5964F61D0B1F5E14FECD1404BE8
:100F500026E0B1F5164FE7D14FF41D0320E03D4BDD
:100F6000994255D011D8B1F5E13F54D007D8B1F529
:100F7000614F53D0B1F5963FD6D1374B10E0B1F564
:100F8000613FD1D14FF06C730AE0B1F5612F48D0C9
:100F9000324B994248D0B1F5E12FC5D14FF0E8630B
:100FA00010F4E06F46D110F4404103D0B1F5804F0A
:100FB00043D1102110F4405203D0B2F5805F3FD1ED
:100FC0000E2210F4403003D0B0F5403F3BD1012059
:100FD000234C20766276E361A1760A4324681043AD
:100FE000C4F82435C4F86C05002010BD4FF4650327
:100FF000D6E71C4BD4E71C4BD2E74FF49E23CFE738
:101000004FF41D23CCE74FF40003C9E7174BC7E7A4
:101010004FF08063C4E74FF0EB73C1E74FF46B030D
:10102000BEE74FF07063BBE74FF08053B8E76FF057
:101030000300DAE76FF00800D7E76FF00A00D4E7A3
:101040006FF00900D1E76FF00B00CEE700502700EA
:1010500000C0750090D0030000903A0140420F009C
:101060008410002000F03A0000B0130000A04E00F1
:1010700010B58EB02422002105A804F0E2FD4FF047
:10108000FF33CDE90133CDE903334FF0EB730B931D
:101090000723104C01A8D4E902128DF8363001F074
:1010A000D8F801460022204600F03AFA0A4B98424E
:1010B0000DD10C9B002023831B0CA3760B9BC4E952
:1010C0000400E361012384F820300EB010BD6FF0FE
:1010D0000100FAE7841000200000AD0B7FB5002569
:1010E0000C46C0F808511646D0F80821D0F8002266
:1010F00022F02002C0F80022104AC0F8082301F0B4
:10110000F8F8A560256104F14C03D3E8EF1F21F442
:101110007F0121F47041C3E8E21F002AF5D11022BB
:101120002946684604F08DFD042368468DF800309A
:101130000196D4E90013984704B070BD10020A006C
:1011400000F01F03400909D1074A02EB8303D3F8DB
:101150000012064A0A40C3F800227047002280337A
:1011600052F82330FFDE00BF00258450F0F8FCFF6A
:101170002DE9F04F804690F804A05020664F0E46AF
:1011800000FB0A70416885B049B113F0020304D036
:10119000836B002B00F0B2800123009300E00091EC
:1011A0004FF0500909FB0A73DB6CD90600F1A680E9
:1011B0004FF0010BB3180293029BB34200F0A780DB
:1011C00006F06043039398F80450D8F8004009FBF8
:1011D00005739A6B9AB9039BB3F1005F40F0998055
:1011E000019200F09DFD09FB0572D16C204601F0D3
:1011F000010101F04CF828B900F09AFDE3E7012362
:101200000193EEE7516C33460029BCBFD4F84C156E
:101210005164019A42B109FB05713078D1E90E237E
:10122000D054D1E90E3213441BB1C4F84435C4F88C
:1012300048B50022C4F82021D4F82011C4F8582160
:10124000D4F85811C4F85021D4F850210822C4F819
:101250000025009AE2B14FF48003C4F80433C4F8C7
:1012600008B000F065FD502303FB0A7251680029A5
:101270004BD1D26C120748D503FB0A734C33D3E829
:10128000EF1F21F00801C3E8E21F002A36D0F6E77D
:10129000C4F808B0019300F04BFD09FB0572D16C56
:1012A000019B01F001012046019300F0F0FF84460C
:1012B000019BD4F84C05D4F84425BCF1000F0DD1A6
:1012C0009342F0D005EB850507EB0515D1B100F091
:1012D00027FD2946204601F051F8C2E705EB8505B8
:1012E000934207EB0515F1D10028EFD100F018FD6E
:1012F0002946204601F042F800F01AFD074805B0E3
:10130000BDE8F08FC4F80CB0E1E7013654E70448BB
:10131000F5E70448F3E700BF581900200800AD0BBB
:101320000000AD0B0400AD0B430904D10123034AB7
:1013300083409360704700239B60FFDE002584504C
:1013400000F01F0340090BD1084A02EB8302D2F8D8
:101350000012074B0B4043F00303C2F80032704702
:101360000022803352F82330FFDE00BF0025845076
:10137000F0F8FCFF2DE9F84391F8303005460C46B3
:1013800090F804800F6853BB5023DFF85091781C0D
:1013900003FB0893DE6C46F00072DA6404D0384632
:1013A000FFF7C2FFFFF7CCFF6068411C01D0FFF7D9
:1013B000C7FE94F82C30012B11D1502303FB089366
:1013C000E06846F02066421CDE6401D0FFF7B8FEFC
:1013D000A068431C03D0FFF7A7FFFFF7B1FF94F805
:1013E0002F0038B950223D4B02FB0833DA6C42F033
:1013F0008072DA6494F82CC094F82D1094F82E20A2
:101400002B68D4F828E041EA0C010A43E668D4E9E5
:101410000198C3F824E5C3F86C2550B9BCF1010F5D
:10142000C3F80C75C3F8149504BFC3F80885C3F856
:101430001065D3F8682503F26458012A08BFDA6002
:10144000D3F86425012A13D1082149F64046244FD8
:10145000C3F8001547F001075A60D8F800309BBB6D
:101460002B68D3F88024C3F880240022C3F8002519
:1014700000212B6894F83220C3F81011D3F8100122
:10148000C3F82011D3F82001C3F82411D3F82401A4
:10149000C3F84411D3F84401C3F85811D3F85811D4
:1014A00043F307335201002BD2B212DB0D49C818A7
:1014B00080F800230122580903F01F0302FA03F306
:1014C00041F82030BDE8F8834020B847013EC4D140
:1014D000C6E7054903F00F03CA54F3E75819002083
:1014E0002036030000E100E014ED00E000F01F03EF
:1014F00040090BD1084A02EB8302D2F80012074BD5
:101500000B4043F00203C2F80032704700228033E0
:1015100052F82330FFDE00BF00258450F0F8FCFFB6
:101520002DE9F3479046502290F80490514C02FB6D
:1015300009FA04EB0A070D4697F8481006460029F9
:1015400040F0858009EB890004EB001004F079FB82
:101550002B69AA6944F80A306B69BB6302B1013A8E
:10156000502303FB0943DA632A6A042A81BFEA692C
:101570009A610022DA6195F83130B8F1000F37D066
:1015800083F001073F0233B1502303FB0943DA6CB8
:1015900042F00102DA64502303FB09440123C4F83A
:1015A000048084F848303468D4F84C2112BB2946B2
:1015B0003046FFF7DFFE0822002334688DF807303D
:1015C000C4F800250DF10702C4F84425C4F84835D5
:1015D00001230A25A360E360D4F85831002B38D1E9
:1015E000254B402043F001039847013DF4D128E00A
:1015F0004746C8E708224FF06409C4F80025636035
:101600001D4B43F0010AD4F84431F3B9D4F8243126
:10161000DBB94FF42070D047B9F10109F3D14B4643
:101620000022C4F84C21D4F84C11C4F81021D4F88D
:101630001011C4F84421D4F84411C4F80025002B3B
:10164000B5D10E4802B0BDE8F0870123E8E70C48A9
:10165000F8E70023C4F820319845D4F82021C4F8D5
:101660000035084B08BF00231F4333680648C3F802
:101670000473E7E758190020203603000100AD0B82
:101680000C00AD0B10020A000000AD0B2DE9F04775
:1016900084460F469E4616460579002A51D04FF0E3
:1016A000500ADFF8AC80D0F800900AFB058ADAF81F
:1016B000044074B96BB9DAF82C50002D43D1CAF844
:1016C0002C20FFF755FD0446CAF82C502046BDE8F3
:1016D000F0871EF0030F07D0734632463946BDE847
:1016E000F0476046FFF744BD07F06043B3F1005F89
:1016F0004FF0500414D104FB058400F011FBE26AA2
:101700001AB1144C00F014FBE0E7C4E90A7605EBCB
:101710008505484608EB051100F03BFE0E4CF1E74D
:1017200004FB0584A36B83B100F0FAFAE36A002B93
:10173000E7D1E36C012243F00203C4E90A76E364D3
:10174000E5E7064CC2E7034CC0E7054CBEE700BF27
:10175000581900200B00AD0B0000AD0B0600AD0BBF
:101760000A00AD0B2DE9F84350230679284D046893
:1017700003FB0653D4F80473DA6AC4F8087322B979
:101780002448C4F80473BDE8F88306EB860005F12D
:101790004C024FEA001802EB0012D2E8EFCF4CF0F7
:1017A000080CC2E8E0CF0028F7D10122E26031B393
:1017B000D96C01EA02094946204600F068FD00287C
:1017C000FAD000F0ADFAB9F1000F1CD1D4F82031F5
:1017D00053B10123E360D4F85831002BFBD02046ED
:1017E00005EB080100F0CAFD00F0A2FA0023C4F8DE
:1017F0002031D4F82021502202FB0655EB62064826
:10180000C4F80473BFE7D4F85831002BE7D1EBE7F5
:10181000581900200500AD0B0000AD0B2DE9F84371
:1018200090F80480484F08EB8806360106F14C0515
:1018300004683D44D5E8EF3F43F48052C5E8E02F0B
:101840000028F7D1DB047BD4480705D5502303FBE0
:1018500008739B69002B75D03C4B3E44C4F8083399
:101860000823C4F800350023C4F81031D4F810213F
:10187000C4F84C31D4F84C21C4F844310A03D4F8EC
:1018800044318B0303F4804302F4005249031343B1
:1018900001F400410B43D5E8EF2F1A43C5E8E12FCF
:1018A0000029F8D14FF0500909FB0879D9F8083020
:1018B000BBB9D9F8043063B9D5E8EF3F23F47F030F
:1018C00023F47043C5E8E23F002AF5D12048BDE883
:1018D000F8830321304600F0E7FCD9F80830002BEC
:1018E000EAD0D4F80433590713D5502303FB087307
:1018F0005A6872B1DB6C1A030BD5D5E8EF3F23F4BD
:101900000023C5E8E23F002AF7D10621304600F067
:10191000CBFC502303FB0873DB6CDB0401D40D48C4
:10192000D5E7D4F84C310BB901232360502303FBD6
:1019300008735B68002BF2D0044BC4F80433EEE765
:101940000548C4E70548C2E75819002010020A00FC
:101950000200AD0B0000AD0B0B00AD0B0800AD0B92
:101960002DE9F84F056801F06043D5F804A3B3F101
:10197000005F90F804B089461746C5F808A37CD1EB
:101980005023404E03FB0B639A6852B15B68002BF7
:101990005ED1D5F81021002A5AD0C5F81031D5F8FB
:1019A0001031502404FB0B64E269C4E90297002A59
:1019B0003CD00BEB8B0897424FEA081824D24FF02B
:1019C000000B3A46A1694846C4E902BB04F014F989
:1019D000E269A069D21BC119E26104F0D7F863681B
:1019E0006BB1B04449463A46404600F06EFCE36CA9
:1019F000990404D55A4641462846FFF76FFB224812
:101A0000C5F804A3BDE8F88F4846A16904F0F4F8CE
:101A1000E36963620023E3611C4B9844D8E8EF3F1D
:101A200043F40023C8E8E23F002AF7D1502303FB28
:101A30000B63586ADA689968DB6C121A0144C5F8BE
:101A40003415C5F83825DA04D9D501232B60D6E73B
:101A5000502303FB0B6633698BB9F36CC5F83495DF
:101A60005B04C6E90497C5F83875C8D5D5F80032C7
:101A700043F02003C5F80032C1E70548C0E7054838
:101A8000BEE700BF581900200000AD0BA4190020CC
:101A90000A00AD0B0B00AD0B50232DE9F0413C4D7E
:101AA00090F80480046803FB0853DB6CD4F8000250
:101AB00003F48223B3F5805F68D1D4F80463C4F8DB
:101AC000086309B9830656D4D4F8003223F0200302
:101AD000C4F800324FF4842308EB8801090101F1B6
:101AE0004C072F44D7E8EF0F1843C7E8EC0FBCF1C1
:101AF000000FF7D12AB9502303FB08535B68002B72
:101B000041D1244BC4F8083301236360D4F8443135
:101B1000002BFBD00023C4F84C31D4F84C21C4F87E
:101B20001031D4F81021C4F84431D4F84431502392
:101B300003FB0853DA6C12F400421FD1DA6120462D
:101B400000F0D7FB502303FB08550023AB602B614B
:101B5000D7E8EF3F23F47F0323F47043C7E8E23F65
:101B6000002AF5D126F4202626F404760A48C4F883
:101B70000463BDE8F0814FF48033ADE7204629448B
:101B800000F0C9FBDBE701236360EFE70348F0E700
:101B90005819002010020A000000AD0B0500AD0B23
:101BA0002DE9F8432F4A03680679C3F8082343F365
:101BB0000733002B04460DDB01215A0903F01F03F4
:101BC000994002F12003284A42F82310BFF34F8FB7
:101BD000BFF36F8F012220461146FFF75DFF012101
:101BE0002046FFF7BFFD50212279204D236801FBDD
:101BF0000252D46CD3F80C05E201D3F81495D3F853
:101C00000875D3F8108509D54FF0FF32C3F80C25BD
:101C1000C3F81425C3F80825C3F81025A30116D569
:101C2000411C01D0FFF762FCB9F1FF3F02D04846EA
:101C3000FFF75CFC22010AD5B8F1FF3F02D0404615
:101C4000FFF754FC7B1C02D03846FFF74FFC5023B3
:101C5000002203FB0653DA6483F848205A60BDE88B
:101C6000F88300BF10034A0000E100E0581900208B
:101C700010B550240279094B04FB02335B684BB961
:101C80000368D3F810213AB111B1D3F83C350B6099
:101C9000034810BD0348FCE70348FAE75819002041
:101CA0000000AD0B0800AD0B0B00AD0BF7B5054602
:101CB0001646FFF755FE164B0446984222D10321E3
:101CC00028462F79FFF7AAFD124B984201D0A04277
:101CD0001BD15022104B02FB07335B6893B90C4CAD
:101CE000284601A9FFF7C4FFA042F9D1019BB342E6
:101CF00007D301222846114603B0BDE8F040FFF7A4
:101D0000CBBE064C204603B0F0BD0446FAE700BF48
:101D10000000AD0B0B00AD0B581900200800AD0BF7
:101D200072B6024A1368013313607047A819002085
:101D3000034A1368013B136003B962B6704700BFE2
:101D4000A8190020003A18BF0122003918BF01214C
:101D500003688900074841EA4201186359605A68DC
:101D600042F001025A60BFF34F8FBFF36F8F002024
:101D7000704700BF04AAFF000722024BC3F80423E8
:101D8000704700BF00300050084BD3F80801D3F86B
:101D90000021003818BF012080000AB140F0010086
:101DA000D3F804310BB140F002007047003000500E
:101DB0000022074BC3F80021D3F80011C3F8042117
:101DC000D3F80411C3F80821D3F80831704700BFD5
:101DD00000300050002317200C49062B03F10102AC
:101DE00001D81346F9E703F5C073202A41F8230010
:101DF0001346F2D100231720044A03F5E0710133A2
:101E0000202B42F82100F8D1704700BF003000506D
:101E100010B59DF80840C00B43EA0423064CC90BDB
:101E200043EA0213884200D910BDC2B202F5C07263
:101E300044F822300130F5E70030005010B59DF82D
:101E4000084000F1604043EA042301F16041074C7F
:101E5000400B490B43EA0213884200D910BDC2B2BD
:101E600002F5E07244F822300130F5E7003000500E
:101E7000C0F30E03C3F50043B3FA83F3C3F11B03AE
:101E8000064AC0F3C730DBB240F4807043F480737D
:101E9000C2F80005C2F80435704700BF003000509A
:101EA0004303014818447047FF1FF81F044B090201
:101EB00041F0300100F5007043F82010704700BF7A
:101EC00000300050034B090200F5007043F8201069
:101ED000704700BF0030005008B5FFF755FF044BB6
:101EE000162118600348BDE8084000F094B900BF0F
:101EF000EC1F0020263603000C22014903F07CBEB3
:101F0000EC1F002008B501F09CFA68B901F0FAFE58
:101F100058B9074AD36823F008031B041B0C43F08D
:101F2000BF6343F40033D36008BD45F22350FBE7A1
:101F300000ED00E008B500F06FF8BFF34F8F0549E2
:101F4000054BCA6802F4E0621343CB60BFF34F8FC6
:101F500000BFFDE700ED00E00400FA05024B186049
:101F6000024B002019607047FC1F0020F81F002062
:101F70001FB5274C426923685A6282699A62C26916
:101F8000DA62026A1A63426A5A63826A9A63C26AAE
:101F9000DA63026B1A64426B5A60826B9A60C26B9E
:101FA000DA60026C1A61426C5A61826C9A61C26C8E
:101FB000DA61026D1A62826D5A65C26D9A65026FAE
:101FC000DA65026E1A66826E5A66426F9A66EFF39F
:101FD00088825A64EFF389829A644268DA64EFF384
:101FE00094821A65026801A81A67FFF785FF2368C3
:101FF000019ADA6601221A70064B1C6864086400B4
:10200000204621462246234603F0DFFE04B010BDE1
:10201000FC1F0020F81F002000B5A1B001A8FEF7AA
:1020200025FE029B63B15B060AD4019B23F00203E9
:10203000052B05D1044B1B6813B101A8FFF798FFCE
:1020400021B05DF804FB00BFF81F0020BFF34F8FE5
:102050000549064BCA6802F4E0621343CB60BFF344
:102060004F8F00BFFDE700BF00ED00E00400FA0560
:1020700003462DE9F04F022B084687B0114608D0E1
:10208000032B4AD0002B6ED107B0BDE8F04F00F013
:1020900071B84368082B03D0022007B0BDE8F08F69
:1020A0005368042BF8D14FF0FF33D0F80080D2F8FA
:1020B00000A0D8F80410CAF800300029ECD026237C
:1020C0003C22012001F015F904460028E4D1D8F89B
:1020D0000030DFF898B0DFF8989003AF5BF8045B4E
:1020E00099E807001D4487E807000C223946284676
:1020F000019303F05AFE019B064600B91DB9013455
:10210000052CEBD1C8E73C222946D8F8040003F09F
:1021100073FDCAF800600020BFE74368082BBBD1FD
:102120005668042EB8D14FF0FF3304681568216853
:102130002B600029B0D06368002BADD02623742219
:10214000012001F0D6F80028A6D123233246012031
:10215000616801F0CEF800289ED1D4E90001FFF7B4
:10216000FDFE2860D7E7032097E700BF3C36030059
:1021700050360300F8B543680C2B26D14B68042B6E
:1021800023D14FF0FF3304680E6821683360E1B15A
:10219000A268D2B10623012001F0ABF8A8B96168AA
:1021A0000B4BD3E9005CA9420AD3A26865448F189F
:1021B000AF4205D8206803F01FFD00203060F8BD55
:1021C0000130042803F10803EBD10220F7E700BF38
:1021D0005C3603004FF47F03D3F83001D3F8343179
:1021E000BFF34F8FC0F30B00A0F1090358425841D1
:1021F00070474FF47F02D2F83031D2F83401BFF388
:102200004F8FC3F30B03092B03D1431E5842584190
:10221000704700207047FEF7B7BD012070476FF090
:1022200003007047002382B00193019802B0704709
:102230006FF003007047002382B00193019802B051
:102240007047022814BF6FF0030000207047FEF7AC
:1022500017BE30B501EB8202914200D130BD51F87A
:10226000044B04F07F037F2B4FEA144408BF4FF068
:10227000FF33032CF0D8DFE804F002040608036003
:10228000EAE74360E8E78360E6E7C360E4E7034624
:10229000D0F8580130B931B9D3F82001003818BF4F
:1022A000012070470120704730B504460D4685B0C7
:1022B00010220021684603F0C4FCD4E900136846EC
:1022C0008DF80050984705B030BD7FB504460E46E6
:1022D000154600211022684603F0B3FC012368462E
:1022E0008DF80030CDE90165D4E90013984704B0BA
:1022F00070BD10B50446FFF713FDD4F8583133B163
:10230000D4F8043313F4800308BFC4F80035BDE8E3
:102310001040FFF70DBD70B50D4604460522AA21F9
:10232000D0F83C65A86903F08CFC0522AB69C4F8C1
:102330003435C4F838250022C4F81021D4F810111F
:102340000121E162D4F810110029FBD0C4F84C211E
:10235000D4F84C11C4F81021D4F81021D4F83C253D
:102360009642EA6109D15A1E043312F8011FAA29C4
:1023700003D19A42F9D10023EB6170BDD0F85831F6
:1023800033B1CB6CC3F30032DB0458BFC0F8002577
:10239000704770B5CE6C0D4606F001010446FFF79C
:1023A00076FF38B94FF4800346F00406EE64C4F8B3
:1023B000043370BDD5E90A365AB1296CEA6B761A36
:1023C000964228BF164619443246A86B03F014FC07
:1023D000AB6B4FF0FF326A641BB1C4F84435C4F8EC
:1023E00048650023C4F82031D4F82021C4F85831BE
:1023F000D4F85821C4F85031D4F850310823C4F827
:1024000000354FF48003C4F804330123A360D0E700
:102410004B6830B513F01F052DD102680C681068A9
:10242000C0F30720844226D25068556094600C7C2B
:1024300023F01F0304F001041C438B7CDB0003F03A
:1024400018031C434B7C5B0003F006032343D3605B
:102450008B68013B23F01F04CB685B0003F00E0385
:10246000234343F0010313615060BFF34F8FBFF369
:102470006F8F284630BD0120FCE7036800205A68B2
:10248000C9B258609960D86018615A60704770B5D9
:102490000546002403681E68C6F30726B44201D12E
:1024A000002070BD21462846FFF7E7FF0134F5E71D
:1024B000C0037047C00300F5FF407F307047002025
:1024C00070471F2070474FF40040704700F57F4071
:1024D000C03040037047402070475F2070474FF482
:1024E0000050704700207047002070470020704760
:1024F0007047000030B50C46154685B038B139B18B
:10250000FFF789FE041E03DA204605B030BD0446FD
:1025100040F60D23ADF80E3009230B4901A805F054
:102520000F028A5C2D091A54013B012BF7D147F6A3
:1025300030030C21ADF80430FFF76DFE0028B4BF66
:1025400004462418E0E700BF7C36030008B5154BAD
:1025500083F30A88144800F05FFF00BBFFF7D2FC4A
:10256000E8B9FFF7BFFFD0B9FFF7BEFF98B9FFF793
:10257000BFFF00F0BDFE35210C48FFF74CFE00F018
:1025800003FC21210A48FFF746FE00F039FA00F06B
:1025900091FE002008BDFFF7A9FF0028E7D000F05A
:1025A000E5FDEEE700040020AC1900208C360300A6
:1025B000C13603002DE9F04F93B00093574B81468D
:1025C000D3F800B00BB2002B0D461646C1F30268DB
:1025D000C1F3024A04DA6FF0800013B0BDE8F08F57
:1025E0008B42C36001D10020F7E708EB0A03042BFC
:1025F000F1D8CC0F64014FEAC80731463A46DBF800
:10260000080044F0020300F074FE01460028E2D105
:10261000202202A803F015FB3A46314602A84FEAF1
:10262000CA0603F0E9FA32460099DBF8080044F0E4
:10263000060300F05EFE07460028CCD101462022AA
:102640000AA803F0FEFA324600990AA802AE03F087
:10265000D3FA33460137B84514D91A46BC460DE0C3
:10266000D2F808E0D16818687144884203D25968EA
:1026700008448645AFD30CF1010C0832C445EFD1B4
:102680000833E7E715F0006F18BF202409F1180799
:1026900007EB880844F00203474513D1202C26D1CC
:1026A000002D02DBC5F3C0456C0109F128050AAE17
:1026B00005EB8A0A44F0060455451AD1009BC9F877
:1026C0007C3090E77268DBF8080056F8081B01932D
:1026D00000F00FFE00287FF47EAF56F8042C019B1B
:1026E00047F8042F56F8082C38633A62D4E70024E0
:1026F000DBE77268234656F8081BDBF8080000F099
:10270000F8FD00287FF467AF56F8043C45F8043F15
:1027100056F8083C28642B63CEE700BFB0190020B0
:102720002DE9F0411F461A4B0D461646D3F800809E
:1027300000F0D3FE044608B900F018FDE368002B52
:1027400001DA00F013FD032D01D900F00FFD04EBB9
:102750008504E569E36CED1A16D006233A46314646
:10276000D8F8080000F0C5FD08B100F0FFFCBD423C
:1027700028BF3D46E36CE16B2A461944304603F01E
:102780003BFAE36C2B44E3642846BDE8F08100BFCC
:10279000B01900202DE9F0411D461A4B0F46164690
:1027A000D3F8008000F099FE044608B900F0DEFC82
:1027B000E368002B01DA00F0D9FC032F01D900F007
:1027C000D5FC04EB8704E36AE26E9B1AAB4201D2AC
:1027D00000F0CCFC02232A463146D8F8080000F06D
:1027E00088FD08B100F0C2FCE36EE06D2A46314678
:1027F000184403F001FAE36E00202B44E366BDE8C1
:10280000F08100BFB01900202DE9F04105464FF0DE
:1028100001080E4E0E4B37685C681CB928463760BD
:10282000BDE8F0812268936813F400700CD1A369AD
:10283000012B09D0D368346023B19847002801DA0E
:1028400000F094FCC4F81880246AE6E7B019002070
:10285000B419002038B5044610B96FF0800038BDB7
:102860008368002BF9D01A68002AF6D05D68002D25
:10287000F3D00B4BE861A8691D6020B92B68DB68B9
:1028800053B90123AB61A36804F10C001B681B69F9
:10289000984701232360E2E798470028F1DADCE754
:1028A000B01900204268024B08461A60704700BF0A
:1028B000B0190020002330B505680446AA68C0E9B5
:1028C000063312F4406F85B01CD012F4006202D0BF
:1028D00000F07EF90246A96A2B6968460B4407316D
:1028E00023F0070321F00701CDE902130093002331
:1028F00005490193EB6800F067FA684600F0D0FDE7
:10290000024B1C6005B030BD09280300B01900203F
:1029100001F00C0370B50C2B0CBF154605464A069A
:102920000C461ED58B0658BF2835AB6913F8026CD0
:1029300084F00803C3F3C003C6F38012934201D0AE
:1029400000F014FC16F0A00F1CD176B1032E15D0A8
:1029500032461C210D48FFF7CDFD6FF083032B603D
:102960000AE000F003FC2026E2E700F003FB044647
:102970000146074800F090FD204670BD284600F053
:1029800009FAF9E732461F210248E4E7E23603007C
:10299000F80B0020FE360300EFF308807146EFF3DA
:1029A0000982EFF30B830CB406B4FFF7B1FF864640
:1029B000009900F0080001F00801401A02DC12DB67
:1029C00004B070471EF020031CBF2DE9F00FBDF1CD
:1029D000080D0A4C254626462746A046A146A24693
:1029E000A34630B4704704B030BC1EF020031CBFB7
:1029F0001DF1080DBDE8F00F04B07047A5EDF5FE20
:102A0000084BDA6882F07F4282F47F0242F480420F
:102A1000DA6000221A765A76DA76DA77602283F85C
:102A20002220704700ED00E0009A0A4B9A420FD135
:102A300001229043014602460346044605460646E7
:102A4000074680468146824683468446864604473A
:102A5000FEE70000A5EDF5FE2DE9F041044618B9AA
:102A600043F6DA30BDE8F0810029F9D0836800250B
:102A700013F4406F14BF012300234FF0140843F0F8
:102A80000203104E0B6000F13007236AAB4201D8FD
:102A90000020E7E7A369E26907EB830308FB023341
:102AA0000C226A4399188968090709D59B58B342D3
:102AB000D6D1306820B10121C0F30730FFF7F6F915
:102AC0000135E2E7AC10002070B5324C86B03248D8
:102AD000FFF7DDFC236801255A1C01932F4B226070
:102AE000DA681B694FF44076039300232A4801A952
:102AF00002920495ADF814608DF81630FFF788FC4B
:102B000018B143F6DA3006B070BD23688DF81600B0
:102B10005A1C0193224B20480293224B01A9CDE974
:102B200003352260ADF81460FFF772FC0028E8D18D
:102B300023688DF816005A1C01931B4B164802930C
:102B40001A4B01A9CDE903352260ADF81460FFF7F7
:102B50005FFC0028D5D123688DF816005A1C01931C
:102B6000134B0D480293134B01A9039302230493C3
:102B700040F201132260ADF81430FFF749FC04461F
:102B80000028BED12A4629460348FFF7DBF8204635
:102B9000B9E700BFBC190020A81000203C37030093
:102BA00080370300C05F03002008030020080300F3
:102BB000000C0020200C0020014B1868704700BF5B
:102BC0003C370300014B1B68186870473C37030013
:102BD000014B1B68586870473C37030008B5FFF786
:102BE0007BF9FFF7E5F80A4B5A68103AD3B21206A0
:102BF00009D401215A0903F01F03994002F160032F
:102C0000044A42F82310BDE8084000F0AFBA00BF04
:102C100000ED00E000E100E00020034BD8765A6AA6
:102C200042F470225A62704700ED00E00349044B01
:102C3000CA68002092B21343CB60704700ED00E0F9
:102C40000800FA0500224FF0FF300D4B02F1A00101
:102C50000132102A43F82100F8D1D3F88022002055
:102C600022F00802C3F88022D3F88022D3F8802211
:102C700022F40072C3F88022D3F88032704700BF7C
:102C800000E100E008B5FFF777F80822024BC3F82F
:102C900080211A60002008BD00E100E0064BD3F857
:102CA000D02022F00102C3F8D020D3F8D02042F087
:102CB0000202C3F8D020704700ED00E037B50124D0
:102CC000FFF788F8164D224605231649164800944A
:102CD000FFF79EF8224607234FF000501349009457
:102CE000FFF7ACF8D5E90101072300220094FFF7B4
:102CF0008FF8072300220E490E480094FFF79EF834
:102D00002969E8680139FFF7B3F8062300224FF478
:102D1000502009490094FFF77BF8002003B030BD34
:102D20003C370300FF7F030000020300FF9F0020E9
:102D3000FFFF032000A00020FF1F0D0038B5002476
:102D40000E4D002115F8010B0134FFF7BBF81D2CC7
:102D5000F7D10020012240F20111094BC3F8800491
:102D6000C3F88424C3F8C004C3F8C424054AC2F8D5
:102D700040154FF48072C3F8402438BD1D3703005E
:102D800000300050009003500122014B1A60704740
:102D9000C019002010B50446094B228918686168E3
:102DA0000623806800F0A5FA28B9064B1B68012BA2
:102DB00001D100F087F86FF08603236010BD00BFDB
:102DC000B0190020C01900202DE9F84305461E4621
:102DD0000068134B9046AA68A0F1080440E902334A
:102DE000503890420F4601D200F0C0F9A4F14809D2
:102DF00048220021484602F024FF002344E907331B
:102E000044F8143C4FF0807344F8043C6FF0020324
:102E100044E9036744F8208CC5E90093BDE8F883D2
:102E2000A5EDF5FE30B5094C024661680023084661
:102E300040B105686D68954205D11BB1826860603C
:102E40009A60816030BD03468068F1E7441A002033
:102E500038B504462AB10B689B68DB0512D5002003
:102E600038BD0B4B1D680DB900F080F900222B68AE
:102E700099692C338A4203D053F8040FA04204D13D
:102E80009142ECD16FF0FC00EAE70132F2E700BFBB
:102E9000B019002070B504460E46154600213022B8
:102EA0000C3002F0CEFE064B20461B68A660636025
:102EB000656100F001FA00232061236070BD00BF4E
:102EC000B0190020044B1B681BB11B680BB158687C
:102ED00070474FF0FF307047B0190020064B10B517
:102EE0001C680CB900F042F923689B6813F4406F2A
:102EF00014BF0120002010BDB01900202DE9F843B7
:102F0000904607460C46FFF7E9FF024624B96FF0EA
:102F100080042046BDE8F8836300F8D5144B04F024
:102F20001F0153F82150002DF1D02B682946586815
:102F3000FFF78EFFB0B9C4F30721284600F0BBFAB3
:102F400004460028E3D1EFF3108972B600F0C1F90E
:102F5000064689F3108840B142462946FFF79AFF9A
:102F60003E60D6E76FF08104D3E76FF08204D0E7CC
:102F7000C41900202DE9F04100F0AAF90023134EF6
:102F8000134F73607B6000F0E5F8DFF8488030464F
:102F900000F022F80446A8B139468023424600F0EA
:102FA0007FF80546204600F0CBFA206804F10801BE
:102FB000FFF752FD08B100F0D9F829462046FFF787
:102FC00079FCE4E7BDE8F04100F071B9B4190020E4
:102FD000441A0020C4190020F8B5054608B900F0CD
:102FE000C5F82A4E346814F1290F4CD8284B1968BB
:102FF00004F128038B4246D2236AA26903EB430300
:103000000C321344606AE269024402EB8202134408
:103010009B00E31801D2994201D200F0A7F823687F
:103020001C4A1B0C1B04934201D000F09FF823881C
:10303000B3F5817F01D300F099F86368002B01DAC2
:1030400000F094F8144A176807F124031360134A38
:103050001268934201D900F089F8236AA26903EB50
:1030600043030C32616A1344E2693C600A4402EB98
:1030700082021344326802EB83026B6832603B6267
:103080006F603846F8BD0027FBE700BFBC1000208A
:103090006037030000005F5FB81000205C3703005A
:1030A0002DE9F74F0F4690460646009300B109B947
:1030B00000F05CF8D6F800A0DAF818200AF1300326
:1030C00003EB820BDAF81C40204B1D6854B10C2234
:1030D00002FB04541C601E4B1B689C4201D900F08B
:1030E00045F82C4625464FF00009DAF81C204A45E1
:1030F00000D91CB9002003B0BDE8F08F142303FBF6
:1031000009B20023C5E900269268AB60930516D585
:10311000B8F1000F02D0009B802B03D0019200F089
:1031200025F8019A12F0E00FD0B202D158F8202011
:103130001AB1019000F01AF8019848F820507A6806
:1031400009F10109AA607D600C35CEE7B4100020BA
:103150005837030008B5FFF72FFD034B9860FFF7C2
:1031600031FD80F3888808BD00ED02E0FEF7E2BE85
:103170008230012808B506D8FFF7B0FE18B9BDE8BF
:103180000840FFF7F3BF08BDF8B506460D4600F04E
:10319000A4F9044608B9FFF7E9FFA7680FB9FFF7DC
:1031A000E5FFE368991C20D05A1C21D1A5B315F185
:1031B000820F13D102232360EFF3108672B62946E3
:1031C0002046FFF76FFB054686F310882368022B25
:1031D00024D1204600F086F82846F8BD15F1830F6B
:1031E000EAD0FFF7C3FF0025E6E702232360FAE7F2
:1031F000002BF6DB204600F094F93B689B689B05AA
:1032000001D50223236015F1810FD5D16369002B0D
:10321000D2DBFFF7ABFFCFE73546F4E700232360AF
:10322000DAE708B5FEF786FE6FF0830008BD2DE9EA
:10323000F3410E46174698460546FFF74FFE00F04D
:1032400060F92946024601A8FFF758FE044660B916
:1032500043463A4631460198FFF7ACF9044640B17F
:103260006B0002D5019800F03DF8204602B0BDE8A1
:10327000F0810198FFF7EEFA0446F6E740F20110FC
:10328000704770B50546FFF729FE06462846FFF74A
:10329000C9FD044608B9002070BD014632462846E3
:1032A000FFF7D6FD0028F6D12368D868F4E76FF061
:1032B0000200704700DF70474FF480507047B0F550
:1032C000805F03D1EFF30B80803870470020704798
:1032D0007047EFF30B8000F1800383F30B88704796
:1032E00000207047EFF30B83803B83F30B8870471C
:1032F00070472DE9F0410E461546002A4AD0C40712
:103300004BD480F00204C4F34004A40003F006028E
:10331000062A4AD144F0010422462946304602F0EA
:1033200043FBB8BB46E800F205EB0608100E12029C
:1033300008F1FF3747E800F34FEA136166D51B0237
:1033400064D5884262D046E800F547E800F7FFF709
:10335000B6F82D0E85424FEA176734D3FFF7B1F860
:10336000874230D82846FFF7A5F82246C6F101016A
:103370000144304602F018FB002847D00135AF4227
:1033800018D83846FFF794F82246A8EB000102F05F
:103390000BFBD8B30020BDE8F081EFF39484A400C8
:1033A00004F0040444F01204B0E7990731D544F066
:1033B0000804B1E72846FFF77BF80646FFF783F8D5
:1033C00022460146D5E7FFF786F885421ED3FFF770
:1033D00084F887421AD82846FEF762FD2246C6F1D5
:1033E00001010144304602F0DFFA78B10135AF4205
:1033F00003D83846FFF76AF8C6E72846FFF766F8AD
:103400000646FFF76CF822460146EBE76FF07F00B7
:10341000C1E74CF2DA20BEE710B50446FFF73EFCE8
:10342000FFF74CFC10B143F6DA3010BDFFF786FC15
:103430000028F8D1FFF748FB0028F4D102232360CD
:10344000F3E708B5FFF7E8FB10B143F6DA3008BD43
:10345000FFF7ECFB0028F8D100F01CF80028F4D1AD
:1034600062B6FDF7B1FCFFF7EDFB0028EDD1FFF7E9
:1034700009FC0028EBD0E8E7EFF30880EFF30981BF
:103480002DE9F00F6B467246FDF7F6FB08B0FFF72B
:10349000A5FBFEE70020704704460D46A5462847D9
:1034A0000368283383F30988836883F30B88BFF3A9
:1034B0006F8F4068704703689A68DB6812F4806F0A
:1034C00005D18B422CBF00206FF0FA0070478B4271
:1034D0000CBF00206FF0FA00704710B5FFF7EFFE49
:1034E0000446FFF7FDFE50B9FFF7ECFCA3685B68EC
:1034F0001B685B68834218BF0024204610BD00246F
:10350000FBE738B5054648B100F01BF8B5EBD07FB6
:10351000044601D0FFF72AFE204638BDFFF7D2FC53
:10352000F4E7002310B500F1280252F8041F19B186
:10353000C16F146C19444C600833202BF5D110BDB9
:1035400070474FF0FF307047000001464154414C36
:10355000204552524F523A200048617264466175CC
:103560006C740D0A004D656D4D616E616765206676
:1035700061756C740D0A004275734661756C740D4B
:103580000A0055736167654661756C740D0A0053D6
:1035900065637572654661756C740D0A00526573DA
:1035A000657276656420457863657074696F6E2016
:1035B00000506C6174666F726D2065787465726E10
:1035C000616C20696E74657272757074202849523E
:1035D000516E293A20000000F50D03001B22030064
:1035E000711003002D0E0300432203004F2203003D
:1035F000450E03001F220300150E0300210E0300D9
:10360000F90E0300252203003122030037220300B4
:103610000500000004000200030202020000000096
:103620000338FDD87047506C6174666F726D204529
:103630007863657074696F6E3A0D0A0000000000CF
:10364000000200000004000000080000001000005C
:10365000DEE61E284CBBCE8F025B0000000003009C
:10366000000200000002FF002C0000003001FF00FB
:10367000080000004001FF000C0000003031323330
:103680003435363738394142434445461B5B313B7C
:1036900033346D5B536563205468726561645D20EB
:1036A00053656375726520696D61676520696E6930
:1036B0007469616C697A696E67211B5B306D0D0AF4
:1036C000001B5B313B33346D426F6F74696E672052
:1036D00054462D4D2076322E302E301B5B306D0D32
:1036E0000A00556E6B6E6F776E2053504D20535607
:1036F00043207265717565737465643A2000556E78
:103700006B6E6F776E20535643206E756D626572D7
:10371000207265717565737465643A20000405084C
:103720000A0B0E0F1011141517181B1C1D1E1F203D
:103730002122232426282A39423A0000008003004F
:1037400000800300FFFF0F00007C030000800300E7
:1037500000000D00FF1F0D00241200200C1200209D
:1037600000040300FFFFFFFFFFFFFFFFFFFFFFFF5E
:10377000FFFFFFFFFFFFFFFFFFFFFFFFFFFFFFFF59
:10378000009A204B9A4208D110B502F07DFA02F05F
:10379000A9F906BC96460C46744702F0B9FA009A9D
:1037A000184B9A4208D110B502F07AFA02F09AF951
:1037B00006BC96460C46744702F0AAFA0CB4029A6C
:1037C000104B9A420CD14FF0004319430CBC10B57A
:1037D00000F09EF802F086F906BC96460C46744747
:1037E00002F096FA009A074B9A4202D106490868FD
:1037F000744702F08DFA009A024B9A4200D1744746
:1038000002F086FAA5EDF5FE801000200348044B77
:10381000834202D0034B03B118477047A011002028
:10382000A0110020000000000548064B1B1AD90F0C
:1038300001EBA301491002D0034B03B118477047B5
:10384000A0110020A01100200000000010B5064CBF
:10385000237843B9FFF7DAFF044B13B10448AFF301
:1038600000800123237010BDC0180020000000005C
:10387000B45F030008B5044B1BB104490448AFF31F
:103880000080BDE80840CFE700000000C418002019
:10389000B45F0300A3F5803A704700BF174B002BBD
:1038A00008BF134B9D46FFF7F5FF00218B460F46DF
:1038B0001348144A121A02F0C4F90E4B002B00D020
:1038C00098470D4B002B00D09847002000210400A2
:1038D0000D000D48002802D00C48AFF3008002F024
:1038E000DBF820002900FEF731FE02F0C1F800BF2E
:1038F000000008000000000000000000F80B00209D
:10390000A0110020B82800200000000000000000E6
:103910002DE9F84304460D4616461F46EFF305838E
:10392000C3F308030BB1FFF721FCDFF834903B46EB
:10393000204632462946D9F80080FFF778FCD9F8AE
:1039400000300446984506D0DB6901461869BDE899
:10395000F843FFF719BCFFF70BFC2046BDE8F883DE
:10396000B019002001680E4A0346914215D1C16981
:10397000A2F11022A2F1EF1291420ED18268012A27
:103980000BD8C26812B101698A4206D0586928B1C1
:103990009B691B1A5842584170470120704700BF6D
:1039A00055AA00FF0D4B70B59E68A6B13046FFF7D3
:1039B000D9FF044678B9F3686BB935690DB920466B
:1039C00070BD2846FFF7CEFF28B9EB68B34202D19D
:1039D0002E462D69F2E70124F1E700BF4C1A0020C2
:1039E0002DE9F041394E3468F368D4B1B468C4B1FC
:1039F000002861D000295FD001FB00F5B5FBF0F095
:103A0000884259D1291D57D8AA070DD025F00302A5
:103A100004321C4603E0616891424FD2A469002C35
:103A2000F9D12046BDE8F0812A46F2E7891A232918
:103A300004F12007D4E9050C1AD80123A360A0B132
:103A4000C0F818C0A36903B158610023C4E9053365
:103A50003369DB0702D5FFF7A5FFA0BB2A4600218B
:103A600038463C4602F0EDF8DBE7C6F80CC0E9E763
:103A700002F1200804EB08032039C3E9011E216983
:103A8000DFF84CE0DC60196144F808E0AEF1102E7C
:103A9000AEF1EF1EC3F81CE001B1CB60C3E9050C29
:103AA00040B18361996901B14B6101212361C4E98E
:103AB0000121CAE7F360F5E70024B2E7D4F808E093
:103AC000BEF1000FB2D0012001F0D2FF4C1A00204D
:103AD00055AA00FFF8B5054600283AD0364E33689F
:103AE000002B36D0B268002A33D0834203D87268E4
:103AF0001344984202D3012001F0BAFFA0F1200440
:103B00002046FFF72FFF0028F5D155F8183C012B70
:103B1000F1D145F8180C55E90570DFB1BB68CBB998
:103B200055F81C2C7B68203213447B60386100B14F
:103B3000C76020220021204602F083F8386908B1CE
:103B400083682BB333699B0703D5FFF72BFF00284E
:103B5000D1D1F8BD40B3836833BB42686368134476
:103B6000203363600369D4E90521236192B9B9B9AF
:103B7000426981696261A161A2B19461A26902B1E5
:103B8000546103B1DC602022002102F05AF8D9E729
:103B90003C46E2E79161A1690029E9D04A61E7E783
:103BA000F160F8E7F460E9E7F36845F8083C03B131
:103BB0005C61F460C6E700BF4C1A002038B50D46C2
:103BC000142200210446124802F03BF81149124821
:103BD00000F02CF8232D1AD914F003031FBF043D65
:103BE000ED18C3F10403E4182A460021204602F030
:103BF00028F8074B094AC3E900459C602260A2F1FE
:103C00001022203DA2F1EF126560E261DC6038BD58
:103C10004C1A0020D53A0300E139030055AA00FFF1
:103C2000014B1B68184700BFC0100020024B1860F2
:103C3000024B002019607047C4100020C010002003
:103C400010B50A46044619B1024B00211B6898477B
:103C500010BD00BFC8100020054B0A46197819B1E5
:103C60000146181D02F08EB86FF08800704700BF43
:103C7000601A002010B5074C00F032F8204602F020
:103C800092F8201F0821FFF7DBFFBDE8104002F08B
:103C900076B800BF641A002070B50C4D2B787BB944
:103CA00002F06BF8044670B90126281D6E7002F010
:103CB00067F8044638B900F00BF8044618B92E70BE
:103CC0000024204670BDFFF7D5FFFAE7601A0020F8
:103CD0000122024B002083F880257047681A0020DB
:103CE000F8B5074C2025264601272046276202F01A
:103CF00033F8013D04F12C04F7D186F88055F8BD66
:103D0000681A002010B50C4C236813B10B4B1B68CC
:103D10002BB900F089FC30B90122084B1A6001234D
:103D20002360002010BD0138062801D9044810BDC9
:103D3000044B53F8200010BD042000200020002078
:103D4000FE8FFFFF1C5E0300144B2DE9F04300289B
:103D500014BF04461C46124F236883B0BB4219D0DF
:103D600016460D4620464FF4147104F1040900F084
:103D700047F804F58E78484600F0CEF8404600F04B
:103D800019FA2B464A4640460649009600F034FB95
:103D900008B92760002003B0BDE8F08308200020A8
:103DA000A5BCC95A9D3F030070B50D4C1D460028A7
:103DB00014BF064626460B4B306882B098420DD1A0
:103DC00006F58E70002633460096144600F03EFB42
:103DD000002818BF34462C6002B070BD0248FBE7D3
:103DE00008200020A5BCC95AE88FFFFF38B131B1C7
:103DF000002201440346013081421A70FAD1704713
:103E000038B131B1002201440346013088421A70B2
:103E1000FAD170472DE9F043202B1D46064688460F
:103E200091468BB026D8DBB202AF8DF80480B04645
:103E300058F8041B8DF8053021B9404601F038F9D7
:103E4000044640B9012302224046336001A901F033
:103E500043F9044638B138462021FFF7D1FF204608
:103E60000BB0BDE8F0832A464946404601F034F9DC
:103E70000446F0E702AF1946104600233A4601F027
:103E8000B1FA04460028E6D12023B9461D46CCE706
:103E90002DE9F041D0F8F830A6B0002BD8BF02AE23
:103EA00031DD05460027D0F80C4102AEA4F101082F
:103EB0009022D5F8FC403146D0F8000101AB0197C3
:103EC000B8FA88F8A0474FEA5818044620B9019B71
:103ED00053B9B8F1000F16D030469021FFF790FF8C
:103EE000204626B0BDE8F081014632462846FFF75D
:103EF00091FF58B9D5F80431019A1344C5F804313B
:103F0000B8F1000FE8D16FF03C04E5E70446204625
:103F100026B0BDE8F08100BF70B50025044614222C
:103F200004F588762946C0F8F850FC3001F089FE87
:103F300008222946304601F084FE144B30461B68A7
:103F40009847204640F8045B01F098F8104B304643
:103F50001B689847C8B9D4F8F830AB420FDC03EBC4
:103F6000830204EB82022021C2F800010120C2E991
:103F7000421008490133C2F8FC10C4F8F830064B6F
:103F80003046BDE870401B68184770BDE81000203F
:103F9000E4100020814F0300E01000202DE9F047DD
:103FA000202A88B07AD83F4B00F5887904461B68F0
:103FB00048461746884698470546F8B940F2011624
:103FC000D4F8F830002B65D02046FFF761FF054696
:103FD00038B9D4F8F830002B14DC013EF2D16FF080
:103FE0003B056E4620213046FFF70AFF2E4B484620
:103FF0001B689847002818BF6FF01D05284608B0B9
:10400000BDE8F087D4E94132934203D3D4F80C21C0
:10401000012A02D0013ED7D1E1E71F2BFAD96E4623
:1040200001462022304604F1040A01F00AFE31461E
:10403000504601F07BF805460028D3D1504601F0E8
:1040400031F8504601F01AF82946504601F030F890
:1040500005460028C6D150462022314601F03CF8E2
:1040600005460028BED1034632462021304601F0E5
:10407000B9F905460028B5D1D4F8F8303A46002BF6
:10408000C8BF002340463146C8BFC4F8043101F020
:10409000B3FDA7E76FF03F056E46A3E76FF03B0562
:1040A000ACE700BFE4100020E010002070B590B035
:1040B00000287AD03E4C0D46402236210646204646
:1040C00001F0BFFD40225C21A01801F0BAFD2B1DBC
:1040D000A34203D904F144039D4252D32B682268C2
:1040E000534023602B68226C534023646B686268E2
:1040F000534063606B68626C53406364AB68A26852
:104100005340A360AB68A26C5340A364EB68E268C1
:104110005340E360EB68E26C5340E3642B6922692F
:1041200053402361226D2B695340236562696B699B
:10413000534063616B69626D53406365AB69A2690B
:104140005340A361AB69A26D5340A365EB69E2697B
:104150005340E361EB69E26D5340E3650021304673
:1041600000F0A6FF044628B940223046104900F06E
:10417000B3FF044640216846FFF742FE204610B0D8
:1041800070BD631E04F13F01013D1F3415F8010F9E
:1041900013F8012F42401A7011F8012F2878A3421A
:1041A00082EA00020A70F1D1D8E76FF07304E5E704
:1041B0005822002010B54FF49A720021044601F0F5
:1041C00040FD42F21072044BC4F8202104F59670B1
:1041D0001B68BDE810401847E81000202DE9F04F9B
:1041E00004468846914695B0002900F0A780002A31
:1041F0000CBF0126022600238DF80C30002C00F0A5
:104200009F80DFF844A104AF0AF1400B0021204653
:1042100000F04EFF034648B1384620210193FFF7D6
:10422000EFFD019B184615B0BDE8F08F40225146C6
:10423000204600F051FF03460028EDD104F1F405BB
:1042400020222946204600F047FF03460028E3D1FC
:104250000122204603A900F03FFF03460028DBD1DE
:10426000022E62D020460CA900F060FF0346002811
:10427000D2D10146204600F01BFF03460028CBD1D7
:1042800040225946204600F027FF03460028C3D1AC
:10429000202220460CA900F01FFF03460028BBD1B6
:1042A0003946204600F042FF03460028B4D1394683
:1042B0002046FFF7FBFE03460028ADD12022294609
:1042C000204600F009FF03460028A5D120460CA98E
:1042D00000F02CFF034600289ED10146204600F046
:1042E000E7FE0346002897D140225946204600F0B9
:1042F000F3FE034600288FD1202220460CA900F0AF
:10430000EBFE0346002887D12946204600F00EFF29
:104310000346002880D19DF80C200132D2B2B2426F
:104320008DF80C20FFF472AF76E74A4641462046EE
:1043300000F0D2FE0346002894D06DE701265AE72C
:104340006FF0730304AF67E7582200202DE9F041B6
:104350000446884615461F46D0F81801E0B013B150
:1043600000EB40004008B5F5807F3ED82844B0F50A
:10437000C07F3AD84FF4C0720021684601F061FC5A
:104380006946D4F82431D4F81821D4F82801984784
:1043900070BBD4F8186157B1D4E9493072080DEBFD
:1043A0000601984720BBD4F8183106EB5306B8F144
:1043B000000F00D08DB9324669462046FFF70EFF48
:1043C000054610B90123C4F8143131466846FFF799
:1043D00017FD284660B0BDE8F0810DEB06004146B0
:1043E0002A462E4401F008FCE5E76FF00405F0E7EB
:1043F0006FF00805EDE700BF2DE9F047044604F132
:10440000F4050F4691461E46DDF8208000F036FE8A
:1044100029462046FFF74AFE08B1BDE8F087284646
:104420002022012101F00DFCD4F81831C4F82471C8
:10443000C4F8289113B92023C4F8183142463146F4
:104440002046BDE8F0470123FFF780BFB2F5806F3B
:1044500000F295802DE9F04F89B09A46129BB3F592
:10446000807F00F29080D0F82431164604460F4633
:104470004BB3D0F81C31012B05D0D0F81421D0F863
:1044800020319A421FDD514600232046129AFFF741
:104490005DFF014698B900231293002E5ED0DFF82D
:1044A000EC9009F1400B0021204600F001FE202E87
:1044B0003546014628BF202504F1F40890B108468E
:1044C00009B0BDE8F08FBAF1000FE6D0129B002BC7
:1044D000E1D051461A462046FFF780FE01460028EB
:1044E000DBD0ECE749464022204600F0F5FD0146CE
:1044F0000028E4D141462022204600F0EDFD01468F
:104500000028DCD16946204600F010FE0146002854
:10451000D5D1204600F0CCFD01460028CFD1594628
:104520004022204600F0D8FD01460028C7D1694648
:104530002022204600F0D0FD01460028BFD1414690
:10454000204600F0F3FD01460028B8D138462A463F
:10455000414601F051FB761B2F44A4D15146204621
:10456000129AFFF73BFE01460028A8D10846D4F86E
:1045700014310133C4F8143109B0BDE8F08F6FF085
:104580000201084670476FF0040198E758220020A6
:10459000002130B58DB0282202A8019101F051FB15
:1045A00002A800F047FF044610B120460DB030BD10
:1045B000174D4FF0FF31286800F042F9044620B152
:1045C000144800F0D3F9012C18D0002000F068F94D
:1045D000D0B9114A02A901A800F0C4FC0446012088
:1045E00000F05EF960B9286800F032F90028DCD0EC
:1045F0000A4800F0BBF920460DB030BD0524F2E7B3
:10460000074800F0B3F9EEE7064800F0AFF9E0E73D
:10461000CC100020385E0300D8220020905E0300FA
:10462000705E0300505E030030B583B000F05CF8AC
:1046300028B100F0ABF80324204603B030BD00F0F1
:1046400077F8D8B900F02CF9E0B9224CD4F8283921
:104650001B0EF02B0AD1D4F8242A1F4B9A4231D0DA
:1046600000F044F8072400F091F8E5E7062400F094
:104670003DF800F08BF8204603B030BD04242046FE
:1046800003B030BD00F032F800F080F8FFF780FF93
:10469000044698B9114D2B68002BCDD10246014636
:1046A000FFF752FB50B968220D4901ABFFF77CFBC5
:1046B00020B920460B4B2B6003B030BD05242046AB
:1046C00003B030BD012000F0EBF80028DAD1C4F8C7
:1046D0000C0ADBE7001084500000E020F8240020E2
:1046E000FC2400205AEA5A5A0020704700207047E4
:1046F000430504D54FF0FF32034BC3F80821024BAA
:10470000C3F8080A704700BF00108450014BC3F87B
:10471000040A70470010845008B100F06BB84FF4E1
:104720007500704708B100F04FB84FF4750070473E
:1047300010B5114800F070F800B110BD0F4800F03E
:104740006BF80028F9D10E4C204600F065F80028DF
:10475000F3D10C4B0C481C6000F05EF801460028B9
:10476000EBD100F02DF8044608B1204610BD00F052
:1047700079F82046FAE700BFDC100020D8100020AE
:10478000D4100020CC100020D010002008B508481C
:1047900000F04CF8074800F049F8074800F046F8E8
:1047A000064800F043F8BDE8084000F00BB800BF31
:1047B000DC100020D8100020D4100020D0100020E1
:1047C00000207047704700BF024610B4084CD4F870
:1047D000003A1342FBD021B1D4F804310B60C4F885
:1047E0000831034B0020C3F8082A10BC704700BFF3
:1047F00000108450044AD2F8003A1842FBD0C2F8A4
:10480000080A0020704700BF0010845001F0BEB9B4
:104810000A46002101F015BA08B5034B02681B686F
:1048200010689847002008BD0811002008B5034B08
:1048300002685B6810689847002008BD08110020D6
:10484000024B02689B681068184700BF08110020DF
:1048500008B5034B0268DB6810689847002008BD64
:104860000811002070B5094C094D2069AB689847C4
:1048700018B1084B08485B6898470021074AEB6865
:1048800011602069BDE87040184700BFF410002097
:1048900008110020EC100020A85E03006425002011
:1048A000F8B51A4D1A4E0446B26828699047E8B91F
:1048B000184F3B684CB1A3B1012B19D0013B3B60B1
:1048C0002869F36898470020F8BD43B90121124ACE
:1048D000C2F800151149D1F81029002AFBD1013383
:1048E0003B60F368286998470020F8BD0C48F8BD84
:1048F0000A4AD2F81039002BFBD1074A6FF07E40EC
:10490000C2F80035FFF702FF3B68D7E7F41000203C
:1049100008110020642500200000845000108450FD
:10492000E98FFFFF014B1B68184700BF08110020EB
:10493000014B9B68184700BF08110020014BDB6842
:10494000184700BF08110020BFF34F8F0549064BE1
:10495000CA6802F4E0621343CB60BFF34F8F00BF1D
:10496000FDE700BF00ED00E00400FA0530B44FF0B1
:10497000FE320025074B084C08494968C3F800245B
:10498000C3F80424C3F80824C3F80C24C4F8005561
:1049900030BC08470010845000008450EC10002008
:1049A00010B5044650B1636813F0685F05D0064A3D
:1049B000934202D000236260236010BD034B044881
:1049C0005B689847EFE700BF2C5F5CA9EC10002004
:1049D000C85E0300C8B143680D4A934213D013F078
:1049E000685F0ED0012350E8002F194640E8001CF4
:1049F0009CF0000FF7D1012AF5D0BFF35F8F0020A4
:104A0000704704487047044870476FF4E0407047AF
:104A10002C5F5CA9E98FFFFFEA8FFFFF034680B19F
:104A2000426809498A420AD012F0685F05D0BFF394
:104A30005F8F002210461A60704704487047044890
:104A400070476FF4E04070472C5F5CA9E98FFFFF6F
:104A5000EA8FFFFF10B5044620B10023034A23600C
:104A6000626010BD0248FFF781FFF6E73A00003AA6
:104A7000F05E03002DE9F047002878D00C460029AD
:104A800075D01D46002B72D007461AB101220023B3
:104A90002A6003602B68002B64D02946204600F072
:104AA000B7FD804600285FD12146286800F096FDBA
:104AB0008046002858D12B68082B6CD0042B6DD071
:104AC000A3F10209B9FA89F94FEA59190121354EC2
:104AD000C6F8C411C6F84011C6F8C411636AC6F816
:104AE0003031D6F830219342F6D14FF0000A4FF022
:104AF000FF30C6F82CA1FFF7FBFD6FF01B035046FB
:104B0000C6F80031FFF702FEC6F80C91D6F8040A89
:104B100040F48060FFF7FAFD0A23C6F83831089B9D
:104B2000012B29D02369204AA2FB03231B09626AB7
:104B3000404602FB03F303EB43031A4ADB039B09E2
:104B4000C2F8D8310123C2F82C313B682A6823F01F
:104B50007F4343EA02633B602A6843EA02233B60E7
:104B6000BDE8F087DFF844804046BDE8F087DFF815
:104B700040804046BDE8F0874FF47F03D3F80C2C0B
:104B8000013206D0D3F80C3C074AA2FB03231B09D1
:104B9000CDE71623CBE74FF0030997E74FF0020963
:104BA00094E700BF00108450ABAAAAAA310CF10010
:104BB000350CF10058B34B1EB3F5047F27D230B546
:104BC0004FF0000ECD00744671464B0901F01F0CEA
:104BD00050F82330BCF11F0F23FA0CF306D003F07A
:104BE000010319B901211C468E46EEE79C4201F1F2
:104BF000010106D01C464FF0010EA942E5D100206C
:104C000030BD0EF1010E9645F7D1024830BD014886
:104C1000704700BF360CF100C0B32DE9F0434C1EC5
:104C2000B4F5047F1DD2E3B1DAB100252E46A846C3
:104C30002C46CF0003F1FF394FEA541C04F01F0E3D
:104C400050F82C10BEF11F0F21FA0EFC0CD00CF006
:104C5000010C4CB90126E04634463546ECE7964255
:104C600016D90C48BDE8F083AB420BD0C44508BF51
:104C70000136A945F3D001350134BC42DCD1002016
:104C8000BDE8F0830125E0462E46F5E70148704770
:104C90001D46F1E7370CF1002DE9F04F91B0834646
:104CA000DDE91B460D46002E6ED10F691C60002306
:104CB0001A990B60002A00F02F819D4B6A6AD3F885
:104CC0003811D3F830319A4269D10A2967D19BF85B
:104CD0000330089304F10803079304230593954BCD
:104CE000934CA3FB07239B0803EB4303A7EB43036E
:104CF000039306971A9B069E1E60002E00F0EA8022
:104D000000F096FC00230993BBF1000F00F0D58062
:104D100098464FF0010ADDF81C90002D00F0CD8080
:104D2000089B002B3DD0284608A900F071FC002804
:104D300039D0814B984220D0089B082B00F0E480AA
:104D400000225B000893294608AB58460092FFF703
:104D500091FE7A4B984200F0D38070B9DBF80020C6
:104D6000130A03F47F03134323F07F43CBF800308F
:104D7000059B013B0593BDD10020039000F058FC3A
:104D8000039811B0BDE8F08F4FF47F01D1F80C0CFF
:104D900001300CBF4FF40477D1F80C7C86E76848EB
:104DA000EBE76648C5E72946089800F017FC00289D
:104DB000BFD1089B082B00F0A980042B00F0A9802C
:104DC000A3F10203B3FA83F35B090493C4F8C4A10B
:104DD000C4F840A1C4F8C4A16B6AC4F83031D4F857
:104DE00030219342F6D100234FF0FF30C4F82C312C
:104DF000FFF77EFC002318466FF01B03C4F8003158
:104E0000FFF784FC049B4B4FC4F80C31D4F8040A20
:104E100040F48060FFF77AFC0A23C4F838312B692C
:104E200009A8A7FB03236A6A1B0902FB03F303EB30
:104E30004303DB039B09C4F8D831C4F82CA1DBF889
:104E40000030089923F07F420B0243EA01631343C9
:104E5000CBF8003000F0B2FB099B03F01A030343C8
:104E60007FF46AAFA7FB0637D4F81431B8EB970F7D
:104E70000A93D4F818310B93D4F81C310C93D4F85E
:104E800020310D93D4F824310E93D4F828310F93A8
:104E900001D1039B9BB9484618220AA9183EFFF787
:104EA000B5FC09F1180908F101089EB100F0C0FB3A
:104EB00000230993002D7FF433AF224839E7484699
:104EC0001A46F61A0AA9994408F10108FFF79EFC50
:104ED000002EEBD1069F079E6A6939463046FFF7E0
:104EE00069FEAA6940B94FF4806339463046FFF73E
:104EF00093FE00283FF440AF00231A9A136018E78E
:104F00002B6A002B3FF439AF0F4836E70323049395
:104F10005CE70223049359E701222946584600968C
:104F200008ABFFF7A7FD00283FF4D4AE25E700BF8C
:104F300000108450ABAAAAAA020CF100310CF100B7
:104F4000300CF100350CF100320CF10010B4DDE949
:104F5000013401940024DDF80CC0CDE902C410BC7A
:104F6000FFF79ABE30B51546012487B005AB009314
:104F70000022CDE9015404ABFFF78EFE07B030BD2F
:104F8000F0B587B0002966D01E46002B63D01446CA
:104F9000002A60D0314F0D4638684FF0FF31FFF7DF
:104FA0004FFC00284DD10020FFF77AFC002844D1A7
:104FB0002B4800F03FFAD8B101204FF0FF35FFF742
:104FC0006FFC002835D14FF408712648FEF70EFF1C
:104FD00004212548FEF70AFF21482821FEF706FF95
:104FE0003868FFF735FC00282FD1284607B0F0BD00
:104FF0001C4A0346029205AA019204AA0390009259
:10500000174902461848FFF7A1FF03460028D3D1ED
:1050100028461D46059B22469C4228BF1A460499F5
:1050200032600831FFF7F2FB0120FFF739FC00285E
:10503000C9D00E48FFF79AFCC5E70D48FFF796FC6C
:10504000B6E70C48FFF792FCADE70B48FFF78EFC84
:10505000284607B0F0BD4FF0FF35C6E7CC10002062
:105060007C250020A425002078250020705E030008
:10507000505E0300385E0300145F030010B5044661
:1050800028B12046BDE81040F421FFF7C1BB044819
:10509000FFF76CFC2046BDE81040F421FFF7B8BBD9
:1050A0002C5F030010B1F421FEF7A0BE704700BFD3
:1050B00008B521B1012908D06FF0360008BD0121E3
:1050C00000F058F80028F7D108BD022100F052F88E
:1050D0000028F9D0F0E700BF30B505468818B0F5D4
:1050E000801F0B461446A1B001D8802A0CD9B3F515
:1050F000801F17D922461946284600F07DF804463D
:1051000084B9204621B030BD6846FFF77FFB2246B8
:105110006946284600F070F8802104466846FFF78B
:1051200077FBEDE76FF03604EBE700BF70B5E8B151
:105130000E46D9B1044600F031F80546B0B92368EF
:10514000012B0BD0022B01D0284670BD1C2230460B
:1051500004F10801FFF75AFB284670BD20223046B3
:1051600004F10801FFF752FB284670BD6FF03605C9
:10517000EAE700BF78B138B50D46F0210446FFF7E5
:1051800047FB402320462560E36500F091FA003894
:1051900018BF012038BD0120704700BFF0B5056E73
:1051A000A5B0044604AEE5B90023012701933046BB
:1051B0006760294602AA009300F046FA10B1012068
:1051C00025B0F0BD2A46204602A900F099FA002831
:1051D000F5D1204600F0AAFB0028F0D1206625B0CA
:1051E000F0BD802D2A46304628BF802204F164019C
:1051F000FFF70CFB256ED7E7002800F0AE802DE905
:10520000F04F1446A5B0002A3DD00F46002949D0E2
:10521000B2F5803F0546006E20D34FF6FF7805F1CA
:10522000640AEB6D1A1AB2FBF3F103FB1122002A98
:1052300065D18342B9464FF6FF7672D0B6FBF3FBD9
:1052400003FB0BFBBBF1000F30D1002E45D1A4F5C1
:105250007F44FF3CB4F5803F4744E2D2EA6D161A22
:10526000B6FBF2F302FB1366A64228BF2646002EC9
:1052700075D1824200F08D80B4FBF2F602FB06F697
:105280002EB9002C79D1002025B0BDE8F08F002385
:1052900031463846CDE9003302AA00F0D5F900289E
:1052A00000F09580012025B0BDE8F08F002359461D
:1052B0004846CDE9003302AA00F0C6F90028F1D132
:1052C0005A46284602A900F01BFA0028EAD1A6EBAC
:1052D0000B06286ED944002EB9D019304946324603
:1052E00005EB8000FFF792FAA4F57F44286EFF3C9F
:1052F0003044B4F5803F4744286692D2AEE7424539
:1053000028BF4246164639465044FFF77FFA286EBA
:10531000EB6D3044834207EB06092866A8EB0606CE
:105320008CD1802B28BF802351461A4604A8FFF752
:105330006DFA0023E96D02AACDE9003304A800F05C
:1053400083F90028AED12846EA6D02A900F0D8F909
:105350000028A7D1EB6D286670E70120704705F1A2
:105360006403394632461844FFF750FA286EEA6D56
:105370003044A41B374428667BE72B6E2246193342
:1053800005EB83003946FFF741FA2B6E23442B6669
:1053900079E7802A28BF802205F1640104A8FFF77D
:1053A00035FA0023E96D04A8CDE9003302AA00F024
:1053B0004BF900287FF476AF2846EA6D02A900F089
:1053C0009FF900287FF46EAFEA6D286654E73246F5
:1053D000284602A900F094F900287FF463AF37440F
:1053E000A41B4EE7F8B51C460546114816460F4665
:1053F000FFF744FE21460E48FFF75AFE044620B14F
:105400000B48FFF74FFE2046F8BD3A4629460848AC
:10541000FFF762FE04460028F2D131460448FFF748
:1054200085FE04460248FFF73DFE2046F8BD00BF5A
:10543000C42700201C2370B582B001A90546019342
:1054400000F032F8044638B9019B1C2B07D0144CED
:105450001C212846FFF7DCF9204602B070BDD5E9D3
:105460000112131E18BF0123003918BF01210126A4
:1054700028689B00EA6843EA4103002818BF43F00C
:105480000103EE612AB9C5E90834002BE4D1054CCB
:10549000DEE7204643F00803C5E9083402B070BDDA
:1054A000370CF0000E0CF0000346002866D00029EF
:1054B00064D00A681C2A61D14FF47F023B49D2F8BC
:1054C000100C88425CD0D2F8101C013158D0D2F8B0
:1054D000101C4FF47F021960D2F8140C3449884232
:1054E00060D0D2F8141C01315CD0D2F8141C4FF4F7
:1054F0007F025960D2F8181C11F5947F4FD0D2F872
:10550000181C01314BD0D2F8181C4FF47F0299605F
:10551000D2F81C0C274988423ED0D2F81C1C01311D
:105520003AD0D2F81C1C4FF47F02D960D2F8001C8C
:1055300070312FD0D2F8001C01312BD0D2F8001CD2
:105540004FF47F021961D2F8041CAF3120D0D2F899
:10555000041C01311CD0D2F8041C4FF47F025961A5
:10556000D2F8080C144988420DD0D2F8081C013139
:1055700009D0D2F8082C00209A61704701207047AA
:1055800040F6FC01A5E740F2373200209A617047EF
:105590005121E2E79021D3E742F60411C3E740F638
:1055A000D861B2E742F2D001A1E700BFFCF8FFFFEB
:1055B000D020FFFF0429FFFF37F3FFFF014608B5A6
:1055C0004FF48060FFF7AEF80022034BC3F8C82108
:1055D000C3F82C2108BD00BF0010845001380728F3
:1055E00005D8DFE800F0100E040A0404040607489A
:1055F0007047CB6800204B6270478B6800204B627D
:1056000070474B68F6E70B68F4E700BF310CF10018
:105610000B6802E0082B0B6006D8026A13424FEABF
:105620004303F7D00020704700487047310CF10069
:105630000022044B4FF48060C3F82C21C3F8C4212E
:10564000FFF756B800108450F0B5002483B0B0F1D5
:10565000005F8DF8074025D38C468444BCF1804F11
:1056600004461FD817461D4601220DF1070300F01E
:1056700097F90646B0B99DF80730099A3C603B712E
:1056800092B14DB10246089928460DF1070300F08A
:1056900087F938B99DF807303046099A15601371BB
:1056A00003B0F0BD4FF47506304603B0F0BD00BF47
:1056B000D8B108B50368012B04D0022B0FD043B139
:1056C0000B4808BD20220B490830FFF79FF8002047
:1056D00008BD142208490830FFF798F8F7E72022A0
:1056E00006490830FFF792F8F1E74FF4730070476E
:1056F0000100F3003C5F03007C5F03005C5F03007C
:105700002DE9F843002900F0F9800446002800F054
:10571000F98003680F469046002B00F0C380013BE0
:10572000012B00F2D7804FF0FF3178484FF002098B
:10573000FFF786F8002840F0BF800020FFF7B0F8A0
:105740000646002840F0C280714AD2F81C39002B6E
:10575000FBD16F4DD5F8203C002BFBD14FF0FF3033
:10576000FEF7C6FFD5F8040A20F04000FEF7CEFF92
:1057700001230722C5F81838C5F80029C5F8C43731
:10578000A36CC5F8CC37E36CC5F8D037C5F8C09723
:1057900023685BB1013B012B18D8636AC5F85C36FE
:1057A000236AC5F85836E369C5F85436A269584BE0
:1057B000C3F850266269C3F84C262269C3F848260C
:1057C000E268C3F84426A268C3F84026504AD2F8DB
:1057D0001039002BFBD1B8F1000F5FD06368402077
:1057E000012B08BFC2F884363A68494BC3F8282C0D
:1057F000C3F82C8CFEF790FF0646454AD2F81039C4
:10580000002BFBD1424AD2F8203C002BFBD123686D
:105810005BB1013B012B18D8D2F85C366362D2F839
:1058200058362362D2F85436E361394BD3F8502608
:10583000A261D3F84C266261D3F848262261D3F8DE
:105840004426E260D3F84036A36000230121304AA9
:10585000D2F8CC07A064D2F8D007E064C2F8C4172D
:10586000C2F88436C2F8C837D2F81039002BFBD101
:10587000C2F81838002E3BD1254BD3F8040A40F06B
:105880004000FEF743FF0120FFF70AF860BB1F4806
:10589000FEF7DEFF10BB3046BDE8F8830423C2F8F4
:1058A000C837AAE74FF0FF3118484FF00109FEF75B
:1058B000C7FF00283FF441AF1648FFF757F8002014
:1058C000FEF7EEFF064600283FF43EAF1248FFF712
:1058D0004DF839E7114E3046BDE8F8831048FFF720
:1058E00045F83046BDE8F8830E48FFF73FF8CEE7AD
:1058F000102104F10800FEF78BFFBDE70A4E304689
:10590000BDE8F8834FF47306C5E700BFDC10002044
:1059100000108450385E0300505E03000100F30065
:10592000905E0300705E03000300F300A0B3034623
:1059300070B4D0E90240D3E9041226BA05BA0CBA11
:1059400010BAC3E90440D3E90612986A09BAC3E958
:10595000026512BA996100BAD3E9084125BA0CBAB6
:10596000C3E90725D3E90B12C3E9094009BAD86B8B
:1059700012BAD962D3E90D4125BAC3E90C250CBA94
:1059800000BAD3E9101209BA12BAC3E90E40196479
:1059900000205A6470BC70474FF47300704700BF1A
:1059A00000201870704700BF431810B501D21F2A9D
:1059B00001D9002010BD013902F014030144102B5D
:1059C00080EA01043CD009DC8BB1042BF1D11F2CFF
:1059D00040E840F315D941E840F10EE0142BE8D13E
:1059E0001F2C40E8C0F30CD941E8C0F105E01F2CA2
:1059F00040E800F305D941E800F11C460B468C4213
:105A0000D7D122F01402013A0A2AD2D801A151F8C2
:105A100022F000BF635A03005D5A03004F5A03008F
:105A2000B3590300B3590300B3590300B35903003A
:105A3000695A0300635A0300575A03004F5A030080
:105A40001F2C40E880F3DCD941E880F1D5E713F45E
:105A5000001FAFD1ADE713F4801FFAE75B02A9D5B1
:105A6000A7E713F4002FF4E713F4802FF1E700BF4A
:105A700008B5074B044613B10021AFF30080054B76
:105A80001868836A03B19847204600F029F800BFE0
:105A900000000000905F030070B50D4D00260D4C16
:105AA000641BA410A64209D10B4D00260B4C00F03C
:105AB000A9F9641BA410A64205D170BD55F8043B9A
:105AC00001369847EEE755F8043B01369847F2E770
:105AD0009811002098110020981100209C1100209E
:105AE000FEE700BF002383F300887047FDF73EBB4D
:105AF000EFF30880EFF309812DE9F00F6B46724652
:105B0000FBF7BAF808B0FFF7F1FFFEE7FDF72EBB91
:105B1000EFF30880EFF309812DE9F00F6B46724631
:105B2000FBF7AAF808B0FFF7F1FFFEE7FDF71EBB91
:105B3000EFF30880EFF309812DE9F00F6B46724611
:105B4000FBF79AF808B0FFF7F1FFFEE7FDF70EBB91
:105B5000EFF30880EFF309812DE9F00F6B467246F1
:105B6000FBF78AF808B0FFF7F1FFFEE7FDF7FEBA92
:105B7000EFF30880EFF309812DE9F00F6B467246D1
:105B8000FBF77AF808B0FFF7F1FFFEE7814270B447
:105B90000546144602D370BC00F02EB8821821448A
:105BA0003CB141EA020313F003030FD1E0180328CC
:105BB00012D86FF00300A3084343002019441A448D
:105BC0002344984210D1284670BC704711F8013D1B
:105BD000013C02F8013DE3E7581850F8046C9818AE
:105BE00040F8046C043BE1E70C1A14F8016C141A39
:105BF00004F8016C0130E4E770B504463AB141EABB
:105C0000040313F003030CD1D518032D0FD822F091
:105C100003031C441944002302F0030293420CD1F5
:105C200070BD11F8013B013A04F8013BE6E7CD1ADB
:105C30002E68E51A2E60043BE6E75D5CE55401330F
:105C4000ECE7F0B5044662B922F00303234402F006
:105C500003021A44934214D1F0BD04F8011B013A27
:105C6000F1E7A307F9D115460B0443EA01630B439F
:105C700043EA01231619032DE6D9771B3B60043D47
:105C8000F9E703F8011BE5E708B5EFF30583C3F374
:105C900008030BB1FDF76AFABDE80840FDF7EEBA5C
:105CA00010B50446EFF30583C3F308030BB1FDF70A
:105CB0005DFA2046BDE81040FDF7E3BA2DE9F0415A
:105CC00004460D4616461F46EFF30583C3F308034B
:105CD0000BB1FDF74BFA3B46324629462046BDE85C
:105CE000F041FCF71DBD2DE9F04104460D46164676
:105CF0001F46EFF30583C3F308030BB1FDF736FA34
:105D00003B46324629462046BDE8F041FCF742BDFD
:105D100008B5EFF30583C3F308030BB1FDF726FACB
:105D2000BDE80840FDF77DBA00207047704710B508
:105D3000044608B1FDF784FF2046BDE81040FDF79A
:105D40006FBF10B50446406A10B1A16AFFF7EFFFBC
:105D50000020C4E9090010BD38B50446FFF7F1FF83
:105D6000236A2C22012B0CBF05466FF096050021FB
:105D70002046FFF766FF284638BD00207047704771
:105D80000020704713B5002001AB1446FEF70CF855
:105D900030B9019BA34218BF6FF0930002B010BD51
:105DA0006FF09200FAE7002070470346002030B5FC
:105DB000013A00D230BD1D780C78A54202D008B956
:105DC000281BF5E701330131F2E72DE9E04F2746C3
:105DD000A046A146A246A346A446A2B02DEC000AC6
:105DE00084F3008825462646A447EFF3148515F072
:105DF000080F18BFB0EE400A3DEC000A22B0BDE823
:105E0000E08F0000F8B500BFF8BC08BC9E467047A4
:105E1000F8B500BFF8BC08BC9E467047FF8FFFFF77
:105E2000FF8FFFFFFE8FFFFFFE8FFFFFFD8FFFFF46
:105E3000FC8FFFFFFC8FFFFF4661696C20746F20B1
:105E400061637175697265206D757465780A00000B
:105E50004661696C20746F20696E63726561736559
:105E600020504D20636F756E7465720A000000004B
:105E70004661696C20746F20646563726561736547
:105E800020504D20636F756E7465720A000000002B
:105E90004661696C20746F2072656C656173652062
:105EA0006D757465780A0000436F756C64206E6FC1
:105EB00074206C6F636B20706F77657220736176EE
:105EC00065206D75746578006D757465785F6672B0
:105ED00065652063616C6C65642077697468204E29
:105EE000554C4C20706172616D65746572000000E4
:105EF00043616E277420696E697469616C697A65A3
:105F0000206D757465782C20776173204E554C4C4C
:105F10000D0A00004661696C20746F20756E6C6F0D
:105F2000636B206D757465780A0000000A637478ED
:105F3000206973204E554C4C0A00000067E6096A40
:105F400085AE67BB72F36E3C3AF54FA57F520E519A
:105F50008C68059BABD9831F19CDE05BD89E05C12A
:105F600007D57C3617DD703039590EF7310BC0FF7D
:105F700011155868A78FF964A44FFABE012345672D
:105F800089ABCDEFFEDCBA9876543210F0E1D2C383
:105F90003811002054464D5F43525950544F00541D
:105FA000464D5F504C4154464F524D5F53455256FB
:105FB0004943450000000000000000000000000010
:105FC000FFFFFFFFFFFFFFFFFFFFFFFFFFFFFFFFE1
:105FD000FFFFFFFFFFFFFFFFFFFFFFFFFFFFFFFFD1
:105FE000FFFFFFFFFFFFFFFFFFFFFFFFFFFFFFFFC1
:105FF000FFFFFFFFFFFFFFFFFFFFFFFFFFFFFFFFB1
:10600000FFFFFFFFFFFFFFFFFFFFFFFFFFFFFFFFA0
:10601000FFFFFFFFFFFFFFFFFFFFFFFFFFFFFFFF90
:10602000FFFFFFFFFFFFFFFFFFFFFFFFFFFFFFFF80
:10603000FFFFFFFFFFFFFFFFFFFFFFFFFFFFFFFF70
:10604000FFFFFFFFFFFFFFFFFFFFFFFFFFFFFFFF60
:10605000FFFFFFFFFFFFFFFFFFFFFFFFFFFFFFFF50
:10606000FFFFFFFFFFFFFFFFFFFFFFFFFFFFFFFF40
:10607000FFFFFFFFFFFFFFFFFFFFFFFFFFFFFFFF30
:10608000FFFFFFFFFFFFFFFFFFFFFFFFFFFFFFFF20
:10609000FFFFFFFFFFFFFFFFFFFFFFFFFFFFFFFF10
:1060A000FFFFFFFFFFFFFFFFFFFFFFFFFFFFFFFF00
:1060B000FFFFFFFFFFFFFFFFFFFFFFFFFFFFFFFFF0
:1060C000FFFFFFFFFFFFFFFFFFFFFFFFFFFFFFFFE0
:1060D000FFFFFFFFFFFFFFFFFFFFFFFFFFFFFFFFD0
:1060E000FFFFFFFFFFFFFFFFFFFFFFFFFFFFFFFFC0
:1060F000FFFFFFFFFFFFFFFFFFFFFFFFFFFFFFFFB0
:10610000FFFFFFFFFFFFFFFFFFFFFFFFFFFFFFFF9F
:10611000FFFFFFFFFFFFFFFFFFFFFFFFFFFFFFFF8F
:10612000FFFFFFFFFFFFFFFFFFFFFFFFFFFFFFFF7F
:10613000FFFFFFFFFFFFFFFFFFFFFFFFFFFFFFFF6F
:10614000FFFFFFFFFFFFFFFFFFFFFFFFFFFFFFFF5F
:10615000FFFFFFFFFFFFFFFFFFFFFFFFFFFFFFFF4F
:10616000FFFFFFFFFFFFFFFFFFFFFFFFFFFFFFFF3F
:10617000FFFFFFFFFFFFFFFFFFFFFFFFFFFFFFFF2F
:10618000FFFFFFFFFFFFFFFFFFFFFFFFFFFFFFFF1F
:10619000FFFFFFFFFFFFFFFFFFFFFFFFFFFFFFFF0F
:1061A000FFFFFFFFFFFFFFFFFFFFFFFFFFFFFFFFFF
:1061B000FFFFFFFFFFFFFFFFFFFFFFFFFFFFFFFFEF
:1061C000FFFFFFFFFFFFFFFFFFFFFFFFFFFFFFFFDF
:1061D000FFFFFFFFFFFFFFFFFFFFFFFFFFFFFFFFCF
:1061E000FFFFFFFFFFFFFFFFFFFFFFFFFFFFFFFFBF
:1061F000FFFFFFFFFFFFFFFFFFFFFFFFFFFFFFFFAF
:10620000FFFFFFFFFFFFFFFFFFFFFFFFFFFFFFFF9E
:10621000FFFFFFFFFFFFFFFFFFFFFFFFFFFFFFFF8E
:10622000FFFFFFFFFFFFFFFFFFFFFFFFFFFFFFFF7E
:10623000FFFFFFFFFFFFFFFFFFFFFFFFFFFFFFFF6E
:10624000FFFFFFFFFFFFFFFFFFFFFFFFFFFFFFFF5E
:10625000FFFFFFFFFFFFFFFFFFFFFFFFFFFFFFFF4E
:10626000FFFFFFFFFFFFFFFFFFFFFFFFFFFFFFFF3E
:10627000FFFFFFFFFFFFFFFFFFFFFFFFFFFFFFFF2E
:10628000FFFFFFFFFFFFFFFFFFFFFFFFFFFFFFFF1E
:10629000FFFFFFFFFFFFFFFFFFFFFFFFFFFFFFFF0E
:1062A000FFFFFFFFFFFFFFFFFFFFFFFFFFFFFFFFFE
:1062B000FFFFFFFFFFFFFFFFFFFFFFFFFFFFFFFFEE
:1062C000FFFFFFFFFFFFFFFFFFFFFFFFFFFFFFFFDE
:1062D000FFFFFFFFFFFFFFFFFFFFFFFFFFFFFFFFCE
:1062E000FFFFFFFFFFFFFFFFFFFFFFFFFFFFFFFFBE
:1062F000FFFFFFFFFFFFFFFFFFFFFFFFFFFFFFFFAE
:10630000FFFFFFFFFFFFFFFFFFFFFFFFFFFFFFFF9D
:10631000FFFFFFFFFFFFFFFFFFFFFFFFFFFFFFFF8D
:10632000FFFFFFFFFFFFFFFFFFFFFFFFFFFFFFFF7D
:10633000FFFFFFFFFFFFFFFFFFFFFFFFFFFFFFFF6D
:10634000FFFFFFFFFFFFFFFFFFFFFFFFFFFFFFFF5D
:10635000FFFFFFFFFFFFFFFFFFFFFFFFFFFFFFFF4D
:10636000FFFFFFFFFFFFFFFFFFFFFFFFFFFFFFFF3D
:10637000FFFFFFFFFFFFFFFFFFFFFFFFFFFFFFFF2D
:10638000FFFFFFFFFFFFFFFFFFFFFFFFFFFFFFFF1D
:10639000FFFFFFFFFFFFFFFFFFFFFFFFFFFFFFFF0D
:1063A000FFFFFFFFFFFFFFFFFFFFFFFFFFFFFFFFFD
:1063B000FFFFFFFFFFFFFFFFFFFFFFFFFFFFFFFFED
:1063C000FFFFFFFFFFFFFFFFFFFFFFFFFFFFFFFFDD
:1063D000FFFFFFFFFFFFFFFFFFFFFFFFFFFFFFFFCD
:1063E000FFFFFFFFFFFFFFFFFFFFFFFFFFFFFFFFBD
:1063F000FFFFFFFFFFFFFFFFFFFFFFFFFFFFFFFFAD
:10640000FFFFFFFFFFFFFFFFFFFFFFFFFFFFFFFF9C
:10641000FFFFFFFFFFFFFFFFFFFFFFFFFFFFFFFF8C
:10642000FFFFFFFFFFFFFFFFFFFFFFFFFFFFFFFF7C
:10643000FFFFFFFFFFFFFFFFFFFFFFFFFFFFFFFF6C
:10644000FFFFFFFFFFFFFFFFFFFFFFFFFFFFFFFF5C
:10645000FFFFFFFFFFFFFFFFFFFFFFFFFFFFFFFF4C
:10646000FFFFFFFFFFFFFFFFFFFFFFFFFFFFFFFF3C
:10647000FFFFFFFFFFFFFFFFFFFFFFFFFFFFFFFF2C
:10648000FFFFFFFFFFFFFFFFFFFFFFFFFFFFFFFF1C
:10649000FFFFFFFFFFFFFFFFFFFFFFFFFFFFFFFF0C
:1064A000FFFFFFFFFFFFFFFFFFFFFFFFFFFFFFFFFC
:1064B000FFFFFFFFFFFFFFFFFFFFFFFFFFFFFFFFEC
:1064C000FFFFFFFFFFFFFFFFFFFFFFFFFFFFFFFFDC
:1064D000FFFFFFFFFFFFFFFFFFFFFFFFFFFFFFFFCC
:1064E000FFFFFFFFFFFFFFFFFFFFFFFFFFFFFFFFBC
:1064F000FFFFFFFFFFFFFFFFFFFFFFFFFFFFFFFFAC
:10650000FFFFFFFFFFFFFFFFFFFFFFFFFFFFFFFF9B
:10651000FFFFFFFFFFFFFFFFFFFFFFFFFFFFFFFF8B
:10652000FFFFFFFFFFFFFFFFFFFFFFFFFFFFFFFF7B
:10653000FFFFFFFFFFFFFFFFFFFFFFFFFFFFFFFF6B
:10654000FFFFFFFFFFFFFFFFFFFFFFFFFFFFFFFF5B
:10655000FFFFFFFFFFFFFFFFFFFFFFFFFFFFFFFF4B
:10656000FFFFFFFFFFFFFFFFFFFFFFFFFFFFFFFF3B
:10657000FFFFFFFFFFFFFFFFFFFFFFFFFFFFFFFF2B
:10658000FFFFFFFFFFFFFFFFFFFFFFFFFFFFFFFF1B
:10659000FFFFFFFFFFFFFFFFFFFFFFFFFFFFFFFF0B
:1065A000FFFFFFFFFFFFFFFFFFFFFFFFFFFFFFFFFB
:1065B000FFFFFFFFFFFFFFFFFFFFFFFFFFFFFFFFEB
:1065C000FFFFFFFFFFFFFFFFFFFFFFFFFFFFFFFFDB
:1065D000FFFFFFFFFFFFFFFFFFFFFFFFFFFFFFFFCB
:1065E000FFFFFFFFFFFFFFFFFFFFFFFFFFFFFFFFBB
:1065F000FFFFFFFFFFFFFFFFFFFFFFFFFFFFFFFFAB
:10660000FFFFFFFFFFFFFFFFFFFFFFFFFFFFFFFF9A
:10661000FFFFFFFFFFFFFFFFFFFFFFFFFFFFFFFF8A
:10662000FFFFFFFFFFFFFFFFFFFFFFFFFFFFFFFF7A
:10663000FFFFFFFFFFFFFFFFFFFFFFFFFFFFFFFF6A
:10664000FFFFFFFFFFFFFFFFFFFFFFFFFFFFFFFF5A
:10665000FFFFFFFFFFFFFFFFFFFFFFFFFFFFFFFF4A
:10666000FFFFFFFFFFFFFFFFFFFFFFFFFFFFFFFF3A
:10667000FFFFFFFFFFFFFFFFFFFFFFFFFFFFFFFF2A
:10668000FFFFFFFFFFFFFFFFFFFFFFFFFFFFFFFF1A
:10669000FFFFFFFFFFFFFFFFFFFFFFFFFFFFFFFF0A
:1066A000FFFFFFFFFFFFFFFFFFFFFFFFFFFFFFFFFA
:1066B000FFFFFFFFFFFFFFFFFFFFFFFFFFFFFFFFEA
:1066C000FFFFFFFFFFFFFFFFFFFFFFFFFFFFFFFFDA
:1066D000FFFFFFFFFFFFFFFFFFFFFFFFFFFFFFFFCA
:1066E000FFFFFFFFFFFFFFFFFFFFFFFFFFFFFFFFBA
:1066F000FFFFFFFFFFFFFFFFFFFFFFFFFFFFFFFFAA
:10670000FFFFFFFFFFFFFFFFFFFFFFFFFFFFFFFF99
:10671000FFFFFFFFFFFFFFFFFFFFFFFFFFFFFFFF89
:10672000FFFFFFFFFFFFFFFFFFFFFFFFFFFFFFFF79
:10673000FFFFFFFFFFFFFFFFFFFFFFFFFFFFFFFF69
:10674000FFFFFFFFFFFFFFFFFFFFFFFFFFFFFFFF59
:10675000FFFFFFFFFFFFFFFFFFFFFFFFFFFFFFFF49
:10676000FFFFFFFFFFFFFFFFFFFFFFFFFFFFFFFF39
:10677000FFFFFFFFFFFFFFFFFFFFFFFFFFFFFFFF29
:10678000FFFFFFFFFFFFFFFFFFFFFFFFFFFFFFFF19
:10679000FFFFFFFFFFFFFFFFFFFFFFFFFFFFFFFF09
:1067A000FFFFFFFFFFFFFFFFFFFFFFFFFFFFFFFFF9
:1067B000FFFFFFFFFFFFFFFFFFFFFFFFFFFFFFFFE9
:1067C000FFFFFFFFFFFFFFFFFFFFFFFFFFFFFFFFD9
:1067D000FFFFFFFFFFFFFFFFFFFFFFFFFFFFFFFFC9
:1067E000FFFFFFFFFFFFFFFFFFFFFFFFFFFFFFFFB9
:1067F000FFFFFFFFFFFFFFFFFFFFFFFFFFFFFFFFA9
:10680000FFFFFFFFFFFFFFFFFFFFFFFFFFFFFFFF98
:10681000FFFFFFFFFFFFFFFFFFFFFFFFFFFFFFFF88
:10682000FFFFFFFFFFFFFFFFFFFFFFFFFFFFFFFF78
:10683000FFFFFFFFFFFFFFFFFFFFFFFFFFFFFFFF68
:10684000FFFFFFFFFFFFFFFFFFFFFFFFFFFFFFFF58
:10685000FFFFFFFFFFFFFFFFFFFFFFFFFFFFFFFF48
:10686000FFFFFFFFFFFFFFFFFFFFFFFFFFFFFFFF38
:10687000FFFFFFFFFFFFFFFFFFFFFFFFFFFFFFFF28
:10688000FFFFFFFFFFFFFFFFFFFFFFFFFFFFFFFF18
:10689000FFFFFFFFFFFFFFFFFFFFFFFFFFFFFFFF08
:1068A000FFFFFFFFFFFFFFFFFFFFFFFFFFFFFFFFF8
:1068B000FFFFFFFFFFFFFFFFFFFFFFFFFFFFFFFFE8
:1068C000FFFFFFFFFFFFFFFFFFFFFFFFFFFFFFFFD8
:1068D000FFFFFFFFFFFFFFFFFFFFFFFFFFFFFFFFC8
:1068E000FFFFFFFFFFFFFFFFFFFFFFFFFFFFFFFFB8
:1068F000FFFFFFFFFFFFFFFFFFFFFFFFFFFFFFFFA8
:10690000FFFFFFFFFFFFFFFFFFFFFFFFFFFFFFFF97
:10691000FFFFFFFFFFFFFFFFFFFFFFFFFFFFFFFF87
:10692000FFFFFFFFFFFFFFFFFFFFFFFFFFFFFFFF77
:10693000FFFFFFFFFFFFFFFFFFFFFFFFFFFFFFFF67
:10694000FFFFFFFFFFFFFFFFFFFFFFFFFFFFFFFF57
:10695000FFFFFFFFFFFFFFFFFFFFFFFFFFFFFFFF47
:10696000FFFFFFFFFFFFFFFFFFFFFFFFFFFFFFFF37
:10697000FFFFFFFFFFFFFFFFFFFFFFFFFFFFFFFF27
:10698000FFFFFFFFFFFFFFFFFFFFFFFFFFFFFFFF17
:10699000FFFFFFFFFFFFFFFFFFFFFFFFFFFFFFFF07
:1069A000FFFFFFFFFFFFFFFFFFFFFFFFFFFFFFFFF7
:1069B000FFFFFFFFFFFFFFFFFFFFFFFFFFFFFFFFE7
:1069C000FFFFFFFFFFFFFFFFFFFFFFFFFFFFFFFFD7
:1069D000FFFFFFFFFFFFFFFFFFFFFFFFFFFFFFFFC7
:1069E000FFFFFFFFFFFFFFFFFFFFFFFFFFFFFFFFB7
:1069F000FFFFFFFFFFFFFFFFFFFFFFFFFFFFFFFFA7
:106A0000FFFFFFFFFFFFFFFFFFFFFFFFFFFFFFFF96
:106A1000FFFFFFFFFFFFFFFFFFFFFFFFFFFFFFFF86
:106A2000FFFFFFFFFFFFFFFFFFFFFFFFFFFFFFFF76
:106A3000FFFFFFFFFFFFFFFFFFFFFFFFFFFFFFFF66
:106A4000FFFFFFFFFFFFFFFFFFFFFFFFFFFFFFFF56
:106A5000FFFFFFFFFFFFFFFFFFFFFFFFFFFFFFFF46
:106A6000FFFFFFFFFFFFFFFFFFFFFFFFFFFFFFFF36
:106A7000FFFFFFFFFFFFFFFFFFFFFFFFFFFFFFFF26
:106A8000FFFFFFFFFFFFFFFFFFFFFFFFFFFFFFFF16
:106A9000FFFFFFFFFFFFFFFFFFFFFFFFFFFFFFFF06
:106AA000FFFFFFFFFFFFFFFFFFFFFFFFFFFFFFFFF6
:106AB000FFFFFFFFFFFFFFFFFFFFFFFFFFFFFFFFE6
:106AC000FFFFFFFFFFFFFFFFFFFFFFFFFFFFFFFFD6
:106AD000FFFFFFFFFFFFFFFFFFFFFFFFFFFFFFFFC6
:106AE000FFFFFFFFFFFFFFFFFFFFFFFFFFFFFFFFB6
:106AF000FFFFFFFFFFFFFFFFFFFFFFFFFFFFFFFFA6
:106B0000FFFFFFFFFFFFFFFFFFFFFFFFFFFFFFFF95
:106B1000FFFFFFFFFFFFFFFFFFFFFFFFFFFFFFFF85
:106B2000FFFFFFFFFFFFFFFFFFFFFFFFFFFFFFFF75
:106B3000FFFFFFFFFFFFFFFFFFFFFFFFFFFFFFFF65
:106B4000FFFFFFFFFFFFFFFFFFFFFFFFFFFFFFFF55
:106B5000FFFFFFFFFFFFFFFFFFFFFFFFFFFFFFFF45
:106B6000FFFFFFFFFFFFFFFFFFFFFFFFFFFFFFFF35
:106B7000FFFFFFFFFFFFFFFFFFFFFFFFFFFFFFFF25
:106B8000FFFFFFFFFFFFFFFFFFFFFFFFFFFFFFFF15
:106B9000FFFFFFFFFFFFFFFFFFFFFFFFFFFFFFFF05
:106BA000FFFFFFFFFFFFFFFFFFFFFFFFFFFFFFFFF5
:106BB000FFFFFFFFFFFFFFFFFFFFFFFFFFFFFFFFE5
:106BC000FFFFFFFFFFFFFFFFFFFFFFFFFFFFFFFFD5
:106BD000FFFFFFFFFFFFFFFFFFFFFFFFFFFFFFFFC5
:106BE000FFFFFFFFFFFFFFFFFFFFFFFFFFFFFFFFB5
:106BF000FFFFFFFFFFFFFFFFFFFFFFFFFFFFFFFFA5
:106C0000FFFFFFFFFFFFFFFFFFFFFFFFFFFFFFFF94
:106C1000FFFFFFFFFFFFFFFFFFFFFFFFFFFFFFFF84
:106C2000FFFFFFFFFFFFFFFFFFFFFFFFFFFFFFFF74
:106C3000FFFFFFFFFFFFFFFFFFFFFFFFFFFFFFFF64
:106C4000FFFFFFFFFFFFFFFFFFFFFFFFFFFFFFFF54
:106C5000FFFFFFFFFFFFFFFFFFFFFFFFFFFFFFFF44
:106C6000FFFFFFFFFFFFFFFFFFFFFFFFFFFFFFFF34
:106C7000FFFFFFFFFFFFFFFFFFFFFFFFFFFFFFFF24
:106C8000FFFFFFFFFFFFFFFFFFFFFFFFFFFFFFFF14
:106C9000FFFFFFFFFFFFFFFFFFFFFFFFFFFFFFFF04
:106CA000FFFFFFFFFFFFFFFFFFFFFFFFFFFFFFFFF4
:106CB000FFFFFFFFFFFFFFFFFFFFFFFFFFFFFFFFE4
:106CC000FFFFFFFFFFFFFFFFFFFFFFFFFFFFFFFFD4
:106CD000FFFFFFFFFFFFFFFFFFFFFFFFFFFFFFFFC4
:106CE000FFFFFFFFFFFFFFFFFFFFFFFFFFFFFFFFB4
:106CF000FFFFFFFFFFFFFFFFFFFFFFFFFFFFFFFFA4
:106D0000FFFFFFFFFFFFFFFFFFFFFFFFFFFFFFFF93
:106D1000FFFFFFFFFFFFFFFFFFFFFFFFFFFFFFFF83
:106D2000FFFFFFFFFFFFFFFFFFFFFFFFFFFFFFFF73
:106D3000FFFFFFFFFFFFFFFFFFFFFFFFFFFFFFFF63
:106D4000FFFFFFFFFFFFFFFFFFFFFFFFFFFFFFFF53
:106D5000FFFFFFFFFFFFFFFFFFFFFFFFFFFFFFFF43
:106D6000FFFFFFFFFFFFFFFFFFFFFFFFFFFFFFFF33
:106D7000FFFFFFFFFFFFFFFFFFFFFFFFFFFFFFFF23
:106D8000FFFFFFFFFFFFFFFFFFFFFFFFFFFFFFFF13
:106D9000FFFFFFFFFFFFFFFFFFFFFFFFFFFFFFFF03
:106DA000FFFFFFFFFFFFFFFFFFFFFFFFFFFFFFFFF3
:106DB000FFFFFFFFFFFFFFFFFFFFFFFFFFFFFFFFE3
:106DC000FFFFFFFFFFFFFFFFFFFFFFFFFFFFFFFFD3
:106DD000FFFFFFFFFFFFFFFFFFFFFFFFFFFFFFFFC3
:106DE000FFFFFFFFFFFFFFFFFFFFFFFFFFFFFFFFB3
:106DF000FFFFFFFFFFFFFFFFFFFFFFFFFFFFFFFFA3
:106E0000FFFFFFFFFFFFFFFFFFFFFFFFFFFFFFFF92
:106E1000FFFFFFFFFFFFFFFFFFFFFFFFFFFFFFFF82
:106E2000FFFFFFFFFFFFFFFFFFFFFFFFFFFFFFFF72
:106E3000FFFFFFFFFFFFFFFFFFFFFFFFFFFFFFFF62
:106E4000FFFFFFFFFFFFFFFFFFFFFFFFFFFFFFFF52
:106E5000FFFFFFFFFFFFFFFFFFFFFFFFFFFFFFFF42
:106E6000FFFFFFFFFFFFFFFFFFFFFFFFFFFFFFFF32
:106E7000FFFFFFFFFFFFFFFFFFFFFFFFFFFFFFFF22
:106E8000FFFFFFFFFFFFFFFFFFFFFFFFFFFFFFFF12
:106E9000FFFFFFFFFFFFFFFFFFFFFFFFFFFFFFFF02
:106EA000FFFFFFFFFFFFFFFFFFFFFFFFFFFFFFFFF2
:106EB000FFFFFFFFFFFFFFFFFFFFFFFFFFFFFFFFE2
:106EC000FFFFFFFFFFFFFFFFFFFFFFFFFFFFFFFFD2
:106ED000FFFFFFFFFFFFFFFFFFFFFFFFFFFFFFFFC2
:106EE000FFFFFFFFFFFFFFFFFFFFFFFFFFFFFFFFB2
:106EF000FFFFFFFFFFFFFFFFFFFFFFFFFFFFFFFFA2
:106F0000FFFFFFFFFFFFFFFFFFFFFFFFFFFFFFFF91
:106F1000FFFFFFFFFFFFFFFFFFFFFFFFFFFFFFFF81
:106F2000FFFFFFFFFFFFFFFFFFFFFFFFFFFFFFFF71
:106F3000FFFFFFFFFFFFFFFFFFFFFFFFFFFFFFFF61
:106F4000FFFFFFFFFFFFFFFFFFFFFFFFFFFFFFFF51
:106F5000FFFFFFFFFFFFFFFFFFFFFFFFFFFFFFFF41
:106F6000FFFFFFFFFFFFFFFFFFFFFFFFFFFFFFFF31
:106F7000FFFFFFFFFFFFFFFFFFFFFFFFFFFFFFFF21
:106F8000FFFFFFFFFFFFFFFFFFFFFFFFFFFFFFFF11
:106F9000FFFFFFFFFFFFFFFFFFFFFFFFFFFFFFFF01
:106FA000FFFFFFFFFFFFFFFFFFFFFFFFFFFFFFFFF1
:106FB000FFFFFFFFFFFFFFFFFFFFFFFFFFFFFFFFE1
:106FC000FFFFFFFFFFFFFFFFFFFFFFFFFFFFFFFFD1
:106FD000FFFFFFFFFFFFFFFFFFFFFFFFFFFFFFFFC1
:106FE000FFFFFFFFFFFFFFFFFFFFFFFFFFFFFFFFB1
:106FF000FFFFFFFFFFFFFFFFFFFFFFFFFFFFFFFFA1
:10700000FFFFFFFFFFFFFFFFFFFFFFFFFFFFFFFF90
:10701000FFFFFFFFFFFFFFFFFFFFFFFFFFFFFFFF80
:10702000FFFFFFFFFFFFFFFFFFFFFFFFFFFFFFFF70
:10703000FFFFFFFFFFFFFFFFFFFFFFFFFFFFFFFF60
:10704000FFFFFFFFFFFFFFFFFFFFFFFFFFFFFFFF50
:10705000FFFFFFFFFFFFFFFFFFFFFFFFFFFFFFFF40
:10706000FFFFFFFFFFFFFFFFFFFFFFFFFFFFFFFF30
:10707000FFFFFFFFFFFFFFFFFFFFFFFFFFFFFFFF20
:10708000FFFFFFFFFFFFFFFFFFFFFFFFFFFFFFFF10
:10709000FFFFFFFFFFFFFFFFFFFFFFFFFFFFFFFF00
:1070A000FFFFFFFFFFFFFFFFFFFFFFFFFFFFFFFFF0
:1070B000FFFFFFFFFFFFFFFFFFFFFFFFFFFFFFFFE0
:1070C000FFFFFFFFFFFFFFFFFFFFFFFFFFFFFFFFD0
:1070D000FFFFFFFFFFFFFFFFFFFFFFFFFFFFFFFFC0
:1070E000FFFFFFFFFFFFFFFFFFFFFFFFFFFFFFFFB0
:1070F000FFFFFFFFFFFFFFFFFFFFFFFFFFFFFFFFA0
:10710000FFFFFFFFFFFFFFFFFFFFFFFFFFFFFFFF8F
:10711000FFFFFFFFFFFFFFFFFFFFFFFFFFFFFFFF7F
:10712000FFFFFFFFFFFFFFFFFFFFFFFFFFFFFFFF6F
:10713000FFFFFFFFFFFFFFFFFFFFFFFFFFFFFFFF5F
:10714000FFFFFFFFFFFFFFFFFFFFFFFFFFFFFFFF4F
:10715000FFFFFFFFFFFFFFFFFFFFFFFFFFFFFFFF3F
:10716000FFFFFFFFFFFFFFFFFFFFFFFFFFFFFFFF2F
:10717000FFFFFFFFFFFFFFFFFFFFFFFFFFFFFFFF1F
:10718000FFFFFFFFFFFFFFFFFFFFFFFFFFFFFFFF0F
:10719000FFFFFFFFFFFFFFFFFFFFFFFFFFFFFFFFFF
:1071A000FFFFFFFFFFFFFFFFFFFFFFFFFFFFFFFFEF
:1071B000FFFFFFFFFFFFFFFFFFFFFFFFFFFFFFFFDF
:1071C000FFFFFFFFFFFFFFFFFFFFFFFFFFFFFFFFCF
:1071D000FFFFFFFFFFFFFFFFFFFFFFFFFFFFFFFFBF
:1071E000FFFFFFFFFFFFFFFFFFFFFFFFFFFFFFFFAF
:1071F000FFFFFFFFFFFFFFFFFFFFFFFFFFFFFFFF9F
:10720000FFFFFFFFFFFFFFFFFFFFFFFFFFFFFFFF8E
:10721000FFFFFFFFFFFFFFFFFFFFFFFFFFFFFFFF7E
:10722000FFFFFFFFFFFFFFFFFFFFFFFFFFFFFFFF6E
:10723000FFFFFFFFFFFFFFFFFFFFFFFFFFFFFFFF5E
:10724000FFFFFFFFFFFFFFFFFFFFFFFFFFFFFFFF4E
:10725000FFFFFFFFFFFFFFFFFFFFFFFFFFFFFFFF3E
:10726000FFFFFFFFFFFFFFFFFFFFFFFFFFFFFFFF2E
:10727000FFFFFFFFFFFFFFFFFFFFFFFFFFFFFFFF1E
:10728000FFFFFFFFFFFFFFFFFFFFFFFFFFFFFFFF0E
:10729000FFFFFFFFFFFFFFFFFFFFFFFFFFFFFFFFFE
:1072A000FFFFFFFFFFFFFFFFFFFFFFFFFFFFFFFFEE
:1072B000FFFFFFFFFFFFFFFFFFFFFFFFFFFFFFFFDE
:1072C000FFFFFFFFFFFFFFFFFFFFFFFFFFFFFFFFCE
:1072D000FFFFFFFFFFFFFFFFFFFFFFFFFFFFFFFFBE
:1072E000FFFFFFFFFFFFFFFFFFFFFFFFFFFFFFFFAE
:1072F000FFFFFFFFFFFFFFFFFFFFFFFFFFFFFFFF9E
:10730000FFFFFFFFFFFFFFFFFFFFFFFFFFFFFFFF8D
:10731000FFFFFFFFFFFFFFFFFFFFFFFFFFFFFFFF7D
:10732000FFFFFFFFFFFFFFFFFFFFFFFFFFFFFFFF6D
:10733000FFFFFFFFFFFFFFFFFFFFFFFFFFFFFFFF5D
:10734000FFFFFFFFFFFFFFFFFFFFFFFFFFFFFFFF4D
:10735000FFFFFFFFFFFFFFFFFFFFFFFFFFFFFFFF3D
:10736000FFFFFFFFFFFFFFFFFFFFFFFFFFFFFFFF2D
:10737000FFFFFFFFFFFFFFFFFFFFFFFFFFFFFFFF1D
:10738000FFFFFFFFFFFFFFFFFFFFFFFFFFFFFFFF0D
:10739000FFFFFFFFFFFFFFFFFFFFFFFFFFFFFFFFFD
:1073A000FFFFFFFFFFFFFFFFFFFFFFFFFFFFFFFFED
:1073B000FFFFFFFFFFFFFFFFFFFFFFFFFFFFFFFFDD
:1073C000FFFFFFFFFFFFFFFFFFFFFFFFFFFFFFFFCD
:1073D000FFFFFFFFFFFFFFFFFFFFFFFFFFFFFFFFBD
:1073E000FFFFFFFFFFFFFFFFFFFFFFFFFFFFFFFFAD
:1073F000FFFFFFFFFFFFFFFFFFFFFFFFFFFFFFFF9D
:10740000FFFFFFFFFFFFFFFFFFFFFFFFFFFFFFFF8C
:10741000FFFFFFFFFFFFFFFFFFFFFFFFFFFFFFFF7C
:10742000FFFFFFFFFFFFFFFFFFFFFFFFFFFFFFFF6C
:10743000FFFFFFFFFFFFFFFFFFFFFFFFFFFFFFFF5C
:10744000FFFFFFFFFFFFFFFFFFFFFFFFFFFFFFFF4C
:10745000FFFFFFFFFFFFFFFFFFFFFFFFFFFFFFFF3C
:10746000FFFFFFFFFFFFFFFFFFFFFFFFFFFFFFFF2C
:10747000FFFFFFFFFFFFFFFFFFFFFFFFFFFFFFFF1C
:10748000FFFFFFFFFFFFFFFFFFFFFFFFFFFFFFFF0C
:10749000FFFFFFFFFFFFFFFFFFFFFFFFFFFFFFFFFC
:1074A000FFFFFFFFFFFFFFFFFFFFFFFFFFFFFFFFEC
:1074B000FFFFFFFFFFFFFFFFFFFFFFFFFFFFFFFFDC
:1074C000FFFFFFFFFFFFFFFFFFFFFFFFFFFFFFFFCC
:1074D000FFFFFFFFFFFFFFFFFFFFFFFFFFFFFFFFBC
:1074E000FFFFFFFFFFFFFFFFFFFFFFFFFFFFFFFFAC
:1074F000FFFFFFFFFFFFFFFFFFFFFFFFFFFFFFFF9C
:10750000FFFFFFFFFFFFFFFFFFFFFFFFFFFFFFFF8B
:10751000FFFFFFFFFFFFFFFFFFFFFFFFFFFFFFFF7B
:10752000FFFFFFFFFFFFFFFFFFFFFFFFFFFFFFFF6B
:10753000FFFFFFFFFFFFFFFFFFFFFFFFFFFFFFFF5B
:10754000FFFFFFFFFFFFFFFFFFFFFFFFFFFFFFFF4B
:10755000FFFFFFFFFFFFFFFFFFFFFFFFFFFFFFFF3B
:10756000FFFFFFFFFFFFFFFFFFFFFFFFFFFFFFFF2B
:10757000FFFFFFFFFFFFFFFFFFFFFFFFFFFFFFFF1B
:10758000FFFFFFFFFFFFFFFFFFFFFFFFFFFFFFFF0B
:10759000FFFFFFFFFFFFFFFFFFFFFFFFFFFFFFFFFB
:1075A000FFFFFFFFFFFFFFFFFFFFFFFFFFFFFFFFEB
:1075B000FFFFFFFFFFFFFFFFFFFFFFFFFFFFFFFFDB
:1075C000FFFFFFFFFFFFFFFFFFFFFFFFFFFFFFFFCB
:1075D000FFFFFFFFFFFFFFFFFFFFFFFFFFFFFFFFBB
:1075E000FFFFFFFFFFFFFFFFFFFFFFFFFFFFFFFFAB
:1075F000FFFFFFFFFFFFFFFFFFFFFFFFFFFFFFFF9B
:10760000FFFFFFFFFFFFFFFFFFFFFFFFFFFFFFFF8A
:10761000FFFFFFFFFFFFFFFFFFFFFFFFFFFFFFFF7A
:10762000FFFFFFFFFFFFFFFFFFFFFFFFFFFFFFFF6A
:10763000FFFFFFFFFFFFFFFFFFFFFFFFFFFFFFFF5A
:10764000FFFFFFFFFFFFFFFFFFFFFFFFFFFFFFFF4A
:10765000FFFFFFFFFFFFFFFFFFFFFFFFFFFFFFFF3A
:10766000FFFFFFFFFFFFFFFFFFFFFFFFFFFFFFFF2A
:10767000FFFFFFFFFFFFFFFFFFFFFFFFFFFFFFFF1A
:10768000FFFFFFFFFFFFFFFFFFFFFFFFFFFFFFFF0A
:10769000FFFFFFFFFFFFFFFFFFFFFFFFFFFFFFFFFA
:1076A000FFFFFFFFFFFFFFFFFFFFFFFFFFFFFFFFEA
:1076B000FFFFFFFFFFFFFFFFFFFFFFFFFFFFFFFFDA
:1076C000FFFFFFFFFFFFFFFFFFFFFFFFFFFFFFFFCA
:1076D000FFFFFFFFFFFFFFFFFFFFFFFFFFFFFFFFBA
:1076E000FFFFFFFFFFFFFFFFFFFFFFFFFFFFFFFFAA
:1076F000FFFFFFFFFFFFFFFFFFFFFFFFFFFFFFFF9A
:10770000FFFFFFFFFFFFFFFFFFFFFFFFFFFFFFFF89
:10771000FFFFFFFFFFFFFFFFFFFFFFFFFFFFFFFF79
:10772000FFFFFFFFFFFFFFFFFFFFFFFFFFFFFFFF69
:10773000FFFFFFFFFFFFFFFFFFFFFFFFFFFFFFFF59
:10774000FFFFFFFFFFFFFFFFFFFFFFFFFFFFFFFF49
:10775000FFFFFFFFFFFFFFFFFFFFFFFFFFFFFFFF39
:10776000FFFFFFFFFFFFFFFFFFFFFFFFFFFFFFFF29
:10777000FFFFFFFFFFFFFFFFFFFFFFFFFFFFFFFF19
:10778000FFFFFFFFFFFFFFFFFFFFFFFFFFFFFFFF09
:10779000FFFFFFFFFFFFFFFFFFFFFFFFFFFFFFFFF9
:1077A000FFFFFFFFFFFFFFFFFFFFFFFFFFFFFFFFE9
:1077B000FFFFFFFFFFFFFFFFFFFFFFFFFFFFFFFFD9
:1077C000FFFFFFFFFFFFFFFFFFFFFFFFFFFFFFFFC9
:1077D000FFFFFFFFFFFFFFFFFFFFFFFFFFFFFFFFB9
:1077E000FFFFFFFFFFFFFFFFFFFFFFFFFFFFFFFFA9
:1077F000FFFFFFFFFFFFFFFFFFFFFFFFFFFFFFFF99
:10780000FFFFFFFFFFFFFFFFFFFFFFFFFFFFFFFF88
:10781000FFFFFFFFFFFFFFFFFFFFFFFFFFFFFFFF78
:10782000FFFFFFFFFFFFFFFFFFFFFFFFFFFFFFFF68
:10783000FFFFFFFFFFFFFFFFFFFFFFFFFFFFFFFF58
:10784000FFFFFFFFFFFFFFFFFFFFFFFFFFFFFFFF48
:10785000FFFFFFFFFFFFFFFFFFFFFFFFFFFFFFFF38
:10786000FFFFFFFFFFFFFFFFFFFFFFFFFFFFFFFF28
:10787000FFFFFFFFFFFFFFFFFFFFFFFFFFFFFFFF18
:10788000FFFFFFFFFFFFFFFFFFFFFFFFFFFFFFFF08
:10789000FFFFFFFFFFFFFFFFFFFFFFFFFFFFFFFFF8
:1078A000FFFFFFFFFFFFFFFFFFFFFFFFFFFFFFFFE8
:1078B000FFFFFFFFFFFFFFFFFFFFFFFFFFFFFFFFD8
:1078C000FFFFFFFFFFFFFFFFFFFFFFFFFFFFFFFFC8
:1078D000FFFFFFFFFFFFFFFFFFFFFFFFFFFFFFFFB8
:1078E000FFFFFFFFFFFFFFFFFFFFFFFFFFFFFFFFA8
:1078F000FFFFFFFFFFFFFFFFFFFFFFFFFFFFFFFF98
:10790000FFFFFFFFFFFFFFFFFFFFFFFFFFFFFFFF87
:10791000FFFFFFFFFFFFFFFFFFFFFFFFFFFFFFFF77
:10792000FFFFFFFFFFFFFFFFFFFFFFFFFFFFFFFF67
:10793000FFFFFFFFFFFFFFFFFFFFFFFFFFFFFFFF57
:10794000FFFFFFFFFFFFFFFFFFFFFFFFFFFFFFFF47
:10795000FFFFFFFFFFFFFFFFFFFFFFFFFFFFFFFF37
:10796000FFFFFFFFFFFFFFFFFFFFFFFFFFFFFFFF27
:10797000FFFFFFFFFFFFFFFFFFFFFFFFFFFFFFFF17
:10798000FFFFFFFFFFFFFFFFFFFFFFFFFFFFFFFF07
:10799000FFFFFFFFFFFFFFFFFFFFFFFFFFFFFFFFF7
:1079A000FFFFFFFFFFFFFFFFFFFFFFFFFFFFFFFFE7
:1079B000FFFFFFFFFFFFFFFFFFFFFFFFFFFFFFFFD7
:1079C000FFFFFFFFFFFFFFFFFFFFFFFFFFFFFFFFC7
:1079D000FFFFFFFFFFFFFFFFFFFFFFFFFFFFFFFFB7
:1079E000FFFFFFFFFFFFFFFFFFFFFFFFFFFFFFFFA7
:1079F000FFFFFFFFFFFFFFFFFFFFFFFFFFFFFFFF97
:107A0000FFFFFFFFFFFFFFFFFFFFFFFFFFFFFFFF86
:107A1000FFFFFFFFFFFFFFFFFFFFFFFFFFFFFFFF76
:107A2000FFFFFFFFFFFFFFFFFFFFFFFFFFFFFFFF66
:107A3000FFFFFFFFFFFFFFFFFFFFFFFFFFFFFFFF56
:107A4000FFFFFFFFFFFFFFFFFFFFFFFFFFFFFFFF46
:107A5000FFFFFFFFFFFFFFFFFFFFFFFFFFFFFFFF36
:107A6000FFFFFFFFFFFFFFFFFFFFFFFFFFFFFFFF26
:107A7000FFFFFFFFFFFFFFFFFFFFFFFFFFFFFFFF16
:107A8000FFFFFFFFFFFFFFFFFFFFFFFFFFFFFFFF06
:107A9000FFFFFFFFFFFFFFFFFFFFFFFFFFFFFFFFF6
:107AA000FFFFFFFFFFFFFFFFFFFFFFFFFFFFFFFFE6
:107AB000FFFFFFFFFFFFFFFFFFFFFFFFFFFFFFFFD6
:107AC000FFFFFFFFFFFFFFFFFFFFFFFFFFFFFFFFC6
:107AD000FFFFFFFFFFFFFFFFFFFFFFFFFFFFFFFFB6
:107AE000FFFFFFFFFFFFFFFFFFFFFFFFFFFFFFFFA6
:107AF000FFFFFFFFFFFFFFFFFFFFFFFFFFFFFFFF96
:107B0000FFFFFFFFFFFFFFFFFFFFFFFFFFFFFFFF85
:107B1000FFFFFFFFFFFFFFFFFFFFFFFFFFFFFFFF75
:107B2000FFFFFFFFFFFFFFFFFFFFFFFFFFFFFFFF65
:107B3000FFFFFFFFFFFFFFFFFFFFFFFFFFFFFFFF55
:107B4000FFFFFFFFFFFFFFFFFFFFFFFFFFFFFFFF45
:107B5000FFFFFFFFFFFFFFFFFFFFFFFFFFFFFFFF35
:107B6000FFFFFFFFFFFFFFFFFFFFFFFFFFFFFFFF25
:107B7000FFFFFFFFFFFFFFFFFFFFFFFFFFFFFFFF15
:107B8000FFFFFFFFFFFFFFFFFFFFFFFFFFFFFFFF05
:107B9000FFFFFFFFFFFFFFFFFFFFFFFFFFFFFFFFF5
:107BA000FFFFFFFFFFFFFFFFFFFFFFFFFFFFFFFFE5
:107BB000FFFFFFFFFFFFFFFFFFFFFFFFFFFFFFFFD5
:107BC000FFFFFFFFFFFFFFFFFFFFFFFFFFFFFFFFC5
:107BD000FFFFFFFFFFFFFFFFFFFFFFFFFFFFFFFFB5
:107BE000FFFFFFFFFFFFFFFFFFFFFFFFFFFFFFFFA5
:107BF000FFFFFFFFFFFFFFFFFFFFFFFFFFFFFFFF95
:107C00007FE97FE9FBF7BCBD7FE97FE9FBF7C7BDF3
:107C10007FE97FE9FBF7EFBD7FE97FE9FBF7E2BD95
:107C20007FE97FE9FBF7CABD00000000000000000B
:107C30000000000000000000000000000000000044
:107C40007AFFFFFF00900050000000001036030094
:107C50000200000000000000000000000000000022
:107C6000000000000000000090ED00E000900050D7
:107C70006F9500500C120020A01100204403030057
:107C80002D5D0300295D0300435C0300D410002038
:107C900004110020FC100020F8100020F410002037
:107CA0003D4903003149030025490300000000005D
:107CB0004949030030110020281100202011002024
:107CC0000000000018110020554A0300A1490300DC
:107CD000D54903001D4A0300682500203A00003AF8
:107CE0006C2500203A00003A702500203A00003A46
:107CF000742500203A00003A000000000000000057
:107D00000000000000000000000000000000000073
:107D10000000000000000000000000000000000063
:107D20000000000000000000000000000000000053
:107D30000000000000000000000000000000000043
:107D40000000000000000000000000000000000033
:107D50000000000000000000753803004D380300EB
:107D6000FFFFFFFFFFFFFFFFFFFFFFFFFFFFFFFF23
:107D7000FFFFFFFFFFFFFFFFFFFFFFFFFFFFFFFF13
:107D8000FFFFFFFFFFFFFFFFFFFFFFFFFFFFFFFF03
:107D9000FFFFFFFFFFFFFFFFFFFFFFFFFFFFFFFFF3
:107DA000FFFFFFFFFFFFFFFFFFFFFFFFFFFFFFFFE3
:107DB000FFFFFFFFFFFFFFFFFFFFFFFFFFFFFFFFD3
:107DC000FFFFFFFFFFFFFFFFFFFFFFFFFFFFFFFFC3
:107DD000FFFFFFFFFFFFFFFFFFFFFFFFFFFFFFFFB3
:107DE000FFFFFFFFFFFFFFFFFFFFFFFFFFFFFFFFA3
:107DF000FFFFFFFFFFFFFFFFFFFFFFFFFFFFFFFF93
:107E0000FFFFFFFFFFFFFFFFFFFFFFFFFFFFFFFF82
:107E1000FFFFFFFFFFFFFFFFFFFFFFFFFFFFFFFF72
:107E2000FFFFFFFFFFFFFFFFFFFFFFFFFFFFFFFF62
:107E3000FFFFFFFFFFFFFFFFFFFFFFFFFFFFFFFF52
:107E4000FFFFFFFFFFFFFFFFFFFFFFFFFFFFFFFF42
:107E5000FFFFFFFFFFFFFFFFFFFFFFFFFFFFFFFF32
:107E6000FFFFFFFFFFFFFFFFFFFFFFFFFFFFFFFF22
:107E7000FFFFFFFFFFFFFFFFFFFFFFFFFFFFFFFF12
:107E8000FFFFFFFFFFFFFFFFFFFFFFFFFFFFFFFF02
:107E9000FFFFFFFFFFFFFFFFFFFFFFFFFFFFFFFFF2
:107EA000FFFFFFFFFFFFFFFFFFFFFFFFFFFFFFFFE2
:107EB000FFFFFFFFFFFFFFFFFFFFFFFFFFFFFFFFD2
:107EC000FFFFFFFFFFFFFFFFFFFFFFFFFFFFFFFFC2
:107ED000FFFFFFFFFFFFFFFFFFFFFFFFFFFFFFFFB2
:107EE000FFFFFFFFFFFFFFFFFFFFFFFFFFFFFFFFA2
:107EF000FFFFFFFFFFFFFFFFFFFFFFFFFFFFFFFF92
:107F0000FFFFFFFFFFFFFFFFFFFFFFFFFFFFFFFF81
:107F1000FFFFFFFFFFFFFFFFFFFFFFFFFFFFFFFF71
:107F2000FFFFFFFFFFFFFFFFFFFFFFFFFFFFFFFF61
:107F3000FFFFFFFFFFFFFFFFFFFFFFFFFFFFFFFF51
:107F4000FFFFFFFFFFFFFFFFFFFFFFFFFFFFFFFF41
:107F5000FFFFFFFFFFFFFFFFFFFFFFFFFFFFFFFF31
:107F6000FFFFFFFFFFFFFFFFFFFFFFFFFFFFFFFF21
:107F7000FFFFFFFFFFFFFFFFFFFFFFFFFFFFFFFF11
:107F8000FFFFFFFFFFFFFFFFFFFFFFFFFFFFFFFF01
:107F9000FFFFFFFFFFFFFFFFFFFFFFFFFFFFFFFFF1
:107FA000FFFFFFFFFFFFFFFFFFFFFFFFFFFFFFFFE1
:107FB000FFFFFFFFFFFFFFFFFFFFFFFFFFFFFFFFD1
:107FC000FFFFFFFFFFFFFFFFFFFFFFFFFFFFFFFFC1
:107FD000FFFFFFFFFFFFFFFFFFFFFFFFFFFFFFFFB1
:107FE000FFFFFFFFFFFFFFFFFFFFFFFFFFFFFFFFA1
:107FF000FFFFFFFFFFFFFFFFFFFFFFFFFFFFFFFF91
:10800000A025012079A803005974040065A8030085
:1080100065A8030065A8030065A8030065A8030020
:1080200000000000000000000000000039AA03006A
:1080300065A8030000000000C9A9030065A80300AB
:1080400021AC030021AC030021AC030021AC0300F0
:1080500021AC030021AC030021AC030021AC0300E0
:1080600021AC030021AC030021AC030021AC0300D0
:1080700021AC030021AC030021AC030021AC0300C0
:1080800021AC030021AC030021AC030021AC0300B0
:1080900021AC030021AC030021AC030021AC0300A0
:1080A00021AC030021AC030021AC030021AC030090
:1080B00021AC030021AC030021AC030021AC030080
:1080C00021AC030021AC030021AC030021AC030070
:1080D00021AC030021AC030021AC030021AC030060
:1080E00021AC030021AC030021AC030021AC030050
:1080F00021AC030021AC030021AC030021AC030040
:1081000021AC030021AC030021AC030021AC03002F
:1081100021AC030021AC030021AC030021AC03001F
:1081200021AC030021AC030021AC030021AC03000F
:1081300021AC030021AC030021AC030021AC0300FF
:1081400021AC03000000000000000000000000005F
:10815000000000000000000000000000000000001F
:10816000000000000000000000000000000000000F
:1081700000000000000000000000000000000000FF
:1081800000000000000000000000000000000000EF
:1081900000000000000000000000000000000000DF
:1081A00000000000000000000000000000000000CF
:1081B00000000000000000000000000000000000BF
:1081C00000000000000000000000000000000000AF
:1081D000000000000000000000000000000000009F
:1081E000000000000000000000000000000000008F
:1081F000000000000000000000000000000000007F
:10820000DEE61E284CBBCE8F025B00003C00000067
:10821000BC71010001000000008003000080030029
:10822000FFFF0291000000000000000000000000BD
:10823000000000000000000000000000FFFFFFFF42
:1082400081F0004102E000BF83F0004330B54FEA07
:1082500041044FEA430594EA050F08BF90EA020F74
:108260001FBF54EA000C55EA020C7FEA645C7FEA07
:10827000655C00F0E2804FEA5454D4EB5555B8BF2A
:108280006D420CDD2C4480EA020281EA030382EA9B
:10829000000083EA010180EA020281EA0303362D2D
:1082A00088BF30BD11F0004F4FEA01314FF4801C00
:1082B0004CEA113102D0404261EB410113F0004F12
:1082C0004FEA03334CEA133302D0524263EB4303C9
:1082D00094EA050F00F0A780A4F10104D5F1200E67
:1082E0000DDB02FA0EFC22FA05F2801841F10001C2
:1082F00003FA0EF2801843FA05F359410EE0A5F196
:1083000020050EF1200E012A03FA0EFC28BF4CF0C6
:10831000020C43FA05F3C01851EBE37101F000457C
:1083200007D54FF0000EDCF1000C7EEB00006EEB89
:108330000101B1F5801F1BD3B1F5001F0CD3490813
:108340005FEA30004FEA3C0C04F101044FEA44526A
:1083500012F5800F80F09A80BCF1004F08BF5FEAF1
:10836000500C50F1000041EB045141EA050130BDD1
:108370005FEA4C0C404141EB0101013C28BFB1F5E3
:10838000801FE9D291F0000F04BF01460020B1FA2E
:1083900081F308BF2033A3F10B03B3F120020CDA01
:1083A0000C3208DD02F1140CC2F10C0201FA0CF0DF
:1083B00021FA02F10CE002F11402D8BFC2F1200C44
:1083C00001FA02F120FA0CFCDCBF41EA0C019040FA
:1083D000E41AA2BF01EB0451294330BD6FEA040443
:1083E0001F3C1CDA0C340EDC04F11404C4F120022E
:1083F00020FA04F001FA02F340EA030021FA04F340
:1084000045EA030130BDC4F10C04C4F1200220FA96
:1084100002F001FA04F340EA0300294630BD21FAD4
:1084200004F0294630BD94F0000F83F4801306BF9A
:1084300081F480110134013D4EE77FEA645C18BF8E
:108440007FEA655C29D094EA050F08BF90EA020F25
:1084500005D054EA000C04BF1946104630BD91EA1D
:10846000030F1EBF0021002030BD5FEA545C05D120
:108470004000494128BF41F0004130BD14F580045F
:108480003CBF01F5801130BD01F0004545F0FE41D3
:1084900041F470014FF0000030BD7FEA645C1ABF08
:1084A000194610467FEA655C1CBF0B46024650EA3F
:1084B000013406BF52EA033591EA030F41F400216B
:1084C00030BD00BF90F0000F04BF0021704730B5F1
:1084D0004FF4806404F132044FF000054FF00001C6
:1084E00050E700BF90F0000F04BF0021704730B587
:1084F0004FF4806404F1320410F0004548BF40425C
:108500004FF000013EE700BF42004FEAE2014FEAB0
:1085100031014FEA02701FBF12F07F4393F07F4F8B
:1085200081F06051704732F07F4208BF704793F08E
:108530007F4F04BF41F40021704730B54FF46074A1
:1085400001F0004521F000411CE700BF50EA0102A4
:1085500008BF704730B54FF000050AE050EA01024D
:1085600008BF704730B511F0004502D5404261EBBD
:1085700041014FF4806404F132045FEA915C3FF4FE
:10858000D8AE4FF003025FEADC0C18BF03325FEA9B
:10859000DC0C18BF033202EBDC02C2F1200300FA4C
:1085A00003FC20FA02F001FA03FE40EA0E0021FA71
:1085B00002F11444BDE600BF70B54FF0FF0C4CF45F
:1085C000E06C1CEA11541DBF1CEA135594EA0C0F11
:1085D00095EA0C0F00F0DEF82C4481EA030621EA4C
:1085E0004C5123EA4C5350EA013518BF52EA033587
:1085F00041F4801143F4801338D0A0FB02CE4FF039
:108600000005E1FB02E506F00042E0FB03E54FF068
:108610000006E1FB03569CF0000F18BF4EF0010E60
:10862000A4F1FF04B6F5007F64F5407404D25FEA5C
:108630004E0E6D4146EB060642EAC62141EA55510F
:108640004FEAC52040EA5E504FEACE2EB4F1FD0C51
:1086500088BFBCF5E06F1ED8BEF1004F08BF5FEACF
:10866000500E50F1000041EB045170BD06F0004681
:1086700046EA010140EA020081EA0301B4EB5C042E
:10868000C2BFD4EB0C0541EA045170BD41F4801126
:108690004FF0000E013C00F3AB8014F1360FDEBF4B
:1086A000002001F0004170BDC4F10004203C35DA27
:1086B0000C341BDC04F11404C4F1200500FA05F3AA
:1086C00020FA04F001FA05F240EA020001F000424B
:1086D00021F0004110EBD37021FA04F642EB0601C1
:1086E0005EEA430E08BF20EAD37070BDC4F10C04EB
:1086F000C4F1200500FA04F320FA05F001FA04F2AF
:1087000040EA020001F0004110EBD37041F100019A
:108710005EEA430E08BF20EAD37070BDC4F12005A5
:1087200000FA05F24EEA020E20FA04F301FA05F20D
:1087300043EA020321FA04F001F0004121FA04F2B5
:1087400020EA020000EBD3705EEA430E08BF20EA85
:10875000D37070BD94F0000F0FD101F000464000BF
:1087600041EB010111F4801F08BF013CF7D041EA41
:10877000060195F0000F18BF704703F00046520045
:1087800043EB030313F4801F08BF013DF7D043EA16
:108790000603704794EA0C0F0CEA135518BF95EACC
:1087A0000C0F0CD050EA410618BF52EA4306D1D153
:1087B00081EA030101F000414FF0000070BD50EA72
:1087C000410606BF1046194652EA430619D094EAFC
:1087D0000C0F02D150EA013613D195EA0C0F05D1E6
:1087E00052EA03361CBF104619460AD181EA03013A
:1087F00001F0004141F0FE4141F470014FF00000F2
:1088000070BD41F0FE4141F4780170BD70B54FF08C
:10881000FF0C4CF4E06C1CEA11541DBF1CEA13550C
:1088200094EA0C0F95EA0C0F00F0A7F8A4EB0504EE
:1088300081EA030E52EA03354FEA013100F08880E5
:108840004FEA03334FF0805545EA131343EA1263AE
:108850004FEA022245EA111545EA10654FEA002663
:108860000EF000419D4208BF964244F1FD0404F51C
:10887000407402D25B084FEA3202B61A65EB030578
:108880005B084FEA32024FF480104FF4002CB6EB35
:10889000020E75EB030E22BFB61A754640EA0C00B5
:1088A0005B084FEA3202B6EB020E75EB030E22BFF5
:1088B000B61A754640EA5C005B084FEA3202B6EB36
:1088C000020E75EB030E22BFB61A754640EA9C00F5
:1088D0005B084FEA3202B6EB020E75EB030E22BFC5
:1088E000B61A754640EADC0055EA060E18D04FEA83
:1088F000051545EA16754FEA06164FEAC30343EA23
:1089000052734FEAC2025FEA1C1CC0D111F4801FEF
:108910000BD141EA00014FF000004FF0004CB6E7E8
:1089200011F4801F04BF01430020B4F1FD0C88BF87
:10893000BCF5E06F3FF6AFAEB5EB030C04BFB6EB92
:10894000020C5FEA500C50F1000041EB045170BD85
:108950000EF0004E4EEA113114EB5C04C2BFD4EBB2
:108960000C0541EA045170BD41F480114FF0000E36
:10897000013C90E645EA060E8DE60CEA135594EAB2
:108980000C0F08BF95EA0C0F3FF43BAF94EA0C0FB5
:108990000AD150EA01347FF434AF95EA0C0F7FF42A
:1089A00025AF104619462CE795EA0C0F06D152EA7E
:1089B00003353FF4FDAE1046194622E750EA410662
:1089C00018BF52EA43067FF4C5AE50EA41047FF473
:1089D0000DAF52EA43057FF4EBAE12E74A0011D225
:1089E00012F5001211D20DD56FF47873B3EB625209
:1089F0000ED44FEAC12343F0004343EA505323FA15
:108A000002F070474FF00000704750EA013002D189
:108A10004FF0FF3070474FF0000070474FEA4102BF
:108A2000B2F1E04324BFB3F5001CDCF1FE5C0DD9CC
:108A300001F0004C4FEAC0024CEA5070B2F1004F16
:108A400040EB830008BF20F00100704711F0804F19
:108A500021D113F13872BCBF01F00040704741F4DE
:108A600080114FEA5252C2F11802C2F1200C10FAE2
:108A70000CF320FA02F018BF40F001004FEAC123C6
:108A80004FEAD32303FA0CFC40EA0C0023FA02F36A
:108A90004FEA4303CCE77FEA625307D150EA013340
:108AA0001EBF4FF0FE4040F44000704701F0004010
:108AB00040F0FE4040F40000704700BF80F00040EE
:108AC00002E000BF81F0004142001FBF5FEA4103A6
:108AD00092EA030F7FEA226C7FEA236C6AD04FEAA6
:108AE0001262D2EB1363C1BFD218414048404140EB
:108AF000B8BF5B42192B88BF704710F0004F40F49D
:108B0000000020F07F4018BF404211F0004F41F4B8
:108B1000000121F07F4118BF494292EA030F3FD084
:108B2000A2F1010241FA03FC10EB0C00C3F1200397
:108B300001FA03F100F0004302D5494260EB400026
:108B4000B0F5000F13D3B0F1807F06D340084FEA91
:108B5000310102F10102FE2A51D2B1F1004F40EB86
:108B6000C25008BF20F0010040EA030070474900EE
:108B700040EB0000013A28BFB0F5000FEDD2B0FA8B
:108B800080FCACF1080CB2EB0C0200FA0CF0AABFAE
:108B900000EBC25052421843BCBFD040184370474C
:108BA00092F0000F81F4000106BF80F40000013252
:108BB000013BB5E74FEA41037FEA226C18BF7FEA29
:108BC000236C21D092EA030F04D092F0000F08BF6B
:108BD0000846704790EA010F1CBF0020704712F052
:108BE0007F4F04D1400028BF40F00040704712F191
:108BF00000723CBF00F50000704700F0004343F0F6
:108C0000FE4040F4000070477FEA226216BF08462B
:108C10007FEA23630146420206BF5FEA412390EAEE
:108C2000010F40F4800070474FF0000304E000BFE4
:108C300010F0004348BF40425FEA000C08BF704795
:108C400043F0964301464FF000001CE050EA010259
:108C500008BF70474FF000030AE000BF50EA01026E
:108C600008BF704711F0004302D5404261EB41015B
:108C70005FEA010C02BF84460146002043F0B64380
:108C800008BFA3F18053A3F50003BCFA8CF2083AA5
:108C9000A3EBC25310DB01FA02FC634400FA02FCAE
:108CA000C2F12002BCF1004F20FA02F243EB0200B5
:108CB00008BF20F00100704702F1200201FA02FC17
:108CC000C2F1200250EA4C0021FA02F243EB02000A
:108CD00008BF20EADC7070474FF0FF0C1CEAD0524E
:108CE0001EBF1CEAD15392EA0C0F93EA0C0F6FD00F
:108CF0001A4480EA010C400218BF5FEA41211ED0ED
:108D00004FF0006343EA501043EA5111A0FB0131D8
:108D10000CF00040B1F5000F3EBF490041EAD371AD
:108D20005B0040EA010062F17F02FD2A1DD8B3F129
:108D3000004F40EBC25008BF20F00100704790F098
:108D4000000F0CF0004C08BF49024CEA502040EAEA
:108D500051207F3AC2BFD2F1FF0340EAC2507047B0
:108D600040F400004FF00003013A5DDC12F1190FEE
:108D7000DCBF00F000407047C2F10002410021FA60
:108D800002F1C2F1200200FA02FC5FEA310040F178
:108D9000000053EA4C0308BF20EADC70704792F0F1
:108DA000000F00F0004C02BF400010F4000F013A29
:108DB000F9D040EA0C0093F0000F01F0004C02BF24
:108DC000490011F4000F013BF9D041EA0C018FE793
:108DD0000CEAD15392EA0C0F18BF93EA0C0F0AD099
:108DE00030F0004C18BF31F0004CD8D180EA0100BF
:108DF00000F00040704790F0000F17BF90F0004F58
:108E0000084691F0000F91F0004F14D092EA0C0F39
:108E100001D142020FD193EA0C0F03D14B0218BFCC
:108E2000084608D180EA010000F0004040F0FE4012
:108E300040F40000704740F0FE4040F440007047AE
:108E40004FF0FF0C1CEAD0521EBF1CEAD15392EA2D
:108E50000C0F93EA0C0F69D0A2EB030280EA010C1D
:108E600049024FEA402037D04FF0805343EA1111B6
:108E700043EA10130CF000408B4238BF5B0042F114
:108E80007D024FF4000C8B4224BF5B1A40EA0C00B9
:108E9000B3EB510F24BFA3EB510340EA5C00B3EBEB
:108EA000910F24BFA3EB910340EA9C00B3EBD10FD9
:108EB00024BFA3EBD10340EADC001B0118BF5FEA2B
:108EC0001C1CE0D1FD2A3FF650AF8B4240EBC25054
:108ED00008BF20F0010070470CF0004C4CEA502015
:108EE0007F32C2BFD2F1FF0340EAC250704740F464
:108EF00000004FF00003013A37E792F0000F00F056
:108F0000004C02BF400010F4000F013AF9D040EAD3
:108F10000C0093F0000F01F0004C02BF490011F467
:108F2000000F013BF9D041EA0C0195E70CEAD1535F
:108F300092EA0C0F08D142027FF47DAF93EA0C0F46
:108F40007FF470AF084676E793EA0C0F04D14B022A
:108F50003FF44CAF08466EE730F0004C18BF31F0DC
:108F6000004CCAD130F000427FF45CAF31F00043D6
:108F70007FF43CAF5FE700BF4FEA4002B2F1FE4F23
:108F80000FD34FF09E03B3EB12620DD94FEA0023CB
:108F900043F0004310F0004F23FA02F018BF4042A4
:108FA00070474FF00000704712F1610F01D142028B
:108FB00005D110F0004008BF6FF0004070474FF03F
:108FC0000000704753B94AB9002908BF00281CBFE8
:108FD0004FF0FF314FF0FF3000F00CB8ADF1080C4E
:108FE0006DE904CE00F0B8F8DDF804E0DDE9022315
:108FF00004B07047704700BF4FF0FF3C06E000BF71
:109000004FF0010C02E000BF4FF0010C4DF804CD11
:109010004FEA410C7FEA6C5C4FEA430C18BF7FEAD1
:109020006C5C1BD001B050EA410C0CBF52EA430CFF
:1090300091EA030F02BF90EA020F0020704710F17F
:10904000000F91EA030F58BF994208BF90422CBF0E
:10905000D8176FEAE37040F0010070474FEA410C07
:109060007FEA6C5C02D150EA013C07D14FEA430C25
:109070007FEA6C5CD6D152EA033CD3D05DF8040B96
:10908000704700BF8446104662468C4619466346C8
:1090900000E000BF01B5FFF7B7FF002848BF10F19F
:1090A000000F01BD4DF808EDFFF7F4FF0CBF0120E4
:1090B00000205DF808FB00BF4DF808EDFFF7EAFF60
:1090C00034BF012000205DF808FB00BF4DF808ED1B
:1090D000FFF7E0FF94BF012000205DF808FB00BF10
:1090E0004DF808EDFFF7CEFF94BF012000205DF89A
:1090F00008FB00BF4DF808EDFFF7C4FF34BF0120A7
:1091000000205DF808FB00BF4FEA410212F5001293
:1091100015D211D56FF47873B3EB625212D94FEABE
:10912000C12343F0004343EA505311F0004F23FAA8
:1091300002F018BF404270474FF00000704750EAFD
:10914000013005D111F0004008BF6FF000407047BA
:109150004FF00000704700BF2DE9F04786468C466F
:109160000846089E154674461946002B40F0C180FB
:109170008542B2FA82F245D94AB1C2F1200300FA1F
:1091800002FC954094402EFA03F343EA0C0C4FEA9C
:10919000154EA8B2230CBCFBFEF80EFB18CC08FB46
:1091A00000F943EA0C43994528D9EB1808F1FF3739
:1091B00004D2994502D9A8F102072B44A3EB090375
:1091C000A4B2B3FBFEFC0EFB1C330CFB00F044EA24
:1091D0000344A04214D92C190CF1FF3304D2A0424D
:1091E00002D9ACF102032C44241A43EA07401EB111
:1091F000D440002334607360BDE8F0874746DDE764
:109200006346F1E792BB431B01214FEA154EAFB213
:10921000200CB3FBFEFC0EFB1C330CFB07F840EAF2
:109220000343984561D9EB180CF1FF3004D29845FF
:1092300002D9ACF102002B44A3EB0803A4B2B3FBA8
:10924000FEFC0EFB1C330CFB07F744EA0344A74269
:109250004DD92C190CF1FF3304D2A74202D9ACF13D
:1092600002032C44E41B43EA0040C0E7C2F12003A0
:109270009540944020FA03F12EFA03F34FEA154E7D
:109280009040AFB20343B1FBFEFC0EFB1C10190C67
:109290000CFB07F841EA0041884522D969180CF116
:1092A000FF3004D2884502D9ACF102002944A1EB79
:1092B00008019BB2B1FBFEFC0EFB1C110CFB07F777
:1092C00043EA01439F420ED9EB180CF1FF3104D25F
:1092D0009F4202D9ACF102012B44DB1B41EA004161
:1092E00093E76046E3E76146F7E76046A4E7634635
:1092F000B8E7834206D916B9002108467CE7C6E9DB
:1093000000E0F9E7B3FA83F78FB9834201D37245DE
:1093100008D8BEEB020460EB030301209C461EB993
:10932000002169E73846FAE7C6E9004CF8E7C7F1DB
:10933000200CBB400EFA07F522FA0CF42EFA0CF1C1
:10934000BA401C4320FA0CF3B8404FEA14490143D9
:109350001FFA84FEB3FBF9F809FB18300B0C08FB6D
:109360000EFA43EA00439A4540D9E31808F1FF306A
:1093700004D29A4502D9A8F102002344A3EB0A03C0
:1093800089B2B3FBF9F809FB183308FB0EFE41EA7A
:1093900003418E452CD9611808F1FF3304D28E4564
:1093A00002D9A8F10203214443EA0040A1EB0E01D7
:1093B000A0FB02984145CE46434602D306D14D4517
:1093C00004D20138B9EB020E68EB0403002EA7D0DB
:1093D000B5EB0E0261EB030101FA0CFC22FA07F374
:1093E000F9404CEA0303C6E9003199E74046C5E776
:1093F0004346D9E7034611F8012B03F8012B002A55
:10940000F9D17047034613F8012B002AFBD1181A33
:1094100001387047000000002DE9FF4721F00042AD
:10942000AF4F04460D46BA424FEAD17632D9AD4F1E
:10943000BA4216D894A3D3E90023FFF75BFE074690
:1094400010BB2046294692A3D3E90023FFF734FE40
:10945000002800F09E80384604B0BDE8F04711F0C7
:1094600049BCC1F313030246034305D00B46FEF784
:10947000EDFE04460D4602E0002E40F0FF8020463F
:10948000294604B0BDE8F087002004B0BDE8F047ED
:109490000DF008BD944B9A4240F2A780934B9A423C
:1094A00077D8934BF400C6F1010A03EBC603AAEB8D
:1094B000060AD3E90023FEF7C7FE8E4B8046894695
:1094C0002344D3E90034CDE90034DDE900234046EC
:1094D0004946FEF7B9FE04460D4622462B46204675
:1094E0002946FFF769F806460F466BA3D3E9002328
:1094F000FFF762F86AA3D3E90023FEF7A5FE324620
:109500003B46FFF759F868A3D3E90023FEF79EFE18
:1095100032463B46FFF750F865A3D3E90023FEF738
:1095200093FE32463B46FFF747F863A3D3E9002397
:10953000FEF78CFE32463B46FFF73EF802460B46EE
:1095400020462946FEF780FE02460B4606460F4699
:1095500020462946FFF730F8CDE90201BAF1000FA5
:109560005AD100224FF0804330463946FEF76CFE58
:1095700002460B46DDE90201FFF748F922462B4679
:10958000FEF762FE02460B4600205B49FEF75CFEDA
:109590006FE75A4B2046294603EBC60648A3D3E99A
:1095A0000023FFF709F8D6E90023FEF74FFEFFF787
:1095B000ABFD8246FEF796FF06460F4642A3D3E96F
:1095C0000023FEF7F9FF02460B4620462946FEF728
:1095D0003BFE80468946304639463DA3D3E9002309
:1095E000FEF7EAFFCDE900016FE7454B9A420ED83E
:1095F00039A3D3E90023FEF729FE00223E4BFFF7F3
:1096000079FD38B100223C4B204629462FE74FF028
:10961000000A62E7824660E732463B4600204FF090
:109620008041FEF711FE02460B46DDE90201FFF71D
:10963000EDF802460B46DDE90001FEF705FE424665
:109640004B46FEF701FE0B4602462B490020FEF773
:10965000FBFD0B466FF47F7106468A4503DB3446FB
:1096600003EB0A550BE70AF57A7A3046002203EB42
:109670000A514FF0B873FEF79FFFFAE60024002569
:10968000FDE600BFAFF30080EF39FAFE422E8640C0
:1096900051302DD5104987C0D0A4BE726937663EBF
:1096A000F16BD2C541BDBB3E2CDE25AF6A56113FE2
:1096B00093BDBE166CC1663F3E5555555555C53FC9
:1096C000FE822B654715F73F0000E0FE422EE63F85
:1096D000763C7935EF39EA3D9C7500883CE4377E6D
:1096E000412E8640FFFFEF7F422ED63FB1A2F03FD2
:1096F00078B2040068B204000000F03F88B20400B1
:10970000FFFFEF3D00000000B1F5801F2DE9F04F95
:10971000074687B088460D4625DA21F0004303430B
:1097200005D1012007B0BDE8F04F0DF0C7BB0029FF
:1097300004DA07B0BDE8F04F0DF0CCBB0022C64BF9
:10974000FEF73AFF88460D4607466FF03501C348DD
:1097500085420ADD3A46434638464146FEF776FDE5
:1097600007B0BDE8F08F0021F1E72C15C5F3130514
:1097700000223846A4F2FF340C4405F5152101F609
:10978000647101F4801686F07F5104EB165481F465
:10979000401141EA05031946B14BFEF755FDAB1CDC
:1097A00082468B46C3F313030022022B53DC0023B3
:1097B000FFF778FCD0B1002C00F020812046FEF7A6
:1097C00091FE06460F4690A3D3E90023FEF7F4FE70
:1097D00004460D46304639468DA3D3E90023FEF7F3
:1097E000EBFE02460B4620462946B7E78AA3D3E99B
:1097F000002350465946FEF7DFFE02460B46002086
:109800009849FEF721FD06460F4652465B465046F4
:109810005946FEF7D1FE02460B4630463946FEF762
:10982000CBFE06460F4614B932463B46A0E0204622
:10983000FEF758FE8046894673A3D3E90023FEF75E
:10984000BBFE04460D464046494671A3D3E90023BA
:10985000FEF7B2FEA5E04FF08043A5F5C226FEF765
:10986000F5FC02460B4650465946C5F5D725FEF78E
:10987000CDFFA6F27A465135CDE9000120463543A9
:10988000FEF730FEDDE90023CDE90201104619465E
:10989000FEF792FE02460B46CDE90423FEF78CFE4E
:1098A000804689465EA3D3E90023FEF785FE5EA3CA
:1098B000D3E90023FEF7CAFC42464B46FEF77CFE86
:1098C0005BA3D3E90023FEF7C1FC42464B46FEF7FB
:1098D00073FE59A3D3E90023FEF7B8FCDDE90423A6
:1098E000FEF76AFE56A3D3E90023CDE90401404602
:1098F0004946FEF761FE54A3D3E90023FEF7A6FC18
:1099000042464B46FEF758FE51A3D3E90023FEF72B
:109910009DFC42464B46FEF74FFE02460B46DDE9F4
:109920000401FEF793FC002D8046894648DD0022A5
:109930004C4B50465946FEF73FFE52465B46FEF7FB
:109940003BFE02460B4606460F4640464946FEF79A
:109950007DFCDDE90023FEF72FFE8046894664B9D1
:1099600002460B4630463946FEF76EFC02460B4671
:1099700050465946FEF768FCF2E623A3D3E90023DC
:10998000DDE90201FEF718FE04460D4620A3D3E9E7
:109990000023DDE90201FEF70FFE42464B46FEF7CB
:1099A00055FC02460B4630463946FEF74DFC524602
:1099B0005B46FEF749FC02460B4620462946D9E79E
:1099C00002460B4650465946FEF73EFCDDE90023B1
:1099D000FEF7F2FD06460F46002C3FF425AF0AA322
:1099E000D3E90023DDE90201FEF7E6FD04460D465A
:1099F00007A3D3E90023DDE9020129E700200021C4
:109A0000AEE600BFAFF300800000E0FE422EE63F6E
:109A1000763C7935EF39EA3D555555555555D53F85
:109A200044523EDF12F1C23FDE03CB966446C73F8D
:109A3000599322942449D23F935555555555E53FA6
:109A40009FC678D0099AC33FAF788E1DC571CC3FB1
:109A500004FA97999999D93F00005043FFFFEF7F8F
:109A60000000F03F0000E03F08B5002002F0CCF815
:109A7000002304494B60CB6001238B60BDE80840A4
:109A800000F04EBC98EB002008B509480DF044FCEE
:109A900004F0A6FC014620B106480DF03DFC002074
:109AA00008BDFFF7E1FF04480DF036FCF7E700BF03
:109AB000AABC0400C6BC0400F6BC0400F8B50F46FE
:109AC00000293BD00668012230460DF08AFA014693
:109AD000044630460DF04DFAC3070DD4AF23184AA3
:109AE000184919480DF03BFC394618480DF037FC71
:109AF000AF2113480DF02CFC214630460DF04FFAF3
:109B000025182946002230460DF033FA2D1AAC42B2
:109B10000BD0B7230A4A0E490B480DF020FC3946FA
:109B20000C480DF01CFCB721E3E7214630460DF050
:109B30003CFA2146BDE8F8400DF078BBF8BD00BF07
:109B4000FDBC040020BD040031BD04004EBD040076
:109B500086BD0400ACBD04002DE9F8430F4606683D
:109B60001446B2684B1EB2F5004F34BF04210821E1
:109B70003B4010D0C7F1000909EA0709494503F144
:109B8000FF3028BF494618420CD11F46DCB90025DA
:109B90002846BDE8F8838F4213D82146BDE8F84334
:109BA0000DF086BB2E494FF4A2732E4A2E480DF0BD
:109BB000D6FB2E480DF0D3FB4FF4A27129480DF0CF
:109BC000C7FB9946E2E7B2EBD40FE0D9E319591A83
:109BD00010460DF010FA014630460DF066FA804648
:109BE0000028D4D0B36809EBC005B3F5004F34BFEB
:109BF000042308231D4435447B1E1D44B5FBF7F5A3
:109C00007D43A5EB0905294630460DF0EAF92C44C1
:109C1000073424F00704A41B804507464FEAE404F8
:109C200008D20246414630460DF079FA41463046A8
:109C30000DF0BAFA394630460DF0B1F93844844295
:109C400008D23946304622460DF069FA21463046A0
:109C50000DF0AAFA0122394630460DF0A6F997E731
:109C6000E8BD0400FDBC040031BD040003BE0400D7
:109C7000B2F5802F2DE9F04110D2042A28D84349AB
:109C80004FF4F973424A43480DF069FB42480DF026
:109C900066FB4FF4F9713E480DF05AFB0823D21AC7
:109CA000CC1D114424F0070421F00701091B1729DA
:109CB0004FEAD1060ED8394940F2FB13344A3548F1
:109CC0000DF04DFB34480DF04AFB40F2FB11E2E78A
:109CD0000423E4E70027046031463046A660E760CD
:109CE0000DF092F90121421D804630460DF083F9B6
:109CF0009200D51DED082844B0423AD8B8F1FF3F94
:109D00003946A2F1100204F11000B8BF3A4611F032
:109D100006F82A46394620460DF05FF93B463A469A
:109D2000394620460DF030F9A6EB050820463946A5
:109D300001220DF03AF9424629460DF04EF92B4624
:109D40003A46294620460DF01FF9314620460DF0CF
:109D500044F943463A46314620460DF015F931465E
:109D6000204601220DF021F92946BDE8F0410DF011
:109D70001BBA0B494FF40373054A06480DF0EFFA7E
:109D800005480DF0ECFA4FF4037184E720BE04009F
:109D9000FDBC040031BD040041BE04005ABE0400F5
:109DA00083BE0400014B1B68184700BF80E50020FC
:109DB00030B585B004460D4610220021684610F0EB
:109DC000AEFF02238DF80230044B2A462146684636
:109DD00001930CF051FD05B030BD00BFA59D0300FF
:109DE000014B1860704700BF80E5002080B5054634
:109DF0000E46174698460BF031FE034610F0A0FFC2
:109E00000446DFF81890424649F80030394630469B
:109E1000A84754F8090000F0A9FD00BF08000000A1
:109E200070B500254FF0FF334FF0FF3217480AF0AE
:109E300003F8174BD3E8AF2F82B10135042D03F19E
:109E40002803F7D110F07CFF17224FF0FF35114B9C
:109E50001A500E480AF0C2F8284670BD28246C43F8
:109E6000D3E8EF0F0130C3E8E10F0029F8D10A4E23
:109E7000331932515A6004F10C00304410F04EFD99
:109E800004F12000304410F09AFDE2E708E80020D9
:109E9000B0EB00200C000000A8EB002010B404463A
:109EA000104628225443084B1A191951506040B1EA
:109EB000C26832B10C34234440F2051210BC0DF0DC
:109EC00038BA10BC704700BFA8EB002028234343DA
:109ED00030B50D4908330B44D3E8AF2F92B1541E6F
:109EE000D3E8EF5F954204D1C3E8EC4FBCF1000F1B
:109EF000F6D1F1D1012A05D12823584300230A18AD
:109F00000B50536030BD00BFA8EB00202DE9F84F87
:109F10000446A38B08461907154612D4022803F0FD
:109F2000070165D120460DF027FA88B101380428D1
:109F300000F23781DFE810F05C0035018200D400C8
:109F4000040101280CBF43F0100143F02001A1835C
:109F5000143420460BF04EFF002840F09F819A49B0
:109F600040F23113994A9A480DF0F9F92146B1E0CF
:109F700003F00702501F01281ED80020062A276878
:109F8000C4E9000014D13A4603E0E08B0130E083DD
:109F90001268002AF9D123F0070343F00202204699
:109FA000A2830DF0E9F990B342F02002A2832EE0E3
:109FB00023F007039AB2F2E7042A33D123F0070310
:109FC0009AB22046A2830DF0D7F910B142F02002D8
:109FD000A283A38B03F00709894540F0EC80A18B95
:109FE000CA0640F1528121F01003A38301F007015A
:109FF000D4F81880A38BB8F1000FB9DA00222768D3
:10A0000023F00703C4E9002243F00103A383A38BD9
:10A0100003F00709894540F0CF80002FDFD00026EC
:10A02000B24644E06B4940F21B136B4A68480DF09E
:10A0300096F940F21B1168480DF08AF949B1674959
:10A040004FF4AB73644A62480DF089F94FF4AB7179
:10A05000F1E723684BB9624940F257135E4A5C4806
:10A060000DF07DF940F25711E5E723691E684EB9FE
:10A070005C494FF4AD73584A55480DF070F94FF4F0
:10A08000AD71D8E70F4688464FF00609A38B23F041
:10A09000070343F006039BB2A383A268002A40F0A3
:10A0A0008D80002F40F08D80002E98D0BA4643F06E
:10A0B000080304F1140B5846A3830BF09BFE002801
:10A0C00040F09A80404940F23113404A40480DF038
:10A0D00046F9594644480DF042F940F23111AFE0DB
:10A0E000022909D0414940F25D133B4A38480DF03E
:10A0F00036F940F25D119EE7E78B4FB13C494FF4D2
:10A10000AF73354A32480DF02AF94FF4AF7192E738
:10A1100023695E684EB9334940F261132E4A2C48D8
:10A120000DF01DF940F2611185E7A38BB84623F0CD
:10A13000070343F004039BB24FF00409A383ACE789
:10A14000012909D02B494FF4B273234A20480DF05E
:10A1500006F94FF4B2716EE723684BB9204940F21B
:10A1600065131D4A1A480DF0FAF840F2651162E7CE
:10A1700023699E684EB91B494FF4B473164A1448BC
:10A180000DF0EDF84FF4B47155E70027A38BB846F6
:10A1900023F0070343F005039BB24FF00509A383A7
:10A1A0007BE70C4940F26B130B4A09480DF0D7F8D6
:10A1B00040F26B113FE7002700266EE74FF0010ADF
:10A1C00075E7924673E700BF81BF040054BF0400E7
:10A1D00031BD040038CA0400AEBE0400D3BE040082
:10A1E000DFBE040002BF040098BF040019BF0400D2
:10A1F0002FBF04003EBF040085F31188BFF36F8FAB
:10A20000BAF1000F1ED1002F2FD116B120462649DA
:10A21000B0474FF02003EFF3118583F31288BFF3AB
:10A220006F8F58460BF0D8FD38BB88231F4A204952
:10A2300020480DF094F859461F480DF090F88821F9
:10A240001A48F9E6A1680029DDD00D680029DAD0A6
:10A2500043464A462046D1F804A0D0471DB12B689A
:10A2600029461D46F2E72B46FAE7394643464A4659
:10A2700020463F680DF0ACF8C5E758460BF0C8FD26
:10A28000A38B23F00803A383A9E68B067FF560AEBA
:10A2900021F02003A38301F0070143E685F3118831
:10A2A000BFF36F8FBDE8F88FBDA2030054BF040059
:10A2B000ADBF040031BD0400C2BF0400F8B50446C0
:10A2C0000D4600F114064FF02003EFF3118783F3DE
:10A2D0001288BFF36F8F30460BF07EFD68B988237C
:10A2E0000B4A0C490C480DF03AF831460B480DF07A
:10A2F00036F8882106480DF02BF830460BF088FD23
:10A30000A5613A462046BDE8F8400121FFF7FEBDB1
:10A3100054BF0400ADBF040031BD0400C2BF04003F
:10A320002DE9F04704460F460DF042F8051E69DBA3
:10A3300004F114094FF02003EFF3118A83F312881C
:10A34000BFF36F8F48460BF047FD804660B9882306
:10A35000384A394939480DF002F8494638480CF076
:10A36000FEFF8821334842E048460BF051FD4FF68E
:10A37000FF72E38BA68B934206F0070645D0022EB0
:10A3800015D135460133E38348460BF033FD0028F1
:10A3900041D140F23113274A2A4928480CF0DFFF07
:10A3A000494629480CF0DBFF40F23111DAE7062E6E
:10A3B00013D8DFE806F0092D1212090409006FF026
:10A3C00085054FF00008DFE700233B60636883B931
:10A3D000C4E9007786B13546F3E71C4917484FF4C6
:10A3E000E4731B4A0CF0BBFF4FF4E47118480CF007
:10A3F000AFFF1F606760EDE7524602212046FFF77E
:10A4000085FD35462846BDE8F0876FF00A05D8E798
:10A410006FF00405D5E78AF31188BFF36F8FB8F1A9
:10A42000000FEFD000233246394620460CF0D0FF13
:10A43000E8E700BF54BF0400ADBF040031BD040015
:10A44000C2BF040081BF040098BF04003EBF0400E7
:10A45000AEBE040008B54268034602F00302022AB9
:10A4600081600AD0032A4FF0000103D0012A0AD1EB
:10A47000596006E01868596008BD186800225A60E3
:10A4800058B90020F8E7064906484523064A0CF06B
:10A4900066FF452104480CF05BFF0BF0C9FFF0E7B5
:10A4A00038CA040031BD0400D8BF0400014B03606A
:10A4B0000020704798B2040008B504480CF02CFF47
:10A4C000BDE8084002480CF027BF00BFFEBF0400F3
:10A4D00034C0040030BFFFF7FDBF00BF2DE9F041DD
:10A4E00005460B4EDFF82C80324606EB0807CC1BE6
:10A4F0002046094910F006FCA01942460021083CFC
:10A5000010F00DFC6C6707F10800BDE8F08100BF9A
:10A5100000000000080000000CB20400044B996821
:10A520005869884203D003494FF080520A6070474F
:10A5300024F5002004ED00E0154B9A6A12F0007F2C
:10A540009A6A14BF1E201D2012F0807F9A6A18BFDD
:10A550001F2012F4801F9A6A18BF022012F4002FE5
:10A560009A6A18BF212012F4802F9A6A18BF2220FD
:10A5700012F4003F9A6A18BF232012F4803F9A6AAF
:10A5800018BF24206FEA02426FEA12429A627047B3
:10A5900000ED00E010B5194B0246986A9C6A10F471
:10A5A000805F14BF1720162014F4006F9C6A18BF38
:10A5B0001820A40509D5986B986A000404D51AB12F
:10A5C0009A6A22F400429A6219200C4B9A6A12F499
:10A5D000806F9A6A18BF1A20D2050CD49B6A13F4B4
:10A5E000005F18BF1C20054A936A43F47F439362BF
:10A5F00000230B7010BD1B20F5E700BF00ED00E04D
:10A6000010B5264B0246986A9C6A10F0100F14BFD2
:10A610001120102014F0080F9C6A18BF1220A40704
:10A6200009D5586B986A000604D51AB19A6A22F0C7
:10A6300080029A621320194B9A6A12F0010F9A6AEB
:10A6400018BF142012F0200F9A6A18BF1520D206E6
:10A6500002D49B6A9B0712D5104B9B6ADC060ED571
:10A660000F4940F263130F4A0F480CF078FE0F4871
:10A670000CF075FE40F263110A480CF069FE074BBE
:10A680009A6A920642BF5A6A22F400525A629A6A41
:10A6900042F0FF029A6200230B7010BD00ED00E053
:10A6A00094C0040062C0040031BD0400DEC0040098
:10A6B000F0B55E4B04465D688BB00023C5F308051A
:10A6C00083F31188BFF36F8F02F07F43B3F17F4FA5
:10A6D0000DD112F001030AD1560603D4100703D49A
:10A6E000012603E0520700D50C46002674B95049F4
:10A6F0004FF48B634F4A50480CF031FE4F480CF03A
:10A700002EFE4FF48B614B480CF022FE00228DF898
:10A710000720EA1E032A30D8DFE802F002797D5CC8
:10A72000424AD16A11F0020127D1D36A002B76DBAD
:10A73000D36A5B005ED55369A16943F480735361AA
:10A74000BFF34F8FBFF36F8F536931F8021C23F4AF
:10A7500080735361BFF34F8FBFF36F8F4DF602735A
:10A76000994209D0936ADBB233B301200DF107019E
:10A77000FFF746FF034600E023689DF80720CAB9AB
:10A7800002AD04F120072A4620686168083403C23C
:10A79000BC421546F7D1099A002E42D0C2F30801F7
:10A7A00021B96FEA52226FEA42220992184602A9A1
:10A7B0000CF04CFE0BB0F0BD936A13F47F4F05D044
:10A7C00001200DF10701FFF7E5FED3E7936AB3F52A
:10A7D000803F02D3FFF7B0FECCE7194940F22A339D
:10A7E000144A15480CF0BBFD16480CF0B8FD40F2B9
:10A7F0002A3188E7124940F22E330E4A0E480CF0F7
:10A80000AEFD11480CF0ABFD40F22E317BE700208D
:10A810000DF10701ACE700200DF10701D3E70B466E
:10A82000ABE722F4FF7222F00102BEE700ED00E088
:10A8300042C1040062C0040031BD040055C10400DF
:10A8400038CA040093C10400B7C10400044B5A691C
:10A8500042F010025A615A6942F480625A617047AC
:10A8600000ED00E0EFF30880EFF3098101B57246D7
:10A87000FFF71EFF01BD00BF002080F31488BFF367
:10A880006F8F002080F30A8880F30B880EF014FD90
:10A8900000200E490860BFF34F8F0D4880F30888F1
:10A8A00000F03EF8202080F311880A484FF4006140
:10A8B000401880F30988EFF314800221084380F3E5
:10A8C0001488BFF36F8F00F029F9000094ED00E0C9
:10A8D000A025012060100120BFF34F8F0549064BD2
:10A8E000CA6802F4E0621343CB60BFF34F8F00BF2E
:10A8F000FDE700BF00ED00E00400FA050023184664
:10A900000649D1F89020C2F30722934200DB70473A
:10A91000C1F89830C1F8A0000133F6E700ED00E07F
:10A9200010B572B6002484F31388FFF7E7FF2346BF
:10A930004FF0FF300C4A03F120010133102B42F895
:10A940002100F8D100234FF0FF30074A03F16001E6
:10A950000133102B42F82100F8D162B6BFF34F8FBC
:10A96000BFF36F8F10BD00BF00E100E0084B9B6894
:10A9700083420BD1EFF3058343B1064B5A6842F093
:10A9800080525A605A6A22F400425A620BF06CB844
:10A9900024F5002000ED00E06FF00A01084A9368FA
:10A9A000D967084998674B6843F080534B60002390
:10A9B00083F31188BFF36F8F9368D86F704700BF20
:10A9C00024F5002000ED00E018498A6882F881E053
:10A9D0004FF030001044EFF3098C80E8F01F202086
:10A9E00080F31288BFF36F8F114F4FF000664A69F2
:10A9F0008A603E604FF07404141920680D4C20608A
:10AA000092F981E0906F0023936780F3118802F13F
:10AA1000300090E8F01F8CF3098802F1000004B5C3
:10AA20000CF027FDBDE804407047000024F500202D
:10AA300004ED00E048EC00201EF0040F0CBFEFF323
:10AA40000880EFF30980816911F8021C0229FFD008
:10AA500001B50CF0FDFC01BD40B2002807DB01236D
:10AA60004109034A00F01F00834042F8213070473B
:10AA700000E100E040B200280CDB01220649430956
:10AA800000F01F008240203341F82320BFF34F8F96
:10AA9000BFF36F8F704700BF00E100E0054B420934
:10AAA00053F82220012300F01F0003FA00F01040A9
:10AAB000704700BF00E100E038B54B1C072B04468F
:10AAC0000D460FD95823104A104911480CF047FC85
:10AAD00029461048072322460CF041FC58210A4819
:10AAE0000CF036FC40B20028ACBF00F160400A4ACE
:10AAF0004FEA4313DBB2ABBF00F5614000F00F003B
:10AB000080F80033135438BDE7C104001EC20400AE
:10AB100031BD040039C2040014ED00E00B4A08B551
:10AB20000B4B22F07F029A60BFF34F8FBFF36F8F02
:10AB3000D3F8882022F47002C3F8882008F084FF3C
:10AB40000BF06EF900F060F808F0C8FF0080030019
:10AB500000ED00E042F8203C009B0D4942F81C3C0F
:10AB6000019B21F0010142F8183C029B42F8081CAD
:10AB700042F8143C4FF0807342F8043C0023836792
:10AB80004FF43C43203A0265C0F88030704700BF64
:10AB9000ED9D03000A4B446F98600A4B1C60436EA6
:10ABA00083F30B88104681F30988002163B681F393
:10ABB0001188BFF36F8F00220023FFF717F900BF42
:10ABC00024F5002048EC0020014910220A6070475B
:10ABD00010ED00E072B6404080F31188BFF36F8F34
:10ABE000BFF34F8F30BF62B6BFF36F8F704700BFA8
:10ABF00072B6494081F31188BFF34F8F20BF80F3B5
:10AC0000118862B6704700BF002320210348C21894
:10AC10000133412B82F80013F9D1704700E100E0C5
:10AC200001B5EFF30580A0F110004FEAC000044920
:10AC3000014409C99847BDE801400249084700009E
:10AC4000F4AF04001DA503001FB5094C094A2346B3
:10AC50000121094800F0FAF800230393074B012172
:10AC6000E41A01A80193029400F014F904B010BD95
:10AC70000000042080E5002098B20400F8E80020DD
:10AC800010B50C7A0B6804F01F0223F01F031A435F
:10AC9000CB68640923F01F03054943EA440343F0EA
:10ACA0000103C1F89800C1F89C20C1F8A03010BD84
:10ACB00000ED00E010B5074BD3F89030C3F3072345
:10ACC000013B984202D8FFF7DBFF10BD6FF0150083
:10ACD000FBE700BF00ED00E02DE9F04F0F46144602
:10ACE00006464FF000084D4D85B0B84580F2928081
:10ACF000D6F80490B9F1000F36D0B9F11F0F40F229
:10AD0000878019F01F0F40F08380D6F800A01AF05A
:10AD10001F0F7DD150460CF0B0FB834609EB0A00B3
:10AD200001380CF0AAFB834572D11BF1160F6FD0CE
:10AD30005C456DDDC5F898B0D5F89C10C5F898B0A5
:10AD4000D5F8A03021F01F0143F01F0AD6E90032E8
:10AD50001A44994202F1FF391ED1CA4508D1314641
:10AD60005FFA8BF00CF092FB08F101080C36BCE79F
:10AD70003146C5F898B0D5F89C3022F01F0203F098
:10AD80001F031343C5F89C30E0B20CF07FFB10F1B9
:10AD9000160F3DD0441CE7E7C5F898B0D5F8A020C1
:10ADA000013B23F01F0302F01F021343CA45314643
:10ADB000E0B2C5F8A030E8D00CF068FB10F1160F37
:10ADC00026D0C5F898B0D5F89C209DF808300AF137
:10ADD000FF3A62F304038DF80830D5F8A0309DF8EF
:10ADE00008205B0863F347128DF80820D6E900328B
:10ADF0001344009323F01F035344A3EB09030130D2
:10AE000023F01F036946C0B20393FFF753FFBEE769
:10AE10006FF01504204605B0BDE8F08F00ED00E0AE
:10AE20000522044BC3F89420BFF34F8FBFF36F8FFD
:10AE3000704700BF00ED00E0BFF35F8F0022024BC0
:10AE4000C3F89420704700BF00ED00E038B50C4D0A
:10AE50000C462A78FFF740FF287016300FD140F2D9
:10AE60006913084A084909480CF079FA214608484C
:10AE70000CF075FA40F2691102480CF069FA38BD1D
:10AE800086F5002079C2040038CA040031BD0400F0
:10AE9000A8C204002DE9F74F314E894605464FF010
:10AEA0000008B3462F4FC84502DB03B0BDE8F08F62
:10AEB000D5F804A0BAF1000F4CD0296808460191DA
:10AEC0000CF0DBFA019904460AEB010001380CF0A2
:10AED000D4FA84424FF01402234B15D002FB08F33E
:10AEE0006FF015024BF8032040F279131F4A2049F6
:10AEF00020480CF034FA49461F480CF030FA40F272
:10AF000079111A480CF024FA14F1160F3460EBD0C2
:10AF10001978A142E8DD02FB08B0C7F89840C7F8ED
:10AF20009840D7F89C4000F10801007B64F30400CE
:10AF30000871D7F8A0000C79400860F347140C7131
:10AF4000D7F89C1021F01F017160D7F8A01021F0F4
:10AF50001F01316108F1010814360C35A3E700BF69
:10AF60004CEC002000ED00E086F5002079C20400E2
:10AF700038CA040031BD0400D4C20400F0B5564CF8
:10AF8000564ED4F890303568C3F307239D4287B0FE
:10AF900013D94FF4D073524A524953480CF0DFF999
:10AFA000D4F8902029465148C2F307220CF0D7F973
:10AFB0004FF4D0714A480CF0CBF90020FFF73CFF6A
:10AFC0004B4BC4F8C030854217D14A4C01A82570BC
:10AFD000FFF76CFA00250646474FAE4214D1002019
:10AFE00023783D49D1F89020C2F3072293426DDBCC
:10AFF0000020FFF715FF07B0F0BD716801EB0011ED
:10B00000FFF73EFE0130DEE7019A290102EB05134E
:10B01000D3F80CC00CEA0700B0F5001F1FD0B0F544
:10B02000800F39D0B0F5801F43D1586852589B68C3
:10B03000CDE902022122013B20F01F010B4423F045
:10B040001F038DF810200593207802A9FFF732FE28
:10B0500000282EDB2378013501332370BDE75868C3
:10B0600052589B68CDE902024122013B20F01F01AA
:10B070000B4423F01F031CF0010F8DF810200593E3
:10B08000E2D01E496C23164A17480CF068F91C4898
:10B090000CF065F96C218DE758689B685258013BAC
:10B0A00020F01F010B44CDE9020223F01F0302220E
:10B0B000C7E70C494FF4E573094A0B480CF04FF908
:10B0C00010480CF04CF94FF4E57173E7C1F8983073
:10B0D000C1F8A000013385E700ED00E0A4B2040050
:10B0E00079C2040038CA040031BD040003C304005F
:10B0F000AAFF440086F500200000F0FF37C30400DB
:10B100005DC304008CC3040008B5024B1B6898475C
:10B11000002008BD60EC0020034B044A18609378BF
:10B1200043F002039370704760EC002084E5002038
:10B1300008B50649064821F00701C1F1005202F5A1
:10B140008022FEF795FD002008BD00BFA769012001
:10B1500064EC00200122024B0020C3F84025704718
:10B160000090034020B1034B800143F001031847D6
:10B17000704700BF60B204002DE9F04105460E465D
:10B1800017461D4CDFF8748044452BD91C49DB233E
:10B190001C4A1D480CF0E3F81C480CF0E0F8DB21D9
:10B1A0000FE02368AB4200D0D3B9A36863B9184954
:10B1B000E323144A14480CF0D2F816480CF0CFF8E8
:10B1C000E32110480CF0C4F83A4631462846984727
:10B1D00030B13A4631462846E368BDE8F0411847A9
:10B1E0001034D1E7DDD30FF0ABFD6A220A4B1A50C1
:10B1F0004FF0FF30BDE8F081FCB104000CB2040058
:10B2000052C4040004C4040031BD04007FC404001F
:10B2100038C4040001C404000C00000008B548B99B
:10B220000B4913230B4A0C480CF099F813210948D9
:10B230000CF08EF8094B1A683AB109491423054AF3
:10B2400005480CF08CF81421F1E7186008BD00BF28
:10B25000D9C404009EC4040031BD040070EC002079
:10B26000DDC4040010B570B9134940F26E33134ABF
:10B2700013480CF074F813480CF071F840F26E317A
:10B280000E480CF065F8036863B90F4940F26F335C
:10B290000A4A0B480CF063F80A480CF060F840F2D8
:10B2A0006F31EDE71B689B6823B15B6813B1BDE8A4
:10B2B00010401847002010BD27C50400F8C4040042
:10B2C00031BD040001C404002DC5040008B570B9E7
:10B2D000114940F2B733114A11480CF040F81148B7
:10B2E0000CF03DF840F2B7310C480CF031F803682F
:10B2F00063B90D494FF46E73084A09480CF02FF8F2
:10B3000008480CF02CF84FF46E71EDE7D86900385E
:10B3100018BF012008BD00BF27C50400F8C4040001
:10B3200031BD040001C404002DC5040008B570B986
:10B330000F494FF47D730F4A0F480CF010F80F4877
:10B340000CF00DF84FF47D710A480CF001F800681C
:10B3500060B90B4940F2F533064A07480BF0FFFF8E
:10B3600006480BF0FCFF40F2F531EDE7103008BD68
:10B3700027C50400F8C4040031BD040001C4040062
:10B380002DC5040008B570B90F4940F26E330F4A5D
:10B390000F480BF0E4FF0F480BF0E1FF40F26E3175
:10B3A0000A480BF0D5FF036863B90B4940F26F33CD
:10B3B000064A07480BF0D3FF06480BF0D0FF40F2D7
:10B3C0006F31EDE7186808BD27C50400F8C4040014
:10B3D00031BD040001C404002DC5040008B570B9D6
:10B3E00012494FF44173124A12480BF0B8FF124849
:10B3F0000BF0B5FF4FF441710D480BF0A9FF036846
:10B4000063B90E4940F20533094A0A480BF0A7FF19
:10B4100009480BF0A4FF40F20531EDE70C33D3E807
:10B42000AF0F084100F0010008BD00BF27C50400B0
:10B43000F8C4040031BD040001C404002DC504009B
:10B4400008B570B9144940F2C223144A14480BF0ED
:10B4500086FF14480BF083FF40F2C2210F480BF027
:10B4600077FF036863B9104940F2C3230B4A0C48C5
:10B470000BF075FF0B480BF072FF40F2C321EDE7B4
:10B4800001220C3302FA01F1D3E8EF0F0843C3E8BD
:10B49000E20F002AF8D108BD27C50400F8C4040053
:10B4A00031BD040001C404002DC5040008B570B905
:10B4B000154940F2E223154A15480BF050FF154894
:10B4C0000BF04DFF40F2E22110480BF041FF036802
:10B4D00063B9114940F2E3230C4A0D480BF03FFFDA
:10B4E0000C480BF03CFF40F2E321EDE7012202FAA9
:10B4F00001F1C9430C33D3E8EF0F0840C3E8E20F72
:10B50000002AF8D108BD00BF27C50400F8C4040014
:10B5100031BD040001C404002DC5040010B570B98C
:10B520000B494FF425730B4A0B480BF018FF0B48DF
:10B530000BF015FF4FF4257106480BF009FF4FF093
:10B54000FF32BDE810404FF0FF3310300BF0E2BF88
:10B5500027C50400F8C4040031BD040001C4040080
:10B5600008B570B9094940F29B23094A09480BF014
:10B57000F6FE09480BF0F3FE40F29B2104480BF065
:10B58000E7FE1030BDE808400BF0D2BF27C504002D
:10B59000F8C4040031BD040001C4040038B50368D8
:10B5A0000021044693F82050FFF718FF88B90220C5
:10B5B000236823BB2D4940F21A332D4A2D480BF046
:10B5C000CEFE2D480BF0CBFE40F21A3128480BF08E
:10B5D000BFFE2046FFF7D6FE0FF077F968B10921CC
:10B5E0002046FFF7FBFE0028E1D00A212046FFF7A6
:10B5F000F5FEC0F10600C0B2DAE70320D8E783F811
:10B600002000236893F8203098422ED1062825D1B7
:10B61000062D2AD02046FFF759FE90B92046FFF7A5
:10B6200085FE03686BB9154941F23523144A114868
:10B630000BF095FE10480BF092FE41F235211048B8
:10B64000C5E708212046FFF7FBFE2046FFF73EFE38
:10B6500058B92046BDE838400BF05EBF062D04D136
:10B6600008212046FFF722FFEFE738BD2DC5040073
:10B67000F8C4040031BD040001C4040065C5040021
:10B680003BC5040038B50546FFF748FF00212846B2
:10B69000FFF7A4FE88BB28460BF037FF044600B333
:10B6A0008468F4B12846FFF76DFE70B9164941F27F
:10B6B000DC23164A16480BF052FE16480BF04FFEDC
:10B6C00041F2DC2111480BF043FE0FF0FEF8B8B157
:10B6D00028460BF01AFF0121836828469847041E6C
:10B6E00006DB28460021FFF7ABFE2846FFF756FF92
:10B6F0002846FFF735FF204638BD6FF07704F7E79F
:10B700006FF00504F4E700BF37C504003BC5040033
:10B7100031BD040001C404002DE9F8430C46054680
:10B7200078B371B30846FDF76DFE082806462BD89E
:10B73000184FDFF8648000F10109474518D917490F
:10B7400041F25D43164A17480BF009FE16480BF00C
:10B7500006FE41F25D4112480BF0FAFDAF4205D002
:10B760004A462146381D0FF003FA80B13837E4E726
:10B77000F4D32146721C281D0FF0C4FA0020BDE846
:10B78000F8836FF01500FAE76FF05A00F7E76FF0F3
:10B790007700F4E788E80020C0E80020B0C5040086
:10B7A0003BC5040031BD04007FC404002DE9FF4700
:10B7B0003D4C4FF0FF324FF0FF333C480BF0AAFEF8
:10B7C0000026A0463A4D3B4FDFF8EC90AC424ED9F4
:10B7D0003A4941F2DA433A4A3A480BF0C0FD3A4856
:10B7E0000BF0BDFD41F2DA4135480BF0B1FD00220E
:10B7F0002046C4E901222273FFF7C4FDD0F808A057
:10B80000BAF1000F0ED0DAF800305BB104F110008D
:10B810000FF084F804F124000FF080F82046DAF8E5
:10B82000003098472379FBB92046CDE901338DF8E4
:10B830000C300BF07FFE40B1244A01A81368591C5C
:10B8400011600821224A0AF00FFF9DF804303BB92D
:10B850003B6808215A1C3A6001A84A460AF004FFD6
:10B86000204601A9FFF758FF01363834AEE7BED3B2
:10B870009EB13823A5EB0805B5FBF3F5AE420CD01D
:10B88000144941F2FA430E4A0E480BF068FD124883
:10B890000BF065FD41F2FA41A6E7044804B0BDE8AB
:10B8A000F0470BF045BE00BF88E8002030E80020DC
:10B8B000C0E8002074EC0020D7C5040096C5040041
:10B8C0003BC5040031BD04007FC4040078EC0020B7
:10B8D000D0C50400DDC5040001C4040038B50F4C18
:10B8E0000F4DAC4218D90F4941F212530E4A0F487E
:10B8F0000BF035FD0E480BF032FD41F212510A48B3
:10B900000BF026FD03212046FFF768FD10B9204605
:10B91000FFF7B8FE3834E4E7F4D338BD88E80020F8
:10B92000C0E8002096C504003BC5040031BD0400FA
:10B930007FC4040037B540230C460A490093411ADE
:10B94000491105462346084A08480BF016FE011E19
:10B9500005DA2846234603B0BDE83040184703B057
:10B9600030BD00BF90EC0020E775040078AE040005
:10B97000C9B2012908B509D9084909487A23094AF1
:10B980000BF0EDFC7A2107480BF0E2FC0C22036976
:10B9900001FB0233986C00F0070008BD2FC60400BD
:10B9A00031BD0400F2C5040070B5C9B201290369B4
:10B9B0000BD91949194840F25D13194A0BF0CFFC15
:10B9C00040F25D1116480BF0C3FC4FF02004EFF37A
:10B9D000118584F31288BFF36F8F0C2606FB0134A8
:10B9E000A46C14F0C00408D0A24206D085F31188DC
:10B9F000BFF36F8F4FF0FF3070BD012206FB0133A4
:10BA00009A6485F31188BFF36F8F436803EBC1031A
:10BA10005B6898470020EFE72FC6040031BD0400A3
:10BA2000F2C5040070B50D4606490446411A491195
:10BA300040220548FFF7B8FF2B4601462046BDE8E7
:10BA40007040184790EC002078AE040070B50022DA
:10BA5000012104460520FFF72FF80F4804F04CF9A8
:10BA60000E4B984215D104F057F926690C4930461F
:10BA70000BF0C4FC00280BDB0125B56424690849E0
:10BA800004F120000BF0BAFC002801DB0020656502
:10BA900070BD6FF00400FBE7D9BA03000000AD0BE6
:10BAA000CCB2040001460C2300224B4370B5084879
:10BAB000C41848331844D4E9105622640BF04AFDE8
:10BAC0002DB132462B46BDE870400248184770BD84
:10BAD00090EC002078AE0400012808B506D00428B8
:10BAE00008D098B90F4B9B6C5B0719D1BDE8084093
:10BAF000FFF7D8BF0C4940F26E230C4A0C480BF0FC
:10BB00002EFC40F26E2109480BF022FC064940F25F
:10BB10007223064A06480BF022FC40F27221F2E73B
:10BB200008BD00BF90EC002038CA0400F2C5040034
:10BB300031BD040008B54FF02003EFF3118183F30A
:10BB40001288BFF36F8F114A136843F00200106030
:10BB5000DA0708D481F31188BFF36F8FBDE808407E
:10BB6000012004F001B90A4BD3F80C24D3F80C34AB
:10BB7000DB07EFD507480BF0EDFC81F31188BFF32D
:10BB80006F8FBDE808400020FFF78CBFE8EC002075
:10BB900000500040D8EC00207FB500220123CDE901
:10BBA000022304ABCDE90433094A6B46CDF800D03B
:10BBB000CDF804D00BF010FD002805DB4FF48042D7
:10BBC0000023684608F0E6FB07B05DF804FB00BF01
:10BBD000FF75040010B54FF02003EFF3118483F3D9
:10BBE0001288BFF36F8F074A136823F00201DB0747
:10BBF000116002D4012004F031F984F31188BFF3FD
:10BC00006F8F10BDE8EC0020024BC0B203EB401078
:10BC1000704700BF90EC00202DE9F041012206465C
:10BC20004149D1E8EF3FC1E8E02F0028F9D1A3B99D
:10BC30003E493F484B60CB608A60FEF771FB0028AD
:10BC40000BDA3C494FF40C733B4A3C480BF087FB42
:10BC50004FF40C7138480BF07BFB5EB3731E012B65
:10BC600058D8012E06D1364BD3F81C3403F0030309
:10BC7000022B1FD00EF0A7FE0546E8B9314B1B780A
:10BC8000D3B1022207462E4BC3F808232C4CDFF811
:10BC9000B880D4F81824D4F81834D20316D503F099
:10BCA0000303022B01D0012E10D175B387F3118845
:10BCB000BFF36F8FBDE8F0814FF02003EFF31187E2
:10BCC00083F31288BFF36F8F0125DFE7C5B13846D4
:10BCD000FEF78EFFD4F81835DBB2012BD9D1D4F89A
:10BCE0000421002AD5D00022C4F80421D4F804216C
:10BCF0000222C4F818252022C8F88021A360C8E7D2
:10BD00000021212009F074FEE4E702220C4BC3F865
:10BD10000423CFE70D4940F24223074A07480BF0BE
:10BD20001EFB40F2422195E78CEC00207CEC0020C9
:10BD3000B0EC002053C60400F2C5040031BD04007D
:10BD4000005000405C0A012000E100E038CA040015
:10BD500008B507480EF0B9FD38B10648FFF7DCF921
:10BD60000448FEF73DF8002008BD6FF01200FBE725
:10BD7000B4AE040079BD03000A2838B50446074D67
:10BD800004D1AB680D2128465B689847AB6803482F
:10BD90005B68E1B29847204638BD00BFB4AE0400EE
:10BDA0000048704798B30400024B0B6001231360F6
:10BDB000704700BF14ED002000487047B4B3040082
:10BDC00010B50122064811460EF0C6FD0DF047FBE6
:10BDD000044C20600DF040FB6060002010BD00BFEF
:10BDE0001CED002014ED002070B50C4615460DF03A
:10BDF00033FB2946064620460BF046FF08B3B4FB4A
:10BE0000F6F306FB1343E3B9B5FBF6F306FB135356
:10BE1000BBB9AE4201D9002070BD4FF0FF324FF0E8
:10BE2000FF33094808F0B6FA0DF016FB0646204627
:10BE300004F0A0FEAD1B3444F9D1034808F066FAC3
:10BE4000E9E76FF01500E7E71CED0020F8B50E46B6
:10BE50001946304617461C460BF016FF08B344EA55
:10BE6000060515F003051CD1A4B14FF0FF324FF0C9
:10BE7000FF330D4808F08EFA24F00304A54206EBC8
:10BE8000050009D1094AD2F80034DB07FBD5064882
:10BE900008F03CFA0020F8BD795904F09DFE043505
:10BEA000ECE76FF01500F6E71CED00200090034072
:10BEB0004B1E10B5DCB2032C09D90E490E487F2366
:10BEC0000E4A0BF04CFA7F210C480BF041FA5B084C
:10BED00000EB8300C369C90758BF1B0CC3F30721DC
:10BEE00013F0FF031DBF1170537000206FF0150099
:10BEF00010BD00BFBEC6040031BD040093C60400DF
:10BF0000C3780F2B14D9C96B0B480B0E13708B021F
:10BF100000EA911003F47C030906034301F0FE419B
:10BF200010680B43054901400B4300201360704724
:10BF30006FF08500704700BF00FF0300FF00008026
:10BF400010B5036961B920493A23204A20480BF013
:10BF500006FA20480BF003FA3A211C480BF0F8F9D6
:10BF6000486850B91C493B23184A19480BF0F7F9A7
:10BF70001A480BF0F4F93B21EFE75868F8B1884212
:10BF800019D19C680868A142586000D198600020CF
:10BF900008602AB15A680A609A68596002B99960C3
:10BFA000002010E0814206D1086820609868814234
:10BFB000EDD19C60EBE7044600680028F2D1002A2E
:10BFC000E8D16FF0150010BD12C70400D6C60400FA
:10BFD00031BD04001BC704002AC704003CC704008D
:10BFE00038B545682B69B3B11035284604F0F8FB25
:10BFF000044680B90146284604F096FB084B984257
:10C000000BD122462846074904F052FB224605215F
:10C010003120FEF751FD002038BD6FF00400FBE732
:10C020000000AD0B4DC1030008B50268530904D1EF
:10C030004FF0FF33D340DB070BD40749074840F2EA
:10C040006733074A0BF08BF940F2673104480BF075
:10C050007FF9044808BD00BF86C7040031BD040055
:10C0600053C7040000258440F0B5406801F01F0468
:10C07000057B87B044EA45140569002D5BD0B2F515
:10C08000001F00F1100506D1214628460DF0DDF90C
:10C09000002007B0F0BD0027B2F5800F01AE019778
:10C0A000776033D1B3F1007F14BF052304238DF8EB
:10C0B00004300023CDE9046303938368CB40D907A0
:10C0C00016D4B2F1A07F13D168460094FFF7ACFFFD
:10C0D00004F1800350F82330DB0709D46A46214677
:10C0E000284604F0F3FA174B98421AD0CDF808D03E
:10C0F0002146284603AA04F05BF9134B98421DD150
:10C1000001222146284604F091FBC1E7B3F1C06F3C
:10C1100005D0B3F1007F14BF01230223C7E7032337
:10C12000C5E76946284604F075FB074B9842DDD009
:10C130006FF00B00ADE76FF08500AAE76FF0150018
:10C14000A7E700BF0400AD0B0000AD0B430970B5BD
:10C1500007D1124B596821B101250C68104E85405A
:10C1600001B970BD8A682A4010D04B6863B90D4987
:10C170005D230D4A0D480BF0F2F80D480BF0EFF877
:10C180005D2109480BF0E4F8304698471CB123685C
:10C1900021461C46E4E72346FAE700BF34ED0020C1
:10C1A0008CAE040046D90400D6C6040031BD04009C
:10C1B0003CC704002DE9F043466840F20635337B66
:10C1C000D00601F01F0747EA431748BF032302EADE
:10C1D000050558BFC2F3401387B0B5F5837F1446F9
:10C1E0008DF8033042D00FD8062D18D007D8B5B13E
:10C1F000022D3DD06FF0150007B0BDE8F083B5F516
:10C20000807FF7D101250AE040F20222954231D029
:10C21000B5F5407F30D0B5F5007FEBD10225220384
:10C220002CD5012372688B40936033696BBB03A8E4
:10C230000397FFF7F9FE84F4803300EB8700C3F324
:10C240000043C4F34044D0F8002244EA43049DF87C
:10C25000033022F4E16244EA830422F0070244EA54
:10C2600005231343C0F800320020C5E70725D6E7B1
:10C270000425D4E70525D2E70325D0E7630341BFB2
:10C28000012372688B40D360CFE7103639463046C1
:10C290000DF1020204F01AFA14F4403F804617D15F
:10C2A000394630460DF0CFF8244B9845DCD1304666
:10C2B0009DF8021004F0A2FA4045D5D0204921484B
:10C2C000AB23214A0BF04BF8AB211F480BF040F891
:10C2D0004FF0000901AB3946304603AACDE90439D5
:10C2E000CDE90199CDF80C9004F062F8134B984217
:10C2F00080D114F4003315D09DF8033084F48034D9
:10C30000C4F300448DF80E3039464B46304603AA3C
:10C310008DF80C508DF80D4004F03AF9074B984217
:10C32000C2D067E7CDE9043339460DF10303304647
:10C3300003AA039304F03CF8F0E700BF0000AD0B44
:10C34000D5C7040031BD0400A9C704002DE9F84F8A
:10C3500002274FF001085D4C266830460EF0B5FA12
:10C36000002840F0AC806FF01200BDE8F88F012784
:10C37000F2E7636803EBC50213F83510536813F056
:10C38000FC6FD6F810E0D6E9010B0ED050494FF4FF
:10C390007473504A50480AF0E2FF50480AF0DFFF39
:10C3A0004FF474714B480AF0D3FF03F03002302A87
:10C3B0000CD14B4940F2D333464A47480AF0CFFFED
:10C3C00048480AF0CCFF40F2D331EBE7464A1A4026
:10C3D0004A450CD1454940F2D7333E4A3E480AF01F
:10C3E000BEFF43480AF0BBFF40F2D731DAE703F063
:10C3F0000602042A09D13F4940F2DA33354A364869
:10C400000AF0ADFF40F2DA31CCE713F4402217D046
:10C4100013F4003F0CD1384940F2DD332D4A2E4849
:10C420000AF09DFF35480AF09AFF40F2DD31B9E786
:10C43000B2F5402F19D03AEA030201D183F4402328
:10C44000006808FA01FC1CEA000F23F4801219D1DD
:10C450002B4940F2ED331F4A1F480AF080FF29485C
:10C460000AF07DFF40F2ED319CE7274940F2E133CD
:10C47000184A19480AF073FF24480AF070FF40F286
:10C48000E1318FE7DEF80000DB074CBF4CEA00002B
:10C4900020EA0C00CEF80000DBF800303046984768
:10C4A0000028FFF662AF0135A368AB423FF661AFEB
:10C4B000012F04F10C047FF45AAF002055E700254A
:10C4C000DFF84C90DFF84CA0EEE700BF24B4040086
:10C4D00034C8040003C8040031BD040091C804003E
:10C4E000B5C80400EEC80400020003002BC9040014
:10C4F00072C90400C1C90400F4C904003ACA0400A6
:10C50000E2CA040020CB040075CA0400B6CA0400C5
:10C51000020001000100100038B544680569E369B4
:10C520009847206A0BF0D3FC00280DDB2B462046F1
:10C53000074A04F1080104F0EFFE064B984204D1CB
:10C54000204604F049FF002038BD6FF00400FBE7EF
:10C5500095C503000000AD0B70B544682368204604
:10C56000D3F80855D3F80C6504F05CFF3146284633
:10C5700005F078FA0546206A0BF0A9FC204604F085
:10C580002BFF034B9D4214BF6FF00F00002070BDC6
:10C590000000AD0B0378012B08D0022B08D04BB95B
:10C5A000054B0B6301F1180007F0B0BE034BF8E731
:10C5B000034BF6E7034BF4E70000AD0B0100AE0BB5
:10C5C0000200AE0B0100AD0B2DE9F04F9346142293
:10C5D0001D46D0F804A08BB00669BAF81830804622
:10C5E0000C460DEB02000021D6F8349002930EF0B9
:10C5F00096FB8DF815504FF0FF324FF0FF33304669
:10C6000007F0C8FE06F1180301930027002200235B
:10C6100006F1180007F0BEFE3D465F4501D3002439
:10C6200060E0207A020700F1818001375F452168D0
:10C630000AD2830708D4237D80EA030202F00102B4
:10C6400003F004031A4307D025B901F06043B3F1A6
:10C65000005F17D0002300E001236268DDF808E0E6
:10C6600005EB020CF44564D8C00705D409EB0500BE
:10C6700003930EF047FB039B62682A4495B2002B9C
:10C680003FD1FDB90025236808936368227A069399
:10C6900002F001018DF81410BAF8241099424BD31E
:10C6A00082F00202C2F340025046520105A904F092
:10C6B000EDFE234B984209D00B33984210D16FF016
:10C6C0000F040FE02B46CDF82090DFE74FF48042B7
:10C6D0000023019807F05EFE58B14046FFF73CFF8B
:10C6E0006FF00404304607F011FE20460BB0BDE8A1
:10C6F000F08F336B124A9342F2D1237ADB0702D4D4
:10C7000000250C3489E7089B9945F9D1234608E0B8
:10C71000A91AD8688DB219FA81F103930EF0F2FAD2
:10C72000039B5A680C3B9542F2D2E9E76FF085040F
:10C73000D8E76FF01B04D5E76FF01B04D5E700BF07
:10C740000000AD0B2DE9F0414468054607692068FB
:10C750000EF0BBF818B96FF01200BDE8F081384652
:10C760000EF0DCF87D61A3687BB904220B2128461A
:10C77000637C0BF0F4FB0028EFDB2846A37C062249
:10C78000BDE8F0410B210BF0EABB0523062128464A
:10C79000227C0BF0E4FB0028DFDBA0680EF095F8AC
:10C7A0000028D8D0B4F80EC0A068217B4CF48032A9
:10C7B0000CF03006302ED0F810E0D0E901380ED160
:10C7C000454940F2D333454A45480AF0C8FD45483B
:10C7D0000AF0C5FD40F2D33140480AF0B9FD0CF033
:10C7E000020666B1404940F2D7333C4A3C480AF061
:10C7F000B6FD3E480AF0B3FD40F2D731ECE70CF04D
:10C800000606042E09D13A4940F2DA33334A344855
:10C810000AF0A5FD40F2DA31DEE701261B688E4002
:10C820001E420CD1334940F2ED332C4A2C480AF019
:10C8300096FD31480AF093FD40F2ED31CCE7DEF889
:10C8400000301CF0010F14BF3343B343CEF8003067
:10C85000D8F8003098470028FFF67FAF0126237BE9
:10C86000264A06FA03F3C7E90723A06807F118016F
:10C870008368DB6913B96FF057006EE7324698475B
:10C880000028FFF66AAF1E4BBB62A068217B876859
:10C890004268BF690369002FEDD012688E401642CE
:10C8A0000CD1144940F28B330C4A0D480AF057FD65
:10C8B00011480AF054FD40F28B318DE71B684FF0B0
:10C8C000A0721E4214BF4FF000734FF08063B84750
:10C8D0000028BFF64AAF40E7B5C8040003C804000B
:10C8E00031BD0400EEC804002BC9040072C9040065
:10C8F000C1C90400E2CA040020CB0400EF7E04009A
:10C9000005C90300262300222DE9F04F044650F804
:10C91000100C91B0D0F804901146009306AB0BF0C8
:10C92000FAFA002805DA204607F0E0FF11B0BDE86A
:10C93000F08F0026334F97F8008097F801A008F198
:10C9400040036B4413F8273C1AEA030F13D0216904
:10C9500054F8100C21B101230D6803FA06FB39BB12
:10C9600008F101025346002154F8100CD2B20BF02A
:10C97000F6FA0028D7DB01360E2E07F10207DAD1CE
:10C98000012599F80C30D9F808009D4043681B68D0
:10C990001D422AD11C4940F2FF531C4A1C480AF090
:10C9A000DEFC1C480AF0DBFC40F2FF51174810E0A7
:10C9B0008A681BEA020211D04B6863B916495D23ED
:10C9C000164A13480AF0CBFC15480AF0C8FC5D2152
:10C9D00012480AF0BDFC0390984703981DB12B68DC
:10C9E00029461D46BBE72B46FAE70669836805A979
:10C9F0005B689847002896D13268059B53402B42CC
:10CA000094D090E746CB0400E2CA040003C80400B7
:10CA100031BD040020CB040046D90400D6C6040072
:10CA20003CC7040008B50268530904D14FF0FF3336
:10CA3000D340DB070BD40749074840F26733074A66
:10CA40000AF08DFC40F2673104480AF081FC04488A
:10CA500008BD00BF86C7040031BD040053C70400F1
:10CA6000002584402DE9F04F1546824640F2FF191B
:10CA7000DFF848B185B000EB8108D04503D1002034
:10CA800005B0BDE8F08FDAF800305A04C3F3C321D3
:10CA9000C3F3080400F18C80494A5B0C4C4508BF85
:10CAA0004FF0FF34575C192B00F28580DFE803F06C
:10CAB0000D141A1D20261D83838383346083838392
:10CAC00083838383838363777A7DC5F80C45631CF6
:10CAD0005BD10AF1040AD0E7C5F81445661CF8D00A
:10CAE00000265AE0C5F80845F1E7C5F81045F5E716
:10CAF000601CC5F80845ECD0002604E0611CC5F8B0
:10CB00000C45E6D0012603A80394FFF78BFF012113
:10CB100001FA04F3C36008E0C5F80845002FDDD131
:10CB2000631CD6D0002606273146DAF8003003947D
:10CB300003F40040002818BF002103A818BF0126F5
:10CB400001930091FFF76EFF019B00EB8400D0F88A
:10CB50000042C3F3412C00993B0243EA8C030B4390
:10CB600004EA0B04234343EA4603C0F80032B0E76B
:10CB7000C5F80C45D2E7C5F86045621CDAF800300C
:10CB8000A7D0C3F30043002BBCD0012603A8039415
:10CB9000FFF748FF06FA04F383603146C5E7C5F89E
:10CBA0006445EAE7C5F86845E7E7C5F86C45E4E79A
:10CBB0006FF0150064E76FF0850061E7F0F8FCFFA7
:10CBC00062CB040038B570B14FF400450021064C2B
:10CBD0000023E0FB0541054A2046FCF7F3F9BDE8D8
:10CBE000384008F005BF38BD3F420F0040420F00FB
:10CBF000F8B50C46002601254768786830B901363B
:10CC0000052E07F10807F8D10020F8BD4268397AEF
:10CC1000126805FA01F144FA06F31142D0F810C087
:10CC200003F001030ED10F494FF4CB630E4A0F48B6
:10CC30000AF095FB0E480AF092FB4FF4CB610A48CC
:10CC40000AF086FBDCF80020114218BF83F00103D4
:10CC50002BB18368DB6898470028D0D0D5E783687C
:10CC60001B69F8E7E2CA040003C8040031BD0400F0
:10CC700020CB040017289FBF054B584300F57420B4
:10CC800000F510709ABF086000206FF01500704723
:10CC9000A086010010B5134CA1421DDD124B984235
:10CCA0001ADCA04206DD994206DD17236FF0210051
:10CCB000138010BD0023F9E76FF43A63A0F55B2001
:10CCC00018440A4BB0FBF3F01080584300F5742071
:10CCD00000F51070884202D96FF01500E9E70020D6
:10CCE000E7E700BF3F420F00A05A3200A0860100D4
:10CCF0002DE9F0410126446804F12805606828B94F
:10CD00000834A542FAD10020BDE8F0810DF0DDFD28
:10CD100000284ED067896068217A47F4003207F016
:10CD2000300CBCF1300FD0F810E0D0E901380ED152
:10CD3000214940F2D333214A21480AF010FB21480F
:10CD40000AF00DFB40F2D3311C480AF001FB07F05A
:10CD5000060CBCF1040F09D11B4940F2DA33174A23
:10CD600017480AF0FCFA40F2DA31EDE71B6806FAE0
:10CD700001FC1CEA030F0CD1144940F2ED330F4AB9
:10CD80000F480AF0ECFA12480AF0E9FA40F2ED31E5
:10CD9000DAE7DEF80030FF074CBF4CEA030323EA72
:10CDA0000C03CEF80030D8F8003098470028A7D000
:10CDB000AAE76FF01200A7E7B5C8040003C8040093
:10CDC00031BD0400EEC80400C1C90400E2CA040079
:10CDD00020CB040008B5436893F83030052B1DD8EC
:10CDE000DFE803F003090C10132B164889B2BDE8E5
:10CDF00008400BF086BC144889B2F8E70A311348A2
:10CE000089B2F4E7124889B2F1E7052917D8114B26
:10CE100003EBC1035B680020136008BD0E494FF4AB
:10CE20009D730E4A0E480AF09AFA0E480AF097FAD5
:10CE30004FF49D7109480AF08BFA0B4BEBE76FF04A
:10CE40001500EAE794B7040088B704007CB7040033
:10CE500070B7040040B70400B7E5040087CB0400B6
:10CE600031BD0400C0CB040040771B0008B5436807
:10CE700093F83030052B0ED908494FF49073084AC7
:10CE800008480AF06CFA08480AF069FA4FF4907101
:10CE900003480AF05DFA054AD05C08BDB7E5040016
:10CEA00087CB040031BD0400C0CB0400E9CB0400F3
:10CEB00013B540680C4690F83030052B52D8DFE8A7
:10CEC00003F0030B0F13174F3A220B462C4902B005
:10CED000BDE810400BF0F5BC0B463C222949F6E7B3
:10CEE0000B4640222849F2E70B4645222749EEE748
:10CEF00046210DF1070228300BF0AEFC002814DBB0
:10CF00009DF80730062B12D00B2B12D0102B12D00D
:10CF1000152B12D01A2B12D01E2B12D105231C4A0E
:10CF200002EBC3035B680020236002B010BD002346
:10CF3000F5E70123F3E70223F1E70323EFE70423F7
:10CF4000EDE7144940F20913134A14480AF007FAAE
:10CF500013480AF004FA40F209110F480AF0F8F9F0
:10CF6000104BE0E70B494FF4BC730B4A0B480AF037
:10CF7000F6F90D480AF0F3F94FF4BC71EDE700BF84
:10CF800094B7040088B704007CB7040070B70400AD
:10CF900040B70400B7E5040087CB040031BD0400AE
:10CFA000D4CB040040771B00C0CB040030B54468EC
:10CFB00085B094F83030052B6ED8DFE803F0030E0F
:10CFC000141A4B643A234FF04A0CCDE9003C3B4B1A
:10CFD00020460BF01FFD05B030BD3C234B25CDE9AD
:10CFE0000035374BF4E740234C20CDE90030354B7A
:10CFF000EEE735480DF10E030BF095FB10F1160F1F
:10D00000E9D028344D2120460DF10D020BF024FC0F
:10D010000028E0DB9DF80D20110712D545212046A0
:10D020009DF80E200BF063FC0028D4DB9DF80D204A
:10D03000130740D44D2120460BF059FC00EAE07064
:10D04000C9E74D21204642F008020BF050FC0028B1
:10D05000E4DAC0E700231D4D55F8330081420CDCB3
:10D0600082420ADB46211A4A04F1280012F83320D2
:10D0700005B0BDE830400BF03ABC0133062BEBD1D4
:10D080006FF01500A7E7134B994214D09A420CBFDA
:10D0900000206FF015009EE70F4940F25B130F4A26
:10D0A0000F480AF05CF90F480AF059F940F25B1199
:10D0B0000A480AF04DF900208DE700BF94B704003C
:10D0C00088B704007CB7040070B7040044B70400BC
:10D0D00040B7040040771B00B7E5040087CB04008D
:10D0E00031BD0400C0CB040037B50D46212D1146DB
:10D0F0001C46406814D03A2D27D10A2A25D1042293
:10D10000032100680DF107030AF022FF20B99DF802
:10D110000720C4E90020002003B030BD1046F8E726
:10D12000022A12D1052200680DF107030AF010FF50
:10D130000028F1DB9DF80720002AEFD012F00A0F3B
:10D1400014BF012200220248E3E76FF08500E3E705
:10D1500020A1070070B50C2914464568036900F04A
:10D16000928029398AB2142A00F29880142900F298
:10D170009580DFE801F00B5093811B939393939379
:10D18000939393939393937693707400188841F2DA
:10D19000883358434FF47A738012B0FBF3F203FBE9
:10D1A0001200584322606060002070BD9888FBF731
:10D1B0003BFD01464FF08940FBF742FE4FF07E51A8
:10D1C000FBF780FCFBF7A0F9FCF79EFAFBF726FCC7
:10D1D0000646A88EFBF728FD01463046FBF730FED9
:10D1E00001463048FBF76EFC01464FF07E50FBF7DE
:10D1F00027FE2D49FBF766FC0546FBF7BDFE4FF009
:10D200007E512060284609F0B9FD2849FBF764FDEE
:10D21000FBF7B2FEC7E75A889B7A0D2B0ED80B2B73
:10D220000ED8042B11D00020504348BF00F2FF302D
:10D2300080124FF47A7390FBF3F2B0E70F2BF2D128
:10D24000E8684FF44873404202E04FF47A7328696B
:10D2500090FBF3F0E8E71B7A00202360A3E75B7AFA
:10D26000FAE7EA68124B92FBF3F22260E86890FB5F
:10D27000F3F203FB120096E72A690D4B92FBF3F2DF
:10D2800022602869F3E7D8880A4B58430A4B90FB81
:10D29000F3F000F5C02000F2AE50CAE76FF0850051
:10D2A00083E700BF0FCF5B3B33938843002474496F
:10D2B00040420F0078783C0078ECFFFF2DE9F04FFA
:10D2C000446887B020680DF000FB002800F05F8103
:10D2D00094F836300A22013305212068DBB20AF0C7
:10D2E0003EFE0646002854D110254FF07E58DFF848
:10D2F000A4A2DFF8A49204F114076FF0004357F8DA
:10D30000040F98420BD10235EDB2182DF5D16FF014
:10D31000004ADFF88892A24F04F124083EE0FBF7B0
:10D3200087FC5146FBF78CFD4946FBF7CDFB0146D8
:10D330004046FBF785FD9B49FBF7C4FB8346A08E67
:10D34000FBF772FC01465846FBF7C6FCFBF7DCF81E
:10D35000266BFCF761F802460B463046CDE9022306
:10D36000FBF7B0F8DDE90223FBF726F9FBF736FB04
:10D3700006448302B3FBF6F303F003020092032199
:10D380002A462068C3F387030AF0F8FD0646002802
:10D39000B9D0304607B0BDE8F08F1A2558F8043FE1
:10D3A00053450DD11A2DF8D162687F4811460DF111
:10D3B00016030BF013FC163020D16FF01506E8E7CA
:10D3C00041F28832A9EB03035A434BBF774B784BAA
:10D3D0009B189B184CBF93FBF7F3B3FBF7F39BB27F
:10D3E00003F00302009203212A462068C3F3870357
:10D3F0000AF0C4FD06460028D4D0CAE70C22032157
:10D400009DF8163020680AF0AAFD06460028C0D113
:10D41000A268654811460DF116030BF0DFFB1630CC
:10D42000CBD00D2203219DF8163020680AF097FD1D
:10D4300006460028ADD1E2685E480DF11603A2F55C
:10D44000FA610BF03AFB1630B7D0BDF81630032165
:10D4500003F00102009220680822C3F347030AF098
:10D460008DFD0646002894D1226953480DF116031C
:10D47000A2F69E410BF021FB16309ED0BDF816306F
:10D48000032103F00102009220680A22C3F347033C
:10D490000AF074FD064600287FF47BAF62694748B6
:10D4A00011460DF116030BF099FB163085D00222C0
:10D4B0009DF81630114620680AF051FD06460028F6
:10D4C0007FF467AF0E22032194F8373020680AF00A
:10D4D00046FD064600287FF45CAF0F22032194F836
:10D4E000383020680AF03BFD064600287FF451AF33
:10D4F00001232422052120680AF031FD0646002878
:10D500007FF447AF02460123052120680AF027FD7A
:10D51000064600287FF43DAF012500952B462A469C
:10D52000052120680AF02AFD064600287FF431AF65
:10D530002B460C22052120680AF011FD0646002822
:10D540007FF427AF94F83A30BBB994F83B3033B14D
:10D5500001230622032120680AF001FDA8B994F8EE
:10D560003930002B3FF415AF01230422032120683A
:10D5700007B0BDE8F04F0AF0F2BC2B465022032161
:10D5800020680AF0ECFC0028DFD0064601E76FF0C7
:10D590001206FEE600007A4433938843AE05060087
:10D5A00078783C000FCF5B3B28B80400C4C3E1FF90
:10D5B0003C3C1E001CB8040010B80400F8B704007E
:10D5C00013B50A2A446833D1212917D03A292FD11B
:10D5D0001B6820683BB901230522032102B0BDE886
:10D5E00010400AF0BCBC0123002203210AF0B7FC62
:10D5F00000BB0123042203212068EFE7D3E90012D6
:10D600000D4B0E4803FB01220DF1060311460BF0F2
:10D61000E5FA10F1160F0DD0012202219DF8063017
:10D6200020680AF09CFC28B9012302460221E3E7A6
:10D630006FF0850002B010BD40420F00F8B7040043
:10D640002DE9F74306464FF000080022012108208B
:10D65000FDF732FA0820FDF7FFF9776835693C6875
:10D660004146C4F800852E60D7F80C9001AA4846C0
:10D670000AF0C9FC002839DB019BD9F80020197990
:10D680001868FFF7EFF9002830DB6B7AD6F810C086
:10D69000012B03D0032B27D14FF01008AB7A032BBB
:10D6A00022D1E97A09B101291ED12A7A12B1022ABE
:10D6B0001AD10E226B687068B3F5164F006800F03F
:10D6C000B28034D8B3F5165F00F0B0801AD8B3F545
:10D6D000966F00F0AD800CD8B3F5967F00F0AB806C
:10D6E000B3F5167F00F0AA806FF0850003B0BDE8A7
:10D6F000F083B3F5166F00F0A480B3F5965FF3D115
:10D700005C4B43E0B3F5E14F00F09E8008D8B3F5E1
:10D71000615F00F09B80B3F5964FE5D1564B35E045
:10D7200047F6122E7345DFD14FF400032EE0B3F518
:10D73000613F00F08D8015D8B3F5963F00F08B80E7
:10D740000AD84DF6C02E734500F08780B3F5614FBF
:10D75000CAD14FF46B0319E0B3F5E13FC4D14FF0E8
:10D76000EB7313E0B3F5612F7AD009D8DFF80CE141
:10D77000734578D0B3F5E12FB6D14FF0E86305E0FB
:10D78000DFF8FCE07345AFD14FF08053C0F824358B
:10D79000736841EA08011B680A43C3F86C250CF161
:10D7A0000403D5E9010183E803007B68990712D5DA
:10D7B00005F11C0002F0A0FB324B984256D1287FA5
:10D7C00004F10C0204F590710BF07AFD01202B7F1F
:10D7D000984002F0E9F90823C4F800353B7A53B9C0
:10D7E000C4F81031D4F81031AB69C4F834350123D2
:10D7F000C4F8383523607B6800209A075CBF4FF47B
:10D800008073C4F804337B68DB0644BF4FF48003A5
:10D81000C4F804336B69C4F844350123C4F84805DF
:10D82000A360E36062E74FF41D03AFE7164BADE77B
:10D830004FF49E23AAE74FF4A033A7E74FF41C331D
:10D84000A4E74FF41D23A1E7104B9FE7104B9DE782
:10D850004FF06C739AE70F4B98E74FF4650395E729
:10D860004FF0706392E74FF080638FE76FF0040032
:10D870003CE700BF00B0130000A04E0090D00300B2
:10D8800040420F000000AD0B0050270000C07500A3
:10D8900000F03A0000903A01F8B504460D460769D9
:10D8A0000DF091F8B0B9214B1B789BB164266068EC
:10D8B0000BF076FA00BB01200BF000FD013EF6D123
:10D8C0000021212008F094F8F0E781F31188BFF3DC
:10D8D0006F8FF5E74FF02003EFF3118183F3128888
:10D8E000BFF36F8F60680E460BF05AFA90B981F360
:10D8F0001188BFF36F8FEDE74FF02003EFF3118135
:10D9000083F31288BFF36F8F60680E460BF048FAFE
:10D910000028DAD07B6901221D70204679690BF05E
:10D920007FF986F31188BFF36F8FF8BD5C0A012081
:10D9300008B50268530904D14FF0FF33D340DB0729
:10D940000BD40749074840F26733074A09F007FD3F
:10D9500040F26731044809F0FBFC044808BD00BFF1
:10D9600086C7040031BD040053C70400002584406D
:10D97000012310B503FA01F1436804691B681942D9
:10D980000ED10E494FF4CB630D4A0E4809F0E7FC67
:10D990000D4809F0E4FC4FF4CB61094809F0D8FCCC
:10D9A0002368194218BF82F0010222B18368DB6844
:10D9B000BDE81040184783681B69F9E7E2CA040014
:10D9C00003C8040031BD040020CB04002DE9F3415D
:10D9D00044680569666B0021304601AA0AF013FB12
:10D9E000002825DB019B326819791868FFF73AF89F
:10D9F00000281DDBA16B481C11D10126E36A984762
:10DA0000AC680834D5E9023203EBC203A4F1080282
:10DA1000934210D828460BF0A4FA002008E004F145
:10DA20003C0000F089FA10F1130F01D0411DE4D140
:10DA300002B0BDE8F08154F8080C0CF046FF002855
:10DA400057D054F8080C14F8041C34F8023C03F0C6
:10DA50003002302AD0F810E0D0E901780ED1264902
:10DA600040F2D333254A264809F079FC254809F0CD
:10DA700076FC40F2D331214809F06AFC03F006023B
:10DA8000042A09D1204940F2DA331C4A1C4809F023
:10DA900066FC40F2DA31EEE73F68DA0706FA01FC8D
:10DAA00054BF43F4B01383F4D0131CEA070F23F4DC
:10DAB00080120CD1154940F2ED33104A104809F09C
:10DAC0004EFC134809F04BFC40F2ED31D3E7DEF891
:10DAD0000070DB074CBF47EA0C0727EA0C07CEF8BB
:10DAE0000070D8F800309847002804F1080489DA5B
:10DAF0009EE76FF012009BE7B5C8040003C804005E
:10DB000031BD0400EEC80400C1C90400E2CA04002B
:10DB100020CB04002DE9FF4105690746AA6DD0F826
:10DB200004802B6E002A3AD16BB3B8F83040686D90
:10DB30009C4228BF1C46EE6DEB6D53B12A6E42B17C
:10DB400006F06042B2F1005F03D0082C28BF082421
:10DB50006E6F6A6DAC6600901AB1AA6D002A18BF8C
:10DB60002246CDE901261BB12B6E002B18BF2346A0
:10DB7000002269464046039303F036FA164B98425A
:10DB80000AD06FF004033C69236404F1280006F016
:10DB9000BDFB002384F86C3004B0BDE8F081696DF2
:10DBA000EE6D0846B8F8304013B19A4228BF1A46C5
:10DBB000944228BF14460029BED001F06043B3F15F
:10DBC000005FB9D0082C28BF0824286F22460DF02A
:10DBD00099F8286FB0E700BF0000AD0B2DE9F04FBA
:10DBE000994643688FB001938B880E469904074687
:10DBF0009246046900F110814FF0FF324FF0FF337D
:10DC000004F1100006F0C6FB6660D7F804B0D7F840
:10DC10001080DBF80830039398F86D301BB1D8F80A
:10DC200000309E4275D0B6F804E01EF4006F40F05C
:10DC300021811EF0090F40F01A81CEF34513082B05
:10DC400040F0158133680293029A9C4B9A4240F24D
:10DC50000E8106AD0BF10C0CBCE80F000FC59CE863
:10DC60000F0085E80F00DDE902329A4228BF1A460C
:10DC7000934B9A4215D2934B9A4200F2D680924B24
:10DC80009A4200F2D480914B9A4200F2D280904B9B
:10DC90009A4200F2D0808F488F4B9049824288BFD1
:10DCA0000B461EF0020F0B930EF0040300F0C5802C
:10DCB000002B14BF032302238DF83030CEF3001362
:10DCC0008DF83130DBF800301EF0020FD3F8085524
:10DCD00005A8059540F0B580FFF72AFE0123AB406B
:10DCE000C36098F86D302BB1584603F02BF9002330
:10DCF00088F86D3043465846794A06A903F0E2F8A1
:10DD0000784B984240F0A3800123C8F8006088F85F
:10DD10006D30012384F86C30019B996B4A1C03D051
:10DD200003F13C0000F038F9BAF1000F40F0A58093
:10DD3000C4F844A00023A36404F1580204F148018C
:10DD400004F144000BF0D9F86065B9F1000F40F020
:10DD50009D80C4F84C900023236504F1600204F117
:10DD6000500104F14C000BF0C8F8002501212A46AF
:10DD7000E065256420460BF0D3F83846FFF7CAFE6D
:10DD80002A462B46A06C834240F089800023194626
:10DD9000256DA94240F08A80934238BF134626463B
:10DDA0004FF4FA524FF0000802FB03F556F8283BF7
:10DDB0004FF4004C1B684146B5FBF3F540F2E730E9
:10DDC000C8354FF47A720023E5FB0C01FBF7FAF833
:10DDD00002460B46304606F0DDFA18B9256C15F1FF
:10DDE000740F13D16FF073050198C4F8688003F0C5
:10DDF000A9F884F86D803F693D6407F1280006F0BA
:10DE000085FA87F86C80304606F040FB00222046F9
:10DE100011460BF085F81CE0A369002B7FF4ECAEF3
:10DE200063689E427FF4E8AEEFE62F4B39E72F4B55
:10DE300037E72F4B35E72F4B33E7003B18BF012364
:10DE40003AE7FFF775FD0123AB40836049E76FF0C8
:10DE5000040523689B8813F4005304D1636004F124
:10DE6000100006F053FA28460FB0BDE8F08F6FF0AF
:10DE70001505EEE76FF08505EBE7DAF8003063642F
:10DE8000002B3FF457AFDAF8043054E7D9F80030EC
:10DE9000E364002B3FF45FAFD9F804305CE7616CBA
:10DEA00001EBC301496801330A446CE7E06C00EB05
:10DEB000C1004068013103446BE700BF47E801003F
:10DEC00000127A00FF083D007F841E003F420F00D1
:10DED0001FA107008FD0030048E8010090D0030085
:10DEE000A78F04000000AD0B00093D0080841E00D8
:10DEF00040420F0020A1070008B50268530904D171
:10DF00004FF0FF33D340DB070BD40749074840F2FB
:10DF10006733074A09F023FA40F26731044809F0F1
:10DF200017FA044808BD00BF86C7040031BD0400CD
:10DF300053C70400002584400123F0B587B08DF855
:10DF40000230022300248DF804306B4403930F4603
:10DF500001AB0DF10301049305460291059402F013
:10DF600059FC0C4B064698420FD13946284603AA65
:10DF700002F01EFAB0420BD028469DF8031002F0C2
:10DF80003DFC6FF0040007B0F0BD6FF01200FAE73F
:10DF90002046F8E70000AD0B2DE9F3410C4605469D
:10DFA0000BF055FA002221460746284602F03EFCB7
:10DFB00001A80194FFF7A0FF00EB8402D2F8001241
:10DFC000154BA6000B4043F00C03C2F800320BF0D7
:10DFD00047F880462B68DB59ABB10027214628461D
:10DFE0000BF033FA01A80194FFF786FF3044D0F814
:10DFF0000022094B134043F00403C0F800323846B6
:10E0000002B0BDE8F0810BF02BF8A0EB0800062869
:10E01000E0D96FF07307E1E7F0F8FCFF70B40E4948
:10E0200022F07F46D1E90034D01AC31844F100042D
:10E03000C1E90034A6F50013B3F5400F09D2074B30
:10E040001B681A0A1B069C19054B42F10005C3E91F
:10E05000004570BC08F058B808E9002030EE0020F8
:10E0600010E900200D4B1868010A0006BFF35F8F0E
:10E070000B4BD3F80435181841F10001B3F5801F9C
:10E080000AD2084BD3E90023904271EB030303D279
:10E0900010F1807041F10001704700BF30EE0020A8
:10E0A0000050014010E900202DE9F7432E4BD3F832
:10E0B000042390070BD5D3F8042142B10022C3F802
:10E0C00004212A4AD3F80431136801331360264A25
:10E0D000D2F80433D90327D5254BD3E8EF1F21F01D
:10E0E0000100C3E8E40F002CF7D1CB0702D4D2F82B
:10E0F0004031CBB100251C4CC4F84051D4F840311C
:10E10000FFF7B0FF4FF02003EFF3118283F3128883
:10E11000BFF36F8F174BD3E90267B042B94106D204
:10E1200082F31188BFF36F8F03B0BDE8F0834FF027
:10E13000FF38D3E900104FF0FF391D60C3E90289B1
:10E140004FF48033C4F84833C4F84051D4F8403118
:10E1500082F31188BFF36F8F0029E5D0009032461B
:10E160003B4628468847DFE70050014030EE00205C
:10E1700028EE0020F8E800202DE9F84F04460D466F
:10E18000434FD7E8EF8F28F00103C7E8E23F002AAA
:10E19000F7D14FF480393F4EC6F80893BFF35F8F35
:10E1A000BFF36F8FFFF75EFFA04271EB050308F02E
:10E1B000010840D2384B201A65EB0101984271F1F9
:10E1C000000148D2354BD3E902239D4208BF944257
:10E1D0003AD04FF0000C24F07F40834603216FF0CB
:10E1E000020EC6F84893C6F840C1D6F84031DFF8B1
:10E1F000B0A02BF07F43C6F84035C6F84493D6F85C
:10E200000425AEEB02035B4423F07F4353451BD947
:10E21000D6F840315BB1D6F80425131A23F07F43BA
:10E22000B3F5000F10D9C6F840C1D6F8403101EB64
:10E23000020B0131DDE71B4BD3E8EF1F41F0010179
:10E24000C3E8E21F002AF7D1144B174AC3E902457D
:10E250001A6000225A60B8F1000F16D0D7E8EF3FDD
:10E2600043F00103C7E8E23F002AF7D14FF48032C0
:10E27000084BC3F804230B4BD3E8AF3FDB0742BF87
:10E280004FF40012094BC3F80021BDE8F88F00BF1E
:10E290002CEE00200050014001008000F8E8002032
:10E2A000FDFF7F0028EE00201DE0030000E100E0FC
:10E2B00070B54FF0FF3000254FF0FF31164C174B73
:10E2C0000226C4F80833C4F84833154BC4F808557F
:10E2D000C3E902014FF480334FF40012C4F8043351
:10E2E000104B0121C4F804631520C3F880212A468D
:10E2F000FCF7E2FB1520FCF7AFFB01230A4AA36001
:10E300000021236009481360FFF736FF3046FDF710
:10E3100083FC284670BD00BF0050014003000F0081
:10E32000F8E8002000E100E02CEE0020FFFF7F0075
:10E33000431C10B50F4C05D08442A8BF0446012CE5
:10E34000B8BF0124FFF78EFE0B4AD2E90031C01A94
:10E35000B0F5000F074A0AD22044904228BF104669
:10E36000BDE81040C01841F10001FFF705BF10469D
:10E37000F6E700BFFFFF7F0008E9002008B5FFF7C0
:10E3800071FE024B1B68C01A08BD00BF08E90020DF
:10E3900070B505460C4C0D4EB44212D90C497A2387
:10E3A0000C4A0D4808F0DBFF0C4808F0D8FF7A2132
:10E3B000084808F0CDFFD4E90031284698470834D2
:10E3C000EAE7F8D370BD00BF18EE040018EE0400B1
:10E3D0004ECC04001CCC040031BD04007FC40400FA
:10E3E00070B5002201212A20FCF766FB0E4805F0DB
:10E3F0002BF905460D4C0E4EB44212D90D499A2305
:10E400000D4A0E4808F0ABFF0D4808F0A8FF9A210E
:10E41000094808F09DFFD4E90031284698470834A0
:10E42000EAE7F8D3284670BD34B9040018EE0400BA
:10E4300028EE040072CC04001CCC040031BD0400A2
:10E440007FC40400F0B50F4B01461A680E4B0B2534
:10E45000002618461F46B84201D3013D04D1184694
:10E46000013A19605A60F0BD04688C42FBD03CB19F
:10E470004468141BA642BCBF034626460830EAE7A0
:10E480000346ECE7F0EE0020FCEE00200020054BF8
:10E49000C3E90000044BD3E8EF2FC3E8E10F0029E4
:10E4A000F9D17047F4EE0020F0EE00202DE9F04F96
:10E4B00089B005460E460CF002FA20B96FF06D00E7
:10E4C00009B0BDE8F08F0CF0ABFA33680446002BBE
:10E4D0000F4604D107F04EF96FF00A00F0E7BCBF19
:10E4E0004FF0FF3333600122002101A80CF034FA11
:10E4F000E84607954FF02003EFF3118B83F3128862
:10E50000BFF36F8F0CF01CFCDFF828A1DFF8289117
:10E510005AF80000FFF796FFD9F8003042689A4297
:10E520006FD10023454D00936B68002B70D1C5E976
:10E5300000888BF31188BFF36F8F33685A1C6CD03F
:10E540004FF4004E40F2E730002123EAE37C4FF421
:10E550007A720023CCFB0E01FAF734FD02460B461B
:10E5600001A805F017FF4FF02003EFF3118B83F3A1
:10E570001288BFF36F8F00222B685BB1434556D1E1
:10E580000099002A4DD16A6829609A4200D16960D9
:10E59000002300930CF0D4FB5AF80000FFF752FF61
:10E5A000D9F8003043608BF31188BFF36F8F0CF004
:10E5B00086F9002882D035686B1C27D00CF030FA21
:10E5C0004FF47A7EA0FB0E320EFB0121A4FB0E421B
:10E5D0000EFB0722DB0BE40B43EA414344EA4244CF
:10E5E0001B1B4FEAD1314FEAE57C61EBD231ED1ACA
:10E5F0006CEB010CBCF1000FB8BF002535602DB9E4
:10E600006AE743608BF31188BFF36F8F002057E7F1
:10E61000C3F80080C5F804808BE74FF0FF32134643
:10E620009EE711606968994208BF6A60B0E71A46C0
:10E630001B68A2E708000000F0EE0020F4EE0020C6
:10E6400010B5041E0DDCEB23084A0949094808F0FF
:10E6500086FE2146084808F082FEEB21034808F0B8
:10E6600077FE0CF06DFB054B1C5010BD97CC0400E1
:10E67000C8CC040031BD0400D5CC04000C0000005F
:10E6800070B50368124C2BB1A34203D304F1A80563
:10E69000AB4217D30F4D2B78062B0CD90E49FF2315
:10E6A0000E4A0F4808F05BFE0E4808F058FEFF21A6
:10E6B0000A4808F04DFE5E1C03EB430304EBC30461
:10E6C0002E7004600068BDE870400CF045B900BFD2
:10E6D00048EE0020CAF50020FCCC040097CC0400D2
:10E6E00031BD040005CD040008B528B10C4A9042A4
:10E6F00002D3A83290420ED30A494FF487730A4AD4
:10E700000A4808F02CFE0A4808F029FE4FF48771E9
:10E71000054808F01DFEBDE8084005F0F7BD00BF44
:10E7200048EE00202BCD040097CC040031BD04003E
:10E73000B1CE040070B5054628B1194B984202D3FA
:10E74000A83398420ED317494FF48C73164A1748D2
:10E7500008F005FE164808F002FE4FF48C711248CE
:10E7600008F0F6FD4B1C17D021EAE1744FF4004687
:10E7700040F2E73000214FF47A720023C4FB060117
:10E78000FAF720FC02460B46284605F003FE002857
:10E7900018BF6FF00A0070BD4FF0FF321346F3E769
:10E7A00048EE00202BCD040097CC040031BD0400BE
:10E7B000B1CE040008B50268104B2AB19A4203D3C7
:10E7C00003F114018A4214D30D4A117871B10D4935
:10E7D0004FF499730C4A0D4808F0C1FD0C4808F03D
:10E7E000BEFD4FF49971084808F0B2FD01210360A5
:10E7F00011700068BDE808400CF090B834EE0020BD
:10E80000C9F50020CBCE040097CC040031BD040034
:10E81000D4CE040008B528B10C4A904202D3143279
:10E8200090420ED30A4940F241130A4A0A4808F0BE
:10E8300096FD0A4808F093FD40F24111054808F0A2
:10E8400087FDBDE8084005F0C9BB00BF34EE0020DD
:10E85000F7CE040097CC040031BD04009BD0040027
:10E8600070B5054628B1194B984202D3143398422B
:10E870000ED3174940F24B13164A174808F06FFDA4
:10E88000164808F06CFD40F24B11124808F060FD8C
:10E890004B1C17D021EAE1744FF4004640F2E730F8
:10E8A00000214FF47A720023C4FB0601FAF78AFBB9
:10E8B00002460B46284605F0BFFA002818BF6FF045
:10E8C0000A0070BD4FF0FF321346F3E734EE00202C
:10E8D000F7CE040097CC040031BD04009BD00400A7
:10E8E00038B505460A4BD3E8EF1F0131C3E8E21FF4
:10E8F000002AF8D1074B1C6804B938BDE369AB4264
:10E9000001D005B113B9201D05F000FD2468F3E71F
:10E91000F0EE0020F4EE0020014600220023014822
:10E920000BF0EABF4CEF00200146014805F00CBA9D
:10E930004CEF002001460022002301480BF0DCBF11
:10E9400064EF00200146014805F0FEB964EF0020A5
:10E9500008B54FF48062064906480BF0C5FFBDE8D4
:10E9600008404FF40252044904480BF0BDBF00BFF9
:10E97000CBF500204CEF0020E8A4002064EF00203D
:10E9800010B5044B1C6804B910BD201D05F0BEFC79
:10E990002468F8E7F4EE0020014803F063BC00BFF0
:10E9A000A5E9030070B505460C4C0D4EB44212D9D2
:10E9B0000C4913230C4A0D4808F0D1FC0C4808F010
:10E9C000CEFC1321084808F0C3FCD4E900312846E6
:10E9D00098470834EAE7F8D370BD00BF18EE04008A
:10E9E00018EE0400E0D00400B1D0040031BD0400F2
:10E9F0007FC40400292800F099800ADC01284FD048
:10EA0000062800F09580002800F08E804FF0FF303F
:10EA10007047B0F58D7F04D0B0F5007FF6D11E2988
:10EA200048E04B1E142BF1D801A050F823F000BF92
:10EA300087EA030087EA030087EA030087EA030006
:10EA400087EA030087EA03000DEA03000DEA0300EA
:10EA50000DEA03000DEA03000DEA030087EA030054
:10EA600087EA03008DEA030091EA03000DEA030040
:10EA70000DEA030085EA030095EA030099EA030022
:10EA80009DEA03000E210020116070470F21FAE774
:10EA90001021F8E71121F6E71221F4E71321F2E73C
:10EAA00036293FDC202907DC1429ECD038DC022988
:10EAB000E9D00429E7D0A9E7A1F12103152BA5D8B6
:10EAC00001A050F823F000BF87EA030087EA0300A3
:10EAD0000DEA03000DEA03000DEA03000DEA03004E
:10EAE0000DEA030087EA03000DEA03000DEA0300C4
:10EAF0000DEA03000DEA03000DEA03000DEA03002E
:10EB00000DEA03000DEA03000DEA030087EA0300A3
:10EB100087EA030087EA030087EA030087EA030025
:10EB20001529C7E73D29C5E71F29C3E72029C1E704
:10EB30003729BFE74FF0FF32064B00201A609A6179
:10EB40001A639A641A669A67C3F89020C3F8A820DB
:10EB5000704700BF80EF00202DE9F04114460022ED
:10EB600086B001290D461E46CDE90422DDF830802D
:10EB7000076803D1192C12D15F2307E021462846EC
:10EB800003AAFFF737FF002824DA6D230CF0D8F82A
:10EB9000144A13504FF0FF3006B0BDE8F081214613
:10EBA000284603AAFFF726FF0028EEDB143C012CC1
:10EBB00007D836B14FF008083268B368049205935D
:10EBC00004AE334629463846039ACDF8008004F057
:10EBD000FBF8E1E7B5F58D7FF3D10C2C08BF4FF0C2
:10EBE0000408EEE70C0000002DE9F0411C4600236C
:10EBF00086B00F461546CDE904330823066829463A
:10EC000038460DEB0302DDF830800393FFF7F2FE88
:10EC100000280ADA0CF094F86D224FF0FF361A4BF8
:10EC20001A50304606B0BDE8F081012F1DD1A5F184
:10EC30001403012B19D803AA04AB304600923946BD
:10EC4000029A04F0EFF906460028EAD1012FE8D134
:10EC5000042D0DD120680028E3D0FFF7F1FC0CF063
:10EC60006FF8094B1B582360DBE742462346E4E775
:10EC7000143D012DD5D8049BC4E90030059BA36049
:10EC80001023C8F80030CCE70C0000000B49034605
:10EC9000087880B90A49097839B1A2F5807102294A
:10ECA0000AD9A2F58872012A06D9013B022B8CBF32
:10ECB0000020012070470020704700BF4CFA002060
:10ECC0004BFA002070B4002318250168084C05FB9E
:10ECD00003F2A658B14206D1B0F906100832A018C6
:10ECE00070BC07F0A5BB0133082BF0D170BC704796
:10ECF00080EF00202DE9F04389B00546D0E900906F
:10ED00000E4617469846109C08B10AF0C5F9A4B9FA
:10ED1000CDE9004443463A46314648460BF04AF9AD
:10ED20000446686828B14FF0FF324FF0FF330AF015
:10ED3000B1F9204609B0BDE8F0832388012B0BD13F
:10ED4000ADF808306368628803930823ADF80A20A1
:10ED500001936B440093DDE7022B18D16288ADF874
:10ED60000830ADF80A20231D0DF10C0C04F1140E2F
:10ED7000624618685968083303C273459446F7D150
:10ED8000237D8DF81C301623019302ABE2E70BF0D4
:10ED9000D7FF6A22024B4FF0FF341A50C1E700BF81
:10EDA0000C0000002DE9F347074690460C4679B366
:10EDB00000231A46C868834235D1802A72D80025BC
:10EDC0004FF0FF324FF0FF3339480AF063F9A9469C
:10EDD000384EE368AB422DD800263546DFF8D4A084
:10EDE000B14511DD85B96368384601932368A9EB05
:10EDF000060200930AEB06014346FFF77BFF051E60
:10EE0000EEDD2E44B145EEDC29480AF045F906E076
:10EE10000BF096FF16224FF0FF35274B1A5028466D
:10EE200002B0BDE8F087A16801EBC3014968013376
:10EE30000A44C0E7A36806EB090003EBC50253F8D8
:10EE4000351052680BF05EFFA3684FEAC50A5344C1
:10EE50005B6801359944BCE7A3684FEAC60A03EB37
:10EE6000C6035B683BB14FF00009A36803EB0A02DD
:10EE70005268914504D30136E368B342ECD8CEE73B
:10EE800053F80A1063684944019323683846009395
:10EE9000A2EB09024346FFF72DFF011E05DB894463
:10EEA0000D44E2E700263546E6E70D46B7E700BF2A
:10EEB00044E80020CBF900200C0000004FF0FF32A6
:10EEC0004FF0FF3370B505460B480AF0E3F8002316
:10EED00018200A4A00FB03F156588C18013605D158
:10EEE000555005480AF0D8F8204670BD0133082B6C
:10EEF000F0D10024F5E700BFF4E7002080EF002008
:10EF000038B5094D04464FF0FF3228464FF0FF3325
:10EF10000AF0C0F800234FF0FF32C4E9002328466E
:10EF2000BDE838400AF0B8B8F4E7002010B5044650
:10EF3000114B124A186003681148DA61FCF76EF948
:10EF4000236873B90F4940F2C3230F4A0F4808F0F2
:10EF500006FA0F4808F003FA40F2C3210A4808F005
:10EF6000F7F90C33D3E8EF1F41F00801C3E8E21FC3
:10EF7000002AF7D110BD00BF7CEF0020A9F00300EC
:10EF800060B904002DC50400F8C4040031BD0400BC
:10EF900001C40400F0B5A1F58173046887B0032BA8
:10EFA00058D8DFE803F002417A540127D2E9016121
:10EFB00013683B4AB3F904300492ADF814308DF86D
:10EFC00016703368994205D10BF0BAFE0C22354B0E
:10EFD0001A5014E000F1080528460BF0AEFD2B4650
:10EFE00000223946306807F08FF908232046009345
:10EFF0003C22394604AB03F0E7FE044610B14FF063
:10F00000FF340EE0336814333360CDE90200284644
:10F0100002AA03A90BF096FD039B002B18BF6FF00B
:10F020007704204607B0F0BDD2E9004213681433DC
:10F0300013600023CDE9033303AA04A908300BF0C1
:10F0400081FD049B0BB1039BE3800024E9E7136877
:10F050004360FAE7032913D0042919D1126832F466
:10F06000804304D00BF06CFE16210E4B1950042186
:10F070002046C2F3803207B0BDE8F0400BF004BA7E
:10F08000204600220BF000FA840304F48044C8E711
:10F090000BF056FE1622034B9AE76FF05E04C0E7B2
:10F0A000C5EC03000C0000002DE9F0410D1E0746E1
:10F0B000904612DA06F072FA1C4E01233370424673
:10F0C000384625F04041FCF757F8002333700446DA
:10F0D00006F0D2FA2046BDE8F0816B0003D506F0B9
:10F0E0005DFA134EE9E7FAF79BFE041E09DB294699
:10F0F000424638460AF047FD051E05DA2046FAF773
:10F10000E5FE4FF0FF34E5E7FFF7D8FE014640B9D2
:10F110000BF016FE0C22074B1A50284603F022FE75
:10F12000ECE72046044AFAF7B9FED3E74CFA002090
:10F130004BFA00200C00000068B904002DE9F04FE4
:10F1400014460E4600218BB00546202202A81F4619
:10F1500001910BF0E4FD5CB163680293E3680493F2
:10F16000A368039323690593E36903B1089302AC91
:10F170004FF0FF324FF0FF333B4809F08BFF314631
:10F180002246284601AB03F001FB064648B98046FB
:10F1900081464FF0180A019D38604DB901980AF078
:10F1A000D4FC314809F078FF30460BB0BDE8F08F51
:10F1B00050200BF0D3FC044600284FD0C0F800903C
:10F1C000C0F81C902B684360AB68C3606B688360B9
:10F1D000EB680361D5F804B0BBF1010F15D108202D
:10F1E0000BF0BCFCA061002835D0082363616B697B
:10F1F0005A88A0F800B042805B684360B8F1000F05
:10F200002FD13C60A046ED69C7E7BBF1020F09D0E2
:10F210000BF09DFC6FF00506386809F02EFF002307
:10F220003B60BBE718200BF099FCA06198B1C4F8D3
:10F2300014A06A695388111D4380034602F1140C1F
:10F2400023F804BB51F804EB614543F804EBF9D112
:10F25000137D0375D2E720460BF079FC6FF00906A9
:10F26000DAE7C8F80040CDE71CE800202DE9F043BC
:10F2700089B007460C461546FAF7D2FD0646002E21
:10F2800038681EDB04B315B32B6801AA082B18BF1E
:10F2900016230DF10809019349460AF0EEFDB0F17D
:10F2A00000080BDBFFF70AFE074698B90BF048FD94
:10F2B0000C22274B1A50404603F054FD3046FAF713
:10F2C00005FE4FF0FF3618E02246A146E4E72A4645
:10F2D000A946E1E764B15DB1B9F80020012A10D177
:10F2E00008232B60BDF80A3022806380039B636093
:10F2F00039463046174AFAF7D1FD304609B0BDE825
:10F30000F083022A17D118232B60BDF80A3003AD11
:10F31000638023460DF11C0C23F8042B2A4603CAF4
:10F32000624518605960154603F10803F6D19DF84F
:10F330001C302375DCE70BF003FD8622044B1A50CA
:10F34000404603F00FFD3846FFF7DAFDB6E700BF91
:10F350000C00000068B90400F0B50A880B46012AC9
:10F36000066887B00DD1ADF80020082249885B6897
:10F37000ADF802100193694630460AF004FD07B06B
:10F38000F0BD022A15D14988ADF80020ADF8021071
:10F390001A1D01AD03F114072C461068516808329C
:10F3A00003C4BA422546F7D11B7D16228DF81430CE
:10F3B000E1E70BF0C5FC6A22024B1A504FF0FF3018
:10F3C000DDE700BF0C00000008B5024802F044FF72
:10F3D000002008BD69F403002DE9F8431A4E1B4FC5
:10F3E000DFF86C8000220023304604F023FF05463E
:10F3F000F8B9BDE8F883237ADA070AD49B0708D462
:10F40000216819B148460BF009FC10B14846636801
:10F4100098470C34BC4210D90E4960230E4A0F485D
:10F4200007F09DFF0E4807F09AFF60210A4807F099
:10F430008FFF0C4C05F10409ECE7DCD3294640466C
:10F4400004F082FCCEE700BF6CE800209CE70020BF
:10F45000DCE7002041D1040015D1040031BD0400D7
:10F460007FC4040090E700202DE9F041044638BB3A
:10F470002A4936232A4A2B4807F071FF36212848AB
:10F4800007F066FF2F7AFA070AD4296819B12046D7
:10F490000BF0C4FB20B1BB0710D520466B68984722
:10F4A0000C35454511D9204939231D4A1D4807F01F
:10F4B00056FF1E4807F053FF3921E0E70126EFE72A
:10F4C00000261B4DDFF86C80EBE7DBD31EB3204634
:10F4D000F9F798FF0022411D002317480BF00CFAA2
:10F4E000054658B94F230E4A14490E4807F037FF16
:10F4F0002146134807F033FF4F21C0E7214604306F
:10F50000F9F778FF29460F480BF01BFABDE8F041E8
:10F510000D4805F0EBB9BDE8F08100BF61D10400F2
:10F5200015D1040031BD040041D104007FC40400A2
:10F5300090E700209CE70020DCE7002076D1040063
:10F540007FD104006CE8002084E600200248836834
:10F550001B6A03B118477047B4AE040038B5054DB7
:10F56000441E14F8011F01B938BDAB6801485B683F
:10F570009847F6E7B4AE040010B5094C4FF480513B
:10F580002346084A204602F0D7FE2046FFF7E6FF52
:10F590000022054B1A70BDE81040FFF7D7BF00BF2F
:10F5A0004EFA0020ADD104004E0A01200122F0B530
:10F5B0002B4B85B01A702B480BF087F9002845D0EB
:10F5C0000BF02EFA4FF47A72A0FB020302FB013318
:10F5D000244DC00BAE6840EA4344B368B3B128463B
:10F5E0009847074690B9336C002B34D11E491F4809
:10F5F00005F0ECF800234FF4806200931C490A23C5
:10F600001C4805F079F9FFF7A1FF21E00BF008FA9B
:10F610004FF47A72A0FB020302FB0131C30B43EAF1
:10F6200041431B1BB3F5FA7F10D8AF683B69002B31
:10F63000FCD0012228460DF10F0198470028F5D192
:10F6400000214FF4A47006F0D3F9C6E76FF00D0760
:10F65000384605B0F0BD0246074902489847C5E75D
:10F660004F0A0120B4AE040079F5030044F00020F5
:10F67000600C012018E900207DF60300F7B5044670
:10F680008368DB6B03B19847A368DB6AC3B9454E57
:10F69000454D3378C3B9A3681B692BB101222046BD
:10F6A0000DF10701984778B19DF80730082B01D07C
:10F6B0007F2B0BD12B68002BEBD0013B2B60E8E7B5
:10F6C000204698470028E2D103B0F0BD37480278C1
:10F6D000002A48D10A2B24D00D2B14D0002B42D164
:10F6E000334B1B78002BD4D100222F49314B0F68AC
:10F6F0000A601946DA55027013F8012B202A42D805
:10F70000002AF9D1C5E72A4A1278012AECD0264A04
:10F710001068411CB1F5805FBBD2264F11603B548D
:10F72000B7E7234A1778022FDED01F49032F0A6854
:10F7300013D1204F6AB107EB020C1CF801CCBCF1CD
:10F740000D0FD1D0501CB0F5805FA2D2BB54086021
:10F750009FE73B7001230B609BE7501CB0F5805F77
:10F7600097D2144FF2E72F68791CB1F5805F90D2E1
:10F77000DFF840C0222B0CF80730296089D182F0D5
:10F780000102027085E70B78002B82D00A4883685B
:10F790005B6A03B1984701230849094833700BF0AD
:10F7A000FDF876E74E0A012040F000204DFA0020D7
:10F7B0004F0A01204EFA0020B4AE040044F00020AD
:10F7C00018E900200378014613B1024802F050BD49
:10F7D000704700BFADD1040008B5B0B90B48FFF7C2
:10F7E000F1FF0B48FFF7EEFF0A48FFF7EBFF0A486F
:10F7F000FFF7E8FF0948FFF7E5FF0948FFF7E2FFD9
:10F80000BDE808400748FFF7DDBF08BD03C404009A
:10F81000B0D10400C8D10400E7D1040005D204002F
:10F82000ADD20400CBD204002DE9F043214885B0CD
:10F8300009F0F4FC002604461E4B1F4FD3F8388015
:10F84000DFF87890B04503D8002005B0BDE8F0831C
:10F85000636A97E807001D6801AB83E807000C2284
:10F86000194628460BF084F978B975B122692B69DD
:10F870009A420AD1AB69A2699A4206D8E2699A42D1
:10F8800003D963696A6993430AD0256A65B10C4854
:10F8900007F042FD404080F311884FF0040002DF82
:10F8A000E36801361C44CDE7484607F035FD636A3E
:10F8B0001D60F5E70082030010B2040012D30400BB
:10F8C000E9D204000149024809F0B3BC91F90300F0
:10F8D00054F000202C4A00F00800136F072B2BD0A7
:10F8E000132B1CD0052B3AD1526D12F4805F14BF3C
:10F8F0001723162312F4006F18BF182312F4007F89
:10F900001EBF224B9B6B192312F4806F18BF1A2362
:10F9100012F4807F25D112F4005F18BF1C23CA693E
:10F9200068BBC2F3080020B96FEA52226FEA422294
:10F93000CA61184607F08ABDD36DDA0713D49A0757
:10F9400013D45A0713D41A0713D4DA0613D49A0619
:10F9500013D413F0800F14BF2C232523DFE70023DB
:10F96000DDE71B23DBE72623D9E72723D7E7282377
:10F97000D5E72923D3E72A23D1E72B23CFE722F4A6
:10F98000FF7222F00102D3E754F0002000ED00E006
:10F9900000B5184B89B01A7872B917494FF49273B1
:10F9A000164A174807F0DBFC164807F0D8FC4FF45E
:10F9B0009271124807F0CCFC5A6AD86C00929A6A8D
:10F9C00020F005000192DA6A694602921A6B0392EE
:10F9D0005A6B04929A6B0592DA6B06921A6C1B6D45
:10F9E00007929B0748BF40F00400FFF773FF09B080
:10F9F0005DF804FB54F0002078D3040045D30400E4
:10FA000031BD040088D304002DE9F0411F46164B98
:10FA1000044693F800800D461646A2B0B8F1000FD8
:10FA200015D1684607F01FFD3A4631462846289B07
:10FA3000A0470446684607F017FDB8F1000F02D052
:10FA40000A4804F0CBFA204622B0BDE8F0814FF01E
:10FA5000FF324FF0FF33054804F0EEF90028E0D004
:10FA60006FF08304EFE700BF5C0A012058E8002034
:10FA7000002300B589B0CDE9063303AB049304231A
:10FA800003900593A9B10B6806934B680793022373
:10FA9000111E18BF01210848CDE9002140F2F531BF
:10FAA00004AA00F02BF80028B8BF012009B05DF8C7
:10FAB00004FB0123ECE700BF0501004070B53826C8
:10FAC00094B006AB05460C463246002118460BF0B2
:10FAD00026F9CDE90454CDE9020654B1012304AA64
:10FAE000009200210448019302AA00F007F814B024
:10FAF00070BD2046FBE700BF0001004010B4B1F527
:10FB0000004F029C0ED2042B0CD8042C0AD82404DB
:10FB100044EA0364134644EA0102014610BC034868
:10FB2000FFF772BF6FF0800010BC7047217C0300AC
:10FB300030B50468ACB1B4FA84F30122C3F11F03F9
:10FB4000DBB29A4024EA0202D0E8EF5FA54204D17A
:10FB5000C0E8EC2FBCF1000FF6D1EAD102480B70DF
:10FB600030BD0248FCE700BF0000AD0B0200AD0B4A
:10FB700010B50368CB40DB0710D401238B4002682B
:10FB800043EA0201D0E8EF4F944204D1C0E8EC1FF1
:10FB9000BCF1000FF6D1F2D1014810BD0148FCE7DD
:10FBA0000000AD0B0400AD0B014BC3F8040570471A
:10FBB0000070014008B549B9074908484423084A7C
:10FBC00007F0CDFB4421064807F0C2FB40F000409F
:10FBD000C1F8800008BD00BF51D4040031BD04004D
:10FBE00014D4040008B549B9074908484A23084A0B
:10FBF00007F0B5FB4A21064807F0AAFB40F0004099
:10FC0000C1F8800008BD00BF55D4040031BD040018
:10FC100014D40400F7B5334B044658B1012827D05B
:10FC200031493248DC23324A07F099FBDC21304865
:10FC300007F08EFB0222C3F8082301220646DA6091
:10FC4000C3F80401D3F80431012342F21075254FA3
:10FC50008DF8073074B3012C1BD0234923484FF48F
:10FC60007473244A07F07BFB4FF474712148DFE77B
:10FC70000022C3F808035860C3F80021D3F800310C
:10FC80000DF10706E0E70BB3012009F017FB013D7A
:10FC90001CD0D7F80C3403F48033002EF3D0D7F8FF
:10FCA0000C2402F001020FE083B1012009F006FBF1
:10FCB000013D0BD0D7F8183403F48033002EF3D075
:10FCC000D7F8182402F0030232700BB903B0F0BD6C
:10FCD0009DF807000128F9D109F0F0FA013DB9D1EA
:10FCE000F4E700BF0050004038CA040031BD0400F2
:10FCF00059D4040096D40400044B1A7922B9012285
:10FD000018601A710248704702487047C8F0002016
:10FD10000000AD0B0C00AD0B08B50E4B1A795AB9AB
:10FD20000D490E484FF498730D4A07F018FB4FF435
:10FD300098710B4807F00CFB1B6833B10520FAF7EC
:10FD4000ADFE10B90520FAF787FE0122054BC3F876
:10FD5000182508BDC8F00020CAD4040031BD040035
:10FD600059D404000050004038B5364C23795BB9B3
:10FD700035494FF4BD73354A354807F0F0FA4FF472
:10FD8000BD71324807F0E4FA58B101284FD031492B
:10FD90004FF4DF732D4A2E4807F0E1FA4FF4DF717C
:10FDA000EFE72D4BD3F81814D3F81824C90323D543
:10FDB00002F00303022B05D0012B02D00020FFF735
:10FDC00029FF0123244A0220C2F8183508224FF4E3
:10FDD0008273002103F1804303F5A04319601D687D
:10FDE000012502F1804202F5A0421560226812B39B
:10FDF000194BC3F804030FE0D3F81424D207E0D55D
:10FE0000D3F81C2402F00302013A012AD6D8226852
:10FE10001AB10222C3F8042338BDD3F80421002A02
:10FE2000FBD00022C3F80421D3F80431F4E7002208
:10FE30004FF48073CDE71A68002AFCD019601B6864
:10FE4000EAE700BFC8F00020CAD4040059D4040077
:10FE500031BD040038CA04000050004008B5094B09
:10FE60001B795BB9084909484FF4EC73084A07F05D
:10FE700076FA4FF4EC71064807F06AFABDE80840DC
:10FE8000FFF7C8BEC8F00020CAD4040031BD04008A
:10FE900059D4040010B5164BD3F8002152B10020FC
:10FEA000C3F80001D3F800210122C3F80823114B45
:10FEB0001B6898470E4BD3F8042182B10022C3F887
:10FEC0000421D3F80421D3F81824D3F818240221EC
:10FED00002F00302012A03D1C3F818159A6010BD7D
:10FEE000C3F80813034B0120BDE810401B681847F6
:10FEF00000500040C8F0002001460148FFF718BE3E
:10FF000094E6002070B5322402791E4B624352FA07
:10FF100081F2083233F81240E10526D5C4F34321BB
:10FF200024F4F85423F8124064240026027904FBD8
:10FF300002340E3434F8025F15F4807F03D0C5F329
:10FF40004325A94211D00136202EF3D16424002587
:10FF5000624302EBC1029D50027904FB023058302B
:10FF6000FFF706FE084B984200D170BD07490848CC
:10FF70004FF4DC73074A07F0F2F94FF4DC710548DF
:10FF800007F0E6F998E600200000AD0BD5C70400A5
:10FF900031BD040027D5040008B5026801461046AB
:10FFA00009F099F958B90E4940F267330D4A0E48E5
:10FFB00007F0D5F940F267310A4807F0C9F902F0B5
:10FFC0001F0352090B6009D008494FF45C73054ABE
:10FFD000054807F0C4F94FF45C71EDE7044808BD2B
:10FFE00086C7040053C7040031BD040038CA0400AA
:10FFF00000258440072808B50BD90849084840F275
:020000040004F6
:10000000FD23084A07F0ABF940F2FD21054807F04F
:100010009FF9800000F5807008BD00BF1DD5040069
:1000200031BD0400E8D4040032235843034B50FA96
:1000300081F1083133F81100400B704798E6002039
:1000400032235843044B50FA81F1083133F8110040
:10005000C0F34000704700BF98E6002032235843A9
:10006000054B50FA81F1083133F8110010F01C00F3
:1000700018BF0120704700BF98E600203223584384
:10008000044B50FA81F1083133F81100C0F34010ED
:10009000704700BF98E6002010B5044608460A469F
:1000A00009F019F958B91D4940F2E5131C4A1D48D9
:1000B00007F055F940F2E511194807F049F924799C
:1000C0002046FFF7BDFF48B117494FF4F373144AB8
:1000D000144807F044F94FF4F371EDE71146204658
:1000E000FFF7BCFF48B9114940F2E7130C4A0D482D
:1000F00007F035F940F2E711DEE711462046FFF739
:10010000BDFF38B120461146FFF78EFFBDE8104015
:10011000FFF770BF4FF4BE7010BD00BF65D504007F
:1001200027D5040031BD040086D50400A4D5040001
:10013000024611F0010004D003490B6A13600B6200
:1001400003B90020704700BF002584402DE9F84323
:10015000002407460E4625464FF00108A146B54249
:100160000DD1124BD3F87C2132B10022C3F87C218F
:10017000D3F87C3144F000442046BDE8F883E8B26F
:10018000FFF738FFA0F58072920808FA02F21742D2
:1001900009D000F1804303F54433196819B1C3F85D
:1001A00000901B6814430135D9E700BF00100340DD
:1001B0002DE9F74F0546554B296DD3F80403C0B21E
:1001C00040F00040FFF7C2FF061E18DA0023684621
:1001D000E96D00934FF00108FFF7AAFF95F85C3036
:1001E000DB0759D4296D4FF00040FFF7AFFF684699
:1001F000E96DFFF79DFF0028F0D126F000460124AD
:10020000002E69D103B0BDE8F08F94FAA4F4B4FADB
:1002100084F4E10804F1080335F8139004F00702B0
:100220001DF8013008FA02F223EA020301A80DF8D2
:1002300001300194FFF7B0FE019B4FEA990B803328
:1002400050F82370C9F3820A1BF0040FD146C7F39C
:10025000014725D052462146284609F046F801A814
:100260000194FFF799FE019BFFB2803350F82330D1
:10027000C3F301439F4207D10021204609F09FF8B4
:100280003946204609F09BF801A80194FFF784FE47
:10029000019B08FA03F30362009C002CB5D1A1E78F
:1002A000022F0DD10321204609F089F80AF0050339
:1002B000012BE9D14A462146284609F016F8E3E722
:1002C0000221204609F07BF8BAF1030FF2D0032F88
:1002D000DAD1BAF1020FECE796FAA6F3B3FA83F398
:1002E00004FA03F29B0003F1804303F54433D3F88F
:1002F000101526EA0206D3F810252846C2F301425B
:10030000C1F3042108F0F1FF7AE700BF00100340B9
:1003100032222DE9F3410379214F534353FA81F3FC
:10032000083337F813300546DB070C46CEB234D518
:1003300009F062F895F8048021464046FFF79EFEDA
:1003400060B121464046FFF76FFE2A6800B202EB1B
:1003500080030022C3F81025C3F810252146284643
:10036000FFF7D0FD32222B7901A802FB03660023A0
:10037000083627F816300194FFF70EFE019B00EBBC
:100380008300D0F80022074B134043F00203C0F86B
:100390000032054802B0BDE8F0810448FAE700BF2A
:1003A00098E60020F0F8FCFF0000AD0B0400AD0B58
:1003B0002DE9FF41166804460D46174646B309F07D
:1003C0000DF8A0BB3346CDE900008DF80E008DF886
:1003D0000F000DF10F0228460DF10E0108F0A2FFEB
:1003E00032202379674A434353FA85F3083332F8BE
:1003F000131021F0020122F813102379434353FA1A
:1004000085F3083332F8131041F0010122F813107C
:100410007B68002B47D02679294630461A78D3F8D6
:100420000480FFF70DFE20B1B8F1000F23D056482D
:100430003CE04FF0320E0EFB06F6DFF848C156FAEC
:1004400085F608363CF81630E8B223F4604323F012
:1004500020032CF81630B8F1000F0CD0032AE6D890
:100460007B6821685B681E7801EB86010ABBC1F8D6
:100470001025C1F81025322623794249734353FAD7
:1004800085F3083331F8130020F01C0021F8130025
:100490002379734353FA85F3083331F8130040EAA4
:1004A000820221F81320BB6863BB384804B0BDE862
:1004B000F081D1F8108528F00308C1F81085216873
:1004C00001EB8603D3F8101521F4473121F4407174
:1004D000C3F810152902D3F8108501F4F85141EA48
:1004E000024141EA0801C3F8101523790EFB03000D
:1004F00008303CF8103043EA463343F020032CF830
:100500001030B8E72946D3E900872046FFF7FAFC08
:10051000B8F1000FC9D0642320791A4E4343F21872
:10052000F358984504D153689F4201D100210CE053
:10053000642303FB00600DF10F015830FFF7F8FA58
:10054000124B9842B2D19DF80F1064222379534385
:1005500003EBC10346F8038023795343322203EBB4
:10056000C10333445F602379534353FA85F308335F
:1005700036F8132042EA412242F4807226F8132012
:1005800093E700BF98E600200400AD0B0000AD0B20
:100590002DE9FF4105460C461E465AB307793846F9
:1005A000FFF74EFD20B921463846FFF767FD40BBF7
:1005B00021463846FFF752FD10B15378012B20D069
:1005C00001238DF80F3000230DF10F01CDE9002339
:1005D0002046931C013208F0A5FE32222B793149C6
:1005E000534353FA84F3083331F8132042F00302E3
:1005F00021F81320002E53D021462879FFF720FD43
:1006000018B9294804B0BDE8F08196F800C0322737
:1006100061468B0000212A68224802EB8C02C2F856
:100620001015C2F810152A79E1B27A4352FA84F211
:10063000083230F812E02EF4604E2EF0200E20F832
:1006400012E096F801E0BEF1000F29D02A68B678D2
:100650001A44D2F810354FEA0E4E23F4981323F4BF
:10066000F853C2F81035230203F4F8530EF4403E59
:100670003605D2F8108543EA0E0306F4801633439C
:1006800043EA0803C2F810352B7907FB0311083140
:1006900030F8113043EA4C3343F0200320F8113096
:1006A0000248AFE798E600200400AD0B0000AD0B58
:1006B00030B564250479044B05FB0434A16001794D
:1006C00005FB0133DA6030BD98E6002038B50C46F2
:1006D0005AB90F490F4840F20D330F4A06F03FFE5A
:1006E00040F20D310C4806F033FE05792846FFF73D
:1006F000C5FC58B132235D43084B55FA84F40834E5
:1007000033F8143006485B0B137038BD0548FCE71E
:10071000C5D5040031BD040027D5040098E60020AB
:100720000000AD0B0400AD0B2DE9F843254B02682A
:1007300006469A420BD02449244840F21E33244AEC
:1007400006F00DFE40F21E31214806F001FE077949
:100750006420204D00FB075898F860407CBB404661
:10076000A1464022214610300AF0D9FA3668D8F85E
:100770005080A04516D1002346F30730C6F87C31DF
:10078000D6F87C31FAF768F94FF00043C6F8043325
:10079000642303FB075501230F4885F86030AB65E0
:1007A000BDE8F883E0B2FFF725FCA0F580739B0855
:1007B0001F2B04BF46F8009033580134D9E707488F
:1007C000EEE700BF00100340CFD5040031BD0400A8
:1007D00027D5040098E600200000AD0B0C00AD0BFF
:1007E00064210279044B01FB023393F86000003866
:1007F00018BF0120704700BF98E6002064235422F0
:10080000007913FB002302481844FFF7B1B900BF79
:1008100098E6002064235422007913FB0023024849
:100820001844FFF785B900BF98E600202DE9F34191
:100830000479064620460D461746FFF70FFC58B9C7
:10084000304940F2FA33304A304806F088FD40F231
:10085000FA312D4806F07CFD29462046FFF70EFCB4
:1008600018B329462046FFF7EBFB8046E8B9294636
:100870002046FFF7D9FB0446FFF7BCFB356822B2E0
:1008800045F800802B58336803EB8203D3F810251A
:1008900042F00102C3F8102527B101233268A340BA
:1008A000C2F8043302B0BDE8F0814FB9184940F2F4
:1008B0000943154A154806F052FD40F20941C8E7C0
:1008C00032235C43134B54FA85F4083433F8143064
:1008D000C3F38203042B11D0052B11D001A801957D
:1008E000FFF75AFB019A0369D34003F00103991CF7
:1008F000284602B0BDE8F04108F061BD0321F7E7EA
:100900000221F5E7A4D5040027D5040031BD040079
:1009100006D6040098E600200148FFF749BC00BF56
:10092000FCE6002070B516460D4649B90B490C4847
:1009300037230C4A06F013FD37210A4806F008FD5C
:10094000094C237943B92A20FAF786F8012307488E
:1009500023712560A66070BD0548FCE74AD90400F4
:1009600031BD040011D60400D0F000200000AD0B12
:100970000C00AD0B38B548B918494A23184A194834
:1009800006F0EDFC4A21164806F0E2FC164B1B79F6
:10099000012B07D015494B23114A124806F0DFFC02
:1009A0004B21F0E70023124A50F8234003F5A271CF
:1009B0000133082B42F82140F6D100230C4A00F104
:1009C0001C0103F5B27451F8045F0133082B42F89F
:1009D0002450F6D1036CC2F8043338BD4CD6040061
:1009E00011D6040031BD0400D0F0002055D604001B
:1009F00000A0024070B51C4E3379012B09D01B4971
:100A00001B485F231B4A06F0AAFC5F21194806F029
:100A10009FFC0024184D2A20C5F81045C5F8144540
:100A2000C5F81845C5F81C45C5F82045C5F8244546
:100A3000C5F82845C5F82C45C5F89045C5F8944536
:100A4000C5F89845C5F89C45C5F8A045C5F8A44526
:100A5000C5F8A845C5F8AC45FAF70CF84FF0FF33D8
:100A6000C5F80833347170BDD0F0002055D60400AD
:100A700031BD040011D6040000A0024008B5094BA6
:100A80001B79012B09D0084908487A23084A06F047
:100A900066FC7A21064806F05BFC064A8340C2F8F1
:100AA000043308BDD0F0002055D6040031BD040049
:100AB00011D6040000A0024008B5094B1B79012B98
:100AC00009D0084908488223084A06F048FC8221D8
:100AD000064806F03DFC064A8340C2F8083308BDCC
:100AE000D0F0002055D6040031BD040011D604001A
:100AF00000A00240F8B501260027124B124DD3F892
:100B00000C4304B9F8BD94FAA4F0B0FA80F006FAE8
:100B100000F3072824EA03040BDD0C490C4840F2DB
:100B2000F3130C4A06F01BFC40F2F311094806F0DF
:100B30000FFC094B82009F502B68002BE1D0A96865
:100B40009847DEE700A00240D0F000201DD5040049
:100B500031BD04007ED6040000A10240044AD2F850
:100B60000834DB07FBD50160BFF35F8F704700BF20
:100B700000900340B0F5801F08B50BD31049114811
:100B800040F20713104A06F0EAFB40F207110E4844
:100B900006F0DEFBC0F30B037BB902220B4BC3F85C
:100BA00084254FF0FF320260D3F80024D207FBD532
:100BB00000220748C3F8842508BD0648FCE700BFAB
:100BC0000CD7040031BD0400B0D6040000900340EF
:100BD0000000AD0B0A00AD0BB0F5801F38B50BD38C
:100BE000104940F29513104A104806F0B8FB40F245
:100BF00095110D4806F0ACFB10F0030409D00C4928
:100C00004FF4CB73084A094806F0A9FB4FF4CB71A7
:100C1000EFE70123074DC5F88435FFF79FFFC5F8BF
:100C2000844538BD26D70400B0D6040031BD040089
:100C300040D704000090034008B50268530904D16E
:100C40004FF0FF33D340DB070BD40749074840F28E
:100C50006733074A06F083FB40F26731044806F029
:100C600077FB044808BD00BF86C7040031BD0400FF
:100C700053C70400002584400C4B984213D00AD877
:100C80000B4B98420FD00B4B98420CD00A4BC31A17
:100C9000584258417047094B984204D0084B98423B
:100CA00001D0084BF3E70120704700BF40420F001E
:100CB00090D0030020A1070048E8010000093D0092
:100CC00000127A0080841E0073B51446421C06464A
:100CD0000D4615D0012902D1A3B108F02CFC01A8C2
:100CE0000196FFF7A9FF00EB8600D0F80022074B22
:100CF00045EA840413401C4344EA4504C0F800421A
:100D000002B070BD08F023FCE9E700BFF0F8FCFF7B
:100D10002DE9F843554A4B69054693420C4690F835
:100D2000049024D017D8524A934200F08780514A49
:100D3000934200F08680504A934200F085804F49EC
:100D40004F484FF4B3734F4A06F009FB4FF4B371A9
:100D50004C4806F0FDFA4C4A934278D04B4A9342F5
:100D600078D04B4A9342EAD14FF0005601E04FF061
:100D700080562422DFF81C81E07E02FB0983997FE4
:100D800060F3000199772B79217C02FB0383D977EB
:100D9000E77EEFB9237E3A46012B94BF002301235F
:100DA00001212068FFF790FF3B463A460121606829
:100DB000FFF78AFF3B463946A27EA068FFF784FF13
:100DC000237C3A460121E06883F00103FFF77CFFB2
:100DD000242202FB0989E368C9F82030237C89F8C2
:100DE0001F30277FA07C217E637E2A6847B9D4E923
:100DF00000C7A468C2F808C5C2F80C75C2F810454F
:100E0000003B18BF01230229C2F8C005C2F82465BF
:100E100023D0032924D0012901D143F00203C2F8D1
:100E2000543524222B79534358F80330DBB128681A
:100E3000BDE8F84340F30730F9F70EBE4FF0806687
:100E400097E74FF0006694E74FF0007691E74FF098
:100E500080468EE74FF000468BE743F00403DEE761
:100E600043F00603DBE7BDE8F88300BF40420F0014
:100E700090D0030020A1070048E8010038CA040010
:100E800031BD040069D7040000093D0000127A005A
:100E900080841E00DCF00020431C13B504460DD0F6
:100EA000019001A8FFF7C8FE00EB8400D0F80022F3
:100EB000034B134043F00203C0F8003202B010BDF0
:100EC000F0F8FCFF2DE9F84305461F4659B91649CD
:100ED000164840F22223164A06F041FA40F2222137
:100EE000134806F035FA24232E79DFF848905E4344
:100EF00009EB060494F81C80B8F1000F10D1486982
:100F0000FFF7BAFE70B1284649F806206760FFF780
:100F1000FFFE0123084884F81D802377BDE8F8838D
:100F20000648FBE70648F9E74CD6040031BD04004B
:100F300069D70400DCF000200000AD0B0C00AD0B05
:100F40000400AD0B2DE9F04124270679214C7743AD
:100F5000E3191B7F05465BB91F49204840F28323F4
:100F60001F4A06F0FCF940F283211D4806F0F0F913
:100F7000006840F30730F9F77DFDE35953B12B6862
:100F8000184A06EBC601C3F80823286804EB810160
:100F900008F0BBFA2B68242505FB0645D3F80805A5
:100FA000D3F80C75D3F81085AB7FDB070AD4FFF7B5
:100FB00073FF4046FFF770FF3846FFF76DFF286A62
:100FC000FFF76AFF242303FB064400232377BDE8D1
:100FD000F08100BFDCF00020A5D7040031BD040083
:100FE00069D70400520108002DE9FF47242307793F
:100FF000784E824603FB07631B7F0D4690465BB924
:1010000075494FF45473754A754806F0A8F94FF4C2
:101010005471724806F09CF90B685BB94B684BB190
:10102000704940F251336D4A6D4806F098F940F22C
:101030005131EEE7D5E9022352B95BB16A4940F27A
:101040005233664A664806F08AF940F25231E0E7C8
:101050005B0B02D16B685B0B09D0644940F25333E0
:101060005E4A5F4806F07BF940F25331D1E718F051
:1010700008090FD0242303FB07631B6A013309D03F
:101080005B4940F25633554A554806F068F940F23C
:101090005631BEE724237B43F218517F002940F0EC
:1010A0009780F35823B118F0140F04BF012353772E
:1010B000242495E80F0004FB076404F10C0C8CE871
:1010C0000F00206A431C03D0E37FD3B108F033FA4A
:1010D0002B68DAF8004023B103F06043B3F1005FFE
:1010E00006D1AB6883B103F06043B3F1005F0BD06E
:1010F0002423002203FB07633E485A7704B0BDE86F
:10110000F08708F024FAE3E718F0010318BF012381
:10111000C4F8503518F0020318BF0123EC46C4F898
:10112000403595E80F008CE80F00039BC4F8440598
:10113000C4F84815C4F83425C4F838350023C4F879
:101140001831D4F818310723C4F8003524237B4321
:10115000F218B9F1000F1DD10121F058216158B9E1
:10116000D4F81831002BFBD062464021204608F00D
:101170008EF924237B43F218F35803BB106A411CF9
:1011800012D107EBC707204606EB870108F0BDF92F
:101190001948B3E7F35893B9106A431CF8D0D37FCA
:1011A00053B108F0D4F9F3E7D37F13B108F0CFF9C6
:1011B000E7E708F0C0F9E4E708F0BDF9E8E7402305
:1011C00018F0040F14BFC4F80833C4F80433DFE781
:1011D0000A4893E7DCF00020A5D7040069D7040093
:1011E00031BD0400D1D7040018D804005FD8040032
:1011F0000ED904000A00AD0B0000AD0B0B00AD0BC7
:1012000070B5184D40212A46174808F040F940B300
:1012100055F80C3CA5F10C045BB9144914484FF483
:101220006A73144A06F09BF84FF46A71114806F08D
:101230008FF8206A431C03D0E37F7BB108F087F965
:10124000637F1BB10C49084808F05FF90023237243
:101250000A48D4E90031BDE87040184708F06BF93E
:10126000EEE770BDE8F0002000B0004044D9040073
:1012700031BD040069D70400DCF00020E4F0002058
:1012800038B5440914D14FF0FF34C440E4070FD5FA
:101290000D4C04EB8000D0F800520C4C2C4044EA7A
:1012A000032444EA820242EA4101C0F8001238BD38
:1012B0000749084840F26733074A06F050F840F201
:1012C0006731054806F044F800258440F0F8FCFF3B
:1012D00086C7040031BD040053C7040010B4CC7BA2
:1012E0008A6803682CB9D1E90041C3F80845C3F8FE
:1012F0000C15C3F82425282203795343054AD358F3
:101300002BB1006810BC40F30730F9F7A5BB10BC47
:10131000704700BF00F100202DE9F84307460C4656
:1013200059B9264940F20713254A264806F017F80E
:1013300040F20711224806F00BF890F8049028209C
:1013400000FB09F0204D2E1896F82210A1BBB160C9
:101350002A50736086F8251086F8241094F80E80C1
:1013600086F82780B8F1000F16D1D4E9000398421F
:1013700007D11649F323124A124805F0F0FFF32172
:10138000D8E7062303224146FFF77AFF062303220C
:1013900041466068FFF774FF282202FB0955637B12
:1013A0003846214685F82630FFF798FF0123084884
:1013B00085F82230BDE8F8830648FBE74CD60400E8
:1013C00052D9040031BD040000F100208ED9040080
:1013D0000000AD0B0C00AD0B282108B50D4B0279B8
:1013E00001FB023393F82220012A0BD00A490B4853
:1013F00040F281130A4A05F0B2FF40F28111084819
:1014000005F0A6FF06210268C2F80015022283F843
:10141000222008BD00F10020B5D9040031BD040030
:1014200052D90400282108B5134B027901FB02337D
:1014300093F822205AB91149114840F28D13114AEC
:1014400005F08DFF40F28D110E4805F081FF00215F
:10145000996002680C48C2F80803D2F8000220F430
:10146000BC50C2F80002C2F80015012283F8241013
:1014700083F8222008BD00BF00F10020A5D704009A
:1014800031BD040052D9040002029C012DE9F84F3D
:1014900003790E4617463BB94B68B3F5005F03D29C
:1014A0008B68B3F5005F0BD3AA494FF41A73AA4AAD
:1014B000AA4805F054FF4FF41A71A74805F048FFF9
:1014C000A74D95F82230022B09D0A64940F26F2390
:1014D000A14AA24805F043FF40F26F21EDE72B68D7
:1014E000C3B90B78022B09D19F4940F272239A4A63
:1014F0009A4805F034FF40F27221DEE7032B09D150
:101500009A4940F27323944A944805F028FF40F228
:101510007321D2E70023046885F82330736833B160
:10152000F36803F06043B3F1005F40F091813378DA
:10153000023B012B06D8336903F06043B3F1005F2F
:1015400040F086818A4BC4F8083395F8243003F0C4
:10155000FF013BB1AB68DFF81C82C4F8043340469E
:10156000BDE8F88F17F0140F0CBF0123002385F896
:1015700024303378C7F3001E85F82030737807F0E5
:10158000080985F82130F268EA6073682B61D6F8A3
:1015900010C0C5F814C0B06885F825E0A861EF61F7
:1015A00096F801E0C4F888E5C4F86011D4F860E169
:1015B000C4F84811D4F848E1C4F82411D4F824E15F
:1015C000C4F80411D4F8041117F0010118BF012167
:1015D000C4F8501517F0020118BF0121C4F84015D6
:1015E0003178032900F2B080DFE801F091A7810291
:1015F000F80609D5604940F2EB13574A574805F001
:10160000AEFE40F2EB1158E7B9F1000F09D05B498B
:101610004FF4F673504A514805F0A1FE4FF4F671AD
:101620004BE7790709D5564940F2ED134A4A4B4832
:1016300005F095FE40F2ED113FE74FF48071C4F8DC
:101640000012C4F84425C4F848350123A3604FF4C0
:101650008011204607F0C9FF0028F8D1D5E90523FD
:10166000C4F84425C4F848354FF48023AB60DFF854
:1016700014812A68B9F1000F40F0C0803378032B41
:1016800000F0BC80012B40F0858023609AB92A6964
:10169000002A5CD04FF0010BDFF8ECA0DFF8EC90F3
:1016A0005146204607F0A1FF830548BFC4F814B097
:1016B00010EA090FF4D072682B68002A40F09E806F
:1016C000002B00F09F8001236361790744BF002352
:1016D000AB607A065EBFAB6843F00203AB60AB68F9
:1016E00043F40073AB60AB68C4F8043337E7C4F865
:1016F0004425C4F848354FF48453C4F834C5C4F8BD
:101700003805C4F80032012323620223AEE7C4F88F
:101710004425BA06C4F848354BBF4FF480734FF4E4
:101720000073C4F80032C4F800324CBF4FF4802379
:101730000223AB600123236299E7C4F83425C4F87F
:1017400038354FF48053DCE7DFF8448091E763617C
:10175000A0E700BFDFD9040052D9040031BD040066
:1017600000F100209CE10400C5E1040015E2040042
:1017700002029C010B00AD0B65E204007BE2040059
:1017800091E204000000AD0B02020400020004001C
:101790000400AD0B0123A360002A8CD12A692AB36F
:1017A000DFF8B4A0DFF8B4B019EA0A0F83D15946C4
:1017B000204607F01AFF10F4007F8146F4D04FF066
:1017C0008071204607F011FFD4F8003280B113F485
:1017D000007103D10122894622626261D805E3D5F6
:1017E0004FF48021204607F000FF04E06361D7E753
:1017F0000123236263614FF00009D5E72B68002BBA
:101800007FF463AF0022D4F8C434C4F8C43485F83C
:1018100024208BB1124A134913F0010F14BF9046D4
:101820008846013213F0020F18BF904613F0040FE0
:101830000D4B18BF984692E67B063FF590AE2046CA
:101840000A4907F090FE074B002808BF984686E635
:10185000DFF81C8083E600BF0200040002020400DF
:101860000000AE0B0100AD0B0200AE0B00F100203A
:101870000A00AD0B70B5644C86B023685BB9634950
:1018800063484FF42D73634A05F069FD4FF42D71E1
:10189000604805F05DFD604D0221284607F0A5FE79
:1018A0004FF400710646284607F09FFED8B1E6B90E
:1018B000A3684FF08071C5F808330223A360A368C2
:1018C0002846C5F8043307F090FE18B1D5F8003269
:1018D0009B0503D40122504B1A625A61012384F8FC
:1018E000233006B070BD002E58D0E5696E060AD4CC
:1018F00094F823303BB94449474807F034FE80F060
:10190000010084F8230015F0040525D1424B94F81A
:101910002520C3F86051D3F86011C3F85C51D3F8A7
:101920005C1112B194F823205AB10022C3F80022AE
:10193000A2603A4AC3F808234FF48062384BC3F8D8
:101940008021238CADF80430E3680493236902936B
:1019500063690593A36903932F4AD2F8C4349807A7
:10196000C2F8C4344AD459074AD4DA074AD494F89E
:1019700023309B00DBB28DF8003094F825300BB992
:1019800084F82430E3695B0703D594F82330002BF7
:10199000A7D0D4E9003168469847A2E74FF48021E8
:1019A000284607F022FE94F82030ABB994F8253091
:1019B00053B94FF48062C5F80032A360174BC5F8E5
:1019C0000833174BC3F8802100238DF8043094F8B6
:1019D00021308DF80530B7E74FF40073C5F80032B9
:1019E00040F20223A36003F1CE73C5F80833A36865
:1019F000C5F804330123AB602B6272E70123BAE719
:101A00000223B8E70323B6E700F1002044D904001D
:101A100031BD040052D9040000A0004002029C0124
:101A200000E100E008B50268530904D14FF0FF332C
:101A3000D340DB070BD40749074840F26733074A16
:101A400005F08DFC40F26731044805F081FC044844
:101A500008BD00BF86C7040031BD040053C70400A1
:101A6000002584402DE9F3410C46054607F0E7FDCB
:101A7000204607F0E4FD01A80195FFF7D3FF40F2EF
:101A80000D6600EB8500D0F80032274F01943B40F3
:101A90003343C0F8003201A8FFF7C4FF00EB840015
:101AA000D0F800323B4033430127C0F80032042015
:101AB00007F004FC092607FA04F8AF4001A80194D6
:101AC000FFF7B0FF036918EA030F11D101A80195D0
:101AD000FFF7A8FFC760042007F0F0FB284607F0D7
:101AE000AEFD013E042007F0E9FB16F0FF06E5D14C
:101AF00001A80194FFF796FFC0F80C80042007F0BE
:101B0000DDFB204607F09BFD042007F0D7FB01A872
:101B10000194FFF787FF03690448E34003F00103E2
:101B2000C01A02B0BDE8F081F0F8FCFF0100AD0B77
:101B300070B503680446033BDBB2052B03D8094AA2
:101B400052F823502DB9A06858B1BDE8704000F09C
:101B50001DB807F0CBFD21682B46BDE87040090C8D
:101B6000184770BDACB90400014B5B69184700BF52
:101B700060E70020014B1B68184700BF60E70020AA
:101B8000014B5B68184700BF60E70020014B1B69F1
:101B9000184700BF60E70020014B9B68184700BF53
:101BA00060E70020014B1B6A184700BF60E7002078
:101BB000014B5B6A184700BF60E70020014B1B68C0
:101BC000D868704728F10020002230B50B4B196807
:101BD0000C6894420FD001EBC2039D68A8420BD160
:101BE0004FF003020433D3E8CF1F002903D1C3E829
:101BF000C02F0028F7D130BD0132EAE740F10020C4
:101C00002DE9F041002406460F462046DFF85480B7
:101C10003368A34201D8BDE8F08106EBC4056B68C8
:101C2000DBB2012B16D16A68B8F80030B3EB124F63
:101C300010D1022FA8680FD1FFF77AFF01206B683F
:101C400023F0FF0343F003036B60B8F80030013367
:101C5000A8F800300134DBE70168090C07F0FBFC51
:101C6000ECE700BF80F5002010B5074C022160684A
:101C7000FFF7C6FF0028F9D101212068FFF7C0FF58
:101C80000028F3D110BD00BF48F1002070B507282F
:101C900060D8DFE800F00B5F475F435F3C0401F072
:101CA00075FD0320BDE87040FCF71ABE03202A4BE7
:101CB000D3F81446D3F81866284B1D781870EDB287
:101CC00001F03AFD012D10D1254B264A9C4212D03D
:101CD000230C1B04B3F1886F0DD0A4F58033203B97
:101CE000022B0FD96FF0040313603146C4F30B00CD
:101CF00001F016FD00E014601B4B1868FCF7F4FCC3
:101D00000020CFE7194931F913301360F4E70024BC
:101D1000124B20461C7001F00FFDEDE7FFF7A4FF0A
:101D20000220BFE70D4B1A78012AD0B20ED1104A1B
:101D30001168104A8C6854604968116002221A7058
:101D400001F0FAFC084B1868FCF7CEFCFFF78CFF9B
:101D50000120A7E770BD00BF00A00240510A01208A
:101D60000100500544F1002030F10020A4BC040023
:101D70002CF1002048F100200A23F7B54FF47A75C2
:101D80000C4E0D4F01933168386807F08AFC044609
:101D900040B907F06BF940B9012001A9FCF786FBB7
:101DA0006E30F0D1204603B0F0BD0198684307F0D3
:101DB0005BF9E8E734F100203CF10020054B1B788B
:101DC0002BB9054B1968054B186807F06ABC002051
:101DD000704700BF500A012038F1002040F1002078
:101DE00070B5164B42681B6822F0FF0242F00202F7
:101DF000C31A42601248134A0168C3F38913D2E838
:101E0000DF4F651CC2E8D65F002EF8D101EBC3019D
:101E10004A6892B242EA04424A600268032002EB36
:101E2000C302536823F0FF0343F00103536007F03C
:101E30001BF90122044BDA6070BD00BF38F10020AD
:101E400040F1002082F5002000A002402DE9F04F73
:101E500095B038220021064603A808F060FF02234F
:101E60000493082306932023089304230D9310233F
:101E700040250F9380230122CDE91153D523002162
:101E800057480B921393FCF7FBFB0546002840F0E4
:101E9000A380024653493079FEF744FD03A8FEF7BC
:101EA00069FD34686268B2F59D6F40F092806169A7
:101EB000E3680B44E16903F59D630B44B3F5003F10
:101EC00000F287802068294608F029FF33681C68E3
:101ED000D3F81C9004F53A72019204F16007424A6B
:101EE00004F1A40804F1200BB9F1000F5BD1C2F892
:101EF00000B000254FF0010A2570657084F802A03B
:101F0000E570336840461B69636033685B69C4F8F9
:101F100014B0A360354BC4F81890C3F80080344B5C
:101F2000E7601F600823C4F8108084F8A43088F8A4
:101F3000015088F8025088F8035084F860307D70B2
:101F4000BD70FD7007F095FB384607F092FB294BFA
:101F500004F53A721A60284B04F1E80231681A60FD
:101F6000264B274E1960274B2749C3F81046C3F864
:101F70001456264B264C1D80264B86F800A01D804B
:101F8000254B029525601D611B690293029B144B32
:101F90001868FCF7CFFB98B103236FF0730433701C
:101FA000FEF728FD11E09B6904F140096364336882
:101FB0004846DB69C2F800B0236401F0CBFB98E728
:101FC0002468002CECD1154B1C70204615B0BDE8E0
:101FD000F08F6FF01504E3E76FF02D04F5E700BF15
:101FE00030F100208D1C04002CF1002040F1002075
:101FF0003CF1002038F1002034F1002028F10020CD
:10200000510A012000A00240F049020082F50020A0
:1020100044F1002080F5002000560040500A0120C5
:1020200070B5164B42681B6822F0FF0242F00102B5
:10203000C31A42601248134A0168C3F38913D2E8F5
:10204000DF4F651CC2E8D65F002EF8D101EBC3015B
:102050004A6892B242EA04424A600268032002EBF4
:10206000C302536823F0FF0343F00103536006F0FB
:10207000FBFF0122044B5A6070BD00BF34F1002009
:102080003CF1002082F5002000A0024010B5FFF7CF
:1020900073FE012400220321047081704270C2701B
:1020A000FFF7BEFF054B1C7007F0F6FABDE81040C5
:1020B000034B47F230511868FCF73CBB500A012033
:1020C00030F1002038B50A4B04461B78022BDDB2F4
:1020D0000DD1FFF751FE50B1002201218460017043
:1020E00042708570C270BDE83840FFF799BF38BDB7
:1020F000510A0120034A126812B1002800DB104780
:10210000704700BF5CF100202DE9F74300258146B0
:102110000F461048294690461E46019304F006FEDD
:10212000041E11DB0134204607F009FBC9F800004A
:1021300068B1334642462146019604F0F7FD284631
:102140003C6003B0BDE8F0836FF01500F9E76FF075
:102150000B00F6E750B2040010B50E4B04461B68A6
:10216000A3B1F7F74FF9082810D9237A3F2B0DD0E8
:1021700009490822204608F018FD014630B904F14B
:1021800008000A22BDE8104004F010BB4FF0FF30F9
:1021900010BD00BF5CF10020A7E204002DE9F3416F
:1021A00005460020174688461E4607F0A1FA02465B
:1021B00040B915B1284607F0C4FA6FF00B0002B021
:1021C000BDE8F0816FF05803002403730423056019
:1021D0000E4D037244738473C47344728472C47268
:1021E000C0F80480394603202C7007F09DFA4FF0A8
:1021F000FF3301932B78B34201D10020DFE70220A7
:1022000001A9FCF753F90028F4D0D8E7520A0120BD
:10221000F8B5054600240F4F57F8046B28463146A1
:1022200008F0FCFC28B90134042CF5D14FF48030BF
:102230000DE06CB1A31E012BF8D83046F7F7E2F899
:102240000A220021284404F03BFA40EA0440F8BD89
:102250002046FCE7C4B90400014B18600020704719
:1022600060F10020014B1860704700BF5CF1002056
:102270000FB42DE9FF410A9C01F064FA00284AD00E
:10228000002C4BD0284E294F31683868FCF7E8FA0B
:10229000002846D1264D31682868FCF74BFA002803
:1022A00036D122460BAB03A902A80193FFF72CFFFE
:1022B000044658B12868FCF717FA3868FCF7AAFA00
:1022C000204604B0BDE8F04104B07047029C2046AF
:1022D000FFF742FF02230646012220460399FFF73B
:1022E0005DFF04460028E5D1DFF84880D8F80000FB
:1022F000FFF78EFF0446D8F8000007F01CFA2868A4
:10230000FCF7F2F9002CD8D13046FFF7F3FED4E702
:102310006FF00A04D1E74FF0FF34D1E76FF00D04FE
:10232000CEE76FF00A04CBE774F100206CF10020D7
:1023300070F1002064F100200CB42DE9F04F87B05B
:1023400007460E46109C01F0FDF9002800F09B8026
:10235000002F00F09B80002C00F09880002E00F0F1
:102360009880DFF83C81DFF83CA1D8F80010DAF85B
:102370000000FCF775FA002840F08E804A4DD8F82E
:1023800000102868FCF7D6F9002879D1224611AB55
:1023900005A904A80393FFF7B7FE044618B12868FF
:1023A000FCF7A2F952E0414BDDF81080D3F8009021
:1023B000B9F1000F14D03E4BD3F800B05C450FD0FC
:1023C00059F8341008460191F7F71CF801990246B4
:1023D000404608F0EAFB38BB09EBC40464682CBB38
:1023E0004046FFF7B9FE0223814601224046059987
:1023F000FFF7D4FE04460028D1D1DFF8B880384674
:10240000D8E9004BB3455A46214628BF324608F06A
:1024100079FCB345204623D907F08DF92868FCF7ED
:1024200063F96FF0060411E00134C7E72868FCF790
:102430005BF9424631463846A047044618B938464B
:10244000FFF7E6FE0446404607F07BF9DAF80000A5
:10245000FCF7E0F9204607B0BDE8F04F02B0704746
:10246000FFF7D6FE0446D8F8000007F064F92868A4
:10247000FCF73AF9002CE9D14846FFF73BFEE5E7C7
:102480006FF00A04E2E74FF0FF34E3E76FF00D046A
:10249000E0E76FF01504DDE76FF00A04DAE700BF4C
:1024A00074F100206CF1002070F1002054F1002044
:1024B00050F1002064F1002038B5C3680446A72B12
:1024C00001D0206810E0032907D0042926D0022972
:1024D00002D10122154B1A7038BD144B00681A78CE
:1024E000022A05D10028F7D0BDE8384007F023B90B
:1024F0000F4D2A6862B12B689847002320682B6033
:1025000007F019F90B4B1868BDE83840FCF7ECB838
:10251000094A1060616851600222DCE7074B1B68C2
:10252000002BCED000689847CBE700BF520A0120AD
:1025300058F1002070F1002064F1002060F10020CB
:10254000012210B511460B48FCF79AF870B90A48F9
:10255000FCF730F9014648B94FF0FF32074B1A60DB
:10256000BDE8104001230522FFF718BE6FF02D00D3
:1025700010BD00BF70F100206CF1002074F100204C
:1025800010B400F11C03D3E8EF2F511EC3E8E41F81
:10259000002CF8D1012A0CDC074BD0E8EF2FC0E863
:1025A000E13F0029F9D16422002110BC043008F079
:1025B000B6BB10BC704700BF1EF1010010B500246F
:1025C0000A4B4FF45072214609481C7008F0A7FBD3
:1025D00021462246064B074801310829C3E900027B
:1025E0009A6003F16803F7D110BD00BF530A0120C0
:1025F00078F100201EF10100164830B50022034694
:102600004FF0FF34144DD0E8EF1FA94204D1C0E8C9
:10261000EC4FBCF1000FF6D10CBF0121002112D10B
:10262000682101FB023301220C49DA61097893F831
:10263000202061F3451283F820200222A3F84820CD
:1026400083F84A2030BD0132082A00F16800DAD14F
:102650000846F7E778F100201EF10100530A012037
:1026600030B5024600236825054905FB03F46018D0
:102670000C59944203D00133082BF6D1002030BD11
:1026800078F1002010B50446043007F04EFA606C73
:1026900008B1FCF749F9064BD4E8EF2FC4E8E13F55
:1026A0000029F9D12046BDE81040FFF769BF00BFFF
:1026B0001EF1ADDE70B50825064C074E2368B34207
:1026C00002D02046FFF7DEFF013D04F16804F5D19A
:1026D00070BD00BF78F100201EF101002DE9F84324
:1026E0000F4C06460025A0464FF068090D4B0E4FD3
:1026F00018702368BB420CD009FB058393F8202097
:1027000066F3451283F82020A36B13B1204607F02F
:102710007AF80135082D04F16804EAD1BDE8F883A0
:1027200078F10020530A01201EF10100112806DC77
:1027300000280DDB084BC34003F001007047B0F5E3
:10274000817F07D040F21113C31A58425841704795
:10275000002070470120704741000200034B0268CF
:102760005A6082699A6042691A607047B8F4002022
:10277000012208B511460448FBF782FF002818BF64
:102780006FF02D0008BD00BFC4F400202DE9F04F0C
:1027900085B082460F4616461D4600F0D3FF28B985
:1027A0000120FBF74DFF6FF00A041CE05AEA070313
:1027B00000F051811EB3336823F4A05323F00203C9
:1027C000002B40F04B81706838B9B06878B107F0E1
:1027D0004FF960B96FF0060405E007F043F90028EF
:1027E000F3D16FF00504204605B0BDE8F08FF06826
:1027F00028B1B16807F050F908B96B20D1E79A4BBE
:102800004FF47A611868FBF795FF0446002840F002
:102810002881002F64D0F6B1336803F4A053B3F5D8
:10282000805F18D13368DB0445D44FF0FF37706800
:1028300008B100F093FD8D4B8D4A1860B368002BF2
:1028400008BF01231360F3688A4A002B08BF0623E0
:10285000136033681CE00A220021384603F0A6FF0B
:102860004FF6FE73421E9A4200F2F280824A030241
:1028700043EA10231380002ED4D1002301217B4A88
:102880004FF0FF3713607A4A11600621794A1160D0
:10289000DFF8E8815046C8F80030BAF1000F65D182
:1028A00006F026FF064600BB6FF009046E4B186861
:1028B000FBF71AFF97E73A21384608F069F900B1AB
:1028C000471C38466E4908F0A9F90A2228B10021B0
:1028D000033003F0F5FE0746A9E701463846F8E75E
:1028E000654B1880002EC8D09FE707615F4BDFF86B
:1028F00080B11B68DFF87CA1B361DBF800303246A1
:10290000F361DAF8003047F20D013362D8F8003095
:102910000420736106F008FF4FF0FF33594F5A4E01
:1029200003933E603868B04231D0002840F08C807C
:102930002020D7F80490FBF7EFFF286070B109F171
:1029400018034D4A019318461288B9F8141006F07E
:1029500000FF064638BB2868FBF7E6FF6FF0090466
:1029600078680028A2D006F0E6FE9FE7F6F74AFD59
:1029700006F0BEFE0646002896D007615046F6F7E0
:1029800041FD51460246306808F0BCF9AEE702202E
:1029900003A9FBF78BFD0028C4D06E20FBF750FE87
:1029A0006FF00A0482E7D9F808102A6801290AD0D2
:1029B00002291FD01046FBF7B7FF3046FBF7B4FFE4
:1029C0006FF00504CCE708211161D8F8001011F070
:1029D000020137D00192B9F816000130FBF79CFFD5
:1029E000019A90612A68906930B91046FBF79CFF04
:1029F0003046B1E71621E7E7B9F8141009F11803DA
:102A00000B441946B9F8162008F07CF90020296813
:102A1000B9F81620896988542A680192D9F8080003
:102A200007F04BFD019A2B685060DBF800205E61D7
:102A30009A60DAF80020DA60D8F800201A600022E4
:102A4000DA618DE79161E7E707F07DFD044687E7EE
:102A50006FF007042AE76FF00104C4E64FF0FF347B
:102A6000C1E66FF00204BEE6C4F40020D0F40020FA
:102A7000CCF40020C8F4002084F50020D4F4002019
:102A8000D5E20400B8F40020EEC100BCF8B548F26D
:102A90000F03994205460E4640D022D848F20D0356
:102AA000994233D048F20E03994233D00069FFF7C0
:102AB000D7FD044610B3B6F5004F1FD9A6F5004662
:102AC000013E0B2E1AD8DFE816F0AE00E800B60083
:102AD000B600B6003A013A01B600C4001900190068
:102AE0000B0149F2040399421CD0B1F5104F3FD9B4
:102AF000C068FFF7B5FD0446002848D128680028C3
:102B000000F02D81BDE8F84006F015BEBDE8F840A4
:102B1000FFF724BEBDE8F84007F028B8BDE8F8404C
:102B200007F011B80369082B00F21981DFE813F0F0
:102B30001000160009000E001600170117011800FA
:102B40001E000020BDE8F840FFF7C8BD0120F9E7EE
:102B50000021E868BDE8F84006F048BF0121F8E729
:102B60000021E868BDE8F84006F04CBF0121F8E715
:102B70000069FFF775FD04460028BFD048F28103C5
:102B80009E42BBD10146284600F038FB56E049F290
:102B900002039E4200F0CD8037D806F0AFFE074614
:102BA000E0B91020FBF7B8FE0646B8B1394610224E
:102BB00008F0B5F82B6873606B683381698A002967
:102BC00000F0C8802A8A05F1140006F0C2FDF0600A
:102BD000002840F0BF803046FBF7A6FE286806F0CC
:102BE000AAFD204606F04CFE58B1204606F086FEAF
:102BF00038B994F8203043F0800384F820300C2357
:102C0000A361204606F041FE18E049F203039E420C
:102C10003DD049F282039E427FF470AF01462846C0
:102C200000F004FB0AE06B692BB9284607F0A5FC0D
:102C3000AA6943681A60284607F0A1FC204606F0FE
:102C40006DFE002800F08B802046BDE8F84006F0BD
:102C5000DABD90F8203043F0010380F8203006F010
:102C600034FE18B13E4B1868FBF73EFD94F8203057
:102C7000204623F00A0384F8203006F04FFE10B1FE
:102C8000204606F0C0FD2046FFF7FCFCD3E728698C
:102C900069280BD16823A361D0E790F82030EE6853
:102CA0006FF3410380F82030686918B100F06AFBC7
:102CB000A061C3E7204606F0F2FD28B994F8203061
:102CC00043F0040384F82030204606F0E8FD002895
:102CD000B4D0002EB2D00021204600F0C5FAADE7F6
:102CE0006B69F3B9284607F048FCAA6943681A6083
:102CF000426892F8203043F0040382F820304368A1
:102D000022691A61436862695A6183684BB105F1AF
:102D1000180205F1300152F8040B8A4243F8040B03
:102D2000F9D194F82230002B85D0013B84F8223071
:102D300081E790F82230013380F822307EE7284680
:102D400007F01BFC6B6913B9AB69436073E74FF085
:102D5000FF33FAE73146204606F072FD6EE7F8BD14
:102D6000D8F4002030B585B00546FFF779FC04465D
:102D700028B90920FBF764FC4FF0FF300EE000F0AB
:102D8000E1FC68B9204606F0A0FD18B10D4B1868AB
:102D9000FBF7AAFC2046FFF775FC002005B030BD0C
:102DA000002006F0A5FC014608B96920E2E70561AC
:102DB00001AA47F2090000F0FDFA0028EDD016281C
:102DC000EBD0D7E7D8F400202DE9F04385B0814659
:102DD000884615461C460C9FFFF742FC40B9092067
:102DE000FBF72EFC4FF0FF33184605B0BDE8F0832B
:102DF00014B90FB11620F3E7B8F1290F00F0ED80F8
:102E00000CDCB8F1010F12D0B8F1060F00F0E18030
:102E1000B8F1000F00F0DF806D20E1E7B8F58D7F9D
:102E200000F08880B8F5007FF6D11E2D08E03D2D1A
:102E3000F2DC202D0EDC142D4ED0152D53D0022D9A
:102E4000EAD1384606F054FC0646002840F0C78018
:102E50006920C5E7A5F121031C2BDDD801A252F89A
:102E600023F000BF432E0400432E0400192E04005B
:102E7000192E0400192E0400192E0400192E040026
:102E8000432E0400192E0400192E0400192E0400EC
:102E9000192E0400192E0400192E0400192E040006
:102EA000192E0400192E0400032F04000B2F040018
:102EB0000F2F0400132F0400232F0400192E0400E9
:102EC000192E0400192E0400192E0400192E0400D6
:102ED000F52E0400272F04003A46214605B0BDE830
:102EE000F04307F050BB3A46214605B0BDE8F04339
:102EF00007F057BB3A46214605B0BDE8F04307F05E
:102F00005EBB01230422019305E00223FAE70323B9
:102F1000F8E7042201920DEB020107F070FB034673
:102F200062E70523EEE73A46214605B0BDE8F043E7
:102F300007F065BB6B1E112B3FF66EAF01A252F876
:102F400023F000BF9B2F0400C52F0400432E040074
:102F5000192E0400B72F04008D2F0400192E040031
:102F6000192E0400192E0400192E0400192E040035
:102F7000A92F0400432E0400432E0400432E040016
:102F8000192E0400432E0400432E04003A46214625
:102F900005B0BDE8F04307F055BB3A46214605B001
:102FA000BDE8F04307F062BB3A46214605B0BDE8F4
:102FB000F04307F070BB3A46214605B0BDE8F04348
:102FC00007F07BBB3A46214605B0BDE8F04307F069
:102FD00083BB372D34E71F2D32E7202D30E7002348
:102FE0000822437202728372C372C0F81090404686
:102FF00007F08CFA7061284600F0B8F9B06124B18E
:103000003A462146306807F07DFE314647F203001C
:10301000776001AA00F0CEF9034600283FF4E4AE41
:10302000DEE600BF2DE9F04385B0814688461746AD
:103030001D460C9EFFF714FB40B90920FBF700FB6F
:103040004FF0FF37384605B0BDE8F08305B10EB943
:103050000E20F3E7B8F1290F00F08F800CDCB8F1F7
:10306000010F11D0B8F1060F00F08380B8F1000F06
:1030700000F081806D20E1E7B8F58D7F2AD0B8F5AA
:10308000007FF7D11E2F0EE0152F1CD00ADC042F75
:1030900012D0142FEED13246294605B0BDE8F043D8
:1030A00007F051BB212FE5D1306806F021FB044623
:1030B000002864D16920C1E73246294605B0BDE841
:1030C000F04307F030BB3246294605B0BDE8F04377
:1030D00007F048BB7A1E122ACCD801A151F822F081
:1030E0005731040065310400A9300400A930040000
:1030F000493104002D31040075300400753004009E
:103100007530040075300400753004003B31040054
:1031100075300400A9300400A9300400A93004006F
:103120007530040075300400A93004003246294689
:1031300005B0BDE8F04307F024BB3246294605B090
:10314000BDE8F04307F02FBB3246294605B0BDE885
:10315000F04307F03ABB3246294605B0BDE8F043DC
:1031600007F045BB3246294605B0BDE8F04307F0FD
:1031700050BB372F97E71F2F95E7202F93E70023AA
:103180000822437202728372C372C0F810904046E4
:1031900007F0BCF96061384600F0E8F82146A0610C
:1031A00001AA47F20400D4F8008000F003F90746B2
:1031B00020B1404606F0C5FA38463FE762683368FA
:1031C00041469A4228BF1A462846326007F09AFDC7
:1031D000404606F0B6FA35E708B5FFF7EFF9FFF716
:1031E000C7FA40B9012204481146FBF749FA002802
:1031F00018BF6FF02D0008BDD8F4002010B543694A
:103200000C467BB191F820306FF3C30381F8203076
:10321000406900F0B7F8044BA061BDE810401868A1
:10322000FBF762BA10BD00BFD8F4002010B591F8CA
:1032300020300C466FF3C30381F82030006960B979
:10324000DBB223F0140343F0140381F82030054B64
:10325000BDE810401868FBF747BA00F093F8A0618A
:10326000F5E700BFD8F400202DE9F341DFF8E8804E
:103270000546D8F800000191FBF75CFA074650B10B
:10328000019B002B65D11023AB614FF0FF3738460F
:1032900002B0BDE8F081686CA8B1F6F7B3F8461C3F
:1032A000304606F025FA044678B9284606F012FBA7
:1032B00008B16923AB61D8F80000FBF715FA692063
:1032C000FBF7BEF9E1E73E46EAE72B68042203611B
:1032D0000023027243728372C37295F84B2005F18A
:1032E0004801013292008260143007F00BFDF6B104
:1032F0003246696C206807F075FC666095F82030EE
:10330000042043F00803224647F2810185F820306B
:1033100006F00AFA284606F0DDFA0028B7D128465A
:1033200006F0D3FA40B9A8690028B0D0C8E72670E3
:103330006670A670E670E0E7022001A9FBF7B6F818
:1033400010F10B0F05D00028E9D00028B8BF40428B
:10335000B6E77420B4E700BFD8F4002003289CBF70
:10336000014B1856704700BFD9E2040002383528D7
:103370009ABF034B53F820004FF0FF30704700BF57
:10338000ACBB040070289ABF024B53F820000248DF
:10339000704700BFE8B90400ADBAADBA01380428DF
:1033A0009ABF034B53F820004FF0FF30704700BF27
:1033B000D4B904004FF0FF3337B50D4DCA60144641
:1033C00015600A4601460420019306F0ADF9206815
:1033D000A84202D0FFF7D6FF08E0022001A9FBF7C0
:1033E00065F80028F3D00028B8BF404203B030BDD4
:1033F000EEC100BC2DE9F041056807460C463DB121
:1034000001F47043B3F5005F04D1404BC3E90015EC
:10341000BDE8F0813E4E336863B144F2040291424C
:1034200064D00CD844F2020399424ED044F2030314
:10343000994253D03868BDE8F04106F07CB944F2B7
:10344000012221F4807393420FD044F20313994276
:10345000F0D1304C206808B106F06DF901222E4BF6
:103460001A7025600420336826E0DFF8B080D8F8B1
:10347000000008B106F05FF944F201339C420CBF32
:103480000322022295F85170254B264C1A70C8F879
:10349000005017F008053368227810D01AB90520BB
:1034A00098470123237007F04107012F02D1022022
:1034B0003368984701203368BDE8F0411847002A77
:1034C000F1D0062098472570EDE7174C206808B129
:1034D00006F031F9032033682560EDE70D4C2068D4
:1034E00008B106F028F900220B4BB9E72A78032A25
:1034F000A0D8DFE802F0020507090720984799E7FE
:103500000820FBE70920F9E70A20F7E7ECF40020A0
:10351000DCF40020E0F40020540A0120E8F400204C
:10352000550A0120560A0120E4F4002008B50023C2
:10353000094A0A4813700A4A13700A4A13700A4A61
:1035400013700A4A136001221146FBF799F800280C
:1035500018BF6FF02D0008BD560A0120F4F40020BA
:10356000580A0120570A0120550A0120DCF40020E6
:1035700010B50B4C206818B106F0DDF8002323606D
:10358000084C206818B106F0D6F800232360064CDA
:10359000206818B106F0CFF800232360002010BD8A
:1035A000E8F40020E4F40020E0F4002030B4074BFD
:1035B0001C6844B143688589A4460268C1899BB2EE
:1035C000E8B230BC604730BC704700BFF8F4002060
:1035D00037B50125074C4FF4FA70656105F044FDDD
:1035E000002363610193256123690193019B03B06B
:1035F00030BD00BF0056004030B50D4D89B0036AA4
:1036000003AC01908DF808300FCD0FC42B6801A8D2
:10361000236006F02CF840B9044603AD55F8043B8E
:10362000984710B90134052CF8D109B030BD00BF5E
:1036300028B20400034BD3E8EF2FC3E8E10F0029C1
:10364000F9D17047FCF4002038B50546002850D069
:10365000436A002B50D0836A002B4DD00124294BA4
:10366000D3E8EF2F002A03D1C3E8E14F0029F7D1B7
:1036700045D1686A00F04EF8FBF76AF9224BC82082
:103680009C6605F0F1FC2846FFF7B6FF044640B9FA
:1036900001221D4B0220DA66FFF7CCFF00242046F2
:1036A00038BDFFF795FF002C11DBAB6A2046984729
:1036B000164B9C421AD013DCA4F18864033C012C05
:1036C00011D82846FFF798FF04460028E0D00122D1
:1036D0000D4BDA66FBF754F90020FFF7ABFFDEE78E
:1036E0000B4B9C42EDD06FF00404F0E76FF00A043E
:1036F000EDE76FF00D04D2E76FF01504CFE74FF060
:10370000FF34CCE7FCF400200050004005004004EA
:1037100001005005014B1860704700BF00F5002004
:1037200007B5044BCDE900011B686846984703B014
:103730005DF804FB00F50020014B1870704700BFD6
:10374000590A0120024B1878431E584258417047CD
:10375000590A01200021074B01221970064B1970EC
:10376000064B1960064B1960064B18600648FAF7BD
:1037700087BF00BF5A0A01205B0A012008F500201C
:103780000CF500201CF5002004F5002070B42D4B32
:103790001B68196958691A7C00221A745C7C5A7477
:1037A0009C7C9A74DC7CDA741C7D1A755C7D5A757D
:1037B0009C7D03299A75DC7DDA7529D0042933D0E4
:1037C00001292FD18568204E954210D101211A7A06
:1037D00000221972597A5A72997A9A72DA7A6FF0CB
:1037E0005F02DA72194B70BC1868FAF77DBF911C42
:1037F00000EB81014C682178622907D0633918BF3A
:103800000121490046F821400132DDE70121F9E7B5
:10381000187A1972597A5A72997A9A72DA7A6FF01A
:103820005F02DA7270BC7047187A1972597A5A724C
:10383000997A9A72DA7A6FF05F02DA720122044B97
:103840001A70EFE71CF5002010F5002004F50020A9
:103850005B0A012008B50A4A0A4B93420ED90A496D
:1038600017230A4A0A4803F07AFD0A4803F077FD55
:103870001721064803F06CFD1433EEE7FCD308BDB6
:10388000F4AF040064AE040000E30400DDE20400D1
:1038900031BD04007FC4040070B504464FF020031E
:1038A000EFF3118683F31288BFF36F8F0D4B9D6882
:1038B00005F0B0FC042C0CD10B4986230B4A0C48B4
:1038C00003F04DFD0B4803F04AFD8621074803F045
:1038D0003FFD86F31188BFF36F8F2846BDE8704027
:1038E000F7F744B824F500203AE3040018E3040095
:1038F00031BD040057E30400104B70B553F820406D
:10390000013053F82060A64200D870BDD4E90035DC
:1039100095B153B12846984738B10028B8BF404206
:10392000FF28A8BFFF20EB681870EA68537843F0BF
:10393000010353700834E6E79847FBE784BC0400B2
:10394000012270B5374B032086B01A70FFF7D4FF01
:10395000F6F7B2FD0420FFF7CFFF334C334DAC42F6
:10396000264628D932494123324A334803F0F7FC2E
:10397000324803F0F4FC41212E4803F0E9FC54F8EE
:103980000C3C059354F8103C049354F8143C0393F6
:1039900054F8183C029354F81C3C019354F8203C12
:1039A000009354E90A2354E90C0101F00DF854F88E
:1039B000303C5E65D3E7AE4204F13004DFD301F062
:1039C000EDFD194C1E4EAC421FD919496523194A09
:1039D000194803F0C4FC194803F0C1FC6521CBE78A
:1039E000D4E90A23B3F1FF3F08BFB2F1FF3F05D08E
:1039F00052EA0301206803D106F0EEFF3034E2E71B
:103A00003146183002F06CFAF8E7E9D301F034FEE1
:103A1000F6F73AF80B4A137B23F00103137306B051
:103A200070BD00BF5C0A0120FCB10400FCB10400C1
:103A3000ADE304008CE3040031BD04007FC4040046
:103A4000DDA9040048EA002008B50348034A002124
:103A5000121A06F045FF08BDF8E80020600A0120B0
:103A6000882370B5174E012203FB0066002386B041
:103A7000CDE904230F220193CDE9023214234FF440
:103A8000A0720446104D114903FB005502FB0011C2
:103A90000F4B3046009500F097FF737B2C7423F09A
:103AA000040373730B4B013403EBC4236B600A4BA9
:103AB000EE60D3E8EF1F0131C3E8E21F002AF8D11E
:103AC00006B070BDC0E9002024F500206018012078
:103AD000F13D04006010012020F5002080B5002099
:103AE000A8B0FFF709FF2E4B03F5006282F30888A8
:103AF00083F30A880024E0232A4D2B4E85F82230D8
:103B0000EC772C766C76AC7685F820406B6A274F84
:103B100043F4E0236B6285F82340F6F797FEF7F74E
:103B200053F84FF0FF33AB62EB62F7F727FAF7F782
:103B30008BF840F2011306AD2846ADF82430CDE9EC
:103B40001F4402F03BFDB560FFF784FE0120FFF744
:103B5000D3FE0220164DFFF7CFFE01F003FE154BFA
:103B600075610593012314494FF44062CDE9034385
:103B700028463B46CDE90144009400F025FF064667
:103B80006A7B284622F004026A7301F0ABF92046F2
:103B9000FFF766FF3A4631462846F6F7FBFF00BFBF
:103BA0006010012000ED00E024F500204139040000
:103BB00048EA0020DAE30400A019012038B50D4CD2
:103BC0000D4DAC4213D90D4919230D4A0D4803F090
:103BD000C6FB0D4803F0C3FB1921094803F0B8FBED
:103BE0002046D4E9011206F07FFE1834E9E7F7D346
:103BF000002038BDC4E70020F4E7002001E4040001
:103C0000DFE3040031BD04007FC404002DE9F04F60
:103C1000064687B09146DDE9102304A89A468846F7
:103C2000174606F0FFFEDDE90434CDE9023406F163
:103C300014044FF02003EFF3118583F31288BFF3D0
:103C40006F8F204602F0C8F860B98823354A36499C
:103C5000364803F084FB2146354803F080FB882179
:103C6000304831E0204602F0D3F8EFF30583EBB99A
:103C700006F10C0B4A4641463046F5F76DFF034608
:103C800020B32046029302F0B5F8029B002841D1F0
:103C900040F23113234A2749244803F060FB2146B0
:103CA000254803F05CFB40F23111D9E757EA0A03DB
:103CB000DED022494B23224A1C4803F050FB214806
:103CC00003F04DFB4B211E4803F042FB57EA0A0765
:103CD000D7D0DDE9022304A806F0C8FEDDE90423FD
:103CE0002946CDE90023174620465A469A4601F058
:103CF000EDF94FF02003EFF3118583F31288BFF342
:103D00006F8F204602F068F800289ED0204602F00F
:103D10007FF8AFE785F31188BFF36F8F184607B0C0
:103D2000BDE8F08F54BF0400ADBF040031BD0400F6
:103D3000C2BF040081BF040098BF04001AE404005D
:103D4000DFE3040001C40400F8B505460E4600F1A7
:103D500014044FF02003EFF3118783F31288BFF3AD
:103D60006F8F204602F038F868B988231A4A1B4939
:103D70001B4803F0F4FA21461A4803F0F0FA8821B0
:103D8000154803F0E5FA204602F042F8284631468D
:103D9000F5F794FE05F10C0006F02EFE28B1394629
:103DA0002046BDE8F84001F04BBB204602F022F867
:103DB00068B940F23113084A0B49094803F0CFFAB9
:103DC00021460A4803F0CBFA40F23111D8E787F3D5
:103DD0001188BFF36F8FF8BD54BF0400ADBF04005E
:103DE00031BD0400C2BF040081BF040098BF0400BD
:103DF00008B50D4B9B6893F90E30002B09DA0B497F
:103E00000B482A230B4A03F0AAFA2A21094803F097
:103E10009FFA4FF02002EFF3118382F31288BFF371
:103E20006F8FF6F7D7FEF4E724F5002081E4040055
:103E300031BD040060E404002DE9F3410446174657
:103E40001E46EFF3058565B159496F23594A5A4813
:103E500003F085FA594803F082FA6F21554803F0C0
:103E600077FA4FF02003EFF3118883F31288BFF342
:103E70006F8F534801F0B0FF60B98823514A52490F
:103E80004D4803F06CFA4E49504803F068FA882117
:103E90004C48E4E74A4801F0BBFFE3684C4A9BB159
:103EA000A0689168884229D057EA06032ED1444879
:103EB00001F0A0FFA0B188F31188BFF36F8F6FF0FE
:103EC0000F0002B0BDE8F081916891F90E10013346
:103ED000E36093683A482161A36001F08BFF78B9F1
:103EE00040F23113374A3B49334803F038FA34493A
:103EF000394803F034FA40F23111C9E72169E6E7A5
:103F000088F31188BFF36F8F0020DAE791F90E1064
:103F100090F90E306FF07E029942A8BF1946914287
:103F2000B8BF11468B4202DD06F0F0FC0546224682
:103F30004146CDE90076224801F0C8F80028E3D0D8
:103F40004FF02003EFF3118683F31288BFF36F8FD6
:103F50001B4801F041FF00288FD0194801F058FF9D
:103F6000A068C0B1236821699C420AD04BB193F983
:103F70000E309942A8BF19466FF07E039942B8BF30
:103F8000194606F0C3FC30B131460D4801F058FA2D
:103F90006FF00A0095E7002DF6D1094801F02AFFDD
:103FA00000289DD086F31188BFF36F8FF0E700BF24
:103FB000CBE40400A9E4040031BD0400DDE4040006
:103FC00044F5002054BF0400ADBF0400C2BF04008C
:103FD00024F5002081BF040098BF040070B504469A
:103FE000EFF3058666B13949D723394A394803F0DA
:103FF000B6F9394803F0B3F9D721354803F0A8F9E9
:104000008368002B5BD0354A926893425AD1C368CB
:104010003BB93349EF232E4A2E4803F0A0F9EF2194
:10402000EBE7012B03D0013BC360002070BD4FF0D4
:104030002003EFF3118583F31288BFF36F8F2948B4
:1040400001F0CAFE60B98823274A2849214803F0B5
:1040500086F92449264803F082F988212248CDE7D1
:10406000204801F0D5FE2169A06806F04FFC2046EB
:1040700001F0B4F8A06050B190F90E202261C6673B
:1040800000F030FF2946174801F0DAF9CDE7E0608B
:10409000144801F0AFFE68B940F23113124A1549D5
:1040A0000C4803F05CF90F49134803F058F940F24B
:1040B0003111D3E785F31188BFF36F8FB5E76FF048
:1040C0001500B3E74FF0FF30B0E700BFCBE40400CA
:1040D000A9E4040031BD0400DDE4040024F500205F
:1040E00002E5040044F5002054BF0400ADBF040005
:1040F000C2BF040081BF040098BF04002DE9F0474F
:1041000004460E46904699469DF820A000F1080509
:104110004FF02003EFF3118783F31288BFF36F8F03
:10412000284601F059FE68B988233C4A3C493D487D
:1041300003F015F929463C4803F011F98821374866
:1041400003F006F9284601F063FEBAF1000F00D033
:10415000666804F10C0001F041F858B10023C0F882
:104160001480C36700F0BEFE2846394601F068F9A6
:1041700000201EE0B9F1000F2DD0082102F024FA32
:10418000C8B9284601F036FE68B940F23113234A17
:104190002649244803F0E3F82946254803F0DFF8D0
:1041A00040F23111CBE787F31188BFF36F8F6FF0C7
:1041B0000B00BDE8F0870122C0F8048002600168AE
:1041C00001F003015EB922680A4302606268206060
:1041D0006AB960600BE04046C8F80090EFE73268CB
:1041E000032A10D80160616839B9C4E900000421CC
:1041F00004F1140002F0CAF8B6E70A6802F00302FC
:1042000002430A60E5E722F003020A4302603268D3
:1042100002F0030240EA02033360E8E754BF0400FF
:10422000ADBF040031BD0400C2BF040081BF040063
:1042300098BF04002DE9F743064691461F4600F15A
:1042400008054FF02003EFF3118883F31288BFF3C2
:104250006F8F284601F0C0FD68B98823244A25499C
:10426000254803F07CF82946244803F078F8882193
:104270001F4803F06DF8284601F0CAFD3468FCB110
:104280002368726823F00303944220464FF0010133
:10429000336008BF736006F048FB0446284601F00F
:1042A000A9FDE8B940F23113114A1549124803F04B
:1042B00056F82946134803F052F840F23111D7E777
:1042C00059EA0703EAD041462846CDE9009706F1AE
:1042D0000C0200F0FBFE38B90B4B9B685C6903E0F5
:1042E00088F31188BFF36F8F204603B0BDE8F083D9
:1042F00054BF0400ADBF040031BD0400C2BF0400C0
:1043000081BF040098BF040024F5002038B504469E
:104310004FF02003EFF3118583F31288BFF36F8F03
:10432000174801F059FD68B98823164A16491748FD
:1043300003F015F81249164803F011F888211148C6
:1043400003F006F80E4801F063FD204600F046FF3A
:1043500048B10022C26700F0C5FD2946BDE83840DB
:10436000074801F06DB8D4E902329A4218BF013310
:104370000221A36004F1100002F008F8EDE700BF8D
:1043800048F5002054BF0400ADBF040031BD040057
:10439000C2BF0400F7B5044616461D46EFF3058379
:1043A0007BB152EA05030CD02E4988232E4A2F48B0
:1043B00002F0D5FF2E4802F0D2FF88212A4802F0F1
:1043C000C7FF4FF02003EFF3118783F31288BFF389
:1043D0006F8F284801F000FD60B98823264A2749DD
:1043E000224802F0BCFF2349254802F0B8FF88218B
:1043F0002148E4E71F4801F00BFDA368D3B1013B5E
:104400001C48A36001F0F6FC68B940F231131A4A67
:104410001C49164802F0A3FF16491B4802F09FFFF3
:1044200040F23111E4E787F31188BFF36F8F00206A
:1044300003B0F0BD56EA05030BD10E4801F0DAFCDB
:104440000028E2D087F31188BFF36F8F6FF00F0061
:10445000EEE722463946CDE90065064800F036FE13
:10446000E6E700BF39E5040019E5040031BD0400AA
:1044700001C4040048F5002054BF0400ADBF04008F
:10448000C2BF040081BF040098BF040070B5044699
:104490004FF02003EFF3118583F31288BFF36F8F82
:1044A000154801F099FC68B98823144A1449154845
:1044B00002F055FF1049144802F051FF88210F48BF
:1044C00002F046FF0C4801F0A3FC6FF00A062046FC
:1044D00000F084FE18B1C66700F004FDF7E7A060A5
:1044E000022104F1100001F051FF2946BDE870409F
:1044F000014800F0A5BF00BF48F5002054BF0400EC
:10450000ADBF040031BD0400C2BF04002DE9F0437B
:1045100005466E4E6E4F85B04FF02003EFF31188C5
:1045200083F31288BFF36F8F304601F055FC68B9F2
:104530008823684A6849694802F011FF634968485E
:1045400002F00DFF8821634802F002FF304601F0BF
:104550005FFCD5F88840ACB9022105F1A00006F057
:104560000BFA002837D100234FF0FF3202934FF0AF
:10457000FF334146CDE90023304605F1900201F0BA
:104580003FFBC9E7D5F88C202368944208BFC5F8E3
:104590008C30C5F88830D5F8A030304643F002039F
:1045A000C5F8A030E368D4F8049023F0040343F086
:1045B0000103E36001F01EFCB8B940F23113454A33
:1045C0004849464802F0CBFE4049474802F0C7FE42
:1045D00040F23111B7E705F198040022012120468D
:1045E00001F0B2FA0028F8D1BDE788F31188BFF3D3
:1045F0006F8FB9F1000F0AD13C49384840F2AF2320
:104600003B4A02F0ACFE40F2AF2139489CE720461D
:10461000C8474FF02003EFF3118883F31288BFF3EC
:104620006F8F304601F0D8FB002881D0304601F072
:10463000EFFBE368D90623F0010231D4E260E368BE
:104640009A0716D5386823F00203E36088B1002189
:10465000036870B14268944230D1036841BB7A6804
:104660003B60824200D17B60002340F8083BFFF7AB
:104670004DFED5F8A030304623F00203C5F8A03037
:10468000C3F3002401F0B6FB002896D088F311880C
:10469000BFF36F8F002C7FF43FAF01F06BF83BE767
:1046A00023F01103E36004F11000FFF72FFEC6E7CB
:1046B0000B607B68834208BF7960D5E723B11A6835
:1046C000014618461346C4E71A46F9E754F5002098
:1046D0004CF5002054BF0400ADBF040031BD040000
:1046E000C2BF040081BF040098BF0400DDE50400E0
:1046F00087E50400F8B5C36804469A070F46C3F37C
:10470000400639D45B0725D40B680BB983680B606E
:10471000E368DD0721D5A3685BB9284928484FF431
:10472000AF73284A02F01BFE4FF4AF71254802F028
:104730000FFE02263B603D68002D3CD0224B9B685B
:10474000AB420CD0D5F8A030D807C3F3800216D402
:104750006FF0120600233B6027E00126EBE706F02E
:1047600032F9D5F8A0300028EED1D907C3F3C00242
:10477000EED552B15B0708D46FF00F06EAE7002AC6
:10478000FAD1C3F3C003002BF6D100232360D5F880
:104790008C3063B9C5E92244284606F0F8F8E3688E
:1047A00043F00403E3603B68A3603046F8BD1C603F
:1047B000C5F88C40F0E76FF01506CBE7A8E50400DC
:1047C00031BD040087E5040024F5002038B50D460E
:1047D000044648B90C4999230C4A0D4802F0BFFD24
:1047E00099210A4802F0B4FD39B90A499A23074AC7
:1047F000074802F0B4FD9A21F3E71022002106F0E9
:104800008EFA656038BD00BFC3E5040087E504008B
:1048100031BD0400DDE5040037B50C46019059B9FF
:1048200028494FF4C273284A284802F098FD4FF4F3
:10483000C271254802F08CFD4B684BB9244940F207
:104840008513214A214802F08AFD40F28511F0E7E4
:104850004FF02003EFF3118583F31288BFF36F8FBE
:104860001C4801F0B9FA60B988231B4A1B49174854
:1048700002F075FD17491A4802F071FD88211648AB
:10488000D8E7144801F0C4FA204601A9FFF732FF27
:104890000446104801F0AEFA68B940F231130E4AEE
:1048A00010490A4802F05BFD0A490F4802F057FD23
:1048B00040F23111E3E785F31188BFF36F8F204693
:1048C00003B030BDC3E5040087E5040031BD04003A
:1048D000D7E5040054F5002054BF0400ADBF040028
:1048E000C2BF040081BF040098BF04000146014814
:1048F00006F054B8F0EA0020F0B589B004460E9DE9
:1049000058B92B4940F2DF232A4A2B4802F027FDF1
:1049100040F2DF21274802F01BFD49B927494FF437
:104920003873244A244802F01AFD4FF43871F1E735
:10493000D0F8A00010F0010009D0214940F2E12395
:104940001C4A1D4802F00BFD40F2E121E2E7C4E9F8
:10495000220004F19000C4E9240004F19800C4E9A5
:1049600026001DB32879002840F2011008BF01205D
:10497000C4F8A00000204FF0FF364FF0FF37CDE91C
:104980000330CDE90100CDE9066720460D4B0094C8
:1049900000F07EF825B1296811B1204606F019F81B
:1049A000204609B0BDE8F04006F016B80120DFE768
:1049B000F4E5040087E5040031BD0400FAE50400D5
:1049C00000E604000D4504002DE9F04385B00F9D7D
:1049D00004460F2D0E46984637D1274B984538D1BF
:1049E00004F15803C4E91633109B002723730423F2
:1049F0000732A57322F0070506EB050949466373E4
:104A00002046C4E90677A760E773F5F767FD0E9BBC
:104A1000073020F00700E066C4E9196502930D9B9A
:104A2000A9EB000901930C9B4A460093314643468B
:104A30002046F6F78FF8114B67659B6803B11B6F33
:104A40004846236705B0BDE8F08305F110031E2B2F
:104A5000C6D94FF403730A4A0A490B4802F07FFC97
:104A600029460A486FF00F030E2202F078FC4FF43B
:104A70000371034802F06CFCF13D040024F50020B2
:104A800034E6040057E6040031BD0400D7E6040014
:104A9000F0B587B00446DDE91276EFF3058575B110
:104AA000194940F29623194A194802F058FC19484E
:104AB00002F055FC40F29621144802F049FC05959D
:104AC000109D04950F9D03950E9D02950D9D0195DA
:104AD0000C9D0095FFF778FFB6F1FF3F08BFB7F1D7
:104AE000FF3F05D056EA070305D1204600F0EEFC53
:104AF000204607B0F0BD3A463346074904F1180096
:104B000001F0EEF9F4E700BFCBE4040034E6040062
:104B100031BD040008E70400DDA9040070B50646B5
:104B2000134806F01FF8134D044600B9EC68AB6853
:104B3000AEB963B91049C823104A114802F00FFCFE
:104B4000104802F00CFCC8210C4802F001FC5A7B12
:104B5000D20604D1A26912B9DA897F2A05D89C420B
:104B600002D0204601F0AAF823466B6170BD00BF59
:104B70003CF5002024F5002059E704002DE704004F
:104B800031BD040001C4040010B590F90D200446A5
:104B9000002A437B06DA03F07F030146437306488D
:104BA00001F044FD054B9868031B58425841BDE88D
:104BB0001040FFF7B3BF00BF3CF5002024F50020F4
:104BC00010B50446806858B90A490B484FF415736C
:104BD0000A4A02F0C4FB4FF41571084802F0B8FB12
:104BE000214601F023FD637B23F00203637300235E
:104BF000A36010BDA2E7040031BD040080E70400FB
:104C000070B590F90D30427B002B38DBD30636D1DE
:104C10008369002B33D162F07F024273184A9042BD
:104C200009D1184918486C23184A02F098FB6C21E6
:104C3000164802F08DFB16490A4652F8184F944266
:104C400018BF2346CC6923B9C0E900242060C8619D
:104C50000CE090F90E5093F90E60B5420BD0AE42C5
:104C600009DD5A68C0E90032106058600020BDE8D4
:104C70007040FFF753BFA342E6D01B68E3E770BD67
:104C8000C0E90020B9E7040031BD040080E704005A
:104C900024F500202DE9F843171E14BF0825102520
:104CA000437B04461D420E460AD12B43D90903F02B
:104CB0009F0221D14273082D26D00120FFF72EFF3D
:104CC000364B9B68A34251D1EFF30583002B4DD1A6
:104CD000334801F08FF8002835D140F26B13314A88
:104CE0003149324802F03BFB2D49314802F037FB95
:104CF00040F26B112B4837E003F01F03014643736A
:104D00002C4801F093FCD6E7A36813B12046FFF7C7
:104D100057FF04F1180001F0A9F94FF0000904F160
:104D20005808A56D4545C8D0002DC6D02846FFF7C8
:104D300047FF05F1180001F099F92846C5F87C9065
:104D4000FFF75EFFEDE73046F5F726FE27B31A4979
:104D500040F21123194A154802F001FB184802F0ED
:104D6000FEFA40F21121154802F0F2FA0C4801F067
:104D700041F868B940F231130A4A0B490B4802F076
:104D8000EEFA07490A4802F0EAFA40F23111B1E7B7
:104D900086F31188BFF36F8FBDE8F88324F50020F8
:104DA00058F5002054BF040081BF040031BD040049
:104DB00098BF04003CF50020DAE7040080E7040017
:104DC000E5E7040038B504460D46FFF7DDFE637BDA
:104DD00043F0020363734DB3154BA5609C4209D1A8
:104DE000144915486C23154A02F0B9FA6C2113488E
:104DF00002F0AEFA2B689D4209D16B68C4E90053FA
:104E00001C606C6012E06A689A42F6D01B68002B46
:104E1000F3D094F90E2093F90E108A42F3D0914208
:104E2000F1DD5A68C4E9003214605C6038BD00BF2F
:104E3000C0E90020B9E7040031BD040080E70400A8
:104E400070B590F90D200446002A437B06DA03F082
:104E50007F03014643731D4801F0E8FB637B63F069
:104E60007F0363731A4B9C4209D11A491A486C2379
:104E70001A4A02F074FA6C21184802F069FA184ACA
:104E8000114651F8183FD0698B4208BF002323B95F
:104E9000C4E900100460D4610CE094F90E5093F959
:104EA0000E60B5420ED0AE420CDD5968C4E9003147
:104EB0000C605C609068031B58425841BDE870402C
:104EC000FFF72CBE9842E3D01B68E0E73CF50020DA
:104ED000C0E90020B9E7040031BD040080E7040008
:104EE00024F5002038B504464FF02003EFF3118578
:104EF00083F31288BFF36F8F174800F06DFF68B916
:104F00008823164A1649174802F029FA124916480A
:104F100002F025FA8821114802F01AFA0E4800F032
:104F200077FF2046FFF76CFE0B4800F063FF68B97F
:104F300040F23113094A0D490A4802F010FA0649B5
:104F40000B4802F00CFA40F23111E4E785F31188C6
:104F5000BFF36F8F38BD00BF58F5002054BF040069
:104F6000ADBF040031BD0400C2BF040081BF040016
:104F700098BF040038B50446183001F077F84FF0B8
:104F80002003EFF3118583F31288BFF36F8F1B4863
:104F900000F022FF68B98823194A1A491A4802F01A
:104FA000DEF91649194802F0DAF98821144802F0AE
:104FB000CFF9124800F02CFF627B12F0100216D0DD
:104FC0000E4800F017FF68B940F231130C4A10493F
:104FD0000D4802F0C4F909490E4802F0C0F940F248
:104FE0003111E3E785F31188BFF36F8F38BD294690
:104FF0002046BDE83840FFF74DBE00BF58F5002001
:1050000054BF0400ADBF040031BD0400C2BF0400A2
:1050100081BF040098BF040070B504460D464FF0F0
:105020002003EFF3118683F31288BFF36F8F2048BC
:1050300000F0D2FE68B988231E4A1F491F4802F0BB
:105040008EF91B491E4802F08AF98821194802F09E
:105050007FF9174800F0DCFE637B13F0280F0CD1BA
:10506000A36813B12046FFF7ABFD637BBDB903F026
:10507000FB0320466373FFF7C3FD0D4800F0BAFE43
:1050800080B940F231130B4A0E490C4802F067F91F
:1050900007490D4802F063F940F23111D6E703F0F9
:1050A000EB03E6E786F31188BFF36F8F70BD00BF97
:1050B00058F5002054BF0400ADBF040031BD04000A
:1050C000C2BF040081BF040098BF04002DE9F0476F
:1050D000DFF8D8A0364D1746DDE90898DAF8082041
:1050E000344BA84204460E461A600BD1324933486D
:1050F00040F2C923324A02F032F940F2C921304865
:1051000002F026F94FF02002EFF3118382F31288A8
:10511000BFF36F8F284600F05FFE60B98823294AED
:105120002949264802F01BF92946284802F017F9B8
:1051300088212448E4E7284600F06AFEDAF808509F
:1051400039462846FFF73EFEB8F1FF3F08BFB9F1E8
:10515000FF3F06D04A4643461D4905F1180000F0BE
:10516000BFFE204600F046FE68B91A4940F26B13B4
:10517000144A124802F0F3F82146174802F0EFF8FB
:1051800040F26B11D5E70A4800F034FE40B91149EE
:1051900040F26B130B4A094802F0E1F80449ECE7CE
:1051A0003046BDE8F047F5F7F7BB00BF24F5002017
:1051B00058F500205CF5002007E8040031BD04002C
:1051C00080E7040054BF0400ADBF0400C2BF040068
:1051D000DDA9040081BF040098BF040038B504466F
:1051E0004FF02003EFF3118583F31288BFF36F8F25
:1051F0001B4800F0F1FD68B988231A4A1A491B4878
:1052000002F0ADF816491A4802F0A9F888211548AD
:1052100002F09EF8124800F0FBFD204605F0A2FCCB
:10522000044628B1FFF7CCFC04F1180000F01EFF83
:105230000B4800F0DFFD68B940F23113094A0D490F
:105240000A4802F08CF806490B4802F088F840F250
:105250003111DCE785F31188BFF36F8F204638BD2D
:1052600058F5002054BF0400ADBF040031BD040058
:10527000C2BF040081BF040098BF040038B50446D3
:105280004FF02003EFF3118583F31288BFF36F8F84
:105290001A4800F0A1FD68B98823194A19491A482B
:1052A00002F05DF81549194802F059F888211448B0
:1052B00002F04EF8114800F0ABFDA36813B1204690
:1052C000FFF77EFC0D4800F095FD68B940F2311300
:1052D0000B4A0F490C4802F042F808490D4802F009
:1052E0003EF840F23111E2E785F31188BFF36F8F8A
:1052F00004F11800BDE8384000F0B8BE58F50020B1
:1053000054BF0400ADBF040031BD0400C2BF04009F
:1053100081BF040098BF04002DE9F84304460E46FF
:105320004FF02003EFF3118983F31288BFF36F8FDF
:10533000384800F051FD074660B98823364A37499E
:10534000374802F00CF83349364802F008F8882153
:10535000314821E02F4800F05BFD637B76B2DA062E
:105360001CD1A569D5B9DFF8C08003F07F03637352
:105370002146404601F05AF9637BA67363F07F0330
:1053800063732A4B9C421DD1294925486C23294A25
:1053900001F0E5FF6C21274801F0DAFF0027A67332
:1053A0001C4800F027FD68BB40F231131A4A22491D
:1053B0001B4801F0D4FF1749204801F0D0FF40F20C
:1053C0003111C5E7434653F81829424518BF154621
:1053D000DA6925B9C4E900821460DC610AE095F954
:1053E0000E108E420AD0B14208DD6B68C4E900534A
:1053F0001C606C600120FFF791FBD1E7AA42E9D065
:105400002D68E6E789F31188BFF36F8F3846BDE852
:10541000F88300BF58F5002054BF0400ADBF04005E
:1054200031BD0400C2BF04003CF50020C0E90020EB
:10543000B9E7040080E7040081BF040098BF0400BE
:1054400070B504460D46F9B9EFF30586E6B91A4B77
:105450005A699B689A4217D000F0CCFC78B940F2A8
:105460006B13164A1649174801F079FF2146164872
:1054700001F075FF40F26B11104801F069FF3046F2
:10548000BDE87040F5F788BA204600F0B3FC68B973
:1054900040F23113094A0A490A4801F060FF2146E7
:1054A000094801F05CFF40F23111E5E785F311880E
:1054B000BFF36F8F70BD00BF24F5002054BF040000
:1054C00081BF040031BD040098BF040038B5044614
:1054D0004FF02003EFF3118583F31288BFF36F8F32
:1054E0001D4800F079FC68B988231C4A1C491D48F6
:1054F00001F035FF18491C4801F031FF8821174899
:1055000001F026FF144800F083FC637B5A0716D491
:10551000114800F06FFC68B940F231130F4A13498B
:10552000104801F01CFF0C49114801F018FF40F22F
:105530003111E4E785F31188BFF36F8F38BD23F095
:10554000040320466373FFF75BFB2946BDE8384040
:105550000148FFF775BF00BF58F5002054BF040095
:10556000ADBF040031BD0400C2BF040081BF040010
:1055700098BF0400034648B9EFF3058232B9064AE2
:1055800051699268914201D0F5F706BA83F3118808
:10559000BFF36F8F704700BF24F5002010B54FF0A8
:1055A0002003EFF3118483F31288BFF36F8F264833
:1055B00000F012FC60B98823244A2549254801F0EF
:1055C000CEFE2149244801F0CAFE88211F4810E080
:1055D0001D4800F01DFCEFF3058363B11F498923CB
:1055E0001F4A1C4801F0BBFE1E4801F0B8FE89218D
:1055F0001B4801F0ADFE1C4B9A68D37B012B0AD1EE
:105600001A498A23164A134801F0A9FE154801F0E9
:10561000A6FE8A21ECE7013BD3730B4800F0EAFBBE
:1056200068B940F23113094A11490A4801F097FE5E
:105630000549104801F093FE40F23111C6E784F3AA
:105640001188BFF36F8F10BD58F5002054BF0400C0
:10565000ADBF040031BD0400C2BF0400CBE40400B0
:1056600040E8040001C4040024F500206BE80400B5
:1056700081BF040098BF040010B54FF02003EFF382
:10568000118483F31288BFF36F8F2A4800F0A4FBC4
:1056900060B98823284A2949294801F060FE254934
:1056A000284801F05CFE8821234813E0214800F0DF
:1056B000AFFB254B9A68D37B73B9244940F257332B
:1056C000234A1F4801F04BFE224801F048FE40F2F9
:1056D00057311F4801F03CFEEFF3058060B11E49D1
:1056E0004FF456731A4A164801F039FE194801F072
:1056F00036FE4FF45671ECE70133D373FFF70EFA21
:105700000C4800F077FB68B940F231130A4A13499C
:105710000B4801F024FE0749114801F020FE40F239
:105720003111C1E784F31188BFF36F8FBDE81040DA
:1057300005F058B958F5002054BF0400ADBF04006F
:1057400031BD0400C2BF040024F500209CE8040021
:1057500080E7040001C40400CBE4040081BF04001E
:1057600098BF0400024B03F11802C3E906227047F8
:1057700024F50020F8B5EFF305836BB13D4940F205
:105780005B433D4A3D4801F0EAFD3D4801F0E7FD3D
:1057900040F25B41384817E04FF02003EFF31186E9
:1057A00083F31288BFF36F8F364800F015FB68B99A
:1057B0008823354A3549314801F0D1FD3149344813
:1057C00001F0CDFD8821304801F0C2FD314C2D485B
:1057D00000F01EFBA16804F118054B7B284603F07E
:1057E0007F034B7300F022FFA3685A7B62F07F02B5
:1057F0005A73294A934207D128496C231E4A1F48ED
:1058000001F0ADFD6C21C5E7A269E169AA4208BFBC
:10581000002222B9C3E900510B60E3610CE093F967
:105820000E0092F90E70B8421BD0874219DD516804
:10583000C3E900210B6053600120FFF76FF91148A5
:1058400000F0D8FA88B940F26B130F4A14490B489C
:1058500001F085FD0B49134801F081FD40F26B1109
:10586000B1E78A42D6D01268D3E73046BDE8F840A7
:10587000F5F792B8CBE4040080E7040031BD0400E2
:1058800001C4040058F5002054BF0400ADBF04005B
:10589000C2BF040024F50020C0E90020B9E70400DD
:1058A00081BF040098BF04002DE9F04105460E4673
:1058B000EFF305836BB1404940F276433F4A4048DD
:1058C00001F04DFD3F4801F04AFD40F276413B4872
:1058D00025E050EA010303D1FFF74CFF002068E008
:1058E000821C71F1FF331CDB05F096F82C184FF089
:1058F0002003EFF3118883F31288BFF36F8F3248D0
:1059000000F06AFA88B98823304A31492C4801F0FE
:1059100026FD2D492F4801F022FD88212B4801F05A
:1059200017FD6FF00104241AE1E72B4F264800F021
:105930006FFAB868294B1860FFF726F9B8682A464D
:1059400033461830264900F0CBFABA681E48537B1C
:1059500043F01003537300F04DFA68B940F26B1333
:105960001A4A2049164801F0FAFC17491E4801F06E
:10597000F6FC40F26B11D1E74046F5F70DF8BB6835
:105980005B7BDB060CD5194940F292430B4A0C486D
:1059900001F0E5FC0B4801F0E2FC40F2924196E791
:1059A00005F03AF8201A63EB0303012873F10003B2
:1059B00094DBBDE8F08100BFCBE4040080E7040085
:1059C00031BD040001C4040058F5002054BF040098
:1059D000ADBF0400C2BF040024F500205CF5002028
:1059E000DDA9040081BF040098BF0400CDE80400D5
:1059F00010B5EFF3058474B113494FF49463134A5F
:105A0000134801F0ACFC134801F0A9FC4FF4946179
:105A10000E4801F09DFCB1F1FF3F08BFB0F1FF3F20
:105A200006D10D4B9868FFF7A5FA4FF0FF3010BD77
:105A3000FFF73AFF4FF47A7247F6FF73C0FB023468
:105A4000D80B40EA4440F2E7CBE4040080E70400CE
:105A500031BD040001C4040024F50020014B986806
:105A6000704700BF24F5002038B504464FF02003EE
:105A7000EFF3118583F31288BFF36F8F284800F08E
:105A8000ABF968B98823274A2749284801F067FC01
:105A90002349274801F063FC8821224801F058FC83
:105AA0001F4800F0B5F9237BDA0724D51C4800F025
:105AB000A1F968B940F231131A4A1E491B4801F096
:105AC0004EFC17491C4801F04AFC40F23111E4E752
:105AD00085F31188BFF36F8F40F27253174A18494C
:105AE000124801F03CFC2146164801F038FC40F217
:105AF00072511248D2E7637B1B0709D5084800F0B2
:105B000079F90028D6D085F31188BFF36F8F38BD9F
:105B100029462046BDE838400122FFF7BBB800BF48
:105B200058F5002054BF0400ADBF040031BD04008F
:105B3000C2BF040081BF040098BF040080E70400D6
:105B400038CA04000DE904002DE9F04104460F466F
:105B500016464FF02003EFF3118883F31288BFF34A
:105B60006F8F204800F038F9054668B988231E4A2F
:105B70001E491F4801F0F3FB1A491E4801F0EFFBD4
:105B80008821194801F0E4FB164800F041F920464D
:105B900004F0E8FF0446E0B1C7674661FFF710F87C
:105BA00004F1180000F062FA2046FFF729F80D48CA
:105BB00000F020F978B940F231130B4A0E490C4835
:105BC00001F0CDFB07490D4801F0C9FB40F231114E
:105BD000D7E70546EBE788F31188BFF36F8F2846B8
:105BE000BDE8F08158F5002054BF0400ADBF0400AB
:105BF00031BD0400C2BF040081BF040098BF04008F
:105C0000D3B5DDE90667089CCDE90067FFF75EFACA
:105C10001CB1034B9B685B69236002B0D0BD00BF21
:105C200024F5002008B568B10F4B98420AD303F160
:105C30001802904206D21822C01AB0FBF2F302FBFF
:105C400013034BB109490A4838230A4A01F087FB7C
:105C50003821084801F07CFB0122074BC010584353
:105C6000064B1A5408BD00BFD0EA002054E90400D6
:105C700031BD04002CE90400ABAAAAAA5D0A0120E8
:105C8000C3897F2B12D80A4B1B6863B1094B90F96B
:105C90000E201B689A4209DB437BDB0606D1064BCC
:105CA000C31A18BF012303F0010070470023FAE76D
:105CB00064F5002060F50020C0E9002070B50E4BAF
:105CC0000E4C1E7C054606EB460304EBC30420463F
:105CD00000F0CCF900220A4B28469A55FFF7D0FF76
:105CE00048B1084B2046BDE870401A680649013AA1
:105CF000D31700F0F5B870BD24F50020D0EA0020DD
:105D00005D0A012064F50020255C040038B54FF0E1
:105D10002003EFF3118583F31288BFF36F8F2448BC
:105D200000F05AF868B98823224A2349234801F031
:105D300016FB1F49224801F012FB88211D4801F083
:105D400007FB1B4800F064F81E4B1F4A9C68106854
:105D5000A04213D1FFF7B2FF154800F04BF808BB83
:105D600040F23113134A1949144801F0F8FA104966
:105D7000174801F0F4FA40F23111DFE700211B7CF3
:105D80001160144AD35C002BE6D02046FFF778FF61
:105D90000028E1D0637BDB0602D12046FFF750F8F4
:105DA0002046D7E785F31188BFF36F8F38BD00BF5A
:105DB00058F5002054BF0400ADBF040031BD0400FD
:105DC000C2BF040024F500205CF5002081BF040060
:105DD00098BF04005D0A0120006838B1044B00F050
:105DE00003001B7CC01A18BF0120704701207047B8
:105DF00024F50020054A0346117C92680A43016895
:105E00000020914204BF18600120704724F5002053
:105E1000024B1A7C9B6813430360704724F50020F3
:105E200008B50648064A0749121A04F05BFDBDE8AA
:105E30000840054A0549064804F054BD80E50020A5
:105E4000F4E8002044EE0400000000002CEE040002
:105E500080E50020034B1B680BB9F8F78FBA0020D0
:105E6000704700BF68F5002030B570B10B4B5B6820
:105E700098420AD0036843B1D3E90421D0E904452C
:105E8000121941EB0501C3E90421D0E90032136086
:105E90005A600023C0E9003330BD00BF88E700200E
:105EA00010B50E4B1C689C4204D1FFF7D3FF6FF076
:105EB000004010BDFFF7CEFF002CF8D0D4E904322B
:105EC0001B1A62EBE072B3F1004F72F10001EEDADF
:105ED000002AACBF18460020EBE700BF88E700208F
:105EE000B3F1FF3F08BFB2F1FF3F2DE9F047044691
:105EF00092461D4600F09E80066866B14E496E23AC
:105F00004E4A4F4801F02BFA4E4801F028FA6E2114
:105F10004A4801F01DFA81604FF02003EFF311872A
:105F200083F31288BFF36F8F4748FFF755FF60B9BF
:105F30008823464A4649424801F011FA42494548F9
:105F400001F00DFA88214148E3E73F48FFF760FF81
:105F5000BAF1FF3F75F1FF3323DA6FF001033E49D9
:105F6000D1E900209B1A4FF0FF3262EB0000B3EB47
:105F70000A0360EB0500012B70F1000201DA012336
:105F80003046C4E90430354B1A68D3F804C09A424D
:105F900018BF164686B9C4E9003CCCF800405C60E6
:105FA0001CE0FFF757FF1AF1010845F1000518EB57
:105FB000000345EBE070E4E7D6E90415D4E90420DA
:105FC0008A4270EB050E28DA891A726865EB0005C3
:105FD000C6E90415C4E90062146074601A689A4244
:105FE00009D0944207D11E4B1C6824B9FFF758FF13
:105FF0002146F8F79DF91448FFF7FCFEB0B940F2CE
:106000003113124A17490E4801F0A9F90E491648F2
:1060100001F0A5F940F2311195E7521A60EB050045
:106020006645C4E90420B6D03668B3E787F3118823
:10603000BFF36F8FBDE8F08729EB040005EB040088
:1060400031BD040001C404006CF5002054BF0400FD
:10605000ADBF0400C2BF0400E8EA002088E70020CA
:1060600068F5002081BF040098BF040038B50446DD
:106070004FF02003EFF3118583F31288BFF36F8F86
:106080001A48FFF7A9FE68B98823194A19491A481E
:1060900001F065F91549194801F061F988211448A2
:1060A00001F056F91148FFF7B3FE2368ABB1204663
:1060B000FFF7DAFE00240D48FFF79CFE80B940F29E
:1060C00031130B4A0E490C4801F049F907490D48B4
:1060D00001F045F940F23111E1E76FF01504EAE70C
:1060E00085F31188BFF36F8F204638BD6CF5002013
:1060F00054BF0400ADBF040031BD0400C2BF0400A2
:1061000081BF040098BF04002DE9F84F04464FF00A
:106110002003EFF3118883F31288BFF36F8F484891
:10612000FFF75AFE68B98823464A4749474801F0B5
:1061300016F94349464801F012F98821414801F017
:1061400007F9DFF81091DFF810B13D48FFF760FE66
:10615000CBF80040D9F8004000264C4508BF002489
:106160000027DFF8F8A0DBF80030DAE90021002C86
:106170004BD0D4E904504FEAE37CAB427CEB000EF9
:1061800005DAED1A60EB0C00C4E904503DE0AA18F2
:1061900041EBE5712046C4E90467CAE90021FFF735
:1061A00063FE2748FFF726FE68B940F23113254AFF
:1061B0002B49264801F0D3F821492A4801F0CFF8AD
:1061C00040F23111BAE788F31188BFF36F8F204690
:1061D000A36898474FF02003EFF3118883F31288E8
:1061E000BFF36F8F1648FFF7F7FD00289BD01448C8
:1061F000FFF70EFEDBF80030D9F800405B1B4C4582
:10620000CBF80030AFD1DAE9002100249A1841EB35
:10621000E371CAE90021CBF80040FFF741FE2146B7
:10622000F8F786F80648FFF7E5FD0028BDD088F3AB
:106230001188BFF36F8FBDE8F84FFFF767BD00BF50
:106240006CF5002054BF0400ADBF040031BD040054
:10625000C2BF040088E7002068F50020E8EA0020BB
:1062600081BF040098BF040070B54FF02003EFF326
:10627000118683F31288BFF36F8F1B48FFF7ACFDC5
:1062800068B98823194A1A491A4801F068F816496A
:10629000194801F064F88821144801F059F81248AF
:1062A000FFF7B6FDFFF7D6FD144AD2E90045041901
:1062B00045EBE0750C48FFF79DFD68B940F23113DE
:1062C0000A4A0F490B4801F04AF807490D4801F006
:1062D00046F840F23111DFE786F31188BFF36F8F84
:1062E0002046294670BD00BF6CF5002054BF040055
:1062F000ADBF040031BD0400C2BF0400E8EA0020C5
:1063000081BF040098BF040008B562B117492E236D
:10631000174A184801F023F8174801F020F82E21F9
:10632000134801F015F83F290AD914493023104ABF
:10633000104801F014F8124801F011F83021EFE78D
:1063400053B9104931230A4A0A4801F008F80E48A7
:1063500001F005F83121E3E782600902027B01F4D4
:106360007C511143C0E9031308BD00BF44EC040095
:1063700049EB040031BD040064EC04008AEC040025
:10638000AEEC0400BEEC0400D1EC040070B5044691
:106390000D464FF02003EFF3118683F31288BFF30D
:1063A0006F8F1C48FFF718FD68B988231A4A1B49EC
:1063B0001B4800F0D4FF17491A4800F0D0FF88218D
:1063C000154800F0C5FF1348FFF722FD20688442FE
:1063D00009D0D0E9003213605A6000232946C0E991
:1063E000003304F064FB0B48FFF704FD68B940F28A
:1063F0003113094A0C490A4800F0B1FF05490B481E
:1064000000F0ADFF40F23111DAE786F31188BFF3F7
:106410006F8F70BD70F5002054BF0400ADBF040045
:1064200031BD0400C2BF040081BF040098BF040056
:1064300070B504460D464FF02003EFF3118683F349
:106440001288BFF36F8F2148FFF7C6FC68B9882315
:106450001F4A2049204800F082FF1C491F4800F0D5
:106460007EFF88211A4800F073FF1848FFF7D0FC20
:1064700001212068E5608442A16011D11348FFF733
:10648000B9FCE8B940F23113114A1549124800F03D
:1064900066FF0E49134800F062FF40F23111E1E758
:1064A000D0E9003213605A600023C0E9003304F0E1
:1064B000FEFA314604460548FEF7C2FF204670BD8D
:1064C00086F31188BFF36F8F0024F7E770F5002083
:1064D00054BF0400ADBF040031BD0400C2BF0400BE
:1064E00081BF040098BF040004322DE973430646BF
:1064F0000D4620D24FF000084FF0000941F0040192
:10650000CDE90089FDF782FB0446A0B144F8046B95
:1065100095B16B1E1C420FD02523094A09490A4830
:1065200000F01DFF214609482A4600F018FF2521EA
:10653000034800F00DFF0024204602B0BDE8708340
:10654000EBEC04000FED040031BD040041ED04004C
:1065500003280A4608B501D983070CD01049422305
:10656000104A114800F0FBFE104800F0F8FE4221EE
:106570000C4800F0EDFE431E03420AD00C494623AE
:10658000084A094800F0EBFE0A4800F0E8FE462100
:10659000EEE70146BDE808400748FFF7A5BF00BF8A
:1065A00069ED0400EBEC040031BD0400A6ED04002D
:1065B000E8BD040003BE0400C4E70020014B0367EC
:1065C000704700BFC4E7002038B504460D4604F00C
:1065D000FAF920B9064B9B681B6F0BB938BD054B08
:1065E0002A4621461846BDE83840FFF77DBF00BF68
:1065F00024F50020C4E700201FB50024084B4FF409
:106600008062029302AB009306494FF0FF330648C5
:106610008DF80C40FEF770F9204604B010BD00BFA5
:10662000D3ED0400A0650120F0EA002008B50A4B74
:10663000994209D109490A480F230A4A00F08FFEFE
:106640000F21084800F084FED1E9003213605A603F
:106650000023C1E9003308BDC0E90020B9E7040008
:1066600031BD0400DCED04000CB430B589B0054642
:106670000C461C22002101A804F051FB02230595C1
:106680008DF806300D4B029323462CB1B4F1004F28
:1066900028BF4FF00043013B1D440DAA0C9901A8EF
:1066A0000695009200F0E8F814B1059B00221A70DC
:1066B00009B0BDE8304002B0704700BF2FAD040004
:1066C000242A2DE9F041044601D8012A4CD1364B49
:1066D000162204F035FB1A5001B10C600027384631
:1066E000BDE8F08135462E4616F8010B2028F9D07A
:1066F000A0F109070346042FF4D92B2836D02D2802
:1067000037D14FF0010CAE1C6B78302B38D130787C
:1067100040F0200078282FD132F010002CD173786F
:106720003446102202360CF1004000270138B0FB3D
:10673000F2FE02FB1E08392B82BF03F1FF3343F048
:106740002003263B303B9A421ED9774502DC03D119
:10675000984501D24CF0020C354607FB023734460F
:1067600015F8013B2E46E6E70546BCE74FF0000C66
:10677000C9E74FF0000CC8E7002A08BF0822D2E79B
:10678000002A08BF0A22CEE701B10C601CF0010FFD
:1067900018BF7F421CF0020FA1D0034B22220746F4
:1067A00004F0CEFA1A509AE70C000000242AF0B543
:1067B000044601D8012A40D12E4B162204F0C0FA1B
:1067C0001A5001B10C600020F0BD2F463D4615F86F
:1067D000010B2028F9D0A0F109060346042EF4D9B4
:1067E0002B282CD02D282CD10126BD1C7B78302BBA
:1067F0002DD1287840F02000782824D132F01000E4
:1068000021D16B782C46102202350020392B82BF13
:1068100003F1FF3343F02003263B303B9A421AD961
:10682000A0FB02040CB9C01801D346F002062F46A3
:106830002C4617F8013B3D46E8E70746C6E7002629
:10684000D3E70026D3E7002A08BF0822DDE7002AA5
:1068500008BF0A22D9E701B10C60F20748BF4042E5
:10686000B307B1D5034B222204F06AFA1A504FF055
:10687000FF30A9E70C0000002DE9F04F43688DB010
:1068800015468046029383789A0740F10D810024D3
:106890000E78002E00F00A81252E0BD04B1C03939E
:1068A000013441463046029B98470028C0F2F680EA
:1068B0000399EDE74E788B1C252E0393F0D000272B
:1068C000B946BB46BBF11F0F38D8A6F12003102BE9
:1068D0000AD8DFE803F02A09093009090921090962
:1068E0000928092D09091F00A6F13003092B33D906
:1068F0002A2E37D11BF0400F55F8043B40F0828020
:10690000002BA7BF4BF0200B9946C3F100094BF0B9
:10691000280B01E04BF0010B039B13F8016B039371
:10692000002ECFD130E04BF0020B4BF0040BF3E71D
:106930004BF0080BF0E74BF0100BEDE7BBF17F0FCE
:1069400019D8A6F13003092BD2D81BF0400F03D081
:106950000A2101FB0737DFE70A214BF0200B01FB7F
:106960000939D9E72E2E06D11BF0400F40F09E804A
:106970004BF0400BD0E76C2E31D02BD8682E36D0A0
:106980006A2E3CD04C2E3AD0002F46F02003B8BFE0
:106990002BF04002A3F16501BCBF00271FFA82FB68
:1069A000022901D9612B2FD107350727DFF8ACA2C7
:1069B00025F0070508351BF0080F66D00AEB070B1A
:1069C00056465E4563D1A4EB0A0AA9EB070906EB1C
:1069D0000A026FE1742E9FD07A2E9DD0D4E71BF06F
:1069E000800F18BF4BF4007B4BF0800B94E71BF437
:1069F000807F18BF4BF4007B4BF4807B8CE74BF41B
:106A0000207B89E71F4687E7A6F16301122900F280
:106A1000F080DFE811F013004F00EE00EE00EE0012
:106A2000EE004F00EE00EE00EE00EE00EE00FE0085
:106A3000E900EE00EE001B00EE00AF0055F8043B4D
:106A400001270DF1180A8DF81830B4E755F804AB9A
:106A5000834BBAF1000F08BF9A461BF0400F504617
:106A600014BF39464FF0FF3104F0CCF80746A2E7D7
:106A700041462020029B984700280FDB013EB74289
:106A8000F6D34C44B146A41B98E74E46F7E741467F
:106A900016F8010B029B9847002892DA98F802300A
:106AA00043F0040388F802304FF0FF3420460DB065
:106AB000BDE8F08F1BF0800F34D01BF4007F2CD08A
:106AC000073525F00705AA4669685AF8080B2BF028
:106AD00010050029ADB237DA404245F4806561EB1C
:106AE00041010DF1180B0A235A4604F0ADF8A0EB52
:106AF0000B0301936B0662D5019B25F001019F42B8
:106B000089B240F3A180002E00F0998015F01002A8
:106B100040F09C80BB460D4623E0AA465AF8040B81
:106B2000C117D4E7AA461BF4807F5AF8041B01D191
:106B30000846F5E71BF4007F19BF48B241F3C011C6
:106B400008B241F3C031C2E750EA0103C9D11BF0DA
:106B5000400FC6D0002FC4D12BF01102BB460197C5
:106B600095B240F2064115EA01021CBF0BF1010B80
:106B700000222CE02BF010020A231FFA82FB1BF0EC
:106B8000800C49D01BF4007115BF0735AA4625F0CB
:106B900007055AF8040B1EBFAA4669685AF8080B85
:106BA00050EA010545D12BF016051BF0400FADB2A0
:106BB00042D0002F40D12BF01702019795B215F06B
:106BC000100248D0019B002E42D103F1010B29078E
:106BD0005AD4EB0706D5D9456FDDA9EB0B03019914
:106BE000CB465F185B4649E04BF0100B102378262C
:106BF000C5E7782B04D1C6F1780343F01003BEE754
:106C000041462520029B98470028FFF647AF0234F3
:106C100047E608230026B2E7AA461BF480715AF81B
:106C2000040BBDD01BF400711ABFC0B2614680B224
:106C3000B6E72BF0060295B20DF1180B54E725F0DC
:106C40001105BB46ADB28CE70D46B8E73B460D4695
:106C500003F1020BBBE7DDF804B082E70FEE04009E
:106C600008EE0400CDE9043241462020029B9847FB
:106C70000028FFF613AF049B059A01339945F1DC18
:106C8000A4EB0B019B46CC180AB341463020029B73
:106C900098470028FFF602AF8EB901342744391B0C
:106CA000019B994224DC1D4655BB019AA9EB0B09B7
:106CB000554622441446914433E0019F92E7023442
:106CC00041463046029B98470028E7DAE6E640F264
:106CD00006410D42E2D015F0020F04F101044146D5
:106CE00014BF2B20202015F4806F18BF2D20E9E75A
:106CF00041463020029B013498470028CFDACDE688
:106D000006AB013D4146585D029B98470028CBDA0F
:106D1000C4E641462020029B013498470028FFF634
:106D2000BDAEA9EB0403002BF3DCC1E5F0B589B0DF
:106D300005460C46164600211C2201A81F4603F0FA
:106D4000EEFF0223204605958DF806300A4B02938C
:106D50002CB1B4F1004F28BF4FF00040013805447A
:106D60003A46314601A80695FFF786FD14B1059B0A
:106D700000221A7009B0F0BD2FAD0400F8B504462A
:106D80000F4600F0AFF828B939462046F1F79CFECF
:106D9000044620E0384600F0A5F80028F4D020464C
:106DA00000F0A0F8012804D12046BDE8F84000F02A
:106DB000B3B837F000453E4601D13846F5E724F038
:106DC00000472346AF4206DB04F0004005D1C00F68
:106DD000334B53F820402046F8BD14F0FF4F3FD10D
:106DE0003A026FF07D01002A37DC16F0FF4F3DD1EB
:106DF0002C026FF07D02002C35DA11F17E0FB5BF49
:106E00006FF07D03C3F316035B1A43F40003A1EB99
:106E10000201B8BF07FA03F312F17E0FB5BF6FF09E
:106E20007D04C6F31606A41A46F40005B8BFA540B3
:106E30005C1BF1B913EA240338BF2346002BC6D0EC
:106E4000B3F5000F1DDB12F17E0F1DDBA3F5000370
:106E50007F32034343EAC254BDE701395200C2E71F
:106E6000F9157F39C1E7013A6400C4E7EA157F3AB2
:106E7000C3E7002C02DA5B000139D9E7A7D0630031
:106E8000FAE75B00013ADBE7C2F1FF224FF07E51E7
:106E900002F57F02823213411843F1F71DFF77E7B5
:106EA0009CBC040010B10020024970470020024938
:106EB000704700BF0000F0FF0000F07F10B100201D
:106EC0000249704700200249704700BF0000F0FFF0
:106ED0000000F07F08B500F027F80020004908BD49
:106EE0000000F87F30F000400DD0A0F50003B3F1B2
:106EF000FE4F0AD3421E074B9A4208D9A0F1FF4326
:106F000058425841704702207047042070470320C0
:106F1000704700BFFEFF7F0008B5FFF7E3FF0148A1
:106F200008BD00BF0000C07F0B4631F0004107D113
:106F300090B10D4A1A40002A14BF04200320704764
:106F4000094A13420AD0094B994209D9914209D101
:106F5000B0FA80F040097047022070470320704764
:106F600004207047002070470000F07FFFFFEF7F94
:106F70007047836800EBC101B3F5004F2CBF51F897
:106F8000220031F81200704700EBC1018068B0F5B3
:106F9000004F2CBF41F8223021F8123070470122F7
:106FA00008B5FFF7E6FFD04008BD836800EBC101DC
:106FB000B3F5004F08D34B681AB143F001034B609F
:106FC000704723F00103FAE74B881AB143F001033D
:106FD0004B80704723F00103FAE753000122FFF7CB
:106FE000D3BF8368B3F5004F34BF04230823C91A05
:106FF000081AC0087047B0F5004F34BF04230823B7
:107000000731C818C00870470A4608B50121FFF7C4
:10701000F2FF0132121AB2FA82F0C0F11F0008BD6D
:107020002DE9F041174603220E460446FFF7A1FF63
:107030008642054607F104080AD10122E368BA40F6
:1070400023EA0203E360002344F82830BDE8F0811E
:10705000314602222046FFF78CFF06462B460146AA
:107060000322204644F82850FFF78EFF3346294676
:107070002046BDE8F0410222FFF786BF70B50D46FD
:1070800086680446FFF78BFFB6F5004F014601D333
:10709000012809D03046FFF7B7FF294602462046AF
:1070A000BDE87040FFF7BCBF70BD2DE9F047054655
:1070B00080688846FFF7A8FF05EB800ADAF8109091
:1070C0000646B9F1000F1BD00327DAF81040284616
:1070D0002146FFF764FF404507D332462146284644
:1070E000FFF79EFF2046BDE8F08703222146284691
:1070F000FFF73FFF013FCAF8100001D08145E4D1FE
:107100004FF0FF34EB680136B4401C40EAD094FAEB
:10711000A4F2B2FA82F2131D55F82340DEE72DE9FE
:10712000F04114460E460546FFF739FFA4EB06086A
:10713000371B0744424631462846FFF74EFF3A4682
:1071400021462846FFF749FF4346002221462846AC
:10715000FFF71AFF21462846FFF721FF3B4621187B
:1071600000222846BDE8F041FFF70EBF2DE9F041AF
:10717000164604460F46FFF712FF314605462046E5
:10718000FFF70DFF05442A4639462046FFF725FF45
:1071900031462046FFF703FF2B46311800222046D8
:1071A000BDE8F041FFF7F0BE2DE9F0410D468668DD
:1071B0000446FFF7F4FEB6F5004F014601D301285F
:1071C00032D03046FFF720FF04EB80010E6996B9FC
:1071D0000122E36882401343E36002220D612B46E3
:1071E00029462046FFF7D0FE032229462046BDE867
:1071F000F041FFF7C9BE022231462046FFF7B9FE33
:107200000746034629462046FFF7BEFE03223346C3
:1072100029462046FFF7B8FE39462B462046FFF7A1
:10722000B3FE02223146E1E7BDE8F081F8B50C4635
:107230000546FFF7B4FE2618012231462846FFF71F
:1072400098FEC3070CD431462846FFF717FF2146A6
:107250002846FFF7A4FE214622182846FFF786FF9E
:10726000002221462846FFF784FE271A01223946CC
:107270002846FFF77EFE10EA020613D1394628465B
:10728000FFF7FCFE214632462846FFF772FE2246F3
:10729000211A2846FFF76AFF214632462846FFF7A3
:1072A00068FE241A21462846BDE8F840FFF77CBF57
:1072B00070B5066809B9002070BDB068B0EBD10F99
:1072C000F9D9FFF798FE014605463046FFF7EDFE77
:1072D00004460028EFD001463046FFF760FEA84282
:1072E00009D92544214630462A46FFF718FF29468A
:1072F0003046FFF759FF304601222146FFF755FE81
:10730000B368B3F5004F34BF0423082303EBC40371
:107310001844D1E7002070470FB407B504A951F80D
:10732000040B0191F2F744FD03B05DF804EB04B0E7
:1073300070470CB4034607B5084605AA40F205118C
:10734000DB680192984703B05DF804EB02B0704728
:10735000404080F311884FF0040002DF70470FB403
:1073600007B504A951F8040B0191F2F721FD03B010
:107370005DF804EB04B07047838B13F0070305D16D
:107380000368002B0CBF002003207047022B05D19F
:10739000C08BB0FA80F0400980007047012B05D106
:1073A0000368002B0CBF00200520704700207047A9
:1073B00010B50C4600B111B96FF0150010BD081DD5
:1073C00000F02FF80028F9D1A368032BF6D9F3E7D2
:1073D0002DE9F0410D4607461946281D90461E46E8
:1073E000F3F738F8044638B1334642462946384662
:1073F000A446BDE8F0416047BDE8F08138B50C46D1
:10740000054658B151B10B6843B14B6833B12022E6
:10741000002103F084FC00202C6138BD6FF01500C2
:10742000FBE7034640B1426802F00302022A06D09D
:10743000032A04D0012A05D06FF0150070471A689E
:10744000002AF9D00020986070477047FCF724BAF2
:1074500001460068FCF720BA08B5F3F73BF8BDE831
:107460000840F3F75BB87047704700210120FFF731
:10747000EDBF436E83F30B88704740E800F313F4CD
:10748000803FD8B208BF6FF01500704730B50C6868
:107490004B6885B00A894D890094013B24F01F0494
:1074A000234402F01F0242EA451223F01F036946FB
:1074B0008DF808200393F3F7FDFB05B030BD08B548
:1074C000F3F722FE002008BD07B501AB01F0DCFE9A
:1074D00002280AD003280BD068B90198003818BFD9
:1074E0000120404203B05DF804FB6FF01500F9E79E
:1074F0006FF08500F6E74FF0FF30F3E708B5F4F7DB
:1075000055F9F4F7EBF9002008BD10B1006800B19F
:1075100040687047FCF790BC10B50346FFF7F5FFD5
:1075200028B1C2681AB1BDE810401846104710BD16
:10753000FCF754BD10B50446F3F7C8FE48B1204629
:10754000F3F720FF8368986818B18047C31E58423C
:10755000584110BD4FF02003EFF3118283F31288DE
:10756000BFF36F8F036803F0C00343F002030360AF
:1075700082F31188BFF36F8F7047F8B5069F0469D7
:10758000C9B24FF02005EFF3118685F31288BFF3DF
:107590006F8F0C2505FB0144A56C05F0070CBCF1B1
:1075A000010F0CD1A76486F31188BFF36F8FC4E974
:1075B0001023436853F8313098470020F8BD05F098
:1075C000C005AF4286F31188BFF36F8F0CBF6FF019
:1075D00077004FF0FF30F1E713B580240094FFF7F8
:1075E000CCFF02B010BD0069CBB200EB431000210C
:1075F00010470020F8F7B8BB0020F8F72FBC104662
:10760000FCF784BE8022F4F7CFB9084608B51146CE
:10761000F8F754FA002818BF6FF0040008BD08B549
:1076200001F030FE002818BF6FF0040008BD436869
:107630001C330B60012313607047F0B54468076981
:1076400000208BB000908DF804000120119D079060
:10765000109802F08006CDE90805D007CDF818D0C3
:107660008DF8001012D53A7F1BBAD107049357BF8B
:10767000BDF81130CDF80130ADF801309DF8133070
:107680004EBF05238DF8033004230793002D0CBF54
:107690000122022206ABCDE90323029302232146F5
:1076A000059351F8040B36B183681C68002302AAC5
:1076B000A0470BB0F0BD83681C6804ABF7E700235C
:1076C00073B50D1E466814BF04210621CDE90033B1
:1076D00080220446FFF7B1FF96F83430DB0609D567
:1076E00040B93DB90346CDE90000802298212046EB
:1076F000FFF7A3FF02B070BD13B54368044693F8CB
:107700003430DA0719D500238022B921CDE90033BE
:10771000FFF793FF90B9636893F83430DB070CD51B
:10772000246903F07DF94FF47A72A0FB020302FB97
:107730000131C00B40EA4140A061002002B010BD01
:1077400010B50446FFF7D8FF2069BDE81040FCF7EC
:10775000DDBD1FB5012301930DF10F03009300233D
:1077600005211A46FFF769FF08B99DF80F0005B01B
:107770005DF804FB2DE9FF41064615461C4601272E
:107780000DF10F08002305211A463046CDE9008788
:10779000FFF753FF40B99DF80F30DB0704D52846AB
:1077A0002146FEF725F9EDE704B0BDE8F081F7B515
:1077B0004468054694F83430DA0744D5076903F085
:1077C0002FF94FF47A76A0FB063206FB0122DB0B81
:1077D00043EA4243BA699B1A13D4E28D268E9B1A60
:1077E000B3420EDA4FF4004740F2E7300021F61AB8
:1077F0004FF47A720023E6FB0701F1F7E3FBFEF793
:10780000F7F894F8343013F002031CD18022AB2136
:107810002846CDE90033FFF710FFA8B994F83430BB
:10782000DB0710D540F2E7314FF400450E46014624
:10783000648E4FF47A72E5FB046100233046F1F761
:10784000C1FBFEF7D5F8002003B0F0BD10B504462B
:1078500000694FF0FF324FF0FF33FCF79BFD2046ED
:10786000BDE81040FFF7A3BF2DE9F74F43680F1E97
:1078700005461646D3F818A076DBBB18534573D8D7
:1078800047EA0209C9F30B09B9F1000F6CD1FFF700
:10789000DDFF49462846FFF712FF4FF0FF3B044645
:1078A000002E5AD101212846FFF709FF002C08BFFE
:1078B00004462846FFF744FF204603B0BDE8F08F9A
:1078C0002346802206212846CDE90044FFF7B5FE75
:1078D000B2450FD123468022C7212846CDE9004476
:1078E000FFF7ABFE264640F2676200232846FFF70B
:1078F00041FFD5E7A0462A6902F11D0325325978D8
:1079000081B10BFA01F037EA00000BD10120884069
:10791000B04207D8B8F1000F1AD098F80100884299
:1079200038BF984602339342E9D1B8F1000F11D025
:107930003B46812298F800102846CDE90099FFF7D0
:107940007CFE012398F8012093401F44F61ACAE7F1
:107950009846E7E76FF01504C5E7002CB0D0012189
:107960002846FFF7ACFEA4E76FF01504A4E72DE965
:10797000F74F92461F46026943680E1E05469B69F3
:10798000B2F826904CDBF2199A4249D8FFF75EFF15
:1079900000212846FFF793FE0446B0BB83462FB96B
:1079A00001212846FFF78BFE044632E0B945C84660
:1079B00028BFB84606EB0803013B96FBF9F2B3FB80
:1079C000F9F3934218BF09FB12624FF0000318BF8E
:1079D000A9EB0208062180222846CDE900BBFFF76B
:1079E0002CFE3346812202212846CDE900A8FFF76C
:1079F00024FE044648B9012200232846A7EB0807C5
:107A0000C2444644FFF7B6FEC9E701212846FFF706
:107A100056FE2846FFF794FE204603B0BDE8F08FDF
:107A20006FF01504F8E7F7B51E4643680C1E0546CF
:107A300017469B6913DBA2199A4210D8FFF706FF7D
:107A40002346012203212846CDE90076FFF7F5FD04
:107A500004462846FFF774FE204603B0F0BD6FF0E1
:107A60001504F9E72DE9F043044687B000694FF0AB
:107A7000FF32012102F070FF6768386802F025FFCD
:107A800078B1F86810B102F020FF50B12046FFF73E
:107A9000DDFE2046FFF78BFE0028204606DAFFF7C2
:107AA0004FFE6FF0120007B0BDE8F083FFF751FE04
:107AB000002806DDC10704D5002200232046FFF779
:107AC00059FE2046FFF73CFE2046FFF7BFFE4FF071
:107AD0000308002302AE1A469F212046CDF80480F9
:107AE0000096FFF7AAFD05462046FFF729FE002D68
:107AF000D7D13046424607F1240103F039F8064653
:107B0000002840F0BE8097F82C3063B32046FFF782
:107B10009DFE2046FFF71DFE051E1FDD97F82C3049
:107B2000802225EA0305062133462046CDE900667A
:107B30008DF81050FFF781FD034608B12046AEE7EF
:107B4000012104AA0092204680220191FFF775FDD1
:107B50000022054600232046FFF70CFE2046FFF7D3
:107B6000EFFD002D9DD10021CDE904116368276947
:107B700093F8272007F11D088DF813209E6A73687B
:107B80008B4271DA012223F00043A3F12001C3F1FB
:107B9000200002FA01F122FA00F0014302FA03F395
:107BA000DB0843EA417500234FF00109C7F81D3097
:107BB000C8F80430494609F10109424630465FFAE7
:107BC00089F9F4F775F9B9F1050F08F10208F1D157
:107BD0009DF813300A2B89BF01234FF48073B26ADA
:107BE000C2F3031288BF9340FB8463689B699D4284
:107BF0007FF457AF336813F4C02F26D0314603AA61
:107C000004A8F4F77DF90546F8B99DF80C60731ED9
:107C1000DBB2FD2B19D8B2073FF443AF2046FFF784
:107C200015FEB30722D400238022B7212046CDE9D8
:107C30000033FFF702FD002880D122692046137F20
:107C400043F001031377FFF77BFD6268D2E9071366
:107C50004B4392699A427FF424AF2046FFF74CFDD4
:107C600000283FF420AF1CE7013399E72B46802220
:107C700006212046CDE90055FFF7DFFC0028D2D0D1
:107C80005CE76FF015000EE738B505460C4601F0CD
:107C9000E0FB002D07DBA84205D9401B84428CBFC6
:107CA0000020012038BD0020FCE770B50C461946C5
:107CB000204616461D46FFF7E7FF70B15DB1B4F5EB
:107CC000603F2A462146304603DABDE87040FFF7A0
:107CD000FBBB03F017F8002070BD6FF01500FBE749
:107CE000436800205B681B690B607047436802EAC9
:107CF00001005B6821EA020198600020D9607047AA
:107D0000436800205B6899607047436800205B68A7
:107D1000D960704743685A68536821EA03000B40F2
:107D200090600020D3607047F8B50D4616460024D9
:107D3000476825FA04F3DA0704D40134052CF8D196
:107D40000020F8BD26FA04F3DB074CBF0823092303
:107D500006217868E2B200F002F90028EDD0F0E7E1
:107D60000022FFF7E1BF0A46FFF7DEBF13B5406808
:107D70000DF107030C461E220621406800F0E8F8CA
:107D80000028A2BF00209DF80730236002B010BD7C
:107D900037B50D4601A90446FFF7E8FF002808DBC8
:107DA000019A2946D243204603B0BDE83040FFF790
:107DB000BBBF03B030BD70B50C461546466802F037
:107DC00002FE002856D1042C57D8E90370680AD562
:107DD000EA074CBF042303232246062100F0BFF824
:107DE00000280EDA18E06B0501D50623F4E7290513
:107DF00001D50723F0E72A0301D50823ECE7AB03FD
:107E00000BD404F1140206217068C5F34003D2B20A
:107E100000F0A5F8002802DA70BD0923DCE704F1C0
:107E20000A0206217068C5F30013D2B200F097F879
:107E30000028F1DB04F10F0206217068C5F340133E
:107E4000D2B200F08CF80028E6DB621D06217068D3
:107E5000C5F30023D2B200F082F80028DCDB04F185
:107E600019027068C5F340230621BDE87040D2B204
:107E700000F075B86FF00A00CEE76FF01500CBE7A1
:107E800008B54368586802F020FD00280CBF6FF069
:107E90001200002008BDCA07436805D4C1F342019F
:107EA000012904D0022909D06FF0150070474FF066
:107EB000CC721B680020C3F8242570474FF0C862BD
:107EC0001B68F7E7002201210A20F2F7F5BD13B580
:107ED000002101AA044600F096F8002805DB019B6A
:107EE000226819791868F4F7BDFD02B010BD01F1E0
:107EF0000C00FCF7FBBC1FB50346CDE901120222C2
:107F000000689B888DF80C20826801A99468012282
:107F1000A04704B010BD30B589B08DF80410002121
:107F200044681D462068A3888DF810100C998DF8C0
:107F3000052001AA029206910222072103920595CB
:107F40008DF81C1081688C6802A9A04709B030BD6B
:107F500013B501240094FFF7DEFF02B010BD07B592
:107F60008DF804108DF8052001A9032240688DF8D2
:107F70000630FFF7C0FF03B05DF804FB07B58DF8CE
:107F8000052004228DF806309DF810308DF804107D
:107F900040680DEB02018DF80730FFF7ACFF03B02E
:107FA0005DF804FB2DE9F34705460E4617469A4651
:107FB0009DF82890D0F810804FF0FF324FF0FF333B
:107FC0004046FBF739FF3A46314628460DF1070394
:107FD000FFF7BEFF044678B99DF807303A4623EA1A
:107FE000090309EA0A0943EA0903314628468DF8DC
:107FF0000730FFF7B4FF04464046FBF7EFFF20468B
:1080000002B0BDE8F08730B543681360057A446874
:1080100004EBC504A34202D36FF0010030BD5C79CC
:108020008C4201D00833F0E70020F7E710B504696F
:10803000204602F073FC0023636110BDF8B5876829
:1080400006467C68E4B1436893F8264014F00104C6
:1080500018D105694FF0FF334FF0FF322846FBF788
:10806000EBFE6B69013B6B613BB97B68304698471F
:10807000041EBEBF6B6901336B612846FBF7AEFF80
:108080002046F8BD0024FBE7F0B4D0E901631B698A
:108090003BB177688F4208DB3568954205DCF0BC60
:1080A00018476FF05700F0BC70476FF01500FAE703
:1080B000F0B4D0E901631B6A3BB137698F4208DB3A
:1080C000F568954205DCF0BC18476FF05700F0BC2E
:1080D00070476FF01500FAE770B4D0E90162956A55
:1080E00003460C46A5B196F8242012B92B4670BC65
:1080F0001847306A024410F8011BA14202D1214600
:108100001846F3E79042F6D16FF0850070BC7047D7
:108110006FF05700FAE72DE9F3410E46D0E9014729
:1081200094F825108046FF2905690FD194F8261090
:10813000C1F38101022914D0D8F8083000391B6B33
:1081400018BF01214BB96FF0570003E0FFF7C4FFE0
:108150000028EBDA02B0BDE8F081404698470028DD
:10816000F8DBA268B2F1004F05D011464046FFF798
:108170008BFF0028EEDB6269B2F1004F05D011469B
:108180004046FFF795FF0028E4DB2368B3F1004F7A
:1081900014D0D8F808305B69002BD4D0404601A930
:1081A00098470028D6DB2268019B9A421CDD1146C5
:1081B0004046FFF769FF002805DACBE76FF0004380
:1081C00062689A42E5D19EB994F826309B0716D092
:1081D00040463B6898470028BCDBA069F4F7F2FCF6
:1081E0006B6901336B610AE062689342EBDDDEE7A5
:1081F0006B6901336B6194F82630DA0601D40020F4
:10820000A8E74046FFF71AFFA4E7436893F82C302D
:10821000032B94BF182000207047406890F82C3042
:10822000032B13D8DFE803F002080B0F0123002211
:108230000421806AFFF793BE01230222F8E701239D
:1082400000220821F5E701230222FAE70020704707
:10825000406890F82C30032B13D8DFE803F00208B5
:108260000B0F01231A460421806AFFF778BE012311
:108270000322F8E701231A460821F5E70123032228
:10828000FAE7002070474068012302220B210068B2
:10829000FFF765BE0B461146426892F82C20032A70
:1082A00002D898B2F4F7E6BC6FF01500704713B52A
:1082B0001C46806A0DF10703FFF74AFE38B99DF8A6
:1082C00007301C4214BF01220022049B1A7002B026
:1082D00010BD10B401320129D2B208BFD2009DF8FE
:1082E000044015BF42EA831342EAC3134722B8226F
:1082F00014BFDBB2DBB2012C0CD0022C07D064B966
:1083000001920C220421806A10BCFFF74BBE01923F
:108310000E22F7E701920D22F4E76FF0850010BC02
:108320007047022A04D0032A0AD06FF085007047F4
:10833000012301F108020821806AD2B2FFF70FBEC3
:10834000002301F10802F6E7F7B50124012A04FA37
:1083500001F405460E461346E4B204D0042A17D0B1
:10836000C2B9052701E00427002300941522042147
:10837000A86AFFF717FE00280EDB0123042107EB94
:108380004602A86AD2B203B0BDE8F040FFF7E7BDED
:108390002346E6E76FF0850003B0F0BD40680A466B
:1083A00090F82C30032B0DD8DFE803F00205070A04
:1083B0000021FFF7C9BF0121FBE70021FFF7B1BF93
:1083C0000121FBE76FF08500704713B5144601F1FA
:1083D0000C02806A08210DF10703D2B2FFF7B8FD45
:1083E000002807DB21469DF8070002B0BDE81040D9
:1083F000F4F740BC02B010BD37B505460C46104638
:1084000019460DF10602F4F745FC10F1160F0BD0DA
:10841000082104F10C029DF80630A86AD2B203B01C
:10842000BDE83040FFF79BBD03B030BD73B50546D6
:108430000C46164604210F22806A0DF10703FFF750
:1084400087FD002812DB9DF8073004212341DB075C
:1084500045BF043464001034334658BF3346A86A1D
:108460004CBF04F0FE02E2B2FFF772FD02B070BD35
:1084700030B5044685B010460D460DF10E02194682
:108480006468F4F707FC10F1160F21D02946204646
:108490000DF10D02FFF7CAFF002819DBBDF80E3001
:1084A0009DF80D209A4213D02A1D52000421A06A83
:1084B000DBB202F0FE02FFF752FD002808DB0123C9
:1084C000AB40DBB200930F220421A06AFFF76AFDE4
:1084D00005B030BD30B44468134694F82C20032A0C
:1084E00014D8DFE802F002070A100A46002130BC67
:1084F000FFF7BEBF0A460121F9E70A4600212046E0
:1085000030BCFFF779BF0A460121F8E76FF012008F
:1085100030BC704713B540680C4690F82C30032BE4
:1085200020D8DFE803F00211151C00210DF107022D
:10853000FFF77CFF002817DB21469DF8070002B0FB
:10854000BDE81040F4F796BB01210DF10702EFE7FB
:108550000A46002102B0BDE81040FFF736BF0A46C8
:108560000121F7E76FF0120002B010BD37B50346E6
:10857000086880B15868CB8890F82C4003F001035C
:10858000032C24D8DFE804F002090D1B00920A79BD
:108590000021FFF79EFE03B030BD00920A79012151
:1085A000F7E70979B2B94A1C42EAC3030522DBB2F4
:1085B0000821806A03B0BDE83040FFF7D0BC0979DC
:1085C00042B94A1C42EAC303DBB20622F0E76FF06D
:1085D0001200E0E76FF08500DDE7F0B5456804467E
:1085E00085B0A86A02F071F9002800F08180606807
:1085F00090F82C30032B7BD8DFE803F00231363DB6
:108600000DF10D030093042334220421FFF74FFEE4
:1086100000284EDB20469DF80D10FFF77CFD00285A
:1086200047DB296B61BB95F84C30FF2B43D100220F
:10863000204605F13401FFF799FF002839D10122C6
:10864000204605F13C01FFF791FF90BB0222204636
:1086500005F1440105B0BDE8F040FFF787BF0DF11B
:108660000D0300934023CFE70DF10D030093032387
:1086700004220821CAE70DF10D0300930C23F7E74C
:10868000676897F82C600EB1012E1BD108460DF1DA
:108690000E02F4F7FFFA10F1160F0AD07200093239
:1086A00004219DF80E30B86AD2B2FFF758FC0028BA
:1086B000B9D005B0F0BD606890F82C20022A04D033
:1086C000032A0FD06FF08500F3E70C229B00009285
:1086D00003F0FC0307220821806AFFF763FC0028EF
:1086E000A5D0E6E730221B01009203F0F003F1E78A
:1086F0006FF01200DDE710B48468A468A44610BCD3
:10870000604710B503898B420AD844898C4207D34D
:10871000C91AD0E90034002004FB0133136010BDF6
:108720006FF01500FBE7F0B5B0F80AC00489D0E996
:108730000076ACEB0405BA4206FB057501DBA942E5
:1087400002DD6FF01500F0BDB94206DBAA4206DD7E
:108750006FF02100A3F800C0F5E7A446F8E716B9CA
:108760001C800020EFE7751EC91B2944B1FBF6F100
:108770000C44A4B21C800389E41AD0E9003101FB47
:1087800004339342EDD9DCE738B545680446FFF77A
:108790004DFCA86A02F099F858B195F830102046BF
:1087A000BDE83840013901298CBF00210121FFF7C4
:1087B000B2BC6FF0120038BD2DE9F0479846002397
:1087C000012788B08DF810300DF10303CDE905378E
:1087D000072301AD0E461446D0F8009090F804A08F
:1087E0008DF80410029503978DF81C300222534631
:1087F000484602A9FFF77FFFB8B99DF8032022EA97
:10880000040304EA08041C43A2420ED002238DF89C
:1088100004608DF80540029503938DF8103053469F
:108820003A46484602A9FFF766FF08B0BDE8F08760
:10883000012940680DD890F83020032A09D8CB00D0
:1088400002F14A0103F0F8030822C9B22830FFF709
:10885000B3BF6FF08500704710B588B08DF8071072
:108860000DF107010291012103460024CDE9052104
:10887000072200689B8803918DF810408DF81C201A
:10888000022202A9FFF737FF08B010BD13B54068F8
:108890000C4690F83030032B10D84A330DF1070204
:1088A000D9B22830FFF7D8FF002805DB00209DF85B
:1088B0000730C3F3C003237002B010BD6FF0850012
:1088C000FAE737B50C46283011460DF107021D4670
:1088D000FFF7C2FF002808DB2A4620469DF8071054
:1088E00003B0BDE83040FFF70CBF03B030BD1FB58B
:1088F00003468DF80120022200689B888DF8001045
:10890000CDF804D002928DF80C20012201A9FFF7C6
:10891000F2FE05B05DF804FB406890F83030013B92
:10892000042B18D8DFE803F003090C11140000230E
:108930002222AB212830FFF73FBF00234422F8E773
:10894000012202212830FFF7D2BF01220321F9E7DB
:1089500001220421F6E700207047406890F830308B
:10896000013B042B18D8DFE803F003090C111400B5
:1089700002232222AB212830FFF71EBF042344220A
:10898000F8E7012208212830FFF7B1BF01220921B1
:10899000F9E701220A21F6E700207047F7B5002722
:1089A00045680C4605F128060F7030461E210DF172
:1089B0000702FFF751FF00282ADB9DF8073053B16B
:1089C0003A461E213046FFF792FF002820DB23782D
:1089D00043F00403237095F83050032D17D81F354A
:1089E000EDB2294630460DF10702FFF735FF0028AA
:1089F0000EDB9DF8073053B1002229463046FFF7C1
:108A000076FF002804DB237843F002032370002064
:108A100003B0F0BD70B586B0044618460DF10603EC
:108A20009DF82C50FFF77FFE10F1160F26D004F1B1
:108A30002806294630460DF10502FFF70DFF0028F4
:108A40001CDB9DF8052011071AD502AA0392032208
:108A5000049202229DF82830A06A8DF808309DF813
:108A600006308DF814208DF809308DF80A30A38D6A
:108A7000012203A9FFF73FFE00280ADA06B070BD05
:108A80002946304642F00802FFF731FF0028DCDAC1
:108A9000F4E701220E213046FFF729FF0028EDDB25
:108AA0009DF80520130706D429463046FFF71FFF1F
:108AB00000EAE070E2E70020E0E7F0B5B0F80AC0B5
:108AC0000489D0E90076ACEB0405BA4206FB0575D3
:108AD00001DBA94202DD6FF01500F0BDB94206DBF3
:108AE000AA4206DD6FF02100A3F800C0F5E7A44616
:108AF000F8E716B91C800020EFE7751EC91B294452
:108B0000B1FBF6F10C44A4B21C800389E41AD0E94D
:108B1000003101FB04339342EDD9DCE770B5046901
:108B2000456886B034220321286804F10803FFF762
:108B30000FFA002850D136220321286804F10903D6
:108B4000FFF706FA002847D10B23009310220521D6
:108B5000286803ABFFF7DFF900283DD101269DF817
:108B600011309DF80D2003F0030343EA82032380B4
:108B70009DF811309DF80E20C3F3810343EA820370
:108B8000A3809DF811309DF80F20C3F3011343EA31
:108B90008203E3809DF816309DF81420C3F301137F
:108BA00043EA820363809DF80C303246A37200963C
:108BB000334605212868FFF7E1F968B902463346D4
:108BC00005212868FFF7CBF930B907220221286870
:108BD00004F10B03FFF7BCF906B070BD70B4048953
:108BE00045892D1BD0E9004606FB0544A14209DD5D
:108BF000848AC58A2D1BD0E9034606FB0544A142A1
:108C000003DC0C3070BCFFF758BF6FF0150070BC70
:108C1000704743681B68D3F88004C3F8800470472A
:108C200010B544682368C3F84415C3F848250022EA
:108C3000C3F82021D3F82011C3F85821D3F85821C4
:108C40006268D20608D5082142681268C2F8001589
:108C50004FF48002C3F8042301229A6010BD4368D8
:108C600002691B68D3F8100150B100209269127894
:108C70000A70C3F81001D3F8102101221A6070475E
:108C80004FF0FF307047002A10B5044610DD4368EE
:108C90001B68D3F8100150B100202269C3F81001FD
:108CA000D3F810010120926912780A70186010BD83
:108CB0000020FCE7436801691A684FF02000EFF3D9
:108CC000118380F31288BFF36F8F0020C968887307
:108CD0004FF48001C2F8041383F31188BFF36F8F40
:108CE000704701220369DB689A7370470369DB6888
:108CF0009A7B02F0FF0162B942681268D2F858010B
:108D000040B1D2F8040310F4800003D001201961AF
:108D100070470020704743681B68D3F81001003883
:108D200018BF01207047102243681B68C3F8042352
:108D30007047102243681B68C3F8082370474FF43C
:108D4000007243681B68C3F8042370474FF4007235
:108D500043681B68C3F80823704738B54368044666
:108D60001D68D5F804335B0205D4D5F8040310F070
:108D7000100006D138BDFFF7B9FF0028F5D001205B
:108D8000F8E72046FFF7C7FF003818BF0120F1E7DA
:108D9000012070470369D8680160DB685A6070473A
:108DA00002680346D2F8580140B95B689B0706D4B5
:108DB000D2F82001003818BF012070470120704709
:108DC000F8B506690546F3689C8910339442A8BF3C
:108DD00014460122D3E8EF0F002803D1C3E8E72FA0
:108DE000002FF7D10CBF134600231FD1F368224692
:108DF000986801F087FF4FF02003EFF3118783F3AA
:108E00001288BFF36F8F6868FFF7CAFFF36838B93D
:108E10000446186187F31188BFF36F8F2046F8BDB1
:108E2000224628469968FFF7FBFEF3E71C46F5E764
:108E300010B442681368D3F80413C90518D5D3F8E1
:108E40002011A9B14FF02004EFF3118184F31288AF
:108E5000BFF36F8FD3F8204134B10024C3F8204111
:108E6000D3F820410124DC6081F31188BFF36F8FB8
:108E70005268D2061AD54FF02002EFF3118182F327
:108E80001288BFF36F8FD3F8582112B10022C3F8B4
:108E900000250269D2680AB112691AB94FF480023A
:108EA000C3F8082381F31188BFF36F8F0269D46878
:108EB0006CB1D3F8581161B100212161D468A47B51
:108EC0003CB14FF48000C3F80803D368997310BC19
:108ED0007047D3F8241121B10021C3F82411D3F82D
:108EE0002431D2681368002BF1D0516810BC1847A8
:108EF000002201210B20F1F7DFBD10B50B6813B97B
:108F00001846136005E003685C681CB114600368D0
:108F1000186810BD083303600B68013B0B60EDE778
:108F200010B503680446DBB19868C8B149B1197B34
:108F30000122F4F71DFD23681869BDE8104001F017
:108F4000C0BC12B99A88D2040AD4186901F0B9FCDD
:108F500023680022BDE81040197B9868F4F708BD2B
:108F600010BD10B5012200210446FFF7D9FFA36907
:108F700033B9636004F11000BDE81040FBF7C6B9D7
:108F800010BD10B5006903688B4206D190F86C40A3
:108F900034B9FFF7E6FF204610BD6FF01500FBE780
:108FA0006FF00F00F8E738B5027803460C4662B957
:108FB0008D6E5DB94B6E1C696FF07303236404F111
:108FC0002800FBF7A3F984F86C5038BDC86D48B190
:108FD0000A6E3AB1DB682BB1984203D02A46496F3A
:108FE00001F090FEA36DA56E9BB19D4211D85B1B55
:108FF000A3654BBB636C04F1580208336364A36C34
:1090000004F14801013BA36404F14400FFF775FF3C
:109010006065236E9BB19D4211D85B1B2366CBB963
:10902000E36C04F160020833E364236D04F1500142
:10903000013B236504F14C00FFF75FFFE065606EC4
:10904000BDE83840F4F766BD636D002BE1D02B44DA
:109050006365DEE7E36D002BF1D02B44E365EEE7BB
:1090600008B5F4F7FFFF08BD01F02BBC01F0ABBC65
:1090700000207047006800F0D2BE38B5044604B93D
:1090800038BDA069256801F062FD204601F05FFD52
:109090002C46F4E7FAF7D0BEFAF7A0BF002307B5D5
:1090A000CDE90033F5F726FE03B05DF804FB2DE9AA
:1090B000F04F064640688BB00C46DDE914579046E9
:1090C000994608B1FFF7E8FFD6F800A005B1AFB99F
:1090D00000232146CDE9003342464B46504601F07D
:1090E000AAF80446706828B14FF0FF324FF0FF3302
:1090F000FFF7D0FF20460BB0BDE8F08F4FF0160B06
:1091000004AB5A460021184601F009FE03AACDE936
:10911000000221464B4642465046CDF80CB001F0C5
:109120008AF8041EDEDBBDF81020012A0AD1039B59
:10913000082BD7D1BDF812102A80059A69806A6081
:109140003B60CFE7022ACDD1039B162BCAD1BDF8D5
:1091500012300DF1140C6B802B460DF1240E23F808
:10916000042B624603CA724518605960944603F1A5
:109170000803F6D19DF824302B751823E0E700236F
:1091800007B5CDE90033FFF792FF03B05DF804FBAC
:1091900038B505460068F9F7E5FD044610B92846DC
:1091A000F5F7AEFE204638BDF0B5056808880B46D9
:1091B000012887B00DD14A884B68ADF802200822FB
:1091C000ADF8000001936946284600F03AFD07B06B
:1091D000F0BD022815D14A88ADF80000ADF8022094
:1091E00001AE0A1D01F114073446106851680832B7
:1091F00003C4BA422646F7D11B7D16228DF81430DF
:10920000E1E7284607B0BDE8F04000F01ABD70471E
:10921000F6F7A4B9002008B5F1F75EFB03465A6BD8
:1092200000233C309A4200D17047C16801330844A2
:10923000F8E700B589B006AB02930823039301ABAE
:10924000049304230791CDE9053004AA032002A961
:10925000F6F70EFC0228019B09D003280AD060B95A
:10926000181E18BF0120404209B05DF804FB6FF0E2
:109270001500F9E76FF08500F6E74FF0FF30F3E7F0
:10928000002070470020704710B588B01C4605AB21
:1092900001930C2302930423CDE90612CDE9043097
:1092A0000DEB030103AA0020CDF80CD0F6F7E0FB8C
:1092B000009B236008B010BD7047004701F001BB60
:1092C00038B504461546F6F775FC29462046BDE834
:1092D0003840F6F787BC430903BF4FF0FF3323FA4A
:1092E00000F000F001000020704770B501F10803A4
:1092F00030F813301646DA0504460D4609D5C3F397
:10930000432300EBC302314650F8333052682846FD
:109310009847A3682BB131462846E268BDE8704003
:10932000184770BD2DE9F3411746DDE90858019053
:1093300001A80C461E46F6F72FFE019B391E18BFEA
:10934000012100EB8300231E18BF0123002E43EAF6
:10935000410314BF0C210021002D43EA010314BF77
:109360004FF4E0610021B8F1000F43EA010314BF9C
:109370004FF440310021D0F800220B4322EA0303CE
:1093800004B124780FB13F787F001C430EB13678CA
:10939000B6003C438DB1297809023443B8F1000F7F
:1093A00003D098F800804FEA0848214341EA0801B9
:1093B000C0F8001202B0BDE8F0812946EDE71FB504
:1093C0000DF10F03019300238DF80F101A46194673
:1093D0000093FFF7A7FF05B05DF804FB10B5047913
:1093E0000A462046F6F72CFE18B111462046F6F73D
:1093F00045FE00F0010010BD38B505790446284649
:109400000A46F6F73BFEC0B111462846F6F718FEAD
:1094100098B911462846F6F707FE012322688340D3
:10942000C2F80833226803B202EB8303D3F8102595
:1094300022F00302C3F8102538BD0021BDE83840F2
:109440001046FFF7BCBFF6F763BFFFF7D5BFF6F7CF
:1094500023BE4FF4801070474FF4805070474FF494
:109460008070704770B50126A2F58074A40806FAD2
:1094700004F4054614EA010008D0A85830B10021D0
:109480003046A950AA581A6822431A6070BD0023BA
:109490002DE9F34104460D460193904601AB4FF48C
:1094A000A672FFF7DFFF4FF4827229462046FFF7CE
:1094B000D9FF4FF48C72074629462046FFF7D2FFAA
:1094C000064630B1B8F1000F1DD017B13E46D4F8B2
:1094D0003C354FF488722946204601ABFFF7C2FFA6
:1094E00030B1B8F1000F03D016B90FB1D4F83C3544
:1094F0004FF490722946204601ABFFF7B3FF019865
:1095000002B0BDE8F0814646E3E7012370B50446AA
:109510000D4664264361002202212046FFF7B7FF73
:1095200020B90120FFF7CAFE013EF4D100236B777A
:10953000C4F8003570BD07B5019001A8F7F77CFBB2
:109540000123019A9340836003B05DF804FB07B5E3
:10955000019001A8F7F770FB0123019A9340C360C3
:1095600003B05DF804FB91F820200346032A29D8B4
:10957000DFE802F0212519028A68500304D5D3F8E8
:109580004C250869904207D18A6852031AD4D3F84F
:109590004C258969914215D000200622C3F80005A8
:1095A000C3F800257047D3F84C2508699042F3D1E1
:1095B000D3F83C25EDE7D3F84C250969EAE7D3F861
:1095C0003C25FAE70120704730B50124A2F58075EB
:1095D000AD08AC400C4207D0815829B10021815020
:1095E00082581A6822431A6030BD002313B50C4616
:1095F00001934FF4A47201ABFFF7E6FF21464FF44D
:109600008272FFF7E1FF21464FF49272FFF7DCFF11
:1096100021464FF4A872FFF7D7FF21464FF4A672F8
:10962000FFF7D2FF21464FF4B072FFF7CDFF4FF4A2
:10963000AE722146FFF7C8FF019802B010BD07B512
:10964000019001A8F8F7EEF90123019A9340836095
:1096500003B05DF804FB022904D0042906D00129D7
:1096600000D17047806808B1F5F76CB97047F8F71A
:109670007BBA002210B50468944200D110BD00EB03
:10968000C2014B68013223F0FF0343F003034B6038
:10969000F2E70420F7F7F2B90420F7F70DBAF7F76D
:1096A000A9B938B504460025031D2268AA4201D88D
:1096B000002319E04FF00002D3E8CF0F032804D1B4
:1096C000C3E8CC2FBCF1000FF6D102D0083301352E
:1096D000EBE701EB851318464022002101F01FFB48
:1096E000034604EBC504A060184638BD0830704737
:1096F00038B5054620B9F8F73DFA80B9002038BDE5
:10970000F5F718F904460028F8D0F8F733FA38B915
:109710002046F5F717F90120F5F7E2F8EEE72C46B9
:10972000C56040F8084FEAE740EA0141104640F8BA
:10973000081DF8F731BAF8F729BAF8F721BAF5F7A2
:10974000F9B808B5F5F7FEF8BDE808400120F5F7CF
:10975000C7B80429F8B50546174603D0102910D01C
:1097600000240CE00820F5F7D7F804460028F7D0CD
:10977000002343600123478003802B684360204619
:10978000F8BD1620F5F7C8F804460028E8D0061DF5
:1097900012220021304601F0C2FA022323802B4618
:1097A000678005F1100253F8041B934246F8041B2E
:1097B000F9D1E4E7134609B9116070470A88012A14
:1097C00002D0022A07D070471A68082A28BF082248
:1097D0001A6001F097BA1A68162A28BF1622F7E70E
:1097E00008B5F8F73DFF40B100F11C03D3E8EF1FC7
:1097F0000131C3E8E21F002AF8D108BD006808B1B2
:10980000F8F7BEBE704737B50025036804460093DD
:10981000838F6846ADF80650ADF8043000F0EBFDDC
:1098200038B1A36B6846984794F83E300BB1A563F6
:10983000E56303B030BD4068003818BF01207047B1
:1098400000230B60836813B9C0E9011170471960E8
:109850008160704738B505460C46F8F7A3F9AA6849
:10986000236894426B6008BFAB60002320462360EE
:1098700000F04DF9BDE83840F8F79AB940687047F4
:109880000069431E5842584170470069831E584280
:10989000584170470069C31E58425841704740699B
:1098A000B0F5817F05D040F21113C31A58425841D8
:1098B00070470120704790F82000C0F340007047C7
:1098C00090F82000C0F38000704790F82000C0F3AB
:1098D000C0007047006C00F00100704790F8200055
:1098E00000F0010070470369012B05D18069A0F1E8
:1098F00080035842584170470020704790F820007C
:10990000C0097047836933F0800314BF0120002031
:10991000704790F82000C0F340107047806B00380B
:1099200018BF0120704790F83400431E5842584138
:10993000704708B590F82030014613F001020BD1B2
:10994000FFF7E0FF28B90846FFF7CDFF80F00100E0
:10995000C2B202F0010008BD0022FAE770B5044669
:109960000D4616462046FFF7E4FF70B155B1284674
:1099700000F0BCF848B931460220F4F797FD002802
:10998000F0D070BD6368002BF5D00020F9E7406887
:10999000003818BF0120704790F82200003818BF27
:1099A0000120704710B50446FFF7ACFF94F8201073
:1099B000C1F3401340EA0302236982F00102012B44
:1099C00014BF0123C1F38003D2B220461A40FFF72F
:1099D00066FF48B1C1F300112046FFF784FF0A403B
:1099E00080F00100104010BD0121F5E710B50C46D4
:1099F000F8F736FE28B190F8203064F3861380F82B
:109A0000203010BD10B50C46F8F72AFE28B190F8AA
:109A1000213064F3000380F8213010BDD0E9092320
:109A200053EA020109D04FF47A71B3FBF1F001FB64
:109A300002000128B8BF012070474FF0FF30704787
:109A4000D0E90B2353EA020109D04FF47A71B3FB3A
:109A5000F1F001FB02000128B8BF012070474FF070
:109A6000FF307047013802288CBF0020012070476A
:109A7000013802288CBF0020012070470388012B89
:109A800003D0022B06D001207047082914BF002004
:109A9000012070471629F9E7032915D011280CD0A9
:109AA00004DC88B106280AD000207047B0F5817F19
:109AB00005D040F211139842F6D1022900E00129A5
:109AC00014BF00200120704701207047C368012B9C
:109AD00003D0022B07D0012070470888012814BF4B
:109AE00000200120704708880228F8E700B10068CC
:109AF000003818BF0120704700B1006870474389E3
:109B000040681844704702894089101A704710B5A0
:109B100004464068FFF70FFEE06808B1F4F704FF61
:109B20002046BDE81040F4F7FFBE10B5044620689B
:109B300000B910BD626803689042236008BF63608B
:109B4000FFF7E5FFF3E700F01ABD10B5044660B17A
:109B5000406908B1F4F7E8FEA06908B1F4F7E4FE43
:109B60002046BDE81040F4F7DFBE10BD10B5044636
:109B700000F003FD23684360A36983602046BDE8CD
:109B8000104000F0FCBC2DE9FF4180460F46164610
:109B9000FFF768FF38B96A20F4F752FD4FF0FF3045
:109BA00004B0BDE8F0813046F8F7C0FD08B97B206D
:109BB000F2E73846FFF75CFF08B96B20ECE739465F
:109BC0003046FFF769FF0028F7D0F8F715FD054686
:109BD00008B91720E0E70020FFF78AFD044620B906
:109BE0002846F8F74FFD6920D6E74FF0FF330C22E7
:109BF000037443748374C3740023027243728372C8
:109C0000C3724046F9F7AAFB6061384600F05DFC7C
:109C10000146A061304600F059FC2146E06101AAEE
:109C200047F201000295F9F7C5FB044620B128462A
:109C3000F8F728FD2046AFE7C5E9038728686E617D
:109C4000AEE773B506460C461546FFF7C9FD019011
:109C500050B90920F4F7F4FC4FF0FF3401A8FFF7E6
:109C6000CDFD204602B070BDFFF74CFE10B1019B48
:109C70009869EFE70198FFF723FE08B17F20E9E735
:109C80000198FFF718FE08B17820E3E70CB90E2021
:109C9000E0E721460198FFF719FF08B96A20D9E7E4
:109CA00029462046FFF7EAFE08B91620D2E70198B8
:109CB000FFF710FE054620B1019B5D69113D18BFFD
:109CC00001250020FFF714FD024608B96920C1E70D
:109CD000002314210661017243728372C3722188CA
:109CE000012911D0022917D00199042091F82030C0
:109CF00043F0020381F8203047F20201D560FFF7FC
:109D000013FDCDB17720A5E76188C3758182042159
:109D1000817563688361E7E76188C375818210217B
:109D2000231D8175143400F1180153F8040BA3426C
:109D300041F8040BF9D1D7E70198FFF781FE0090B5
:109D40000198FFF7B8FD20B90198846984B12046D5
:109D500080E769460220F4F7A9FB10F10B0F05D04C
:109D60000028EDD00028B8BF404273E7742071E7A7
:109D7000FFF795FD00283FF471AFDDE90010F9F71A
:109D800073FA04466AE730B585B005460C46F8F725
:109D900067FC38B90920F4F753FC4FF0FF3318463D
:109DA00005B030BD0CB90E20F5E72146FFF78EFE59
:109DB00008B96A20EFE70020FFF79AFC014608B9CE
:109DC0006920E8E70023142205610272437283725E
:109DD000C3722288012A0AD0022A10D047F2050055
:109DE00001AAF9F7E7FA03460028D8D0D3E762883A
:109DF000C37582820422827563688361EEE762889C
:109E0000C37582821022231D8275143400F118025A
:109E100053F8040BA34242F8040BF9D1DEE730B546
:109E200085B005460C46F8F71BFC38B90920F4F755
:109E300007FC4FF0FF33184605B030BDFFF720FD9B
:109E400008B95F20F3E70020FFF752FC014608B98C
:109E50006920ECE70023042224EAE47402724372CE
:109E60008372C372056144616A4447F20800F9F7DE
:109E7000A1FA03460028DED0D9E7F0B593B0074633
:109E80000D461446FFF7ACFC029050B90920F4F7D8
:109E9000D7FB4FF0FF3402A8FFF7B0FC204613B009
:109EA000F0BD15B11CB90E20F1E7002CFBD1FFF776
:109EB000E7FC08B95F20EAE70298FFF70BFD28B13D
:109EC0000298FFF769FD08B90B20E0E70298FFF759
:109ED000A5FD01900298FFF701FD50B10298FFF730
:109EE0005BFD0028D2D0F8F787FB064680B9172023
:109EF000CDE70298FFF750FD0028EFD1022001A91D
:109F0000F4F7D4FA0028E5D00028B8BF4042BEE7F5
:109F10000020FFF7EDFB014620B93046F8F7B2FB11
:109F20006920B4E70761049675B17CB10CAB47F2C8
:109F30000C0003AA0593F9F73DFA074640B13046F5
:109F4000F8F7A0FB3846A2E72B46F0E72346EEE7FA
:109F50003DB134B1BDF83630042B04D0102B15D0F0
:109F60002760346897E701232768ADF81830082F79
:109F700028BF0827BDF83430ADF81A300E9B079380
:109F80003A46284606A900F0BDFEE9E70223ADF8EF
:109F90001830BDF8343007AFADF81A3012ABADF859
:109FA0002C0013E90F0087E80F002768162F28BF41
:109FB0001627E5E72DE9F04F87B0894616461D467E
:109FC000109F009003F0400803F4007AF8F748FB74
:109FD000044638B90920F4F733FB4FF0FF3007B0DF
:109FE000BDE8F08F35F4107305D1B8F1000F11D032
:109FF000BAF1000F01D05F20EDE7FFF721FD0290DD
:10A000002046FFF767FCA8B9B8F1000818BF4FF069
:10A01000010805E0FFF714FD0290BAF1000FEFD040
:10A020002046FFF780FC40B12046FFF76BFC68B18B
:10A03000A069D0E74FF00108F2E72046FFF762FC85
:10A040000028F5D12046FFF74EFCF0E72046D7B1B7
:10A05000FFF716FC00BB39462046FFF737FD08B96D
:10A060006A20B8E738461199FFF708FD08B91620AD
:10A07000B1E72046FFF709FC70B12046FFF70FFC5F
:10A0800050B17F20A7E7FFF700FC28B12046FFF77B
:10A0900017FC08B979209EE72046FFF7F1FB40B195
:10A0A0002046FFF7FCFB20B1B6F5006F28BF4FF448
:10A0B0000066FFF742FBB04206D22046FFF7E0FB06
:10A0C000C8B1FFF73AFB064600252046FFF721FC02
:10A0D00018B12046FFF72DFC78B93046FFF708FB92
:10A0E0008346C8B9012002A9F4F7E0F980B9B8F1B4
:10A0F000000FF2D004E07A206DE7B8F1000F01D034
:10A100000B2068E7022002A9F4F7D0F90028DCD080
:10A110000028B8BF40425EE7009B0361B9F1000F21
:10A1200004D032464946006800F0ECFD94F8340053
:10A1300000283CD0F9F732F90021024684F83410A7
:10A14000BAF1000F0ED0029D42F040026B1C30D0DD
:10A150004FF47A7195FBF1F5ADB2B5F5167F28BFD6
:10A160004FF41675002F47D020460192FFF788FB69
:10A17000019A002840D11A218BF809008BF80810A9
:10A180008BF80A008BF80B00CBF81420ABF82C509E
:10A190003A88012A10D0022A1AD047F207005946FD
:10A1A00003AAF9F707F90346B8BB049817E7024674
:10A1B000C6E74FF41675D5E77A888BF81B00ABF825
:10A1C000182004228BF81A207A68CBF81C20E4E7C8
:10A1D0007A880BF11C01ABF8182010228BF81B00B9
:10A1E0008BF81A2007F114003A1D52F804CB824272
:10A1F00041F804CBF9D1D0E7002106208BF80910F3
:10A200008BF808008BF80A1047F206008BF80B1049
:10A21000CBF81420ABF81850C1E70C2806DC0A284C
:10A2200007DDB8F1000F3FF450AF69E78C283FF429
:10A23000D2AE1846CFE62DE9F74F8946DDE90C7A14
:10A2400015461E4603F48078FFF7CAFA019058B904
:10A250000920F4F7F5F94FF0FF3701A8FFF7CEFA20
:10A26000384603B0BDE8F08F36F4A17301D05F200B
:10A27000EFE727B1BAF1000F04D10E20E9E7BAF1F8
:10A28000000FFAD1FFF7FCFA28B10198FFF718FB8D
:10A2900008B98020DDE70198B8F1000F16D1FFF76B
:10A2A00019FB08B9730611D50198FFF7C4FA68B90C
:10A2B0000198FFF727FB48B90198FFF714FB28B96D
:10A2C0000198FFF70BFB08B90B20C2E70198FFF7D5
:10A2D000A5FB6A46009000210198FFF73FFB18B1EB
:10A2E0000028B8BF4042B4E70198FFF7A4FA88B944
:10A2F0000198FFF7F8FA002876D10198FFF7EEFAF7
:10A300000028A5D10198FFF7FDFA0028A3D0019BF2
:10A3100098699EE70198FFF7B1FA044627B1C16832
:10A3200052463846FFF746FA002706F0020A204652
:10A33000FFF7E9FBA8421DD82046FFF7E4FB0646DD
:10A34000002E8AD02046FFF7DAFB09EB070B014607
:10A350003246584600F0D6FC01983744FFF795FA8C
:10A3600050B1BAF1000F7FF478AF21460198FFF7A2
:10A3700071FA72E72E46E3E70198FFF78BFA00289F
:10A38000EFD1BAF1000F14D0B5423FF466AFB8F187
:10A39000000F04D06A4621460198FFF7DFFA2046F5
:10A3A000AD1BFFF7A9FB04460028C0D1002F9FD0AA
:10A3B00053E76389204633446381FFF7A4FB18B950
:10A3C00021460198FFF746FAB5423FF446AFAD1B70
:10A3D000B8F1000F04D06A4600210198FFF7BEFAD9
:10A3E0000198FFF74BFADEE7002736E708B5F8F7E4
:10A3F00061F9002008BD38B504460068F8F730F967
:10A40000054628B90120E38843F02003E38038BDE6
:10A41000FFF764FA0028F5D12846FFF773FAF8B180
:10A42000E38843F00803E380A388DA0707D52846CA
:10A43000FFF7ADFAE8B1E38843F00103E380A388B6
:10A440005B0707D52846FFF7ADFA18B1E38843F05C
:10A450000403E380B4F90600003818BF0120D6E7F2
:10A460002846FFF740FA0028DED0E38843F01003C7
:10A47000D9E72846FFF790FA0028DCD12846FFF7F5
:10A4800032FA0028D7D1DAE738B50D461446F8F786
:10A49000E7F828B90920F4F7D3F84FF0FF3006E0C9
:10A4A000032D03D0042D03D01620F4E7006C38BD33
:10A4B000012CF9D804640020F9E7431F002B03D8CE
:10A4C000DFE803F00100032070477047292815D00A
:10A4D00005DC062814D0112814D048B17047B0F517
:10A4E000817F0DD040F2111398420BD0FF280CD180
:10A4F000012909D0022908BF0220704706207047B1
:10A50000012070470220704708467047292811D063
:10A510000ADC012810D0062810D0002808BF04202B
:10A5200018BF4FF0FF307047B0F58D7F08D0B0F501
:10A53000007FF5E70620704708207047012070472C
:10A540004FF48070704708B5031F092B0FD8DFE860
:10A5500003F00811050E0E0E0E0E0E056FF0010031
:10A5600008BD7320F4F76CF86FF00A00F8E7F8F70D
:10A5700009FFF7E76FF06300F2E7C06870474269D0
:10A58000C3681A60704708B5034624301AB95A6286
:10A590004260002008BD082A28BF082200F0B2FB54
:10A5A000F7E708B503462C301AB9DA62426000209A
:10A5B00008BD082A28BF082200F0A4FBF7E738B539
:10A5C00004460D4639B1082A0BD01620F4F738F8A6
:10A5D0004FF0FF3038BD002AF7D18263C2630020FC
:10A5E000F8E7F7F7DFFA95E8030004F1380383E8AA
:10A5F00003002046FFF707F9F7F7DAFAEFE773B53C
:10A60000044608680D461646F8F7C8FE002801DB28
:10A61000042E06D01620F4F713F84FF0FF3002B0E6
:10A6200070BD2B68204684F83430FFF77CF9002396
:10A630000028F4D0CDE900331A4619462068FFF708
:10A64000B9FCECE708B509B1042A05D01620F3F7E8
:10A65000F7FF4FF0FF3006E00B782BB1012BF5D15F
:10A6600080F84830002008BD0223F9E710B5541ED9
:10A670001B2C02D812F0030405D01620F3F7E0FFDC
:10A680004FF0FF3010BD930880F84B304C3000F095
:10A6900039FB2046F6E708B509B1042A05D0162093
:10A6A000F3F7CEFF4FF0FF3008BD0B78003B18BF2B
:10A6B000012380F849300020F6E708B509B1042AE3
:10A6C00005D01620F3F7BCFF4FF0FF3008BD0B6834
:10A6D00080F84A300020F9E770B5054614460E466A
:10A6E00031B992B11620F3F7ABFF4FF0FF3070BDD8
:10A6F000002AF7D0406C08B1F4F716F9601CF4F7A3
:10A700000BF9686438B96920EDE7406C08B1F4F7DB
:10A710000BF90020EBE72246314600F0F3FA002265
:10A720006B6C1A55F5E710B5134612680446042AF7
:10A7300028BF042208461A6004F1180100F0E2FA6A
:10A740000020A06110BD10B5134612680446082A07
:10A7500028BF082208461A6004F1240100F0D2FA4A
:10A76000002010BD10B5134612680446082A28BF01
:10A77000082208461A6004F12C0100F0C3FA0020F8
:10A7800010BD13B50446134694F8482008460192BC
:10A790001A6801A9042A28BF04221A6000F0B2FA3C
:10A7A000002002B010BD13B50446134694F84920AA
:10A7B000084601921A6801A9042A28BF04221A60D7
:10A7C00000F0A0FA002002B010BD13B504461346F5
:10A7D00094F84A20084601921A6801A9042A28BF61
:10A7E00004221A6000F08EFA002002B010BD10B5ED
:10A7F00004460846114694F84B309A000B689A427A
:10A8000028BF1A460A6004F14C0100F07BFA0020D0
:10A8100010BDF8B5456C0E461446176875B128464C
:10A82000EEF7F0FD0130B842024628BF3A4629460D
:10A830003046226000F066FA0020F8BD3A4629460C
:10A84000304600F06CFA2560F6E770B504460E4617
:10A8500000F025F80546206808B1FEF76CFF48F2C5
:10A8600002039E4218D048F209039E4214D048F2D7
:10A8700001039E420BD16B684BB104F1140204F149
:10A88000380152F8040B8A4243F8040BF9D12046F0
:10A89000BDE8704000F005B863696B60F7E7C06819
:10A8A00070470269C3681A60704700207047002033
:10A8B0007047002070470020704700207047F8F76D
:10A8C00041BF08B1F0F74EBC704740B1C36858783B
:10A8D00010F001001EBF1878B0FA80F040097047F0
:10A8E00000F01DBA00F00EBA10B400F10C04C0E97B
:10A8F000034410BCEFF7BCB907B5CDE900230A4605
:10A900000421F9F783F903B05DF804FB90F90E30E8
:10A910008B4201D0FAF700BD0020704703460020AB
:10A92000C3E90033C3E90200704710B5044630B1F3
:10A930000268930703D0446809B100F008F9204683
:10A9400010BD012307B5009300230A461946F9F705
:10A95000D5FB03B05DF804FB5AB18A4209D300F17C
:10A960001003C0E90212C0E90000C0E9043300206E
:10A9700070476FF015007047012302688B4022EA90
:10A980000303036022FA01F000F00100704720B1D8
:10A99000002290301146FBF7D7B8704710B5F9F791
:10A9A0003BFF041E09DD4FF02003EFF3118083F31A
:10A9B0001288BFF36F8FFAF7DDFD204610BDC0E9A6
:10A9C000000000207047EFF30580003818BF012019
:10A9D00070476FF057007047FAF778BD01211838BB
:10A9E000FAF71ABB4FF02003EFF3118083F31288BC
:10A9F000BFF36F8FFAF7BEBD38B5054600202C684F
:10AA0000A54200D004B938BD2046FAF737FC2046ED
:10AA1000FAF768FA0120F2E708B5FBF725FC08BD54
:10AA2000FBF722BCB3F1FF3F08BFB2F1FF3F70B5A7
:10AA300004461D46164613D01A4315D06FF0010286
:10AA40004FF0FF33921B63EB0501002904DAFBF79B
:10AA50000BFC821941EB0501C4E90021204670BDC1
:10AA60004FF0FF321146F7E70022FBE7B3F1FF3F5B
:10AA700008BFB2F1FF3FF8B5074616461C4610D096
:10AA800054EA020311D0FBF7EFFBB0420A46A141A2
:10AA900003460AD2F31A64EB0204C7E900343846CD
:10AAA000F8BD4FF0FF331C46F7E70023FBE72DE925
:10AAB000F041846805460E46ECB16378012B25D140
:10AAC00014F8533C9A0714D5A4F160073846FAF7F6
:10AAD000D5FB082E0CBF6FF003030023E36114F8CD
:10AAE000533CDB0605D154F8483C13B93846FAF715
:10AAF000F9F9002323700020EB68A860C3F38632C5
:10AB0000164366F39433EB60BDE8F081022BF0D17D
:10AB10002378002BEDD054F8048CB8F1000FE8D066
:10AB200004F11400FBF7A2FA0023A4F1140739463C
:10AB30004046E362F9F770FEDBE70023C0E900005E
:10AB40008360704783680B60C3681360704720B1EF
:10AB5000011F50F8040CF9F7F7B8704701460420BC
:10AB6000FBF7F6BC0368984214BF184600207047F4
:10AB70000139024410B5904201D1002005E003786C
:10AB800011F8014FA34201D0181B10BD0130F2E7AC
:10AB9000C9B20346184613F8012B12B18A42F9D103
:10ABA0007047002918BF0020704730B50A44054699
:10ABB000914201D100200FE015F8013B11F8014B43
:10ABC000A3F141001928A4F1410098BF20331928AE
:10ABD00003D82034181BEBD030BD181BFCD1002C3F
:10ABE000E6D1F9E710B50139044632B111F8013F59
:10ABF000013A00F8013B002BF7D1002100F08FF85B
:10AC0000204610BD0246014410B58A42134603D0C7
:10AC10001C780132002CF8D1181A10BD0A7870B5D2
:10AC20006AB970BD9A4209D10C46054614F8013F35
:10AC3000002BF6D015F8016F9E42F7D00130037853
:10AC4000002BEFD11846ECE7F0B5C3F13707044607
:10AC500003F01F031046FFB2082BE6B232D0102BD0
:10AC60003DD06508A40845EAC17544EA81748A08A4
:10AC70002D1942EB5102290941EA02716D1842EB8C
:10AC80001212290A41EA02616D1842EB1222290CC4
:10AC900041EA02416D1842EB1242AD1842F1000246
:10ACA000EC0844EA4274D10804EB8402A6EB4205A6
:10ACB000EDB2092D0CD90134A5F10A0541F10001CD
:10ACC000EDB212E0E40806F0070544EA4174C90851
:10ACD000303554EA010200F8015BBDD1F0BD240912
:10ACE00006F00F0544EA01740909092D84BFED1926
:10ACF000EDB2EDE718B100204FF0004170470020A1
:10AD0000002170470A44431E914200D1704710B59C
:10AD100011F8014B914203F8014FF9D110BD0244E3
:10AD20000346934200D1704703F8011BF9E7D1E9CC
:10AD3000043293421EBF5A1C0A611870704700000B
:10AD4000014800687047000048EC00200CE4FE7FDA
:10AD50000100000055B1030000000000C5F8030029
:10AD6000000000004DBA030078AE0400BD3B0400B3
:10AD700000000000E1BF03008CAE04001F76040059
:10AD8000A0AE040041D60300B4AE040051BD0300E0
:10AD900000000000B1E20300000000008DE40300A9
:10ADA0000000000035EB030064AE040031B1030085
:10ADB000000000008192040000000000F96504001A
:10ADC00000000000C1BD0300C8AE040019C50300A7
:10ADD000DCAE0400CDD90300F0AE040045C703008B
:10ADE00018AF0400657A040004AF0400817E0400FB
:10ADF0002CAF0400F1CC030040AF0400DB8504005D
:10AE00007CAF0400DB85040068AF0400DB85040030
:10AE100054AF04004DC30300000000008987040004
:10AE2000CCAF040089870400B8AF04008987040010
:10AE3000A4AF04008987040090AF0400BDD20300D2
:10AE4000E0AF0400FD7404000000000029F80300D6
:10AE500000000000C9F3030000000000ADF503008E
:10AE60000000000008D104000000000078E6002087
:10AE7000C2E700207CEF00205CC60400D8B20400CA
:10AE8000E8B204009CE7002090EC0020E9C7040031
:10AE9000BCB30400D4B30400A4E7002034ED0020C8
:10AEA00067C604000000000004B304009EE7002011
:10AEB0000000000009CC040040B804006CB8040095
:10AEC000BEE70020CCE500207CC6040000000000A6
:10AED000A0B30400A2E700200000000032CB040071
:10AEE00064B40400A8B40400A8E7002094E500209E
:10AEF00013CC0400B0B804002CB90400C0E7002053
:10AF000000E600206FC604000CB3040084B3040004
:10AF1000A0E70020ECEC00203BCB0400C0B4040010
:10AF200000000000AAE7002044ED0020F5C704005F
:10AF3000F8B3040000B40400A6E7002040ED0020B0
:10AF40007ACB0400C4B504002CB60400B2E700209C
:10AF5000000000006ACB0400D4B40400F0B5040083
:10AF6000ACE7002080ED00206FCB040024B5040086
:10AF7000F0B50400AEE7002098ED002074CB04008B
:10AF800074B50400F0B50400B0E70020B0ED002077
:10AF9000EFCB040034B6040004B70400B4E700208B
:10AFA000C8ED002074CB040068B6040004B70400A8
:10AFB000B6E70020E0ED0020F5CB04009CB60400CD
:10AFC00004B70400B8E70020F8ED0020FBCB040034
:10AFD000D0B6040004B70400BAE7002010EE002049
:10AFE00001CC0400A0B70400DCB70400BCE70020DB
:10AFF00074F50020000000006B74040000000000E5
:10B000006B740400000000006B740400000000007A
:10B010006B740400000000006B74040095FE0300D4
:10B02000BB920400000000006B74040000000000EC
:10B030006B740400B4AE0400318E04000000000004
:10B040006B74040075180400BB9204000112040024
:10B05000BB920400000000006B74040000000000BC
:10B060006B740400000000006B740400000000001A
:10B070006B740400000000006B740400000000000A
:10B080006B740400000000006B74040000000000FA
:10B090006B740400000000006B74040000000000EA
:10B0A000A9E00300000000006B7404000000000031
:10B0B0006B740400000000006B74040000000000CA
:10B0C0006B740400000000006B74040000000000BA
:10B0D0006B740400000000006B74040000000000AA
:10B0E0006B740400000000006B740400000000009A
:10B0F0006B740400000000006B740400000000008A
:10B100006B740400000000006B7404000000000079
:10B110006B740400000000006B7404000000000069
:10B120006B740400000000006B7404000000000059
:10B130006B740400000000006B7404000000000049
:10B140006B740400F50A0400BB92040000000000C8
:10B150006B740400000000006B7404000000000029
:10B160006B740400000000006B7404000000000019
:10B170006B740400000000006B74040019090400E3
:10B18000BB920400000000006B740400000000008B
:10B190006B740400000000006B74040000000000E9
:10B1A0006B740400000000006B74040000000000D9
:10B1B0006B740400000000006B74040000000000C9
:10B1C0006B740400000000006B74040000000000B9
:10B1D0006B740400000000006B74040000000000A9
:10B1E0006B740400000000006B7404000000000099
:10B1F0006B740400000000006B7404000000000089
:10B20000010000008DEC0300A9F00300FFFFFFFF29
:10B21000DEE61E28EAAC45B8025B0000DEE61E282A
:10B220004CBBCE8F025B000041250400D9310400E5
:10B230002D350400B3A80400BBA80400ABA804008B
:10B24000EDA3040071350400B7A80400AFA8040002
:10B2500000000000000000000000000000000000EE
:10B260000338FDD870470000763C7935EF39EA3D68
:10B27000763C7935EF39EABD0000E0FE422EE63F2C
:10B280000000E0FE422EE6BF000000000000E03FAC
:10B29000000000000000E0BF80E50020000000008A
:10B2A0000600010002000000ACB204000000000033
:10B2B000B6C3040002000000E0FF0F0068E50020B4
:10B2C000BEC3040021000000E0FF032035B90300E5
:10B2D00025BA03000000000035BB0300D5BB030006
:10B2E000F3750400F975040099BB030005760400AA
:10B2F000D97504000000000071B9030000000000CF
:10B30000000000000B76040000000000F0AE040016
:10B3100000127A00000100008CAE04000C00010055
:10B3200000000000000000020020000000100000EB
:10B33000C860191044B304000000010000000100BF
:10B3400001000000E520F3FFFFFFFF0F44EB086B57
:10B35000083B42BBFEFFFFFFFFFF00FFFFFF42EB8A
:10B360000C200F5210D800FFD431A5FE84DF144FFB
:10B37000EC6216337A757A7504B3D55C190614003D
:10B3800008500001277A04006F79040069780400EE
:10B39000A1BD03002F76040001000000FF000000A3
:10B3A000AB7C04004DBE0300E9BD0300B9BD030042
:10B3B000A9BD030004000000FF000000FFFFFFFF25
:10B3C0000025844000000000000000000010034041
:10B3D00001000000B5C10300E17C0400ED7C040025
:10B3E000017D04000B7D0400157D040069C003008D
:10B3F00041BF0300000000001F00000018AF040060
:10B40000B77D04006D7D0400297D0400677D040084
:10B41000617D0400917D0400000000000000000038
:10B42000000000002CAF040044B40400040000003D
:10B430008CAE04003CB404000100000003000000D6
:10B4400000000000000000000000000001000000FB
:10B4500017001600020000000000000004000000B9
:10B460000000000000A000400000000000000000FC
:10B470000000000000009801000001011000000021
:10B48000C57E04008CB40400FF1F000000A0004033
:10B4900098B4040001000000A0B404000200000001
:10B4A0000900180008001600977E04000000000044
:10B4B000C9C50300000000000000000059C50300DA
:10B4C000DCAE04006B0000008CAE04000200000043
:10B4D0000303000000000080FFFFFF7F00000080EA
:10B4E00000000080FFFFFF7F0000008000000000E0
:10B4F0000000000085CB040001030A0018AF04001F
:10B500000300000000000000000000000000000038
:10B51000000000000000000000000000000000002B
:10B52000FF00000000000080FFFFFF7F00000080A0
:10B5300000000080FFFFFF7F00000080000000008F
:10B540000000000086CB04000103080018AF0400CF
:10B5500002000000000000000000000000000000E9
:10B5600000000000000000000000000000000000DB
:10B57000FF000000A05A3200A05A320000000080F4
:10B5800000000080FFFFFF7F00000080000000003F
:10B590000000000087CB040000FF080018AF040083
:10B5A00001000000000000002CAF040002000000B9
:10B5B000000000000000000000000000000000008B
:10B5C000FF00000018AF04000000000000000000B1
:10B5D000000000000000000000000000000000006B
:10B5E000000000000000000000000000000000005B
:10B5F0001B820400518204000B8204009582040027
:10B60000D58404001585040000000000000000003F
:10B6100000000000000000009D8304000000000006
:10B62000000000000000000000000000F1CB03005B
:10B6300087820400A05A3200A05A32000000008025
:10B6400000000080FFFFFF7F00000080000000007E
:10B650000000000001CC040000000A00DCAE040081
:10B66000700000000300000000000080FFFFFF7F6B
:10B670000000008000000080FFFFFF7F00000080CE
:10B68000000000000000000001CC040000FF1800D2
:10B69000DCAE04007000000002000000000000802A
:10B6A000FFFFFF7F0000008000000080FFFFFF7FA2
:10B6B00000000080000000000000000001CC040039
:10B6C00000FF1800DCAE0400700000000100000064
:10B6D00000000080FFFFFF7F00000080000000806E
:10B6E000FFFFFF7F0000008000000000000000005E
:10B6F00001CC040000FF1800DCAE04007000000064
:10B7000000000000198904005B8904006DCE03006D
:10B71000D5CD0300ADCF0300B1CE03000000000083
:10B72000000000000000000000000000318804005C
:10B730008D88040000000000000000009D890400C6
:10B740000600000040771B000B000000200B2000CB
:10B750001000000010C6240015000000E03229008F
:10B760001A000000C0C62D001E000000A05A3200C2
:10B7700020A10700A861000000007000804F1200A7
:10B7800050C300000A000E0060AE0A0050C3000063
:10B7900000000E0040771B00A086010000000F0093
:10B7A00018AF04004016400040164000B84C0A0094
:10B7B0006072140020A107000000000000000000DB
:10B7C000C8AF0000C8AF0000FFFFFF7FFFFFFF7F93
:10B7D000102700006B0D000000010000C1D5030020
:10B7E000E9D00300000000001D8B040055D10300C8
:10B7F0000000000000000000A08601000000000022
:10B800000100010020A10700A086010005000F0033
:10B810003A1704009E0C000053009F01007D0000B9
:10B82000D007000010009001E067350050C3000011
:10B830000000030000093D0050C3000004000D009B
:10B8400000800040020000000000000050B804002A
:10B85000008000405CB804000100000064B80400EF
:10B860000200000001000000000002005F8C0400E4
:10B8700099D80300138C0400C18D0400878C040048
:10B88000B58C0400E38C0400ED8C0400278D0400CB
:10B89000338D0400ED8C0400178D04003F8D0400EF
:10B8A0004D8D04005B8D0400918D0400958D040086
:10B8B00000B000400000000000127A00000000000C
:10B8C0000000000000000000FFFFFFFF0000FF007D
:10B8D000000000000000000101000000F18E0400E3
:10B8E000FF1F0000F4B80400FFFFFFFF000000008E
:10B8F0000000000000B0004000B90400010000009A
:10B9000008B90400030000000D0008000E000A0042
:10B910000F000C008CAE04000C0001008CAE040083
:10B92000110001008CAE04000A000100DDDB030001
:10B93000838F040000A00020E8040000E8A4002099
:10B940000020000068C5002000200000000000006A
:10B9500000000000010000000F92040091E30300CA
:10B960003DF103007B9004007F9104009D90040052
:10B970009191040095EF03000000000059F30300CB
:10B98000A9910400759004006DF20300F5EC03002A
:10B99000AF900400E9EB030059EB0300A5ED0300B1
:10B9A000000000000000000000000000B9240400B6
:10B9B0008D2A0400000000004BA80400F5330400A9
:10B9C000AD350400B0E20400B5E20400BDE20400BD
:10B9D000C9E20400000000020000000100000004B1
:10B9E0000000000800000010000000000C00000033
:10B9F000690000000B0000007200000080000000E1
:10BA00001600000070000000780000007F000000B9
:10BA100080000000710000006800000016000000B7
:10BA2000740000007300000073000000710000004B
:10BA30008C0000007A0000000D0000000B000000E8
:10BA40000B00000076000000ADBAADBAADBAADBAD9
:10BA5000ADBAADBAADBAADBAADBAADBAADBAADBAAE
:10BA6000ADBAADBAADBAADBAADBAADBAADBAADBA9E
:10BA7000ADBAADBAADBAADBAADBAADBAADBAADBA8E
:10BA8000ADBAADBAADBAADBAADBAADBAADBAADBA7E
:10BA9000ADBAADBAADBAADBAADBAADBAADBAADBA6E
:10BAA000ADBAADBAADBAADBAADBAADBAADBAADBA5E
:10BAB000ADBAADBAADBAADBAADBAADBAADBAADBA4E
:10BAC000ADBAADBAADBAADBAADBAADBAADBAADBA3E
:10BAD000ADBAADBAADBAADBAADBAADBAADBAADBA2E
:10BAE000ADBAADBAADBAADBAADBAADBAADBAADBA1E
:10BAF000ADBAADBAADBAADBAADBAADBAADBAADBA0E
:10BB0000ADBAADBAADBAADBAADBAADBAADBAADBAFD
:10BB1000ADBAADBAADBAADBAADBAADBAADBAADBAED
:10BB2000ADBAADBAADBAADBAADBAADBAADBAADBADD
:10BB3000ADBAADBAADBAADBAADBAADBAADBAADBACD
:10BB4000ADBAADBAADBAADBAADBAADBAADBAADBABD
:10BB5000ADBAADBAADBAADBAADBAADBAADBAADBAAD
:10BB6000ADBAADBAADBAADBAADBAADBAADBAADBA9D
:10BB7000ADBAADBAADBAADBA6F0000006F0000004B
:10BB80006F0000006F0000006F0000006F000000F9
:10BB90006F0000000B0000007A000000470000006A
:10BBA0000B0000000B0000005F000000041000000C
:10BBB0000170000004700000FFFFFFFFFFFFFFFFA8
:10BBC000FFFFFFFFFFFFFFFFFFFFFFFFFFFFFFFF85
:10BBD000FFFFFFFFFFFFFFFF037000000270000088
:10BBE0000570000006700000087000000970000079
:10BBF0000A700000FFFFFFFFFFFFFFFFFFFFFFFFD7
:10BC0000FFFFFFFFFFFFFFFFFFFFFFFFFFFFFFFF44
:10BC1000FFFFFFFFFFFFFFFFFFFFFFFF01800000AF
:10BC200010400000106000001130000012300000D1
:10BC3000FFFFFFFFFFFFFFFFFFFFFFFFFFFFFFFF14
:10BC4000FFFFFFFF10300000FFFFFFFFFFFFFFFFC0
:10BC5000FFFFFFFFFFFFFFFFFFFFFFFFFFFFFFFFF4
:10BC6000FFFFFFFFFFFFFFFFFFFFFFFFFFFFFFFFE4
:10BC7000FFFFFFFFFFFFFFFFFFFFFFFFFFFFFFFFD4
:10BC80000650000054AD040054AD040094AD04000F
:10BC90009CAD040054AE040064AE0400000000003B
:10BCA00000000080EAFF7AFFF4FF546865204154E9
:10BCB00020686F73742073616D706C65207374619C
:10BCC000727465640A004D6F64656D206C69627200
:10BCD00061727920696E697469616C697A617469ED
:10BCE0006F6E206661696C65642C206572726F727C
:10BCF0003A2025640A0052656164790A0057455369
:10BD0000545F544F504449522F7A65706879722FAE
:10BD10006C69622F686561702F686561702E6300C1
:10BD20006368756E6B5F7573656428682C20632982
:10BD300000415353455254494F4E204641494C20EF
:10BD40005B25735D20402025733A25640A00097540
:10BD50006E657870656374656420686561702073D2
:10BD6000746174652028646F75626C652D667265F8
:10BD7000653F2920666F72206D656D6F7279206155
:10BD8000742025700A006C6566745F6368756E6B5D
:10BD900028682C2072696768745F6368756E6B2809
:10BDA000682C20632929203D3D20630009636F72C0
:10BDB000727570746564206865617020626F756E5D
:10BDC00064732028627566666572206F7665726698
:10BDD0006C6F773F2920666F72206D656D6F727989
:10BDE0002061742025700A0028616C69676E202626
:10BDF0002028616C69676E202D20312929203D3D66
:10BE000020300009616C69676E206D757374206263
:10BE100065206120706F776572206F6620320A009E
:10BE20006279746573203E20686561705F666F6F2C
:10BE30007465725F627974657328627974657329B9
:10BE40000009686561702073697A652069732074E0
:10BE50006F6F20736D616C6C0A00686561705F7351
:10BE60007A203E206368756E6B737A2873697A65F1
:10BE70006F6628737472756374207A5F6865617089
:10BE80002929006368756E6B305F73697A65202BB2
:10BE9000206D696E5F6368756E6B5F73697A652884
:10BEA0006829203C3D20686561705F737A005745C2
:10BEB00053545F544F504449522F7A6570687972D9
:10BEC0002F6C69622F7574696C732F6F6E6F666665
:10BED0002E63007374617465203D3D203055002150
:10BEE0007379735F736C6973745F69735F656D7089
:10BEF000747928266D67722D3E636C69656E747364
:10BF000029007472616E73697420213D202828769F
:10BF10006F6964202A293029007374617465203D9B
:10BF20003D202831554C203C3C2028312929006DEA
:10BF300067722D3E72656673203D3D20300073743C
:10BF4000617465203D3D202831554C203C3C202823
:10BF500030292900574553545F544F504449522FBC
:10BF60007A65706879722F696E636C7564652F7A73
:10BF700065706879722F7370696E6C6F636B2E6871
:10BF8000007A5F7370696E5F756E6C6F636B5F765E
:10BF9000616C6964286C2900094E6F74206D7920EA
:10BFA0007370696E6C6F636B2025700A007A5F7323
:10BFB00070696E5F6C6F636B5F76616C6964286C2F
:10BFC000290009496E76616C6964207370696E6C32
:10BFD0006F636B2025700A00574553545F544F50D0
:10BFE0004449522F7A65706879722F6C69622F7597
:10BFF00074696C732F6E6F746966792E63002A2AD8
:10C000002A20426F6F74696E67206E524620436F1C
:10C010006E6E6563742053444B2076322E362E3973
:10C02000392D383331653336323761613637202A5E
:10C030002A2A0A002A2A2A205573696E67205A651F
:10C0400070687972204F532076332E362E39392D71
:10C05000313535626239383534303633202A2A2A70
:10C060000A00574553545F544F504449522F7A6544
:10C07000706879722F617263682F61726D2F636FC0
:10C0800072652F636F727465785F6D2F6661756C72
:10C09000742E6300212828285343425F5479706529
:10C0A000202A29202828307845303030453030305B
:10C0B000554C29202B20307830443030554C2920E5
:10C0C000292D3E434653522026202831554C203CF2
:10C0D0003C20283055202B2034552929290009538C
:10C0E0007461636B696E67206F72204461746120B4
:10C0F0004163636573732056696F6C6174696F6E19
:10C10000206572726F7220776974686F757420731E
:10C110007461636B2067756172642C20757365723E
:10C120002D6D6F6465206F72206E756C6C2D706F55
:10C13000696E74657220646574656374696F6E0AF4
:10C140000A0065736620213D202828766F696420E7
:10C150002A293029000945534620636F756C6420F5
:10C160006E6F7420626520726574726965766564AD
:10C17000207375636365737366756C6C792E2053D9
:10C1800068616C6C206E65766572206F6363757292
:10C190002E0A00094661756C7420657363616C61D9
:10C1A00074696F6E20776974686F75742046535296
:10C1B00020696E666F0A0009486172644661756C99
:10C1C0007420776974686F757420484653522069EB
:10C1D0006E666F205368616C6C206E6576657220A8
:10C1E0006F636375720A00574553545F544F504450
:10C1F00049522F7A65706879722F617263682F6176
:10C20000726D2F636F72652F636F727465785F6DE7
:10C210002F6972715F6D616E6167652E6300707268
:10C22000696F203C3D20282831554C203C3C20287B
:10C23000332929202D2031290009696E76616C6926
:10C2400064207072696F7269747920256420666F4A
:10C250007220256420697271212076616C75657386
:10C26000206D757374206265206C6573732074682B
:10C27000616E20256C750A0A00574553545F544F70
:10C28000504449522F7A65706879722F61726368E1
:10C290002F61726D2F636F72652F6D70752F6172D4
:10C2A0006D5F6D70752E630009436F6E666967750B
:10C2B00072696E6720257520737461746963204DFF
:10C2C000505520726567696F6E73206661696C6591
:10C2D000640A0A00094D61726B696E67202575203A
:10C2E000617265617320666F722064796E616D6939
:10C2F0006320726567696F6E73206661696C65643F
:10C300000A0A00095265717565737420746F2063A1
:10C310006F6E6669677572653A202575207265676C
:10C32000696F6E732028737570706F727465643AEC
:10C33000202575290A0A002128726567696F6E5BDE
:10C340006964785D2E64745F61747472202620289D
:10C3500031554C203C3C20283029292900095241E4
:10C360004D5F4E4F434143484520776974682044F0
:10C37000545F4D454D5F434143484541424C452044
:10C380006174747269627574650A0A0009466169AC
:10C390006C656420746F20616C6C6F6361746520E0
:10C3A0004D505520726567696F6E732066726F6DB0
:10C3B0002044540A0A00464C4153485F300053520F
:10C3C000414D5F3000574553545F544F50444952DC
:10C3D0002F7A65706879722F696E636C7564652F4A
:10C3E0007A65706879722F6E65742F6E65745F63FD
:10C3F0006F6E746578742E6800636F6E7465787400
:10C4000000090A00574553545F544F504449522F76
:10C410007A65706879722F7375627379732F6E65A0
:10C42000742F6C69622F736F636B6574732F736FF6
:10C43000636B6574732E6300736F636B5F66616D0E
:10C44000696C792D3E69735F737570706F72746576
:10C450006400736F636B5F66616D696C79203C3D4E
:10C46000205F6E65745F736F636B65745F72656781
:10C4700069737465725F6C6973745F656E640009DB
:10C48000756E6578706563746564206C697374207B
:10C49000656E64206C6F636174696F6E0A00574546
:10C4A00053545F544F504449522F7A6570687972E3
:10C4B0002F7375627379732F6E65742F6C69622F99
:10C4C000736F636B6574732F736F636B65745F6FEA
:10C4D00066666C6F61642E63006F707300646E73C8
:10C4E0005F6F66666C6F6164203D3D202828766F23
:10C4F0006964202A29302900574553545F544F500E
:10C500004449522F7A65706879722F696E636C7531
:10C5100064652F7A65706879722F6E65742F6E6509
:10C52000745F69662E6800696661636500696661AB
:10C5300063652D3E69665F64657600574553545FB9
:10C54000544F504449522F7A65706879722F737531
:10C55000627379732F6E65742F69702F6E65745FC7
:10C5600069662E63006E65745F69665F6765745FF8
:10C570006C696E6B5F6164647228696661636529CA
:10C580002D3E6164647220213D202828766F696405
:10C59000202A293029006966616365203C3D205FBF
:10C5A0006E65745F69665F6C6973745F656E640065
:10C5B00069666163655F636865636B203C3D205F0E
:10C5C0006E65745F69665F6C6973745F656E640045
:10C5D000776C616E2564006E6574256400636F7509
:10C5E0006E745F6966203D3D2069665F636F756E9E
:10C5F0007400574553545F544F504449522F7A6545
:10C60000706879722F647269766572732F636C6FCC
:10C61000636B5F636F6E74726F6C2F636C6F636BB1
:10C620005F636F6E74726F6C5F6E72662E63007400
:10C63000797065203C20434C4F434B5F434F4E5431
:10C64000524F4C5F4E52465F545950455F434F55D1
:10C650004E5400657272203E3D203000636C6F6363
:10C660006B4035303030007073612D726E6700475B
:10C670004432354C4532353545403000666C617387
:10C68000682D636F6E74726F6C6C657240333930F5
:10C69000303000574553545F544F504449522F7A1D
:10C6A00065706879722F647269766572732F666C33
:10C6B0006173682F6A6573643231362E63002869AE
:10C6C0006478203E2030292026262028696478209E
:10C6D0003C3D20342900574553545F544F50444942
:10C6E000522F7A65706879722F696E636C75646514
:10C6F0002F7A65706879722F647269766572732F0C
:10C700006770696F2F6770696F5F7574696C732EDE
:10C71000680063616C6C6261636B00094E6F20633B
:10C72000616C6C6261636B210A0063616C6C6261B5
:10C73000636B2D3E68616E646C657200094E6F20FC
:10C7400063616C6C6261636B2068616E646C6572BE
:10C75000210A00574553545F544F504449522F6D9E
:10C760006F64756C65732F68616C2F6E6F7264698E
:10C77000632F6E7266782F68616C2F6E72665F67CA
:10C7800070696F2E68006E72665F6770696F5F70A8
:10C79000696E5F70726573656E745F636865636B05
:10C7A000282A705F70696E2900574553545F544FB3
:10C7B000504449522F7A65706879722F6472697695
:10C7C0006572732F6770696F2F6770696F5F6E7224
:10C7D00066782E6300657272203D3D204E524658A9
:10C7E0005F53554343455353006770696F40383476
:10C7F00032353030006E706D313330305F677069C4
:10C800006F7300574553545F544F504449522F7A29
:10C8100065706879722F696E636C7564652F7A65CF
:10C82000706879722F647269766572732F677069A8
:10C830006F2E680028666C616773202620282831D7
:10C8400055203C3C20323129207C20283155203C89
:10C850003C20323229207C20283155203C3C20329B
:10C860003329207C20283155203C3C20323429209B
:10C870007C20283155203C3C20323529207C202842
:10C880003155203C3C203236292929203D3D20309D
:10C890000009496E7465727275707420666C616708
:10C8A0007320617265206E6F7420737570706F7283
:10C8B0007465640A0028666C616773202620282846
:10C8C00031203C3C203429207C202831203C3C2055
:10C8D0003529292920213D20282831203C3C20349D
:10C8E00029207C202831203C3C2035292900095072
:10C8F000756C6C20557020616E642050756C6C20D6
:10C90000446F776E2073686F756C64206E6F74204F
:10C91000626520656E61626C65642073696D756C1B
:10C9200074616E656F75736C790A00212828666CD6
:10C93000616773202620283155203C3C2031362960
:10C9400029202626202128666C616773202620284E
:10C950003155203C3C2031372929202626202866C5
:10C960006C6167732026202831203C3C2031292926
:10C97000290009496E7075742063616E6E6F7420B2
:10C98000626520656E61626C656420666F72202747
:10C990004F70656E20447261696E272C20274F709E
:10C9A000656E20536F7572636527206D6F646573C4
:10C9B00020776974686F7574204F75747075740A88
:10C9C0000028666C6167732026202831203C3C20BB
:10C9D00031292920213D2030207C7C2028666C6173
:10C9E00067732026202831203C3C20322929203D15
:10C9F0003D20300028666C6167732026202828318E
:10CA000055203C3C20313829207C20283155203CC1
:10CA10003C203139292929203D3D2030207C7C20B3
:10CA200028666C616773202620283155203C3C2005
:10CA30003137292920213D203000094F7574707548
:10CA400074206E6565647320746F20626520656E66
:10CA500061626C656420746F20626520696E697420
:10CA600069616C697A6564206C6F77206F722068E9
:10CA70006967680A0028666C616773202620282889
:10CA80003155203C3C20313829207C20283155204C
:10CA90003C3C20313929292920213D2028283155A5
:10CAA000203C3C20313829207C20283155203C3C3A
:10CAB000203139292900094F75747075742063611C
:10CAC0006E6E6F7420626520696E697469616C694D
:10CAD0007A6564206C6F7720616E6420686967688E
:10CAE0000A00286366672D3E706F72745F70696E0E
:10CAF0005F6D61736B202620286770696F5F706FB0
:10CB000072745F70696E735F74292831554C203CD4
:10CB10003C202870696E29292920213D20305500AC
:10CB200009556E737570706F727465642070696EEC
:10CB30000A006932634061303030006E706D31330D
:10CB40003030403662000A100A200E010E02120137
:10CB500012021208160116022201220222042208E1
:10CB6000221000010203040506074C444F32004C1A
:10CB7000444F31004255434B3200726567756C611A
:10CB8000746F7273000303574553545F544F5044FE
:10CB900049522F7A65706879722F6472697665726E
:10CBA000732F726567756C61746F722F726567752C
:10CBB0006C61746F725F6E706D363030312E630051
:10CBC00009556E657870656374656420736F75725E
:10CBD00063650A0009556E65787065637465642045
:10CBE000766F6C746167650A00100F05710601426B
:10CBF00055434B33004255434B31004255434B3074
:10CC000000636861726765720075617274403830E4
:10CC100030300073706940623030300057455354F3
:10CC20005F544F504449522F6E72662F6C69622FC9
:10CC30006E72665F6D6F64656D5F6C69622F6E7298
:10CC4000665F6D6F64656D5F6C69622E6300652061
:10CC50003C3D205F6E72665F6D6F64656D5F6C69F1
:10CC6000625F6466755F63625F6C6973745F656E53
:10CC7000640065203C3D205F6E72665F6D6F646589
:10CC80006D5F6C69625F696E69745F63625F6C6936
:10CC900073745F656E6400574553545F544F50443E
:10CCA00049522F6E72662F6C69622F6E72665F6DCD
:10CCB0006F64656D5F6C69622F6E72665F6D6F6425
:10CCC000656D5F6F732E63006572725F636F64657D
:10CCD000203E20300009547269656420746F20730F
:10CCE0006574206E65676174697665206572726F20
:10CCF0007220636F64652C2025640A007573656477
:10CD0000203C203700094E6F7420656E6F75676890
:10CD10002073656D6170686F72657320696E20673E
:10CD20006C7565206C617965720A00282828737417
:10CD300072756374206B5F73656D202A2973656D4E
:10CD40002920262620282875696E747074725F74F5
:10CD50002920286E72665F6D6F64656D5F6F735F0B
:10CD600073656D732929203C3D20282875696E74F0
:10CD70007074725F7429202828737472756374202C
:10CD80006B5F73656D202A2973656D29292026261E
:10CD900020282875696E747074725F7429202828A1
:10CDA000737472756374206B5F73656D202A2973C9
:10CDB000656D2929203C20282875696E747074726D
:10CDC0005F7429202826286E72665F6D6F64656D1A
:10CDD0005F6F735F73656D73295B282873697A656C
:10CDE0005F742920282828696E74292073697A6560
:10CDF0006F6628636861725B31202D2032202A2003
:10CE00002128215F5F6275696C74696E5F74797047
:10CE100065735F636F6D70617469626C655F7028C4
:10CE20005F5F747970656F665F5F286E72665F6DB5
:10CE30006F64656D5F6F735F73656D73292C205F21
:10CE40005F747970656F665F5F2826286E72665F13
:10CE50006D6F64656D5F6F735F73656D73295B30B4
:10CE60005D2929295D29202D203129202B20287397
:10CE7000697A656F66286E72665F6D6F64656D5F57
:10CE80006F735F73656D7329202F2073697A656FE7
:10CE90006628286E72665F6D6F64656D5F6F735F85
:10CEA00073656D73295B305D292929295D2929293D
:10CEB0000009556E696E697469616C6973656420F7
:10CEC00073656D6170686F72650A007573656420C3
:10CED0003C203100094E6F7420656E6F75676820C5
:10CEE0006D75746578657320696E20676C75652053
:10CEF0006C617965720A00282828737472756374EE
:10CF0000206B5F6D75746578202A296D757465785E
:10CF10002920262620282875696E747074725F7423
:10CF20002920286E72665F6D6F64656D5F6F735F39
:10CF30006D7574657865732929203C3D2028287516
:10CF4000696E747074725F74292028287374727506
:10CF50006374206B5F6D75746578202A296D757414
:10CF60006578292920262620282875696E74707412
:10CF7000725F7429202828737472756374206B5F44
:10CF80006D75746578202A296D7574657829292056
:10CF90003C20282875696E747074725F742920288B
:10CFA00026286E72665F6D6F64656D5F6F735F6D6F
:10CFB000757465786573295B282873697A655F7471
:10CFC0002920282828696E74292073697A656F667C
:10CFD00028636861725B31202D2032202A202128AD
:10CFE000215F5F6275696C74696E5F7479706573D7
:10CFF0005F636F6D70617469626C655F70285F5FFD
:10D00000747970656F665F5F286E72665F6D6F64BE
:10D01000656D5F6F735F6D757465786573292C201E
:10D020005F5F747970656F665F5F2826286E726631
:10D030005F6D6F64656D5F6F735F6D757465786547
:10D0400073295B305D2929295D29202D2031292074
:10D050002B202873697A656F66286E72665F6D6F24
:10D0600064656D5F6F735F6D757465786573292096
:10D070002F2073697A656F6628286E72665F6D6F00
:10D0800064656D5F6F735F6D757465786573295B3B
:10D09000305D292929295D2929290009556E696EE4
:10D0A000697469616C69736564206D757465780A6B
:10D0B00000574553545F544F504449522F6E726687
:10D0C0002F6C69622F6E72665F6D6F64656D5F6C49
:10D0D00069622F6366756E5F686F6F6B732E630096
:10D0E00065203C3D205F6E72665F6D6F64656D5FAD
:10D0F0006C69625F61745F6366756E5F63625F6CCB
:10D100006973745F656E64006E726639315F736F48
:10D11000636B657400574553545F544F50444952F4
:10D120002F6E72662F6C69622F61745F6D6F6E690E
:10D13000746F722F61745F6D6F6E69746F722E639E
:10D140000065203C3D205F61745F6D6F6E69746F98
:10D15000725F656E7472795F6C6973745F656E641B
:10D16000006E6F74696620213D202828766F6964FF
:10D17000202A2930290061745F6E6F746966000986
:10D180004E6F206865617020737061636520666F03
:10D190007220696E636F6D696E67206E6F74696669
:10D1A00069636174696F6E3A2025730A0025730004
:10D1B00041542558434F4558303D312C312C3135A1
:10D1C00036352C3135383600415425584D495049B3
:10D1D000524646454445563D312C342C37312C318E
:10D1E00039382C32343800415425584D4950495271
:10D1F0004646454354524C3D312C302C312C32386C
:10D200002C32343800415425584D49504952464635
:10D21000454354524C3D312C312C312C32382C3575
:10D22000362C31332C302C302C382C382C373135EF
:10D230002C342C342C3737302C31322C31322C38E2
:10D2400032392C31312C31312C3836332C313330CA
:10D250002C3133302C3839322C312C312C393339B4
:10D260002C3132392C3132392C3937382C32362C9A
:10D2700032362C313034322C382C382C3131313894
:10D280002C342C342C313237302C31322C31322C9E
:10D29000313338362C31342C31342C313532332C77
:10D2A0003133302C3133302C323230300041542580
:10D2B000584D495049524646454354524C3D312CF5
:10D2C000322C312C32382C31383400415425584D11
:10D2D000495049524646454354524C3D312C332C1B
:10D2E000312C32382C313834004552524F523A20CA
:10D2F00043616E6E6F742066756C66696C6C204558
:10D3000058545F41504920726571756573742E0DD4
:10D310000A005741524E494E473A204F7074696F88
:10D320006E616C204558545F41504920726571759B
:10D33000657374206E6F742066756C66696C6C65BD
:10D34000642E0D0A00574553545F544F50444952C0
:10D350002F6E72662F6D6F64756C65732F747275A6
:10D36000737465642D6669726D776172652D6D2FBA
:10D370006661756C742E6300675F636F6E746578A9
:10D38000742E76616C696400094E6F6E2D7365634F
:10D390007572652063616C6C6261636B2077697480
:10D3A000686F75742076616C696420636F6E746554
:10D3B00078740A00574553545F544F504449522FD4
:10D3C0006D6F64756C65732F68616C2F6E6F72641E
:10D3D00069632F6E7266782F68616C2F6E72665F5C
:10D3E000647070692E68006368616E6E656C203CC5
:10D3F000206E72665F647070695F6368616E6E65EF
:10D400006C5F6E756D6265725F67657428705F72C0
:10D4100065672900574553545F544F504449522F74
:10D420006D6F64756C65732F68616C2F6E6F7264BD
:10D4300069632F6E7266782F68656C706572732FE2
:10D440006E7266785F677070695F647070692E6372
:10D45000006565700074657000574553545F544F04
:10D46000504449522F6D6F64756C65732F68616C01
:10D470002F6E6F726469632F6E7266782F647269A3
:10D48000766572732F7372632F6E7266785F636C4A
:10D490006F636B2E6300574553545F544F5044499C
:10D4A000522F6D6F64756C65732F68616C2F6E6F92
:10D4B000726469632F6E7266782F68616C2F6E726A
:10D4C000665F636C6F636B2E68006D5F636C6F6388
:10D4D0006B5F63622E6D6F64756C655F696E6974F6
:10D4E00069616C697A656400574553545F544F50C5
:10D4F0004449522F6D6F64756C65732F68616C2F92
:10D500006E6F726469632F6E7266782F68616C2F1C
:10D510006E72665F6770696F74652E6800696E640D
:10D520006578203C203800574553545F544F504491
:10D5300049522F6D6F64756C65732F68616C2F6E27
:10D540006F726469632F6E7266782F647269766594
:10D5500072732F7372632F6E7266785F6770696F74
:10D5600074652E63006E7266795F6770696F5F70B5
:10D57000696E5F70726573656E745F636865636B17
:10D580002870696E290070696E5F69735F696E70DB
:10D59000757428705F696E7374616E63652C20709A
:10D5A000696E290070696E5F6861735F7472696784
:10D5B00067657228705F696E7374616E63652C2095
:10D5C00070696E2900705F6368616E6E656C0070D3
:10D5D0005F696E7374616E63652D3E705F7265671F
:10D5E000203D3D2028284E52465F4750494F544524
:10D5F0005F547970652A29203078343030333130E7
:10D600003030554C2900696E745F656E61626C65DF
:10D6100000574553545F544F504449522F6D6F6427
:10D62000756C65732F68616C2F6E6F726469632F00
:10D630006E7266782F647269766572732F73726387
:10D640002F6E7266785F6970632E6300705F636F20
:10D650006E666967006D5F63622E73746174652026
:10D660003D3D204E5246585F4452565F53544154FC
:10D67000455F494E495449414C495A454400574534
:10D6800053545F544F504449522F6D6F64756C650D
:10D69000732F68616C2F6E6F726469632F6E726690
:10D6A000782F68616C2F6E72665F6970632E6800F8
:10D6B000574553545F544F504449522F6D6F647512
:10D6C0006C65732F68616C2F6E6F726469632F6E67
:10D6D0007266782F647269766572732F7372632F26
:10D6E0006E7266785F6E766D632E63006279746524
:10D6F000735F636F756E74203C3D202834202D20AD
:10D70000627974655F7368696674290069735F760E
:10D71000616C69645F6164647265737328616464D9
:10D72000722C2030290069735F76616C69645F61D7
:10D7300064647265737328616464722C20312900FB
:10D740006E7266785F69735F776F72645F616C6930
:10D75000676E65642828766F696420636F6E7374E2
:10D76000202A29616464722900574553545F544F3D
:10D77000504449522F6D6F64756C65732F68616CEE
:10D780002F6E6F726469632F6E7266782F64726990
:10D79000766572732F7372632F6E7266785F737023
:10D7A000696D2E6300705F63622D3E7374617465F2
:10D7B00020213D204E5246585F4452565F535441FB
:10D7C00054455F554E494E495449414C495A454488
:10D7D00000705F786665725F646573632D3E705F8D
:10D7E00074785F62756666657220213D2028287610
:10D7F0006F6964202A293029207C7C20705F78663C
:10D8000065725F646573632D3E74785F6C656E67E7
:10D810007468203D3D203000705F786665725F64FB
:10D820006573632D3E705F72785F627566666572C0
:10D8300020213D202828766F6964202A293029205C
:10D840007C7C20705F786665725F646573632D3ED3
:10D8500072785F6C656E677468203D3D20300028EB
:10D8600028705F786665725F646573632D3E7278B9
:10D870005F6C656E677468203C202831554C203CF5
:10D880003C202865617379646D615F737570706F9A
:10D8900072745F626974735B705F696E7374616EDA
:10D8A00063652D3E6472765F696E73745F69647838
:10D8B0005D2929292026262028705F786665725FF9
:10D8C000646573632D3E74785F6C656E6774682061
:10D8D0003C202831554C203C3C20286561737964FC
:10D8E0006D615F737570706F72745F626974735B82
:10D8F000705F696E7374616E63652D3E6472765FEE
:10D90000696E73745F6964785D292929290021286B
:10D91000666C6167732026202831554C203C3C20E2
:10D92000332929207C7C2028705F63622D3E73732D
:10D930005F70696E203D3D2030784646464646463B
:10D9400046462900705F63622D3E68616E646C65B7
:10D950007200574553545F544F504449522F6D6FD6
:10D9600064756C65732F68616C2F6E6F7264696388
:10D970002F6E7266782F647269766572732F737278
:10D98000632F6E7266785F7477696D2E6300705FC7
:10D99000636F6E6669672D3E73636C5F70696E209E
:10D9A000213D20705F636F6E6669672D3E73646111
:10D9B0005F70696E00705F63622D3E7374617465A1
:10D9C000203D3D204E5246585F4452565F535441CD
:10D9D00054455F494E495449414C495A45440028F1
:10D9E00030207C7C2030207C7C20282828705F69B7
:10D9F0006E7374616E63652D3E6472765F696E73DB
:10DA0000745F69647829203D3D204E5246585F542A
:10DA100057494D325F494E53545F49445829202697
:10DA20002620282828705F786665725F64657363B6
:10DA30002D3E7072696D6172795F6C656E67746896
:10DA400029203C20283155203C3C203133292920F5
:10DA50002626202828705F786665725F6465736388
:10DA60002D3E7365636F6E646172795F6C656E677E
:10DA7000746829203C20283155203C3C2031332932
:10DA8000292929207C7C2030207C7C2030207C7C33
:10DA90002030207C7C2030207C7C2030207C7C202E
:10DAA00030207C7C2030207C7C2030207C7C20300E
:10DAB000207C7C2030207C7C2030207C7C2030200E
:10DAC0007C7C2030207C7C2030207C7C2030207CA2
:10DAD0007C2030207C7C2030207C7C2030207C7C92
:10DAE0002030207C7C2030207C7C2030207C7C20DE
:10DAF00030207C7C2030207C7C2030207C7C2030BE
:10DB0000207C7C2030207C7C2030207C7C203020BD
:10DB10007C7C2030207C7C2030207C7C2030207C51
:10DB20007C2030207C7C2030207C7C2030207C7C41
:10DB30002030207C7C2030207C7C2030207C7C208D
:10DB400030207C7C2030207C7C2030207C7C20306D
:10DB5000207C7C2030207C7C2030207C7C2030206D
:10DB60007C7C2030207C7C2030207C7C2030207C01
:10DB70007C2030207C7C2030207C7C2030207C7CF1
:10DB80002030207C7C2030207C7C2030207C7C203D
:10DB900030207C7C2030207C7C2030207C7C20301D
:10DBA000207C7C2030207C7C2030207C7C2030201D
:10DBB0007C7C2030207C7C2030207C7C2030207CB1
:10DBC0007C2030207C7C2030207C7C2030207C7CA1
:10DBD0002030207C7C2030207C7C2030207C7C20ED
:10DBE00030207C7C2030207C7C2030207C7C2030CD
:10DBF000207C7C2030207C7C2030207C7C203020CD
:10DC00007C7C2030207C7C2030207C7C2030207C60
:10DC10007C2030207C7C2030207C7C2030207C7C50
:10DC20002030207C7C2030207C7C2030207C7C209C
:10DC300030207C7C2030207C7C2030207C7C20307C
:10DC4000207C7C2030207C7C2030207C7C2030207C
:10DC50007C7C2030207C7C2030207C7C2030207C10
:10DC60007C2030207C7C2030207C7C2030207C7C00
:10DC70002030207C7C2030207C7C2030207C7C204C
:10DC800030207C7C2030207C7C2030207C7C20302C
:10DC9000207C7C2030207C7C2030207C7C2030202C
:10DCA0007C7C2030207C7C2030207C7C2030207CC0
:10DCB0007C2030207C7C2030207C7C2030207C7CB0
:10DCC0002030207C7C2030207C7C2030207C7C20FC
:10DCD00030207C7C2030207C7C2030207C7C2030DC
:10DCE000207C7C2030207C7C2030207C7C203020DC
:10DCF0007C7C2030207C7C2030207C7C2030207C70
:10DD00007C2030207C7C2030207C7C2030207C7C5F
:10DD10002030207C7C2030207C7C2030207C7C20AB
:10DD200030207C7C2030207C7C2030207C7C20308B
:10DD3000207C7C2030207C7C2030207C7C2030208B
:10DD40007C7C2030207C7C2030207C7C2030207C1F
:10DD50007C2030207C7C2030207C7C2030207C7C0F
:10DD60002030207C7C2030207C7C2030207C7C205B
:10DD700030207C7C2030207C7C2030207C7C20303B
:10DD8000207C7C2030207C7C2030207C7C2030203B
:10DD90007C7C2030207C7C2030207C7C2030207CCF
:10DDA0007C2030207C7C2030207C7C2030207C7CBF
:10DDB0002030207C7C2030207C7C2030207C7C200B
:10DDC00030207C7C2030207C7C2030207C7C2030EB
:10DDD000207C7C2030207C7C2030207C7C203020EB
:10DDE0007C7C2030207C7C2030207C7C2030207C7F
:10DDF0007C2030207C7C2030207C7C2030207C7C6F
:10DE00002030207C7C2030207C7C2030207C7C20BA
:10DE100030207C7C2030207C7C2030207C7C20309A
:10DE2000207C7C2030207C7C2030207C7C2030209A
:10DE30007C7C2030207C7C2030207C7C2030207C2E
:10DE40007C2030207C7C2030207C7C2030207C7C1E
:10DE50002030207C7C2030207C7C2030207C7C206A
:10DE600030207C7C2030207C7C2030207C7C20304A
:10DE7000207C7C2030207C7C2030207C7C2030204A
:10DE80007C7C2030207C7C2030207C7C2030207CDE
:10DE90007C2030207C7C2030207C7C2030207C7CCE
:10DEA0002030207C7C2030207C7C2030207C7C201A
:10DEB00030207C7C2030207C7C2030207C7C2030FA
:10DEC000207C7C2030207C7C2030207C7C203020FA
:10DED0007C7C2030207C7C2030207C7C2030207C8E
:10DEE0007C2030207C7C2030207C7C2030207C7C7E
:10DEF0002030207C7C2030207C7C2030207C7C20CA
:10DF000030207C7C2030207C7C2030207C7C2030A9
:10DF1000207C7C2030207C7C2030207C7C203020A9
:10DF20007C7C2030207C7C2030207C7C2030207C3D
:10DF30007C2030207C7C2030207C7C2030207C7C2D
:10DF40002030207C7C2030207C7C2030207C7C2079
:10DF500030207C7C2030207C7C2030207C7C203059
:10DF6000207C7C2030207C7C2030207C7C20302059
:10DF70007C7C2030207C7C2030207C7C2030207CED
:10DF80007C2030207C7C2030207C7C2030207C7CDD
:10DF90002030207C7C2030207C7C2030207C7C2029
:10DFA00030207C7C2030207C7C2030207C7C203009
:10DFB000207C7C2030207C7C2030207C7C20302009
:10DFC0007C7C2030207C7C2030207C7C2030207C9D
:10DFD0007C2030207C7C2030207C7C2030207C7C8D
:10DFE0002030207C7C2030207C7C2030207C7C20D9
:10DFF00030207C7C2030207C7C2030207C7C2030B9
:10E00000207C7C2030207C7C2030207C7C203020B8
:10E010007C7C2030207C7C2030207C7C2030207C4C
:10E020007C2030207C7C2030207C7C2030207C7C3C
:10E030002030207C7C2030207C7C2030207C7C2088
:10E0400030207C7C2030207C7C2030207C7C203068
:10E05000207C7C2030207C7C2030207C7C20302068
:10E060007C7C2030207C7C2030207C7C2030207CFC
:10E070007C2030207C7C2030207C7C2030207C7CEC
:10E080002030207C7C2030207C7C2030207C7C2038
:10E0900030207C7C2030207C7C2030207C7C203018
:10E0A000207C7C2030207C7C2030207C7C20302018
:10E0B0007C7C2030207C7C2030207C7C2030207CAC
:10E0C0007C2030207C7C2030207C7C2030207C7C9C
:10E0D0002030207C7C2030207C7C2030207C7C20E8
:10E0E00030207C7C2030207C7C2030207C7C2030C8
:10E0F000207C7C2030207C7C2030207C7C203020C8
:10E100007C7C2030207C7C2030207C7C2030207C5B
:10E110007C2030207C7C2030207C7C2030207C7C4B
:10E120002030207C7C2030207C7C2030207C7C2097
:10E1300030207C7C2030207C7C2030207C7C203077
:10E14000207C7C2030207C7C2030207C7C20302077
:10E150007C7C2030207C7C2030207C7C2030207C0B
:10E160007C2030207C7C2030207C7C2030207C7CFB
:10E170002030207C7C2030207C7C2030207C7C2047
:10E1800030207C7C2030207C7C2030207C7C203027
:10E19000207C7C2030207C7C20302900705F6362F2
:10E1A0002D3E7374617465203D3D204E5246585F8C
:10E1B0004452565F53544154455F504F5745524562
:10E1C000445F4F4E00212828705F63622D3E6861D6
:10E1D0006E646C6572203D3D202828766F6964204E
:10E1E0002A293029292026262028705F7866657222
:10E1F0005F646573632D3E74797065203D3D204EEC
:10E200005246585F5457494D5F584645525F5458DF
:10E210005258292900212828705F63622D3E6861C9
:10E220006E646C6572203D3D202828766F696420FD
:10E230002A293029292026262028705F78666572D1
:10E240005F646573632D3E74797065203D3D204E9B
:10E250005246585F5457494D5F584645525F54588F
:10E2600054582929002128666C61677320262028CC
:10E2700031554C203C3C20342929002128666C6112
:10E2800067732026202831554C203C3C2033292917
:10E29000002128666C6167732026202831554C20A8
:10E2A0003C3C203229290041542B4346554E3D0029
:10E2B0004F4B0D0A004552524F520D0A002B434D51
:10E2C00045204552524F523A002B434D5320455260
:10E2D000524F523A0070646E0000010205574553D8
:10E2E000545F544F504449522F7A65706879722FA9
:10E2F0006B65726E656C2F6465766963652E63006D
:10E30000646576203C3D205F6465766963655F6C7B
:10E310006973745F656E6400574553545F544F5082
:10E320004449522F7A65706879722F6B65726E65F9
:10E330006C2F666174616C2E6300726561736F6E21
:10E3400020213D204B5F4552525F4B45524E454C7C
:10E350005F50414E49430009417474656D707465A6
:10E360006420746F207265636F7665722066726FC9
:10E370006D2061206B65726E656C2070616E6963E3
:10E3800020636F6E646974696F6E0A005745535459
:10E390005F544F504449522F7A65706879722F6BE1
:10E3A00065726E656C2F696E69742E630074687295
:10E3B0006561645F64617461203C3D205F5F7374DC
:10E3C000617469635F7468726561645F64617461DC
:10E3D0005F6C6973745F656E64006D61696E005790
:10E3E0004553545F544F504449522F7A65706879B1
:10E3F000722F6B65726E656C2F6B686561702E6332
:10E400000068656170203C3D205F6B5F68656170EE
:10E410005F6C6973745F656E640021617263685F2D
:10E4200069735F696E5F6973722829207C7C20287C
:10E430002874696D656F7574292E7469636B732018
:10E440003D3D202828286B5F74696D656F75745F8A
:10E450007429207B307D29292E7469636B73290010
:10E46000574553545F544F504449522F7A65706852
:10E4700079722F6B65726E656C2F69646C652E63A3
:10E48000005F6B65726E656C2E637075735B305DDB
:10E490002E63757272656E742D3E626173652E70A7
:10E4A00072696F203E3D203000574553545F544FF2
:10E4B000504449522F7A65706879722F6B65726E7D
:10E4C000656C2F6D757465782E63002161726368C9
:10E4D0005F69735F696E5F697372282900096D75E2
:10E4E00074657865732063616E6E6F742062652059
:10E4F0007573656420696E7369646520495352734E
:10E500000A006D757465782D3E6C6F636B5F636F89
:10E51000756E74203E20305500574553545F544F5C
:10E52000504449522F7A65706879722F6B65726E0C
:10E53000656C2F73656D2E63002828617263685FB8
:10E5400069735F696E5F6973722829203D3D2030D1
:10E5500029207C7C20282874696D656F7574292EAC
:10E560007469636B73203D3D202828286B5F7469B4
:10E570006D656F75745F7429207B307D29292E7439
:10E5800069636B73292900574553545F544F5044B6
:10E5900049522F7A65706879722F6B65726E656C5F
:10E5A0002F776F726B2E6300776F726B2D3E7175D4
:10E5B00065756520213D202828766F6964202A2909
:10E5C000302900776F726B20213D202828766F69F3
:10E5D00064202A29302900776F726B2D3E68616EA6
:10E5E000646C657220213D202828766F6964202A9A
:10E5F00029302900717565756500737461636B005E
:10E6000021666C61675F7465737428267175657522
:10E61000652D3E666C6167732C204B5F574F524BE4
:10E620005F51554555455F535441525445445F42EF
:10E6300049542900574553545F544F504449522F71
:10E640007A65706879722F6B65726E656C2F74686D
:10E65000726561642E6300282828287072696F290A
:10E6600029203D3D203135202626207A5F69735FC1
:10E6700069646C655F7468726561645F656E74720D
:10E68000792828656E747279292929207C7C2028B4
:10E6900028283135202D203129203E3D2028282DC5
:10E6A00031362929292026262028287072696F29C9
:10E6B00029203E3D2028282D3136292920262620B4
:10E6C00028287072696F2929203C3D202831352087
:10E6D0002D20312929290009696E76616C69642031
:10E6E0007072696F7269747920282564293B2061F2
:10E6F0006C6C6F7765642072616E67653A20256483
:10E7000020746F2025640A0009546872656164737F
:10E71000206D6179206E6F7420626520637265617F
:10E7200074656420696E20495352730A005745533B
:10E73000545F544F504449522F7A65706879722F54
:10E740006B65726E656C2F696E636C7564652F6B9B
:10E750007468726561642E68005F6B65726E656CCB
:10E760002E637075735B305D2E63757272656E74A7
:10E7700020213D202828766F6964202A293029002D
:10E78000574553545F544F504449522F7A6570682F
:10E7900079722F6B65726E656C2F73636865642E7A
:10E7A00063007468726561642D3E626173652E70EA
:10E7B000656E6465645F6F6E00217A5F69735F697F
:10E7C000646C655F7468726561645F6F626A6563DB
:10E7D00074287468726561642900217465726D69BA
:10E7E0006E617465000961626F72746564205F63B5
:10E7F000757272656E74206261636B2066726F6DF4
:10E8000020646561640A0073697A656F66285F73C6
:10E81000636865645F7370696E6C6F636B29203D1C
:10E820003D2030207C7C206C6F636B20213D2026B6
:10E830005F73636865645F7370696E6C6F636B00B0
:10E84000574553545F544F504449522F7A6570686E
:10E8500079722F6B65726E656C2F696E636C75646F
:10E86000652F6B73636865642E68005F6B65726EFD
:10E87000656C2E637075735B305D2E6375727265A7
:10E880006E742D3E626173652E73636865645F6CA0
:10E890006F636B656420213D203155005F6B6572AD
:10E8A0006E656C2E637075735B305D2E637572726E
:10E8B000656E742D3E626173652E73636865645F77
:10E8C0006C6F636B656420213D20305500217A5FB9
:10E8D00069735F7468726561645F73746174655FA6
:10E8E000736574285F6B65726E656C2E63707573EB
:10E8F0005B305D2E63757272656E742C2028283132
:10E90000554C203C3C2028342929292900096162E2
:10E910006F7274696E6720657373656E7469616C7C
:10E92000207468726561642025700A00574553544D
:10E930005F544F504449522F7A65706879722F6B3B
:10E9400065726E656C2F74696D65736C6963696E51
:10E95000672E6300282874696D656F7574292026F9
:10E960002620282875696E747074725F74292028B7
:10E97000736C6963655F74696D656F75747329295C
:10E98000203C3D20282875696E747074725F74296C
:10E99000202874696D656F75742929202626202822
:10E9A0002875696E747074725F7429202874696D9B
:10E9B000656F75742929203C20282875696E74704C
:10E9C00074725F742920282628736C6963655F74EC
:10E9D000696D656F757473295B282873697A655F43
:10E9E000742920282828696E74292073697A656F34
:10E9F0006628636861725B31202D2032202A202135
:10EA000028215F5F6275696C74696E5F74797065E7
:10EA1000735F636F6D70617469626C655F70285FAE
:10EA20005F747970656F665F5F28736C6963655F9B
:10EA300074696D656F757473292C205F5F747970CC
:10EA4000656F665F5F282628736C6963655F74690C
:10EA50006D656F757473295B305D2929295D2920E7
:10EA60002D203129202B202873697A656F66287341
:10EA70006C6963655F74696D656F75747329202FA8
:10EA80002073697A656F662828736C6963655F74A3
:10EA9000696D656F757473295B305D292929295D5E
:10EAA00029292026262028282875696E74707472FA
:10EAB0005F7429202874696D656F75742929202D6C
:10EAC00020282875696E747074725F742920287309
:10EAD0006C6963655F74696D656F75747329292945
:10EAE00020252073697A656F662828736C696365D1
:10EAF0005F74696D656F757473295B305D29203DA6
:10EB00003D20302900574553545F544F50444952DB
:10EB10002F7A65706879722F6B65726E656C2F74D1
:10EB2000696D656F75742E6300217379735F646E10
:10EB30006F64655F69735F6C696E6B6564282674CA
:10EB40006F2D3E6E6F64652900574553545F544FD7
:10EB5000504449522F7A65706879722F6B65726ED6
:10EB6000656C2F706F6C6C2E63006576656E742D0E
:10EB70003E73656D20213D202828766F6964202A28
:10EB80002930290009696E76616C69642073656DAE
:10EB90006170686F72650A0A006576656E742D3E55
:10EBA000717565756520213D202828766F69642080
:10EBB0002A2930290009696E76616C6964207175B3
:10EBC0006575650A0A006576656E742D3E73696722
:10EBD0006E616C20213D202828766F6964202A29E7
:10EBE00030290009696E76616C696420706F6C6C05
:10EBF000207369676E616C0A0A006576656E742D14
:10EC00003E6D73677120213D202828766F6964204E
:10EC10002A2930290009696E76616C6964206D6566
:10EC200073736167652071756575650A0A00096906
:10EC30006E76616C6964206576656E742074797097
:10EC4000650A0A006D6F6465203D3D204B5F504FA3
:10EC50004C4C5F4D4F44455F4E4F544946595F4FB2
:10EC60004E4C5900096F6E6C79204E4F54494659ED
:10EC70005F4F4E4C59206D6F64652069732073752A
:10EC800070706F727465640A0A0074797065203C54
:10EC900020282831554C203C3C20285F504F4C4CBC
:10ECA0005F4E554D5F545950455329292900096934
:10ECB0006E76616C696420747970650A0A006F620F
:10ECC0006A20213D202828766F6964202A2930296E
:10ECD00000096D7573742070726F766964652061C8
:10ECE0006E206F626A6563740A0A00574553545F69
:10ECF000544F504449522F7A65706879722F6B6572
:10ED0000726E656C2F6D656D706F6F6C2E63006138
:10ED10006C69676E203D3D2030207C7C2028287562
:10ED2000696E747074725F74296D656D2026202879
:10ED3000616C69676E202D20312929203D3D2030EE
:10ED400000096D6973616C69676E6564206D656D3E
:10ED50006F72792061742025702028616C69676E5C
:10ED6000203D20257A75290A00616C69676E202F85
:10ED70002073697A656F6628766F6964202A292076
:10ED80003E3D20312026262028616C69676E2025B3
:10ED90002073697A656F6628766F6964202A29294D
:10EDA000203D3D20300009616C69676E206D7573F0
:10EDB000742062652061206D756C7469706C6520CB
:10EDC0006F662073697A656F6628766F6964202A9A
:10EDD000290A00737973776F726B7100574553542A
:10EDE0005F544F504449522F7A65706879722F6B87
:10EDF00065726E656C2F7072696F726974795F717C
:10EE000075657565732E6300286E756C6C29002A14
:10EE1000666C6F61742A000099E90300000000002D
:10EE2000D9F703000000000000800300FFFFFFFF90
:10EE3000FFFFFFFFFFFFFFFFFFFFFFFFFFFFFFFFE2
:10EE4000FFFFFFFF1573040000000000BF74040003
:10EE5000000000000000000094E5002094E5002080
:10EE60000100000001000000A4E50020A4E500204E
:10EE7000ACE50020ACE5002000000000010000002F
:10EE8000BCE50020BCE500200000000087F5002064
:10EE90000000000000C2010000010300ECE50020BA
:10EEA0000000000098F5002097F500200000000009
:10EEB000000000000000000099F500202000000084
:10EEC00000000000000000000000000014B9040071
:10EED0000300000010E6002010E600200000000003
:10EEE0000100000020E6002020E6002028E60020A7
:10EEF00028E60020000000000100000038E60020A5
:10EF000038E60020000000000000000000000000C3
:10EF100000000000000000000000000000000000F1
:10EF20000000000000000000F0AE0400000000003F
:10EF300000000000C1F50020B9F500202DEF03000E
:10EF4000719004000000000000000000D9F30300ED
:10EF50000000000000000000FFFF000000000000B3
:10EF600000000000000000000000000000000000A1
:10EF70000000000000000000000000000000000091
:10EF80000000000000000000000000000000000081
:10EF90000000000000000000000000000000000071
:10EFA0000000000000000000000000000800000059
:10EFB000FF00000000000000010000000000000051
:10EFC0000000000000000000000000000000000041
:10EFD0000000000000000000000000000000000031
:10EFE0000000000000000000000000000000000021
:10EFF0000000000000000000000000000000000011
:10F000000000000000000000000000000000000000
:10F0100008000000FF0000000000000001000000E8
:10F0200000000000BD1D0400BD1B0400E11D040024
:10F03000C91B0400C52004004D1E04008D200400DF
:10F040009F960400999604009396040088E7002098
:10F0500088E700200000000011920400000000007A
:10F0600000000000000000000000000000000000A0
:10F070000000000000000000000000000000000090
:10F08000000000000000000000000000A02501209A
:10F090000040000000000000000000000000000030
:10F0A00000000000600A01200002000000000000D3
:10F0B0000000000000000000F4E70020F4E700205A
:10F0C00000000000000000000E00000008E8002022
:10F0D00008E8002000000000000000000E00000012
:10F0E0001CE800201CE800200000000000000000D8
:10F0F0000E00000030E8002030E800200000000092
:10F10000000000000E00000044E8002044E8002059
:10F1100000000000000000000E00000058E8002081
:10F1200058E8002000000000000000000E00000071
:10F1300000000000000000000000000078E800204F
:10F1400078E8002080E8002080E80020C0E8002067
:10F1500000000000000000000000000000000000AF
:10F16000000000000000000000000000000000009F
:10F17000000000000000000000000000000000008F
:10F180000000000064AE0400E4E80020000000007D
:10F190000002000000000000000000000005000068
:10F1A000000000000000000000000000000000005F
:10F1B00065B203000000000015E015E00769970044
:10F1C00010002000E8EE7B42B954D0BD97F865925C
:10F1D0002FA6505EBC9D388486A2DA8C4CFAF78745
:10F1E000FD98714F01002000E30466F6B8470C1F3C
:10F1F00029070B17F1E2D3E94D445E3F608087FD9C
:10F20000C711E4382BB538B622004700304502213B
:10F2100000BB962D1F325A89767409A37BAF48052F
:10F22000AD874705941C062B8F0DEAEEC119F61425
:10F23000EC0220794DA593E43CFCF81DE702CBE6F7
:10F240008E29528B5373384E55A689907F6FBFC558
:03F250003C7D28DA
:0200000400FFFB
:108130000080000000C0010001000000FFFFFFFF01
:108140003E0D150D85F2793A7EDBAD521C0023F908
:108150000100010001001400FFFFFFFFFFFFFFFF10
:10816000FFFFFFFFFFFFFFFFFFFFFFFFFFFFFFFF1F
:10817000FFFFFFFFFFFFFFFFFFFFFFFFFFFFFFFF0F
:00000001FF
